r (mm),uz_root1 (km/s),cbt_root1 (m),uz0_root1 (m/s),uz_root2 (km/s),cbt_root2 (m),uz0_root2 (m/s),uz_root3 (km/s),cbt_root3 (m),uz0_root3 (m/s),uz_root4 (km/s),cbt_root4 (m),uz0_root4 (m/s)
-24.703724979011103,78.51428163705906,0.06533872843823789,(-1852126.4944950182+3325293.6533415713j),78.51428163705906,0.06533872843823789,(-1852126.4944950182-3325293.6533415713j),78.732701724505,0.061788123848026504,(3701439.376332335+0j),78.732701724505,3.570198351320307e-08,(2813.6126576995207+0j)
-24.686030023178194,78.46346250447161,0.06533872843823789,(-1852126.4944950182+3325293.6533415713j),78.46346250447161,0.06533872843823789,(-1852126.4944950182-3325293.6533415713j),78.67768662561173,0.061788123848026504,(3701439.376332335+0j),78.73270055433434,3.570198351320307e-08,(2813.6126576995207+0j)
-24.668335067345286,78.41311947423459,0.06533872843823789,(-1852126.4944950182+3325293.6533415713j),78.41311947423459,0.06533872843823789,(-1852126.4944950182-3325293.6533415713j),78.62318452823484,0.061788123848026504,(3701439.376332335+0j),78.73269936003719,3.570198351320307e-08,(2813.6126576995207+0j)
-24.650640111512377,78.36325332171315,0.06533872843823789,(-1852126.4944950182+3325293.6533415713j),78.36325332171315,0.06533872843823789,(-1852126.4944950182-3325293.6533415713j),78.56919631603478,0.061788123848026504,(3701439.376332335+0j),78.73269814085964,3.570198351320307e-08,(2813.6126576995207+0j)
-24.63294515567947,78.31386482351202,0.06533872843823789,(-1852126.4944950182+3325293.6533415713j),78.31386482351202,0.06533872843823789,(-1852126.4944950182-3325293.6533415713j),78.51572287416451,0.061788123848026504,(3701439.376332335+0j),78.732696896016,3.570198351320307e-08,(2813.6126576995207+0j)
-24.61525019984656,78.2649547574779,0.06533872843823789,(-1852126.4944950182+3325293.6533415713j),78.2649547574779,0.06533872843823789,(-1852126.4944950182-3325293.6533415713j),78.46276508927252,0.061788123848026504,(3701439.376332335+0j),78.73269562468718,3.570198351320307e-08,(2813.6126576995207+0j)
-24.597555244013652,78.21652390270154,0.06533872843823789,(-1852126.4944950182+3325293.6533415713j),78.21652390270154,0.06533872843823789,(-1852126.4944950182-3325293.6533415713j),78.41032384950557,0.061788123848026504,(3701439.376332335+0j),78.73269432601886,3.570198351320307e-08,(2813.6126576995207+0j)
-24.579860288180747,78.16857303951996,0.06533872843823789,(-1852126.4944950182+3325293.6533415713j),78.16857303951996,0.06533872843823789,(-1852126.4944950182-3325293.6533415713j),78.35840004451144,0.061788123848026504,(3701439.376332335+0j),78.73269299911955,3.570198351320307e-08,(2813.6126576995207+0j)
-24.562165332347835,78.12110294951859,0.06533872843823789,(-1852126.4944950182+3325293.6533415713j),78.12110294951859,0.06533872843823789,(-1852126.4944950182-3325293.6533415713j),78.30699456544178,0.061788123848026504,(3701439.376332335+0j),78.73269164305857,3.570198351320307e-08,(2813.6126576995207+0j)
-24.544470376514926,78.0741144155337,0.06533872843823789,(-1852126.4944950182+3325293.6533415713j),78.0741144155337,0.06533872843823789,(-1852126.4944950182-3325293.6533415713j),78.25610830495496,0.061788123848026504,(3701439.376332335+0j),78.73269025686392,3.570198351320307e-08,(2813.6126576995207+0j)
-24.526775420682018,78.0276082216543,0.06533872843823789,(-1852126.4944950182+3325293.6533415713j),78.0276082216543,0.06533872843823789,(-1852126.4944950182-3325293.6533415713j),78.2057421572188,0.061788123848026504,(3701439.376332335+0j),78.7326888395199,3.570198351320307e-08,(2813.6126576995207+0j)
-24.50908046484911,77.98158515322463,0.06533872843823789,(-1852126.4944950182+3325293.6533415713j),77.98158515322463,0.06533872843823789,(-1852126.4944950182-3325293.6533415713j),78.15589701791342,0.061788123848026504,(3701439.376332335+0j),78.7326873899646,3.570198351320307e-08,(2813.6126576995207+0j)
-24.4913855090162,77.93604599684623,0.06533872843823789,(-1852126.4944950182+3325293.6533415713j),77.93604599684623,0.06533872843823789,(-1852126.4944950182-3325293.6533415713j),78.10657378423413,0.061788123848026504,(3701439.376332335+0j),78.73268590708737,3.570198351320307e-08,(2813.6126576995207+0j)
-24.473690553183292,77.89099154038024,0.06533872843823789,(-1852126.4944950182+3325293.6533415713j),77.89099154038024,0.06533872843823789,(-1852126.4944950182-3325293.6533415713j),78.05777335489424,0.061788123848026504,(3701439.376332335+0j),78.73268438972582,3.570198351320307e-08,(2813.6126576995207+0j)
-24.455995597350384,77.84642257294958,0.06533872843823789,(-1852126.4944950182+3325293.6533415713j),77.84642257294958,0.06533872843823789,(-1852126.4944950182-3325293.6533415713j),78.00949663012781,0.061788123848026504,(3701439.376332335+0j),78.73268283666293,3.570198351320307e-08,(2813.6126576995207+0j)
-24.43830064151748,77.80233988494122,0.06533872843823789,(-1852126.4944950182+3325293.6533415713j),77.80233988494122,0.06533872843823789,(-1852126.4944950182-3325293.6533415713j),77.96174451169267,0.061788123848026504,(3701439.376332335+0j),78.73268124662368,3.570198351320307e-08,(2813.6126576995207+0j)
-24.42060568568457,77.75874426800841,0.06533872843823789,(-1852126.4944950182+3325293.6533415713j),77.75874426800841,0.06533872843823789,(-1852126.4944950182-3325293.6533415713j),77.91451790287309,0.061788123848026504,(3701439.376332335+0j),78.73267961827163,3.570198351320307e-08,(2813.6126576995207+0j)
-24.402910729851662,77.71563651507299,0.06533872843823789,(-1852126.4944950182+3325293.6533415713j),77.71563651507299,0.06533872843823789,(-1852126.4944950182-3325293.6533415713j),77.86781770848279,0.061788123848026504,(3701439.376332335+0j),78.73267795020513,3.570198351320307e-08,(2813.6126576995207+0j)
-24.385215774018754,77.67301742032745,0.06533872843823789,(-1852126.4944950182+3325293.6533415713j),77.67301742032745,0.06533872843823789,(-1852126.4944950182-3325293.6533415713j),77.8216448348677,0.061788123848026504,(3701439.376332335+0j),78.73267624095337,3.570198351320307e-08,(2813.6126576995207+0j)
-24.367520818185845,77.63088777923745,0.06533872843823789,(-1852126.4944950182+3325293.6533415713j),77.63088777923745,0.06533872843823789,(-1852126.4944950182-3325293.6533415713j),77.7760001899089,0.061788123848026504,(3701439.376332335+0j),78.73267448897191,3.570198351320307e-08,(2813.6126576995207+0j)
-24.349825862352937,77.58924838854388,0.06533872843823789,(-1852126.4944950182+3325293.6533415713j),77.58924838854388,0.06533872843823789,(-1852126.4944950182-3325293.6533415713j),77.73088468302548,0.061788123848026504,(3701439.376332335+0j),78.73267269263819,3.570198351320307e-08,(2813.6126576995207+0j)
-24.332130906520028,77.54810004626519,0.06533872843823789,(-1852126.4944950182+3325293.6533415713j),77.54810004626519,0.06533872843823789,(-1852126.4944950182-3325293.6533415713j),77.68629922517741,0.061788123848026504,(3701439.376332335+0j),78.73267085024642,3.570198351320307e-08,(2813.6126576995207+0j)
-24.314435950687123,77.50744355169965,0.06533872843823789,(-1852126.4944950182+3325293.6533415713j),77.50744355169965,0.06533872843823789,(-1852126.4944950182-3325293.6533415713j),77.64224472886842,0.061788123848026504,(3701439.376332335+0j),78.7326689600022,3.570198351320307e-08,(2813.6126576995207+0j)
-24.296740994854215,77.46727970542764,0.06533872843823789,(-1852126.4944950182+3325293.6533415713j),77.46727970542764,0.06533872843823789,(-1852126.4944950182-3325293.6533415713j),77.59872210814893,0.061788123848026504,(3701439.376332335+0j),78.7326670200167,3.570198351320307e-08,(2813.6126576995207+0j)
-24.279046039021306,77.42760930931394,0.06533872843823789,(-1852126.4944950182+3325293.6533415713j),77.42760930931394,0.06533872843823789,(-1852126.4944950182-3325293.6533415713j),77.55573227861898,0.061788123848026504,(3701439.376332335+0j),78.73266502830033,3.570198351320307e-08,(2813.6126576995207+0j)
-24.261351083188394,77.38843316650993,0.06533872843823789,(-1852126.4944950182+3325293.6533415713j),77.38843316650993,0.06533872843823789,(-1852126.4944950182-3325293.6533415713j),77.513276157431,0.061788123848026504,(3701439.376332335+0j),78.73266298275598,3.570198351320307e-08,(2813.6126576995207+0j)
-24.243656127355486,77.349752081456,0.06533872843823789,(-1852126.4944950182+3325293.6533415713j),77.349752081456,0.06533872843823789,(-1852126.4944950182-3325293.6533415713j),77.4713546632929,0.061788123848026504,(3701439.376332335+0j),78.73266088117165,3.570198351320307e-08,(2813.6126576995207+0j)
-24.225961171522577,77.31156685988371,0.06533872843823789,(-1852126.4944950182+3325293.6533415713j),77.31156685988371,0.06533872843823789,(-1852126.4944950182-3325293.6533415713j),77.42996871647087,0.061788123848026504,(3701439.376332335+0j),78.73265872121245,3.570198351320307e-08,(2813.6126576995207+0j)
-24.20826621568967,77.27387830881821,0.06533872843823789,(-1852126.4944950182+3325293.6533415713j),77.27387830881821,0.06533872843823789,(-1852126.4944950182-3325293.6533415713j),77.38911923879238,0.061788123848026504,(3701439.376332335+0j),78.7326565004119,3.570198351320307e-08,(2813.6126576995207+0j)
-24.19057125985676,77.23668723658044,0.06533872843823789,(-1852126.4944950182+3325293.6533415713j),77.23668723658044,0.06533872843823789,(-1852126.4944950182-3325293.6533415713j),77.34880715364903,0.061788123848026504,(3701439.376332335+0j),78.73265421616266,3.570198351320307e-08,(2813.6126576995207+0j)
-24.172876304023855,77.19999445278948,0.06533872843823789,(-1852126.4944950182+3325293.6533415713j),77.19999445278948,0.06533872843823789,(-1852126.4944950182-3325293.6533415713j),77.3090333859996,0.061788123848026504,(3701439.376332335+0j),78.7326518657062,3.570198351320307e-08,(2813.6126576995207+0j)
-24.155181348190947,77.16380076836488,0.06533872843823789,(-1852126.4944950182+3325293.6533415713j),77.16380076836488,0.06533872843823789,(-1852126.4944950182-3325293.6533415713j),77.26979886237291,0.061788123848026504,(3701439.376332335+0j),78.73264944612174,3.570198351320307e-08,(2813.6126576995207+0j)
-24.13748639235804,77.12810699552892,0.06533872843823789,(-1852126.4944950182+3325293.6533415713j),77.12810699552892,0.06533872843823789,(-1852126.4944950182-3325293.6533415713j),77.23110451087076,0.061788123848026504,(3701439.376332335+0j),78.73264695431415,3.570198351320307e-08,(2813.6126576995207+0j)
-24.11979143652513,77.09291394780898,0.06533872843823789,(-1852126.4944950182+3325293.6533415713j),77.09291394780898,0.06533872843823789,(-1852126.4944950182-3325293.6533415713j),77.192951261171,0.061788123848026504,(3701439.376332335+0j),78.73264438700069,3.570198351320307e-08,(2813.6126576995207+0j)
-24.10209648069222,77.05822244003981,0.06533872843823789,(-1852126.4944950182+3325293.6533415713j),77.05822244003981,0.06533872843823789,(-1852126.4944950182-3325293.6533415713j),77.15534004453038,0.061788123848026504,(3701439.376332335+0j),78.73264174069665,3.570198351320307e-08,(2813.6126576995207+0j)
-24.084401524859313,77.02403328836591,0.06533872843823789,(-1852126.4944950182+3325293.6533415713j),77.02403328836591,0.06533872843823789,(-1852126.4944950182-3325293.6533415713j),77.11827179378751,0.061788123848026504,(3701439.376332335+0j),78.73263901169952,3.570198351320307e-08,(2813.6126576995207+0j)
-24.066706569026405,76.99034731024386,0.06533872843823789,(-1852126.4944950182+3325293.6533415713j),76.99034731024386,0.06533872843823789,(-1852126.4944950182-3325293.6533415713j),77.08174744336598,0.061788123848026504,(3701439.376332335+0j),78.73263619607174,3.570198351320307e-08,(2813.6126576995207+0j)
-24.0490116131935,76.95716532444457,0.06533872843823789,(-1852126.4944950182+3325293.6533415713j),76.95716532444457,0.06533872843823789,(-1852126.4944950182-3325293.6533415713j),77.04576792927719,0.061788123848026504,(3701439.376332335+0j),78.73263328962166,3.570198351320307e-08,(2813.6126576995207+0j)
-24.03131665736059,76.92448815105578,0.06533872843823789,(-1852126.4944950182+3325293.6533415713j),76.92448815105578,0.06533872843823789,(-1852126.4944950182-3325293.6533415713j),77.01033418912343,0.061788123848026504,(3701439.376332335+0j),78.73263028788287,3.570198351320307e-08,(2813.6126576995207+0j)
-24.013621701527683,76.89231661148425,0.06533872843823789,(-1852126.4944950182+3325293.6533415713j),76.89231661148425,0.06533872843823789,(-1852126.4944950182-3325293.6533415713j),76.9754471621008,0.061788123848026504,(3701439.376332335+0j),78.73262718609118,3.570198351320307e-08,(2813.6126576995207+0j)
-23.995926745694774,76.86065152845818,0.06533872843823789,(-1852126.4944950182+3325293.6533415713j),76.86065152845818,0.06533872843823789,(-1852126.4944950182-3325293.6533415713j),76.94110778900233,0.061788123848026504,(3701439.376332335+0j),78.7326239791594,3.570198351320307e-08,(2813.6126576995207+0j)
-23.978231789861866,76.8294937260296,0.06533872843823789,(-1852126.4944950182+3325293.6533415713j),76.8294937260296,0.06533872843823789,(-1852126.4944950182-3325293.6533415713j),76.90731701222084,0.061788123848026504,(3701439.376332335+0j),78.73262066164953,3.570198351320307e-08,(2813.6126576995207+0j)
-23.960536834028954,76.79884402957666,0.06533872843823789,(-1852126.4944950182+3325293.6533415713j),76.79884402957666,0.06533872843823789,(-1852126.4944950182-3325293.6533415713j),76.87407577575208,0.061788123848026504,(3701439.376332335+0j),78.73261722774198,3.570198351320307e-08,(2813.6126576995207+0j)
-23.942841878196045,76.76870326580607,0.06533872843823789,(-1852126.4944950182+3325293.6533415713j),76.76870326580607,0.06533872843823789,(-1852126.4944950182-3325293.6533415713j),76.84138502519767,0.061788123848026504,(3701439.376332335+0j),78.73261367120152,3.570198351320307e-08,(2813.6126576995207+0j)
-23.92514692236314,76.73907226275534,0.06533872843823789,(-1852126.4944950182+3325293.6533415713j),76.73907226275534,0.06533872843823789,(-1852126.4944950182-3325293.6533415713j),76.80924570776817,0.061788123848026504,(3701439.376332335+0j),78.73260998533942,3.570198351320307e-08,(2813.6126576995207+0j)
-23.907451966530232,76.70995184979536,0.06533872843823789,(-1852126.4944950182+3325293.6533415713j),76.70995184979536,0.06533872843823789,(-1852126.4944950182-3325293.6533415713j),76.77765877228613,0.061788123848026504,(3701439.376332335+0j),78.73260616297155,3.570198351320307e-08,(2813.6126576995207+0j)
-23.889757010697323,76.68134285763259,0.06533872843823789,(-1852126.4944950182+3325293.6533415713j),76.68134285763259,0.06533872843823789,(-1852126.4944950182-3325293.6533415713j),76.74662516918906,0.061788123848026504,(3701439.376332335+0j),78.73260219637164,3.570198351320307e-08,(2813.6126576995207+0j)
-23.872062054864415,76.65324611831153,0.06533872843823789,(-1852126.4944950182+3325293.6533415713j),76.65324611831153,0.06533872843823789,(-1852126.4944950182-3325293.6533415713j),76.71614585053254,0.061788123848026504,(3701439.376332335+0j),78.73259807721907,3.570198351320307e-08,(2813.6126576995207+0j)
-23.854367099031506,76.6256624652171,0.06533872843823789,(-1852126.4944950182+3325293.6533415713j),76.6256624652171,0.06533872843823789,(-1852126.4944950182-3325293.6533415713j),76.68622176999325,0.061788123848026504,(3701439.376332335+0j),78.73259379654068,3.570198351320307e-08,(2813.6126576995207+0j)
-23.836672143198598,76.59859273307707,0.06533872843823789,(-1852126.4944950182+3325293.6533415713j),76.59859273307707,0.06533872843823789,(-1852126.4944950182-3325293.6533415713j),76.65685388287204,0.061788123848026504,(3701439.376332335+0j),78.73258934464553,3.570198351320307e-08,(2813.6126576995207+0j)
-23.81897718736569,76.57203775796432,0.06533872843823789,(-1852126.4944950182+3325293.6533415713j),76.57203775796432,0.06533872843823789,(-1852126.4944950182-3325293.6533415713j),76.628043146097,0.061788123848026504,(3701439.376332335+0j),78.73258471105159,3.570198351320307e-08,(2813.6126576995207+0j)
-23.80128223153278,76.54599837729947,0.06533872843823789,(-1852126.4944950182+3325293.6533415713j),76.54599837729947,0.06533872843823789,(-1852126.4944950182-3325293.6533415713j),76.59979051822648,0.061788123848026504,(3701439.376332335+0j),78.7325798844034,3.570198351320307e-08,(2813.6126576995207+0j)
-23.783587275699876,76.52047542985306,0.06533872843823789,(-1852126.4944950182+3325293.6533415713j),76.52047542985306,0.06533872843823789,(-1852126.4944950182-3325293.6533415713j),76.57209695945224,0.061788123848026504,(3701439.376332335+0j),78.73257485237916,3.570198351320307e-08,(2813.6126576995207+0j)
-23.765892319866968,76.49546975574813,0.06533872843823789,(-1852126.4944950182+3325293.6533415713j),76.49546975574813,0.06533872843823789,(-1852126.4944950182-3325293.6533415713j),76.54496343160253,0.061788123848026504,(3701439.376332335+0j),78.73256960158565,3.570198351320307e-08,(2813.6126576995207+0j)
-23.74819736403406,76.47098219646253,0.06533872843823789,(-1852126.4944950182+3325293.6533415713j),76.47098219646253,0.06533872843823789,(-1852126.4944950182-3325293.6533415713j),76.5183908981451,0.061788123848026504,(3701439.376332335+0j),78.73256411743924,3.570198351320307e-08,(2813.6126576995207+0j)
-23.73050240820115,76.44701359483143,0.06533872843823789,(-1852126.4944950182+3325293.6533415713j),76.44701359483143,0.06533872843823789,(-1852126.4944950182-3325293.6533415713j),76.4923803241904,0.061788123848026504,(3701439.376332335+0j),78.73255838403058,3.570198351320307e-08,(2813.6126576995207+0j)
-23.712807452368242,76.42356479504963,0.06533872843823789,(-1852126.4944950182+3325293.6533415713j),76.42356479504963,0.06533872843823789,(-1852126.4944950182-3325293.6533415713j),76.46693267649468,0.061788123848026504,(3701439.376332335+0j),78.73255238397053,3.570198351320307e-08,(2813.6126576995207+0j)
-23.695112496535334,76.40063664267417,0.06533872843823789,(-1852126.4944950182+3325293.6533415713j),76.40063664267417,0.06533872843823789,(-1852126.4944950182-3325293.6533415713j),76.44204892346298,0.061788123848026504,(3701439.376332335+0j),78.7325460982139,3.570198351320307e-08,(2813.6126576995207+0j)
-23.67741754070242,76.37822998462659,0.06533872843823789,(-1852126.4944950182+3325293.6533415713j),76.37822998462659,0.06533872843823789,(-1852126.4944950182-3325293.6533415713j),76.41773003515239,0.061788123848026504,(3701439.376332335+0j),78.73253950585766,3.570198351320307e-08,(2813.6126576995207+0j)
-23.659722584869517,76.35634566919545,0.06533872843823789,(-1852126.4944950182+3325293.6533415713j),76.35634566919545,0.06533872843823789,(-1852126.4944950182-3325293.6533415713j),76.39397698327512,0.061788123848026504,(3701439.376332335+0j),78.73253258390852,3.570198351320307e-08,(2813.6126576995207+0j)
-23.64202762903661,76.33498454603881,0.06533872843823789,(-1852126.4944950182+3325293.6533415713j),76.33498454603881,0.06533872843823789,(-1852126.4944950182-3325293.6533415713j),76.37079074120162,0.061788123848026504,(3701439.376332335+0j),78.7325253070152,3.570198351320307e-08,(2813.6126576995207+0j)
-23.6243326732037,76.31414746618664,0.06533872843823789,(-1852126.4944950182+3325293.6533415713j),76.31414746618664,0.06533872843823789,(-1852126.4944950182-3325293.6533415713j),76.34817228396372,0.061788123848026504,(3701439.376332335+0j),78.73251764715798,3.570198351320307e-08,(2813.6126576995207+0j)
-23.60663771737079,76.29383528204325,0.06533872843823789,(-1852126.4944950182+3325293.6533415713j),76.29383528204325,0.06533872843823789,(-1852126.4944950182-3325293.6533415713j),76.32612258825783,0.061788123848026504,(3701439.376332335+0j),78.73250957328828,3.570198351320307e-08,(2813.6126576995207+0j)
-23.588942761537883,76.27404884738984,0.06533872843823789,(-1852126.4944950182+3325293.6533415713j),76.27404884738984,0.06533872843823789,(-1852126.4944950182-3325293.6533415713j),76.30464263244798,0.061788123848026504,(3701439.376332335+0j),78.73250105090797,3.570198351320307e-08,(2813.6126576995207+0j)
-23.571247805704974,76.25478901738684,0.06533872843823789,(-1852126.4944950182+3325293.6533415713j),76.25478901738684,0.06533872843823789,(-1852126.4944950182-3325293.6533415713j),76.2837333965691,0.061788123848026504,(3701439.376332335+0j),78.73249204157662,3.570198351320307e-08,(2813.6126576995207+0j)
-23.553552849872066,76.23605664857654,0.06533872843823789,(-1852126.4944950182+3325293.6533415713j),76.23605664857654,0.06533872843823789,(-1852126.4944950182-3325293.6533415713j),76.26339586233016,0.061788123848026504,(3701439.376332335+0j),78.73248250233178,3.570198351320307e-08,(2813.6126576995207+0j)
-23.535857894039157,76.21785259888541,0.06533872843823789,(-1852126.4944950182+3325293.6533415713j),76.21785259888541,0.06533872843823789,(-1852126.4944950182-3325293.6533415713j),76.24363101311722,0.061788123848026504,(3701439.376332335+0j),78.7324723850039,3.570198351320307e-08,(2813.6126576995207+0j)
-23.518162938206252,76.20017772762672,0.06533872843823789,(-1852126.4944950182+3325293.6533415713j),76.20017772762672,0.06533872843823789,(-1852126.4944950182-3325293.6533415713j),76.22443983399678,0.061788123848026504,(3701439.376332335+0j),78.73246163540283,3.570198351320307e-08,(2813.6126576995207+0j)
-23.500467982373344,76.18303289550292,0.06533872843823789,(-1852126.4944950182+3325293.6533415713j),76.18303289550292,0.06533872843823789,(-1852126.4944950182-3325293.6533415713j),76.20582331171887,0.061788123848026504,(3701439.376332335+0j),78.73245019234679,3.570198351320307e-08,(2813.6126576995207+0j)
-23.482773026540436,76.1664189646082,0.06533872843823789,(-1852126.4944950182+3325293.6533415713j),76.1664189646082,0.06533872843823789,(-1852126.4944950182-3325293.6533415713j),76.18778243472029,0.061788123848026504,(3701439.376332335+0j),78.73243798649733,3.570198351320307e-08,(2813.6126576995207+0j)
-23.465078070707527,76.15033679843091,0.06533872843823789,(-1852126.4944950182+3325293.6533415713j),76.15033679843091,0.06533872843823789,(-1852126.4944950182-3325293.6533415713j),76.17031819312773,0.061788123848026504,(3701439.376332335+0j),78.73242493895297,3.570198351320307e-08,(2813.6126576995207+0j)
-23.44738311487462,76.13478726185618,0.06533872843823789,(-1852126.4944950182+3325293.6533415713j),76.13478726185618,0.06533872843823789,(-1852126.4944950182-3325293.6533415713j),76.15343157876103,0.061788123848026504,(3701439.376332335+0j),78.7324109595419,3.570198351320307e-08,(2813.6126576995207+0j)
-23.42968815904171,76.11977122116834,0.06533872843823789,(-1852126.4944950182+3325293.6533415713j),76.11977122116834,0.06533872843823789,(-1852126.4944950182-3325293.6533415713j),76.13712358513645,0.061788123848026504,(3701439.376332335+0j),78.73239594473496,3.570198351320307e-08,(2813.6126576995207+0j)
-23.4119932032088,76.10528954405343,0.06533872843823789,(-1852126.4944950182+3325293.6533415713j),76.10528954405343,0.06533872843823789,(-1852126.4944950182-3325293.6533415713j),76.12139520746979,0.061788123848026504,(3701439.376332335+0j),78.73237977507729,3.570198351320307e-08,(2813.6126576995207+0j)
-23.394298247375897,76.09134309960177,0.06533872843823789,(-1852126.4944950182+3325293.6533415713j),76.09134309960177,0.06533872843823789,(-1852126.4944950182-3325293.6533415713j),76.10624744267966,0.061788123848026504,(3701439.376332335+0j),78.7323623120036,3.570198351320307e-08,(2813.6126576995207+0j)
-23.376603291542985,76.07793275831044,0.06533872843823789,(-1852126.4944950182+3325293.6533415713j),76.07793275831044,0.06533872843823789,(-1852126.4944950182-3325293.6533415713j),76.0916812893907,0.061788123848026504,(3701439.376332335+0j),78.73234339385728,3.570198351320307e-08,(2813.6126576995207+0j)
-23.358908335710076,76.06505939208583,0.06533872843823789,(-1852126.4944950182+3325293.6533415713j),76.06505939208583,0.06533872843823789,(-1852126.4944950182-3325293.6533415713j),76.0776977479369,0.061788123848026504,(3701439.376332335+0j),78.73232283087117,3.570198351320307e-08,(2813.6126576995207+0j)
-23.341213379877168,76.05272387424615,0.06533872843823789,(-1852126.4944950182+3325293.6533415713j),76.05272387424615,0.06533872843823789,(-1852126.4944950182-3325293.6533415713j),76.06429782036467,0.061788123848026504,(3701439.376332335+0j),78.73230039877984,3.570198351320307e-08,(2813.6126576995207+0j)
-23.32351842404426,76.040927079524,0.06533872843823789,(-1852126.4944950182+3325293.6533415713j),76.040927079524,0.06533872843823789,(-1852126.4944950182-3325293.6533415713j),76.05148251043632,0.061788123848026504,(3701439.376332335+0j),78.73227583060672,3.570198351320307e-08,(2813.6126576995207+0j)
-23.30582346821135,76.02966988406888,0.06533872843823789,(-1852126.4944950182+3325293.6533415713j),76.02966988406888,0.06533872843823789,(-1852126.4944950182-3325293.6533415713j),76.03925282363309,0.061788123848026504,(3701439.376332335+0j),78.73224880598802,3.570198351320307e-08,(2813.6126576995207+0j)
-23.288128512378442,76.01895316544977,0.06533872843823789,(-1852126.4944950182+3325293.6533415713j),76.01895316544977,0.06533872843823789,(-1852126.4944950182-3325293.6533415713j),76.02760976715867,0.061788123848026504,(3701439.376332335+0j),78.7322189371257,3.570198351320307e-08,(2813.6126576995207+0j)
-23.270433556545534,76.00877780265765,0.06533872843823789,(-1852126.4944950182+3325293.6533415713j),76.00877780265765,0.06533872843823789,(-1852126.4944950182-3325293.6533415713j),76.0165543499422,0.061788123848026504,(3701439.376332335+0j),78.73218575005882,3.570198351320307e-08,(2813.6126576995207+0j)
-23.25273860071263,75.99914467610807,0.06533872843823789,(-1852126.4944950182+3325293.6533415713j),75.99914467610807,0.06533872843823789,(-1852126.4944950182-3325293.6533415713j),76.00608758264175,0.061788123848026504,(3701439.376332335+0j),78.73214865932614,3.570198351320307e-08,(2813.6126576995207+0j)
-23.23504364487972,75.99005466764376,0.06533872843823789,(-1852126.4944950182+3325293.6533415713j),75.99005466764376,0.06533872843823789,(-1852126.4944950182-3325293.6533415713j),75.99621047764764,0.061788123848026504,(3701439.376332335+0j),78.73210693312875,3.570198351320307e-08,(2813.6126576995207+0j)
-23.217348689046812,75.9815086605371,0.06533872843823789,(-1852126.4944950182+3325293.6533415713j),75.9815086605371,0.06533872843823789,(-1852126.4944950182-3325293.6533415713j),75.98692404908547,0.061788123848026504,(3701439.376332335+0j),78.7320596445607,3.570198351320307e-08,(2813.6126576995207+0j)
-23.199653733213903,75.9735075394928,0.06533872843823789,(-1852126.4944950182+3325293.6533415713j),75.9735075394928,0.06533872843823789,(-1852126.4944950182-3325293.6533415713j),75.97822931281976,0.061788123848026504,(3701439.376332335+0j),78.7320056019431,3.570198351320307e-08,(2813.6126576995207+0j)
-23.181958777380995,75.96605219065042,0.06533872843823789,(-1852126.4944950182+3325293.6533415713j),75.96605219065042,0.06533872843823789,(-1852126.4944950182-3325293.6533415713j),75.97012728645703,0.061788123848026504,(3701439.376332335+0j),78.73194324701194,3.570198351320307e-08,(2813.6126576995207+0j)
-23.164263821548086,75.95914350158691,0.06533872843823789,(-1852126.4944950182+3325293.6533415713j),75.95914350158691,0.06533872843823789,(-1852126.4944950182-3325293.6533415713j),75.96261898934918,0.061788123848026504,(3701439.376332335+0j),78.7318705022128,3.570198351320307e-08,(2813.6126576995207+0j)
-23.146568865715178,75.95278236131935,0.06533872843823789,(-1852126.4944950182+3325293.6533415713j),75.95278236131935,0.06533872843823789,(-1852126.4944950182-3325293.6533415713j),75.95570544259687,0.061788123848026504,(3701439.376332335+0j),78.73178453472485,3.570198351320307e-08,(2813.6126576995207+0j)
-23.128873909882273,75.94696966030737,0.06533872843823789,(-1852126.4944950182+3325293.6533415713j),75.94696966030737,0.06533872843823789,(-1852126.4944950182-3325293.6533415713j),75.94938766905275,0.061788123848026504,(3701439.376332335+0j),78.73168137894174,3.570198351320307e-08,(2813.6126576995207+0j)
-23.111178954049365,75.94170629045588,0.06533872843823789,(-1852126.4944950182+3325293.6533415713j),75.94170629045588,0.06533872843823789,(-1852126.4944950182-3325293.6533415713j),75.94366669332493,0.061788123848026504,(3701439.376332335+0j),78.73155530735804,3.570198351320307e-08,(2813.6126576995207+0j)
-23.093483998216453,75.93699314511761,0.06533872843823789,(-1852126.4944950182+3325293.6533415713j),75.93699314511761,0.06533872843823789,(-1852126.4944950182-3325293.6533415713j),75.93854354178016,0.061788123848026504,(3701439.376332335+0j),78.73139772979867,3.570198351320307e-08,(2813.6126576995207+0j)
-23.075789042383544,75.93283111909571,0.06533872843823789,(-1852126.4944950182+3325293.6533415713j),75.93283111909571,0.06533872843823789,(-1852126.4944950182-3325293.6533415713j),75.93401924254736,0.061788123848026504,(3701439.376332335+0j),78.7311951495389,3.570198351320307e-08,(2813.6126576995207+0j)
-23.058094086550636,75.92922110864643,0.06533872843823789,(-1852126.4944950182+3325293.6533415713j),75.92922110864643,0.06533872843823789,(-1852126.4944950182-3325293.6533415713j),75.93009482552085,0.061788123848026504,(3701439.376332335+0j),78.73092507657479,3.570198351320307e-08,(2813.6126576995207+0j)
-23.040399130717727,75.9261640114817,0.06533872843823789,(-1852126.4944950182+3325293.6533415713j),75.9261640114817,0.06533872843823789,(-1852126.4944950182-3325293.6533415713j),75.92677132236376,0.061788123848026504,(3701439.376332335+0j),78.73054703978575,3.570198351320307e-08,(2813.6126576995207+0j)
-23.02270417488482,75.92366072677173,0.06533872843823789,(-1852126.4944950182+3325293.6533415713j),75.92366072677173,0.06533872843823789,(-1852126.4944950182-3325293.6533415713j),75.92404976651144,0.061788123848026504,(3701439.376332335+0j),78.72998012753754,3.570198351320307e-08,(2813.6126576995207+0j)
-23.00500921905191,75.92171215514772,0.06533872843823789,(-1852126.4944950182+3325293.6533415713j),75.92171215514772,0.06533872843823789,(-1852126.4944950182-3325293.6533415713j),75.9219311931748,0.061788123848026504,(3701439.376332335+0j),78.72903565478079,3.570198351320307e-08,(2813.6126576995207+0j)
-22.987314263219005,75.9203191987044,0.06533872843823789,(-1852126.4944950182+3325293.6533415713j),75.9203191987044,0.06533872843823789,(-1852126.4944950182-3325293.6533415713j),75.92041663934366,0.061788123848026504,(3701439.376332335+0j),78.7271481368289,3.570198351320307e-08,(2813.6126576995207+0j)
-22.969619307386097,75.91948276100275,0.06533872843823789,(-1852126.4944950182+3325293.6533415713j),75.91948276100275,0.06533872843823789,(-1852126.4944950182-3325293.6533415713j),75.91950714379028,0.061788123848026504,(3701439.376332335+0j),78.72149698047757,3.570198351320307e-08,(2813.6126576995207+0j)
-22.95192435155319,75.91920374707263,0.06533872843823789,(-1852126.4944950182+3325293.6533415713j),75.91920374707263,0.06533872843823789,(-1852126.4944950182-3325293.6533415713j),75.91920374707263,0.061788123848026504,(3701439.376332335+0j),75.91920374707263,3.570198351320307e-08,(2813.6126576995207+0j)
-22.95192435155319,75.89681910314273,0.16279208442979412,(-2971707.265747317+5221668.976542656j),75.89681910314273,0.16279208442979412,(-2971707.265747317-5221668.976542656j),75.91920374707263,0.15926962987085314,(5942711.155208546+0j),75.91920374707263,2.231203442944205e-09,(703.3762860832727+0j)
-22.93422939572028,75.88327475979905,0.16279208442979412,(-2971707.265747317+5221668.976542656j),75.88327475979905,0.16279208442979412,(-2971707.265747317-5221668.976542656j),75.90521743498367,0.15926962987085314,(5942711.155208546+0j),75.91920372878975,2.231203442944205e-09,(703.3762860832727+0j)
-22.91653443988737,75.86986359606298,0.16279208442979412,(-2971707.265747317+5221668.976542656j),75.86986359606298,0.16279208442979412,(-2971707.265747317-5221668.976542656j),75.8913685505598,0.15926962987085314,(5942711.155208546+0j),75.91920371012992,2.231203442944205e-09,(703.3762860832727+0j)
-22.898839484054463,75.85658569883967,0.16279208442979412,(-2971707.265747317+5221668.976542656j),75.85658569883967,0.16279208442979412,(-2971707.265747317-5221668.976542656j),75.87765718546314,0.15926962987085314,(5942711.155208546+0j),75.91920369108134,2.231203442944205e-09,(703.3762860832727+0j)
-22.881144528221554,75.84344115509053,0.16279208442979412,(-2971707.265747317+5221668.976542656j),75.84344115509053,0.16279208442979412,(-2971707.265747317-5221668.976542656j),75.86408343141645,0.15926962987085314,(5942711.155208546+0j),75.91920367163172,2.231203442944205e-09,(703.3762860832727+0j)
-22.86344957238865,75.83043005183336,0.16279208442979412,(-2971707.265747317+5221668.976542656j),75.83043005183336,0.16279208442979412,(-2971707.265747317-5221668.976542656j),75.85064738020327,0.15926962987085314,(5942711.155208546+0j),75.9192036517683,2.231203442944205e-09,(703.3762860832727+0j)
-22.84575461655574,75.81755247614235,0.16279208442979412,(-2971707.265747317+5221668.976542656j),75.81755247614235,0.16279208442979412,(-2971707.265747317-5221668.976542656j),75.83734912366789,0.15926962987085314,(5942711.155208546+0j),75.9192036314777,2.231203442944205e-09,(703.3762860832727+0j)
-22.828059660722833,75.80480851514808,0.16279208442979412,(-2971707.265747317+5221668.976542656j),75.80480851514808,0.16279208442979412,(-2971707.265747317-5221668.976542656j),75.82418875371546,0.15926962987085314,(5942711.155208546+0j),75.919203610746,2.231203442944205e-09,(703.3762860832727+0j)
-22.810364704889924,75.79219825603761,0.16279208442979412,(-2971707.265747317+5221668.976542656j),75.79219825603761,0.16279208442979412,(-2971707.265747317-5221668.976542656j),75.81116636231191,0.15926962987085314,(5942711.155208546+0j),75.91920358955866,2.231203442944205e-09,(703.3762860832727+0j)
-22.792669749057016,75.77972178605451,0.16279208442979412,(-2971707.265747317+5221668.976542656j),75.77972178605451,0.16279208442979412,(-2971707.265747317-5221668.976542656j),75.7982820414842,0.15926962987085314,(5942711.155208546+0j),75.91920356790051,2.231203442944205e-09,(703.3762860832727+0j)
-22.774974793224107,75.76737919249891,0.16279208442979412,(-2971707.265747317+5221668.976542656j),75.76737919249891,0.16279208442979412,(-2971707.265747317-5221668.976542656j),75.78553588332018,0.15926962987085314,(5942711.155208546+0j),75.91920354575564,2.231203442944205e-09,(703.3762860832727+0j)
-22.757279837391195,75.7551705627275,0.16279208442979412,(-2971707.265747317+5221668.976542656j),75.7551705627275,0.16279208442979412,(-2971707.265747317-5221668.976542656j),75.77292797996871,0.15926962987085314,(5942711.155208546+0j),75.91920352310747,2.231203442944205e-09,(703.3762860832727+0j)
-22.73958488155829,75.7430959841536,0.16279208442979412,(-2971707.265747317+5221668.976542656j),75.7430959841536,0.16279208442979412,(-2971707.265747317-5221668.976542656j),75.7604584236397,0.15926962987085314,(5942711.155208546+0j),75.91920349993866,2.231203442944205e-09,(703.3762860832727+0j)
-22.72188992572538,75.73115554424724,0.16279208442979412,(-2971707.265747317+5221668.976542656j),75.73115554424724,0.16279208442979412,(-2971707.265747317-5221668.976542656j),75.74812730660419,0.15926962987085314,(5942711.155208546+0j),75.91920347623106,2.231203442944205e-09,(703.3762860832727+0j)
-22.704194969892473,75.71934933053511,0.16279208442979412,(-2971707.265747317+5221668.976542656j),75.71934933053511,0.16279208442979412,(-2971707.265747317-5221668.976542656j),75.7359347211943,0.15926962987085314,(5942711.155208546+0j),75.91920345196563,2.231203442944205e-09,(703.3762860832727+0j)
-22.686500014059565,75.7076774306007,0.16279208442979412,(-2971707.265747317+5221668.976542656j),75.7076774306007,0.16279208442979412,(-2971707.265747317-5221668.976542656j),75.72388075980336,0.15926962987085314,(5942711.155208546+0j),75.91920342712244,2.231203442944205e-09,(703.3762860832727+0j)
-22.668805058226656,75.69613993208425,0.16279208442979412,(-2971707.265747317+5221668.976542656j),75.69613993208425,0.16279208442979412,(-2971707.265747317-5221668.976542656j),75.71196551488593,0.15926962987085314,(5942711.155208546+0j),75.91920340168063,2.231203442944205e-09,(703.3762860832727+0j)
-22.651110102393748,75.68473692268282,0.16279208442979412,(-2971707.265747317+5221668.976542656j),75.68473692268282,0.16279208442979412,(-2971707.265747317-5221668.976542656j),75.70018907895785,0.15926962987085314,(5942711.155208546+0j),75.91920337561828,2.231203442944205e-09,(703.3762860832727+0j)
-22.63341514656084,75.67346849015041,0.16279208442979412,(-2971707.265747317+5221668.976542656j),75.67346849015041,0.16279208442979412,(-2971707.265747317-5221668.976542656j),75.68855154459625,0.15926962987085314,(5942711.155208546+0j),75.91920334891243,2.231203442944205e-09,(703.3762860832727+0j)
-22.61572019072793,75.66233472229786,0.16279208442979412,(-2971707.265747317+5221668.976542656j),75.66233472229786,0.16279208442979412,(-2971707.265747317-5221668.976542656j),75.67705300443964,0.15926962987085314,(5942711.155208546+0j),75.91920332153893,2.231203442944205e-09,(703.3762860832727+0j)
-22.598025234895026,75.65133570699304,0.16279208442979412,(-2971707.265747317+5221668.976542656j),75.65133570699304,0.16279208442979412,(-2971707.265747317-5221668.976542656j),75.66569355118796,0.15926962987085314,(5942711.155208546+0j),75.91920329347242,2.231203442944205e-09,(703.3762860832727+0j)
-22.580330279062117,75.64047153216073,0.16279208442979412,(-2971707.265747317+5221668.976542656j),75.64047153216073,0.16279208442979412,(-2971707.265747317-5221668.976542656j),75.65447327760256,0.15926962987085314,(5942711.155208546+0j),75.91920326468627,2.231203442944205e-09,(703.3762860832727+0j)
-22.56263532322921,75.62974228578283,0.16279208442979412,(-2971707.265747317+5221668.976542656j),75.62974228578283,0.16279208442979412,(-2971707.265747317-5221668.976542656j),75.64339227650632,0.15926962987085314,(5942711.155208546+0j),75.91920323515242,2.231203442944205e-09,(703.3762860832727+0j)
-22.5449403673963,75.61914805589826,0.16279208442979412,(-2971707.265747317+5221668.976542656j),75.61914805589826,0.16279208442979412,(-2971707.265747317-5221668.976542656j),75.63245064078366,0.15926962987085314,(5942711.155208546+0j),75.91920320484138,2.231203442944205e-09,(703.3762860832727+0j)
-22.527245411563392,75.60868893060308,0.16279208442979412,(-2971707.265747317+5221668.976542656j),75.60868893060308,0.16279208442979412,(-2971707.265747317-5221668.976542656j),75.62164846338055,0.15926962987085314,(5942711.155208546+0j),75.91920317372204,2.231203442944205e-09,(703.3762860832727+0j)
-22.509550455730484,75.59836499805053,0.16279208442979412,(-2971707.265747317+5221668.976542656j),75.59836499805053,0.16279208442979412,(-2971707.265747317-5221668.976542656j),75.61098583730467,0.15926962987085314,(5942711.155208546+0j),75.91920314176164,2.231203442944205e-09,(703.3762860832727+0j)
-22.491855499897575,75.58817634645102,0.16279208442979412,(-2971707.265747317+5221668.976542656j),75.58817634645102,0.16279208442979412,(-2971707.265747317-5221668.976542656j),75.60046285562531,0.15926962987085314,(5942711.155208546+0j),75.91920310892561,2.231203442944205e-09,(703.3762860832727+0j)
-22.474160544064667,75.5781230640722,0.16279208442979412,(-2971707.265747317+5221668.976542656j),75.5781230640722,0.16279208442979412,(-2971707.265747317-5221668.976542656j),75.59007961147351,0.15926962987085314,(5942711.155208546+0j),75.91920307517749,2.231203442944205e-09,(703.3762860832727+0j)
-22.45646558823176,75.56820523923905,0.16279208442979412,(-2971707.265747317+5221668.976542656j),75.56820523923905,0.16279208442979412,(-2971707.265747317-5221668.976542656j),75.5798361980421,0.15926962987085314,(5942711.155208546+0j),75.91920304047869,2.231203442944205e-09,(703.3762860832727+0j)
-22.438770632398853,75.55842296033383,0.16279208442979412,(-2971707.265747317+5221668.976542656j),75.55842296033383,0.16279208442979412,(-2971707.265747317-5221668.976542656j),75.56973270858568,0.15926962987085314,(5942711.155208546+0j),75.91920300478851,2.231203442944205e-09,(703.3762860832727+0j)
-22.421075676565945,75.54877631579618,0.16279208442979412,(-2971707.265747317+5221668.976542656j),75.54877631579618,0.16279208442979412,(-2971707.265747317-5221668.976542656j),75.55976923642076,0.15926962987085314,(5942711.155208546+0j),75.91920296806386,2.231203442944205e-09,(703.3762860832727+0j)
-22.403380720733036,75.53926539412313,0.16279208442979412,(-2971707.265747317+5221668.976542656j),75.53926539412313,0.16279208442979412,(-2971707.265747317-5221668.976542656j),75.54994587492573,0.15926962987085314,(5942711.155208546+0j),75.91920293025903,2.231203442944205e-09,(703.3762860832727+0j)
-22.385685764900128,75.52989028386924,0.16279208442979412,(-2971707.265747317+5221668.976542656j),75.52989028386924,0.16279208442979412,(-2971707.265747317-5221668.976542656j),75.54026271754094,0.15926962987085314,(5942711.155208546+0j),75.91920289132574,2.231203442944205e-09,(703.3762860832727+0j)
-22.36799080906722,75.52065107364643,0.16279208442979412,(-2971707.265747317+5221668.976542656j),75.52065107364643,0.16279208442979412,(-2971707.265747317-5221668.976542656j),75.53071985776874,0.15926962987085314,(5942711.155208546+0j),75.91920285121265,2.231203442944205e-09,(703.3762860832727+0j)
-22.35029585323431,75.51154785212427,0.16279208442979412,(-2971707.265747317+5221668.976542656j),75.51154785212427,0.16279208442979412,(-2971707.265747317-5221668.976542656j),75.52131738917349,0.15926962987085314,(5942711.155208546+0j),75.9192028098653,2.231203442944205e-09,(703.3762860832727+0j)
-22.332600897401406,75.50258070802983,0.16279208442979412,(-2971707.265747317+5221668.976542656j),75.50258070802983,0.16279208442979412,(-2971707.265747317-5221668.976542656j),75.5120554053817,0.15926962987085314,(5942711.155208546+0j),75.91920276722585,2.231203442944205e-09,(703.3762860832727+0j)
-22.314905941568494,75.49374973014781,0.16279208442979412,(-2971707.265747317+5221668.976542656j),75.49374973014781,0.16279208442979412,(-2971707.265747317-5221668.976542656j),75.50293400008199,0.15926962987085314,(5942711.155208546+0j),75.91920272323279,2.231203442944205e-09,(703.3762860832727+0j)
-22.29721098573559,75.48505500732063,0.16279208442979412,(-2971707.265747317+5221668.976542656j),75.48505500732063,0.16279208442979412,(-2971707.265747317-5221668.976542656j),75.49395326702512,0.15926962987085314,(5942711.155208546+0j),75.91920267782059,2.231203442944205e-09,(703.3762860832727+0j)
-22.279516029902677,75.47649662844827,0.16279208442979412,(-2971707.265747317+5221668.976542656j),75.47649662844827,0.16279208442979412,(-2971707.265747317-5221668.976542656j),75.48511330002415,0.15926962987085314,(5942711.155208546+0j),75.91920263091946,2.231203442944205e-09,(703.3762860832727+0j)
-22.26182107406977,75.46807468248863,0.16279208442979412,(-2971707.265747317+5221668.976542656j),75.46807468248863,0.16279208442979412,(-2971707.265747317-5221668.976542656j),75.47641419295435,0.15926962987085314,(5942711.155208546+0j),75.91920258245497,2.231203442944205e-09,(703.3762860832727+0j)
-22.24412611823686,75.45978925845722,0.16279208442979412,(-2971707.265747317+5221668.976542656j),75.45978925845722,0.16279208442979412,(-2971707.265747317-5221668.976542656j),75.46785603975333,0.15926962987085314,(5942711.155208546+0j),75.91920253234764,2.231203442944205e-09,(703.3762860832727+0j)
-22.22643116240395,75.45164044542749,0.16279208442979412,(-2971707.265747317+5221668.976542656j),75.45164044542749,0.16279208442979412,(-2971707.265747317-5221668.976542656j),75.4594389344211,0.15926962987085314,(5942711.155208546+0j),75.91920248051245,2.231203442944205e-09,(703.3762860832727+0j)
-22.208736206571047,75.44362833253071,0.16279208442979412,(-2971707.265747317+5221668.976542656j),75.44362833253071,0.16279208442979412,(-2971707.265747317-5221668.976542656j),75.45116297102001,0.15926962987085314,(5942711.155208546+0j),75.9192024268585,2.231203442944205e-09,(703.3762860832727+0j)
-22.191041250738138,75.43575300895603,0.16279208442979412,(-2971707.265747317+5221668.976542656j),75.43575300895603,0.16279208442979412,(-2971707.265747317-5221668.976542656j),75.44302824367492,0.15926962987085314,(5942711.155208546+0j),75.91920237128835,2.231203442944205e-09,(703.3762860832727+0j)
-22.17334629490523,75.42801456395061,0.16279208442979412,(-2971707.265747317+5221668.976542656j),75.42801456395061,0.16279208442979412,(-2971707.265747317-5221668.976542656j),75.43503484657315,0.15926962987085314,(5942711.155208546+0j),75.91920231369747,2.231203442944205e-09,(703.3762860832727+0j)
-22.15565133907232,75.42041308681955,0.16279208442979412,(-2971707.265747317+5221668.976542656j),75.42041308681955,0.16279208442979412,(-2971707.265747317-5221668.976542656j),75.42718287396464,0.15926962987085314,(5942711.155208546+0j),75.91920225397361,2.231203442944205e-09,(703.3762860832727+0j)
-22.137956383239413,75.41294866692601,0.16279208442979412,(-2971707.265747317+5221668.976542656j),75.41294866692601,0.16279208442979412,(-2971707.265747317-5221668.976542656j),75.41947242016187,0.15926962987085314,(5942711.155208546+0j),75.919202191996,2.231203442944205e-09,(703.3762860832727+0j)
-22.120261427406504,75.40562139369122,0.16279208442979412,(-2971707.265747317+5221668.976542656j),75.40562139369122,0.16279208442979412,(-2971707.265747317-5221668.976542656j),75.41190357953994,0.15926962987085314,(5942711.155208546+0j),75.91920212763466,2.231203442944205e-09,(703.3762860832727+0j)
-22.102566471573596,75.3984313565945,0.16279208442979412,(-2971707.265747317+5221668.976542656j),75.3984313565945,0.16279208442979412,(-2971707.265747317-5221668.976542656j),75.40447644653669,0.15926962987085314,(5942711.155208546+0j),75.91920206074936,2.231203442944205e-09,(703.3762860832727+0j)
-22.084871515740687,75.39137864517336,0.16279208442979412,(-2971707.265747317+5221668.976542656j),75.39137864517336,0.16279208442979412,(-2971707.265747317-5221668.976542656j),75.39719111565265,0.15926962987085314,(5942711.155208546+0j),75.91920199118866,2.231203442944205e-09,(703.3762860832727+0j)
-22.067176559907782,75.3844633490235,0.16279208442979412,(-2971707.265747317+5221668.976542656j),75.3844633490235,0.16279208442979412,(-2971707.265747317-5221668.976542656j),75.39004768145118,0.15926962987085314,(5942711.155208546+0j),75.91920191878874,2.231203442944205e-09,(703.3762860832727+0j)
-22.049481604074874,75.37768555779884,0.16279208442979412,(-2971707.265747317+5221668.976542656j),75.37768555779884,0.16279208442979412,(-2971707.265747317-5221668.976542656j),75.3830462385584,0.15926962987085314,(5942711.155208546+0j),75.91920184337219,2.231203442944205e-09,(703.3762860832727+0j)
-22.031786648241965,75.37104536121163,0.16279208442979412,(-2971707.265747317+5221668.976542656j),75.37104536121163,0.16279208442979412,(-2971707.265747317-5221668.976542656j),75.37618688166336,0.15926962987085314,(5942711.155208546+0j),75.91920176474643,2.231203442944205e-09,(703.3762860832727+0j)
-22.014091692409057,75.3645428490324,0.16279208442979412,(-2971707.265747317+5221668.976542656j),75.3645428490324,0.16279208442979412,(-2971707.265747317-5221668.976542656j),75.369469705518,0.15926962987085314,(5942711.155208546+0j),75.91920168270218,2.231203442944205e-09,(703.3762860832727+0j)
-21.99639673657615,75.35817811109006,0.16279208442979412,(-2971707.265747317+5221668.976542656j),75.35817811109006,0.16279208442979412,(-2971707.265747317-5221668.976542656j),75.36289480493723,0.15926962987085314,(5942711.155208546+0j),75.91920159701154,2.231203442944205e-09,(703.3762860832727+0j)
-21.97870178074324,75.3519512372719,0.16279208442979412,(-2971707.265747317+5221668.976542656j),75.3519512372719,0.16279208442979412,(-2971707.265747317-5221668.976542656j),75.35646227479896,0.15926962987085314,(5942711.155208546+0j),75.91920150742587,2.231203442944205e-09,(703.3762860832727+0j)
-21.96100682491033,75.34586231752377,0.16279208442979412,(-2971707.265747317+5221668.976542656j),75.34586231752377,0.16279208442979412,(-2971707.265747317-5221668.976542656j),75.35017221004418,0.15926962987085314,(5942711.155208546+0j),75.91920141367343,2.231203442944205e-09,(703.3762860832727+0j)
-21.943311869077423,75.33991144184989,0.16279208442979412,(-2971707.265747317+5221668.976542656j),75.33991144184989,0.16279208442979412,(-2971707.265747317-5221668.976542656j),75.34402470567697,0.15926962987085314,(5942711.155208546+0j),75.91920131545663,2.231203442944205e-09,(703.3762860832727+0j)
-21.925616913244518,75.33409870031309,0.16279208442979412,(-2971707.265747317+5221668.976542656j),75.33409870031309,0.16279208442979412,(-2971707.265747317-5221668.976542656j),75.33801985676457,0.15926962987085314,(5942711.155208546+0j),75.9192012124488,2.231203442944205e-09,(703.3762860832727+0j)
-21.90792195741161,75.32842418303474,0.16279208442979412,(-2971707.265747317+5221668.976542656j),75.32842418303474,0.16279208442979412,(-2971707.265747317-5221668.976542656j),75.33215775843739,0.15926962987085314,(5942711.155208546+0j),75.91920110429058,2.231203442944205e-09,(703.3762860832727+0j)
-21.8902270015787,75.32288798019485,0.16279208442979412,(-2971707.265747317+5221668.976542656j),75.32288798019485,0.16279208442979412,(-2971707.265747317-5221668.976542656j),75.32643850588912,0.15926962987085314,(5942711.155208546+0j),75.91920099058584,2.231203442944205e-09,(703.3762860832727+0j)
-21.872532045745793,75.3174901820321,0.16279208442979412,(-2971707.265747317+5221668.976542656j),75.3174901820321,0.16279208442979412,(-2971707.265747317-5221668.976542656j),75.32086219437673,0.15926962987085314,(5942711.155208546+0j),75.91920087089663,2.231203442944205e-09,(703.3762860832727+0j)
-21.85483708991288,75.31223087884383,0.16279208442979412,(-2971707.265747317+5221668.976542656j),75.31223087884383,0.16279208442979412,(-2971707.265747317-5221668.976542656j),75.31542891922052,0.15926962987085314,(5942711.155208546+0j),75.91920074473778,2.231203442944205e-09,(703.3762860832727+0j)
-21.837142134079972,75.30711016098621,0.16279208442979412,(-2971707.265747317+5221668.976542656j),75.30711016098621,0.16279208442979412,(-2971707.265747317-5221668.976542656j),75.31013877580416,0.15926962987085314,(5942711.155208546+0j),75.91920061157015,2.231203442944205e-09,(703.3762860832727+0j)
-21.819447178247064,75.30212811887412,0.16279208442979412,(-2971707.265747317+5221668.976542656j),75.30212811887412,0.16279208442979412,(-2971707.265747317-5221668.976542656j),75.3049918595748,0.15926962987085314,(5942711.155208546+0j),75.91920047079299,2.231203442944205e-09,(703.3762860832727+0j)
-21.80175222241416,75.29728484298133,0.16279208442979412,(-2971707.265747317+5221668.976542656j),75.29728484298133,0.16279208442979412,(-2971707.265747317-5221668.976542656j),75.29998826604302,0.15926962987085314,(5942711.155208546+0j),75.91920032173485,2.231203442944205e-09,(703.3762860832727+0j)
-21.78405726658125,75.29258042384045,0.16279208442979412,(-2971707.265747317+5221668.976542656j),75.29258042384045,0.16279208442979412,(-2971707.265747317-5221668.976542656j),75.29512809078292,0.15926962987085314,(5942711.155208546+0j),75.91920016364294,2.231203442944205e-09,(703.3762860832727+0j)
-21.76636231074834,75.28801495204301,0.16279208442979412,(-2971707.265747317+5221668.976542656j),75.28801495204301,0.16279208442979412,(-2971707.265747317-5221668.976542656j),75.29041142943224,0.15926962987085314,(5942711.155208546+0j),75.91919999567034,2.231203442944205e-09,(703.3762860832727+0j)
-21.748667354915433,75.28358851823954,0.16279208442979412,(-2971707.265747317+5221668.976542656j),75.28358851823954,0.16279208442979412,(-2971707.265747317-5221668.976542656j),75.28583837769224,0.15926962987085314,(5942711.155208546+0j),75.91919981686087,2.231203442944205e-09,(703.3762860832727+0j)
-21.730972399082525,75.2793012131395,0.16279208442979412,(-2971707.265747317+5221668.976542656j),75.2793012131395,0.16279208442979412,(-2971707.265747317-5221668.976542656j),75.28140903132793,0.15926962987085314,(5942711.155208546+0j),75.91919962613083,2.231203442944205e-09,(703.3762860832727+0j)
-21.713277443249616,75.2751531275115,0.16279208442979412,(-2971707.265747317+5221668.976542656j),75.2751531275115,0.16279208442979412,(-2971707.265747317-5221668.976542656j),75.277123486168,0.15926962987085314,(5942711.155208546+0j),75.91919942224712,2.231203442944205e-09,(703.3762860832727+0j)
-21.695582487416708,75.27114435218313,0.16279208442979412,(-2971707.265747317+5221668.976542656j),75.27114435218313,0.16279208442979412,(-2971707.265747317-5221668.976542656j),75.27298183810488,0.15926962987085314,(5942711.155208546+0j),75.91919920380035,2.231203442944205e-09,(703.3762860832727+0j)
-21.677887531583803,75.26727497804117,0.16279208442979412,(-2971707.265747317+5221668.976542656j),75.26727497804117,0.16279208442979412,(-2971707.265747317-5221668.976542656j),75.26898418309484,0.15926962987085314,(5942711.155208546+0j),75.91919896917246,2.231203442944205e-09,(703.3762860832727+0j)
-21.660192575750894,75.26354509603158,0.16279208442979412,(-2971707.265747317+5221668.976542656j),75.26354509603158,0.16279208442979412,(-2971707.265747317-5221668.976542656j),75.265130617158,0.15926962987085314,(5942711.155208546+0j),75.9191987164964,2.231203442944205e-09,(703.3762860832727+0j)
-21.642497619917986,75.25995479715951,0.16279208442979412,(-2971707.265747317+5221668.976542656j),75.25995479715951,0.16279208442979412,(-2971707.265747317-5221668.976542656j),75.26142123637834,0.15926962987085314,(5942711.155208546+0j),75.9191984436064,2.231203442944205e-09,(703.3762860832727+0j)
-21.624802664085077,75.25650417248937,0.16279208442979412,(-2971707.265747317+5221668.976542656j),75.25650417248937,0.16279208442979412,(-2971707.265747317-5221668.976542656j),75.25785613690385,0.15926962987085314,(5942711.155208546+0j),75.91919814797576,2.231203442944205e-09,(703.3762860832727+0j)
-21.60710770825217,75.25319331314489,0.16279208442979412,(-2971707.265747317+5221668.976542656j),75.25319331314489,0.16279208442979412,(-2971707.265747317-5221668.976542656j),75.25443541494646,0.15926962987085314,(5942711.155208546+0j),75.91919782663832,2.231203442944205e-09,(703.3762860832727+0j)
-21.58941275241926,75.25002231030913,0.16279208442979412,(-2971707.265747317+5221668.976542656j),75.25002231030913,0.16279208442979412,(-2971707.265747317-5221668.976542656j),75.25115916678219,0.15926962987085314,(5942711.155208546+0j),75.91919747608864,2.231203442944205e-09,(703.3762860832727+0j)
-21.571717796586352,75.2469912552246,0.16279208442979412,(-2971707.265747317+5221668.976542656j),75.2469912552246,0.16279208442979412,(-2971707.265747317-5221668.976542656j),75.24802748875112,0.15926962987085314,(5942711.155208546+0j),75.91919709215357,2.231203442944205e-09,(703.3762860832727+0j)
-21.554022840753444,75.24410023919313,0.16279208442979412,(-2971707.265747317+5221668.976542656j),75.24410023919313,0.16279208442979412,(-2971707.265747317-5221668.976542656j),75.24504047725749,0.15926962987085314,(5942711.155208546+0j),75.91919666982535,2.231203442944205e-09,(703.3762860832727+0j)
-21.53632788492054,75.2413493535761,0.16279208442979412,(-2971707.265747317+5221668.976542656j),75.2413493535761,0.16279208442979412,(-2971707.265747317-5221668.976542656j),75.2421982287697,0.15926962987085314,(5942711.155208546+0j),75.91919620304196,2.231203442944205e-09,(703.3762860832727+0j)
-21.51863292908763,75.23873868979437,0.16279208442979412,(-2971707.265747317+5221668.976542656j),75.23873868979437,0.16279208442979412,(-2971707.265747317-5221668.976542656j),75.23950083982037,0.15926962987085314,(5942711.155208546+0j),75.91919568439432,2.231203442944205e-09,(703.3762860832727+0j)
-21.50093797325472,75.23626833932842,0.16279208442979412,(-2971707.265747317+5221668.976542656j),75.23626833932842,0.16279208442979412,(-2971707.265747317-5221668.976542656j),75.23694840700647,0.15926962987085314,(5942711.155208546+0j),75.91919510472998,2.231203442944205e-09,(703.3762860832727+0j)
-21.483243017421813,75.23393839371828,0.16279208442979412,(-2971707.265747317+5221668.976542656j),75.23393839371828,0.16279208442979412,(-2971707.265747317-5221668.976542656j),75.23454102698922,0.15926962987085314,(5942711.155208546+0j),75.91919445260845,2.231203442944205e-09,(703.3762860832727+0j)
-21.465548061588905,75.23174894456362,0.16279208442979412,(-2971707.265747317+5221668.976542656j),75.23174894456362,0.16279208442979412,(-2971707.265747317-5221668.976542656j),75.23227879649426,0.15926962987085314,(5942711.155208546+0j),75.91919371353849,2.231203442944205e-09,(703.3762860832727+0j)
-21.447853105755996,75.22970008352384,0.16279208442979412,(-2971707.265747317+5221668.976542656j),75.22970008352384,0.16279208442979412,(-2971707.265747317-5221668.976542656j),75.23016181231164,0.15926962987085314,(5942711.155208546+0j),75.91919286888853,2.231203442944205e-09,(703.3762860832727+0j)
-21.430158149923088,75.22779190231805,0.16279208442979412,(-2971707.265747317+5221668.976542656j),75.22779190231805,0.16279208442979412,(-2971707.265747317-5221668.976542656j),75.22819017129588,0.15926962987085314,(5942711.155208546+0j),75.9191918942943,2.231203442944205e-09,(703.3762860832727+0j)
-21.41246319409018,75.22602449272513,0.16279208442979412,(-2971707.265747317+5221668.976542656j),75.22602449272513,0.16279208442979412,(-2971707.265747317-5221668.976542656j),75.22636397036601,0.15926962987085314,(5942711.155208546+0j),75.91919075727027,2.231203442944205e-09,(703.3762860832727+0j)
-21.39476823825727,75.2243979465838,0.16279208442979412,(-2971707.265747317+5221668.976542656j),75.2243979465838,0.16279208442979412,(-2971707.265747317-5221668.976542656j),75.22468330650565,0.15926962987085314,(5942711.155208546+0j),75.91918941351815,2.231203442944205e-09,(703.3762860832727+0j)
-21.377073282424362,75.22291235579263,0.16279208442979412,(-2971707.265747317+5221668.976542656j),75.22291235579263,0.16279208442979412,(-2971707.265747317-5221668.976542656j),75.22314827676303,0.15926962987085314,(5942711.155208546+0j),75.91918780102068,2.231203442944205e-09,(703.3762860832727+0j)
-21.359378326591454,75.22156781231011,0.16279208442979412,(-2971707.265747317+5221668.976542656j),75.22156781231011,0.16279208442979412,(-2971707.265747317-5221668.976542656j),75.221758978251,0.15926962987085314,(5942711.155208546+0j),75.91918583019797,2.231203442944205e-09,(703.3762860832727+0j)
-21.341683370758545,75.22036440815465,0.16279208442979412,(-2971707.265747317+5221668.976542656j),75.22036440815465,0.16279208442979412,(-2971707.265747317-5221668.976542656j),75.22051550814717,0.15926962987085314,(5942711.155208546+0j),75.91918336668127,2.231203442944205e-09,(703.3762860832727+0j)
-21.323988414925637,75.21930223540467,0.16279208442979412,(-2971707.265747317+5221668.976542656j),75.21930223540467,0.16279208442979412,(-2971707.265747317-5221668.976542656j),75.21941796369389,0.15926962987085314,(5942711.155208546+0j),75.91918019932163,2.231203442944205e-09,(703.3762860832727+0j)
-21.30629345909273,75.21838138619864,0.16279208442979412,(-2971707.265747317+5221668.976542656j),75.21838138619864,0.16279208442979412,(-2971707.265747317-5221668.976542656j),75.21846644219829,0.15926962987085314,(5942711.155208546+0j),75.91917597620873,2.231203442944205e-09,(703.3762860832727+0j)
-21.28859850325982,75.21760195273511,0.16279208442979412,(-2971707.265747317+5221668.976542656j),75.21760195273511,0.16279208442979412,(-2971707.265747317-5221668.976542656j),75.21766104103239,0.15926962987085314,(5942711.155208546+0j),75.91917006391459,2.231203442944205e-09,(703.3762860832727+0j)
-21.270903547426915,75.21696402727268,0.16279208442979412,(-2971707.265747317+5221668.976542656j),75.21696402727268,0.16279208442979412,(-2971707.265747317-5221668.976542656j),75.21700185763312,0.15926962987085314,(5942711.155208546+0j),75.91916119561313,2.231203442944205e-09,(703.3762860832727+0j)
-21.253208591594007,75.21646770213025,0.16279208442979412,(-2971707.265747317+5221668.976542656j),75.21646770213025,0.16279208442979412,(-2971707.265747317-5221668.976542656j),75.21648898950231,0.15926962987085314,(5942711.155208546+0j),75.91914641548344,2.231203442944205e-09,(703.3762860832727+0j)
-21.235513635761098,75.21611306968684,0.16279208442979412,(-2971707.265747317+5221668.976542656j),75.21611306968684,0.16279208442979412,(-2971707.265747317-5221668.976542656j),75.2161225342068,0.15926962987085314,(5942711.155208546+0j),75.91911685662168,2.231203442944205e-09,(703.3762860832727+0j)
-21.21781867992819,75.2159002223817,0.16279208442979412,(-2971707.265747317+5221668.976542656j),75.2159002223817,0.16279208442979412,(-2971707.265747317-5221668.976542656j),75.21590258937853,0.15926962987085314,(5942711.155208546+0j),75.91902819121623,2.231203442944205e-09,(703.3762860832727+0j)
-21.20012372409528,75.21582925271449,0.16279208442979412,(-2971707.265747317+5221668.976542656j),75.21582925271449,0.16279208442979412,(-2971707.265747317-5221668.976542656j),75.21582925271449,0.15926962987085314,(5942711.155208546+0j),75.21582925271449,2.231203442944205e-09,(703.3762860832727+0j)
-21.20012372409528,71.12464229702344,0.020182958500633466,(-965935.9867498575+1882088.4192154866j),71.12464229702344,0.020182958500633466,(-965935.9867498575-1882088.4192154866j),75.21582925271447,0.01652590895487067,(1914259.5148481145+0j),75.2158292527145,1.3989548555870386e-06,(17612.458651599005+0j)
-21.182428768262373,70.87478798904422,0.020182958500633466,(-965935.9867498575+1882088.4192154866j),70.87478798904422,0.020182958500633466,(-965935.9867498575-1882088.4192154866j),74.89579533698576,0.01652590895487067,(1914259.5148481145+0j),75.21554290245443,1.3989548555870386e-06,(17612.458651599005+0j)
-21.164733812429464,70.62687052933592,0.020182958500633466,(-965935.9867498575+1882088.4192154866j),70.62687052933592,0.020182958500633466,(-965935.9867498575-1882088.4192154866j),74.57808821932615,0.01652590895487067,(1914259.5148481145+0j),75.2152506552776,1.3989548555870386e-06,(17612.458651599005+0j)
-21.14703885659656,70.38090029961126,0.020182958500633466,(-965935.9867498575+1882088.4192154866j),70.38090029961126,0.020182958500633466,(-965935.9867498575-1882088.4192154866j),74.26272327156742,0.01652590895487067,(1914259.5148481145+0j),75.21495232713282,1.3989548555870386e-06,(17612.458651599005+0j)
-21.12934390076365,70.1368877336035,0.020182958500633466,(-965935.9867498575+1882088.4192154866j),70.1368877336035,0.020182958500633466,(-965935.9867498575-1882088.4192154866j),73.94971595874276,0.01652590895487067,(1914259.5148481145+0j),75.2146477262291,1.3989548555870386e-06,(17612.458651599005+0j)
-21.111648944930742,69.89484331735194,0.020182958500633466,(-965935.9867498575+1882088.4192154866j),69.89484331735194,0.020182958500633466,(-965935.9867498575-1882088.4192154866j),73.63908183970285,0.01652590895487067,(1914259.5148481145+0j),75.21433665262437,1.3989548555870386e-06,(17612.458651599005+0j)
-21.093953989097834,69.65477758948876,0.020182958500633466,(-965935.9867498575+1882088.4192154866j),69.65477758948876,0.020182958500633466,(-965935.9867498575-1882088.4192154866j),73.33083656773664,0.01652590895487067,(1914259.5148481145+0j),75.21401889778785,1.3989548555870386e-06,(17612.458651599005+0j)
-21.076259033264922,69.41670114152798,0.020182958500633466,(-965935.9867498575+1882088.4192154866j),69.41670114152798,0.020182958500633466,(-965935.9867498575-1882088.4192154866j),73.02499589119665,0.01652590895487067,(1914259.5148481145+0j),75.21369424413398,1.3989548555870386e-06,(17612.458651599005+0j)
-21.058564077432013,69.18062461815602,0.020182958500633466,(-965935.9867498575+1882088.4192154866j),69.18062461815602,0.020182958500633466,(-965935.9867498575-1882088.4192154866j),72.72157565412893,0.01652590895487067,(1914259.5148481145+0j),75.21336246452535,1.3989548555870386e-06,(17612.458651599005+0j)
-21.040869121599105,68.94655871752406,0.020182958500633466,(-965935.9867498575+1882088.4192154866j),68.94655871752406,0.020182958500633466,(-965935.9867498575-1882088.4192154866j),72.42059179690763,0.01652590895487067,(1914259.5148481145+0j),75.21302332174288,1.3989548555870386e-06,(17612.458651599005+0j)
-21.023174165766196,68.71451419154221,0.020182958500633466,(-965935.9867498575+1882088.4192154866j),68.71451419154221,0.020182958500633466,(-965935.9867498575-1882088.4192154866j),72.12206035687433,0.01652590895487067,(1914259.5148481145+0j),75.2126765679202,1.3989548555870386e-06,(17612.458651599005+0j)
-21.00547920993329,68.48450184617558,0.020182958500633466,(-965935.9867498575+1882088.4192154866j),68.48450184617558,0.020182958500633466,(-965935.9867498575-1882088.4192154866j),71.82599746898212,0.01652590895487067,(1914259.5148481145+0j),75.21232194393939,1.3989548555870386e-06,(17612.458651599005+0j)
-20.987784254100383,68.256532541742,0.020182958500633466,(-965935.9867498575+1882088.4192154866j),68.256532541742,0.020182958500633466,(-965935.9867498575-1882088.4192154866j),71.53241936644446,0.01652590895487067,(1914259.5148481145+0j),75.21195917878535,1.3989548555870386e-06,(17612.458651599005+0j)
-20.970089298267474,68.03061719321174,0.020182958500633466,(-965935.9867498575+1882088.4192154866j),68.03061719321174,0.020182958500633466,(-965935.9867498575-1882088.4192154866j),71.24134238138873,0.01652590895487067,(1914259.5148481145+0j),75.21158798885496,1.3989548555870386e-06,(17612.458651599005+0j)
-20.952394342434566,67.80676677050894,0.020182958500633466,(-965935.9867498575+1882088.4192154866j),67.80676677050894,0.020182958500633466,(-965935.9867498575-1882088.4192154866j),70.9527829455149,0.01652590895487067,(1914259.5148481145+0j),75.2112080772177,1.3989548555870386e-06,(17612.458651599005+0j)
-20.934699386601658,67.58499229881507,0.020182958500633466,(-965935.9867498575+1882088.4192154866j),67.58499229881507,0.020182958500633466,(-965935.9867498575-1882088.4192154866j),70.66675759075888,0.01652590895487067,(1914259.5148481145+0j),75.21081913282345,1.3989548555870386e-06,(17612.458651599005+0j)
-20.91700443076875,67.36530485887408,0.020182958500633466,(-965935.9867498575+1882088.4192154866j),67.36530485887408,0.020182958500633466,(-965935.9867498575-1882088.4192154866j),70.38328294996086,0.01652590895487067,(1914259.5148481145+0j),75.2104208296531,1.3989548555870386e-06,(17612.458651599005+0j)
-20.89930947493584,67.14771558729963,0.020182958500633466,(-965935.9867498575+1882088.4192154866j),67.14771558729963,0.020182958500633466,(-965935.9867498575-1882088.4192154866j),70.10237575753877,0.01652590895487067,(1914259.5148481145+0j),75.2100128258072,1.3989548555870386e-06,(17612.458651599005+0j)
-20.881614519102936,66.93223567688398,0.020182958500633466,(-965935.9867498575+1882088.4192154866j),66.93223567688398,0.020182958500633466,(-965935.9867498575-1882088.4192154866j),69.82405285016658,0.01652590895487067,(1914259.5148481145+0j),75.20959476252702,1.3989548555870386e-06,(17612.458651599005+0j)
-20.863919563270024,66.71887637690911,0.020182958500633466,(-965935.9867498575+1882088.4192154866j),66.71887637690911,0.020182958500633466,(-965935.9867498575-1882088.4192154866j),69.54833116745779,0.01652590895487067,(1914259.5148481145+0j),75.20916626314252,1.3989548555870386e-06,(17612.458651599005+0j)
-20.846224607437115,66.5076489934594,0.020182958500633466,(-965935.9867498575+1882088.4192154866j),66.5076489934594,0.020182958500633466,(-965935.9867498575-1882088.4192154866j),69.27522775265396,0.01652590895487067,(1914259.5148481145+0j),75.20872693194036,1.3989548555870386e-06,(17612.458651599005+0j)
-20.828529651604207,66.29856488973661,0.020182958500633466,(-965935.9867498575+1882088.4192154866j),66.29856488973661,0.020182958500633466,(-965935.9867498575-1882088.4192154866j),69.0047597533185,0.01652590895487067,(1914259.5148481145+0j),75.208276352945,1.3989548555870386e-06,(17612.458651599005+0j)
-20.810834695771298,66.09163548637653,0.020182958500633466,(-965935.9867498575+1882088.4192154866j),66.09163548637653,0.020182958500633466,(-965935.9867498575-1882088.4192154866j),68.73694442203548,0.01652590895487067,(1914259.5148481145+0j),75.20781408860508,1.3989548555870386e-06,(17612.458651599005+0j)
-20.79313973993839,65.88687226176779,0.020182958500633466,(-965935.9867498575+1882088.4192154866j),65.88687226176779,0.020182958500633466,(-965935.9867498575-1882088.4192154866j),68.4717991171139,0.01652590895487067,(1914259.5148481145+0j),75.20733967837613,1.3989548555870386e-06,(17612.458651599005+0j)
-20.77544478410548,65.68428675237253,0.020182958500633466,(-965935.9867498575+1882088.4192154866j),65.68428675237253,0.020182958500633466,(-965935.9867498575-1882088.4192154866j),68.209341303297,0.01652590895487067,(1914259.5148481145+0j),75.20685263719007,1.3989548555870386e-06,(17612.458651599005+0j)
-20.757749828272573,65.48389055304916,0.020182958500633466,(-965935.9867498575+1882088.4192154866j),65.48389055304916,0.020182958500633466,(-965935.9867498575-1882088.4192154866j),67.94958855247717,0.01652590895487067,(1914259.5148481145+0j),75.20635245380096,1.3989548555870386e-06,(17612.458651599005+0j)
-20.740054872439668,65.28569531737702,0.020182958500633466,(-965935.9867498575+1882088.4192154866j),65.28569531737702,0.020182958500633466,(-965935.9867498575-1882088.4192154866j),67.69255854441596,0.01652590895487067,(1914259.5148481145+0j),75.20583858899485,1.3989548555870386e-06,(17612.458651599005+0j)
-20.72235991660676,65.08971275798316,0.020182958500633466,(-965935.9867498575+1882088.4192154866j),65.08971275798316,0.020182958500633466,(-965935.9867498575-1882088.4192154866j),67.43826906746972,0.01652590895487067,(1914259.5148481145+0j),75.20531047365075,1.3989548555870386e-06,(17612.458651599005+0j)
-20.70466496077385,64.89595464687116,0.020182958500633466,(-965935.9867498575+1882088.4192154866j),64.89595464687116,0.020182958500633466,(-965935.9867498575-1882088.4192154866j),67.1867380193206,0.01652590895487067,(1914259.5148481145+0j),75.20476750663804,1.3989548555870386e-06,(17612.458651599005+0j)
-20.686970004940942,64.70443281575187,0.020182958500633466,(-965935.9867498575+1882088.4192154866j),64.70443281575187,0.020182958500633466,(-965935.9867498575-1882088.4192154866j),66.93798340771306,0.01652590895487067,(1914259.5148481145+0j),75.2042090525339,1.3989548555870386e-06,(17612.458651599005+0j)
-20.669275049108034,64.5151591563764,0.020182958500633466,(-965935.9867498575+1882088.4192154866j),64.5151591563764,0.020182958500633466,(-965935.9867498575-1882088.4192154866j),66.692023351196,0.01652590895487067,(1914259.5148481145+0j),75.20363443914272,1.3989548555870386e-06,(17612.458651599005+0j)
-20.651580093275125,64.32814562087106,0.020182958500633466,(-965935.9867498575+1882088.4192154866j),64.32814562087106,0.020182958500633466,(-965935.9867498575-1882088.4192154866j),66.4488760798704,0.01652590895487067,(1914259.5148481145+0j),75.20304295479681,1.3989548555870386e-06,(17612.458651599005+0j)
-20.633885137442213,64.14340422207442,0.020182958500633466,(-965935.9867498575+1882088.4192154866j),64.14340422207442,0.020182958500633466,(-965935.9867498575-1882088.4192154866j),66.20855993614273,0.01652590895487067,(1914259.5148481145+0j),75.20243384541605,1.3989548555870386e-06,(17612.458651599005+0j)
-20.61619018160931,63.960947033876565,0.020182958500633466,(-965935.9867498575+1882088.4192154866j),63.960947033876565,0.020182958500633466,(-965935.9867498575-1882088.4192154866j),65.9710933754839,0.01652590895487067,(1914259.5148481145+0j),75.2018063113005,1.3989548555870386e-06,(17612.458651599005+0j)
-20.5984952257764,63.780786191560324,0.020182958500633466,(-965935.9867498575+1882088.4192154866j),63.780786191560324,0.020182958500633466,(-965935.9867498575-1882088.4192154866j),65.73649496719416,0.01652590895487067,(1914259.5148481145+0j),75.20115950362768,1.3989548555870386e-06,(17612.458651599005+0j)
-20.58080026994349,63.60293389214473,0.020182958500633466,(-965935.9867498575+1882088.4192154866j),63.60293389214473,0.020182958500633466,(-965935.9867498575-1882088.4192154866j),65.50478339517356,0.01652590895487067,(1914259.5148481145+0j),75.20049252062188,1.3989548555870386e-06,(17612.458651599005+0j)
-20.563105314110583,63.427402394730706,0.020182958500633466,(-965935.9867498575+1882088.4192154866j),63.427402394730706,0.020182958500633466,(-965935.9867498575-1882088.4192154866j),65.27597745869849,0.01652590895487067,(1914259.5148481145+0j),75.19980440335947,1.3989548555870386e-06,(17612.458651599005+0j)
-20.545410358277675,63.25420402084872,0.020182958500633466,(-965935.9867498575+1882088.4192154866j),63.25420402084872,0.020182958500633466,(-965935.9867498575-1882088.4192154866j),65.0500960732039,0.01652590895487067,(1914259.5148481145+0j),75.19909413116902,1.3989548555870386e-06,(17612.458651599005+0j)
-20.527715402444766,63.08335115480882,0.020182958500633466,(-965935.9867498575+1882088.4192154866j),63.08335115480882,0.020182958500633466,(-965935.9867498575-1882088.4192154866j),64.82715827107165,0.01652590895487067,(1914259.5148481145+0j),75.19836061657986,1.3989548555870386e-06,(17612.458651599005+0j)
-20.510020446611858,62.91485624405278,0.020182958500633466,(-965935.9867498575+1882088.4192154866j),62.91485624405278,0.020182958500633466,(-965935.9867498575-1882088.4192154866j),64.60718320242471,0.01652590895487067,(1914259.5148481145+0j),75.19760269976638,1.3989548555870386e-06,(17612.458651599005+0j)
-20.492325490778953,62.748731799508434,0.020182958500633466,(-965935.9867498575+1882088.4192154866j),62.748731799508434,0.020182958500633466,(-965935.9867498575-1882088.4192154866j),64.39019013592745,0.01652590895487067,(1914259.5148481145+0j),75.19681914242865,1.3989548555870386e-06,(17612.458651599005+0j)
-20.474630534946044,62.58499039594635,0.020182958500633466,(-965935.9867498575+1882088.4192154866j),62.58499039594635,0.020182958500633466,(-965935.9867498575-1882088.4192154866j),64.17619845959213,0.01652590895487067,(1914259.5148481145+0j),75.1960086210412,1.3989548555870386e-06,(17612.458651599005+0j)
-20.456935579113136,62.423644672338604,0.020182958500633466,(-965935.9867498575+1882088.4192154866j),62.423644672338604,0.020182958500633466,(-965935.9867498575-1882088.4192154866j),63.96522768159133,0.01652590895487067,(1914259.5148481145+0j),75.19516971939264,1.3989548555870386e-06,(17612.458651599005+0j)
-20.439240623280227,62.264707332219935,0.020182958500633466,(-965935.9867498575+1882088.4192154866j),62.264707332219935,0.020182958500633466,(-965935.9867498575-1882088.4192154866j),63.757297431076786,0.01652590895487067,(1914259.5148481145+0j),75.19430092032759,1.3989548555870386e-06,(17612.458651599005+0j)
-20.421545667447315,62.10819114405115,0.020182958500633466,(-965935.9867498575+1882088.4192154866j),62.10819114405115,0.020182958500633466,(-965935.9867498575-1882088.4192154866j),63.552427459004385,0.01652590895487067,(1914259.5148481145+0j),75.19340059658981,1.3989548555870386e-06,(17612.458651599005+0j)
-20.403850711614407,61.95410894158474,0.020182958500633466,(-965935.9867498575+1882088.4192154866j),61.95410894158474,0.020182958500633466,(-965935.9867498575-1882088.4192154866j),63.3506376389654,0.01652590895487067,(1914259.5148481145+0j),75.19246700065001,1.3989548555870386e-06,(17612.458651599005+0j)
-20.3861557557815,61.80247362423299,0.020182958500633466,(-965935.9867498575+1882088.4192154866j),61.80247362423299,0.020182958500633466,(-965935.9867498575-1882088.4192154866j),63.151947968024274,0.01652590895487067,(1914259.5148481145+0j),75.19149825338464,1.3989548555870386e-06,(17612.458651599005+0j)
-20.36846079994859,61.653298157438186,0.020182958500633466,(-965935.9867498575+1882088.4192154866j),61.653298157438186,0.020182958500633466,(-965935.9867498575-1882088.4192154866j),62.956378567562616,0.01652590895487067,(1914259.5148481145+0j),75.19049233145155,1.3989548555870386e-06,(17612.458651599005+0j)
-20.350765844115685,61.50659557304537,0.020182958500633466,(-965935.9867498575+1882088.4192154866j),61.50659557304537,0.020182958500633466,(-965935.9867498575-1882088.4192154866j),62.763949684129805,0.01652590895487067,(1914259.5148481145+0j),75.18944705318366,1.3989548555870386e-06,(17612.458651599005+0j)
-20.333070888282776,61.362378969677295,0.020182958500633466,(-965935.9867498575+1882088.4192154866j),61.362378969677295,0.020182958500633466,(-965935.9867498575-1882088.4192154866j),62.57468169030008,0.01652590895487067,(1914259.5148481145+0j),75.18836006279402,1.3989548555870386e-06,(17612.458651599005+0j)
-20.315375932449868,61.22066151311192,0.020182958500633466,(-965935.9867498575+1882088.4192154866j),61.22066151311192,0.020182958500633466,(-965935.9867498575-1882088.4192154866j),62.388595085536174,0.01652590895487067,(1914259.5148481145+0j),75.18722881265147,1.3989548555870386e-06,(17612.458651599005+0j)
-20.29768097661696,61.081456436662116,0.020182958500633466,(-965935.9867498575+1882088.4192154866j),61.081456436662116,0.020182958500633466,(-965935.9867498575-1882088.4192154866j),62.20571049705965,0.01652590895487067,(1914259.5148481145+0j),75.18605054334618,1.3989548555870386e-06,(17612.458651599005+0j)
-20.27998602078405,60.944777041557934,0.020182958500633466,(-965935.9867498575+1882088.4192154866j),60.944777041557934,0.020182958500633466,(-965935.9867498575-1882088.4192154866j),62.026048680727904,0.01652590895487067,(1914259.5148481145+0j),75.18482226121672,1.3989548555870386e-06,(17612.458651599005+0j)
-20.262291064951143,60.810636697331226,0.020182958500633466,(-965935.9867498575+1882088.4192154866j),60.810636697331226,0.020182958500633466,(-965935.9867498575-1882088.4192154866j),61.84963052191789,0.01652590895487067,(1914259.5148481145+0j),75.18354071295363,1.3989548555870386e-06,(17612.458651599005+0j)
-20.244596109118234,60.67904884220272,0.020182958500633466,(-965935.9867498575+1882088.4192154866j),60.67904884220272,0.020182958500633466,(-965935.9867498575-1882088.4192154866j),61.67647703641673,0.01652590895487067,(1914259.5148481145+0j),75.18220235682553,1.3989548555870386e-06,(17612.458651599005+0j)
-20.22690115328533,60.550026983471575,0.020182958500633466,(-965935.9867498575+1882088.4192154866j),60.550026983471575,0.020182958500633466,(-965935.9867498575-1882088.4192154866j),61.506609371319115,0.01652590895487067,(1914259.5148481145+0j),75.18080332999214,1.3989548555870386e-06,(17612.458651599005+0j)
-20.209206197452417,60.42358469790741,0.020182958500633466,(-965935.9867498575+1882088.4192154866j),60.42358469790741,0.020182958500633466,(-965935.9867498575-1882088.4192154866j),61.3400488059317,0.01652590895487067,(1914259.5148481145+0j),75.17933941126897,1.3989548555870386e-06,(17612.458651599005+0j)
-20.19151124161951,60.2997356321448,0.020182958500633466,(-965935.9867498575+1882088.4192154866j),60.2997356321448,0.020182958500633466,(-965935.9867498575-1882088.4192154866j),61.17681675268445,0.01652590895487067,(1914259.5148481145+0j),75.17780597858753,1.3989548555870386e-06,(17612.458651599005+0j)
-20.1738162857866,60.17849350308038,0.020182958500633466,(-965935.9867498575+1882088.4192154866j),60.17849350308038,0.020182958500633466,(-965935.9867498575-1882088.4192154866j),61.016934758049075,0.01652590895487067,(1914259.5148481145+0j),75.17619796024836,1.3989548555870386e-06,(17612.458651599005+0j)
-20.15612132995369,60.05987209827233,0.020182958500633466,(-965935.9867498575+1882088.4192154866j),60.05987209827233,0.020182958500633466,(-965935.9867498575-1882088.4192154866j),60.860424503464486,0.01652590895487067,(1914259.5148481145+0j),75.17450977888359,1.3989548555870386e-06,(17612.458651599005+0j)
-20.138426374120783,59.94388527634257,0.020182958500633466,(-965935.9867498575+1882088.4192154866j),59.94388527634257,0.020182958500633466,(-965935.9867498575-1882088.4192154866j),60.707307806269554,0.01652590895487067,(1914259.5148481145+0j),75.17273528682456,1.3989548555870386e-06,(17612.458651599005+0j)
-20.120731418287875,59.83054696738141,0.020182958500633466,(-965935.9867498575+1882088.4192154866j),59.83054696738141,0.020182958500633466,(-965935.9867498575-1882088.4192154866j),60.55760662064302,0.01652590895487067,(1914259.5148481145+0j),75.17086769129617,1.3989548555870386e-06,(17612.458651599005+0j)
-20.103036462454966,59.719871173354846,0.020182958500633466,(-965935.9867498575+1882088.4192154866j),59.719871173354846,0.020182958500633466,(-965935.9867498575-1882088.4192154866j),60.41134303855071,0.01652590895487067,(1914259.5148481145+0j),75.16889946751935,1.3989548555870386e-06,(17612.458651599005+0j)
-20.08534150662206,59.611871968514485,0.020182958500633466,(-965935.9867498575+1882088.4192154866j),59.611871968514485,0.020182958500633466,(-965935.9867498575-1882088.4192154866j),60.26853929070011,0.01652590895487067,(1914259.5148481145+0j),75.16682225737841,1.3989548555870386e-06,(17612.458651599005+0j)
-20.067646550789153,59.50656349980999,0.020182958500633466,(-965935.9867498575+1882088.4192154866j),59.50656349980999,0.020182958500633466,(-965935.9867498575-1882088.4192154866j),60.12921774750244,0.01652590895487067,(1914259.5148481145+0j),75.16462675077578,1.3989548555870386e-06,(17612.458651599005+0j)
-20.049951594956244,59.403959987304304,0.020182958500633466,(-965935.9867498575+1882088.4192154866j),59.403959987304304,0.020182958500633466,(-965935.9867498575-1882088.4192154866j),59.99340092004207,0.01652590895487067,(1914259.5148481145+0j),75.16230254612235,1.3989548555870386e-06,(17612.458651599005+0j)
-20.032256639123336,59.30407572459143,0.020182958500633466,(-965935.9867498575+1882088.4192154866j),59.30407572459143,0.020182958500633466,(-965935.9867498575-1882088.4192154866j),59.86111146105365,0.01652590895487067,(1914259.5148481145+0j),75.15983798555335,1.3989548555870386e-06,(17612.458651599005+0j)
-20.014561683290427,59.20692507921696,0.020182958500633466,(-965935.9867498575+1882088.4192154866j),59.20692507921696,0.020182958500633466,(-965935.9867498575-1882088.4192154866j),59.73237216590677,0.01652590895487067,(1914259.5148481145+0j),75.15721995936191,1.3989548555870386e-06,(17612.458651599005+0j)
-19.99686672745752,59.11252249310126,0.020182958500633466,(-965935.9867498575+1882088.4192154866j),59.11252249310126,0.020182958500633466,(-965935.9867498575-1882088.4192154866j),59.6072059735983,0.01652590895487067,(1914259.5148481145+0j),75.1544336727253,1.3989548555870386e-06,(17612.458651599005+0j)
-19.979171771624607,59.02088248296542,0.020182958500633466,(-965935.9867498575+1882088.4192154866j),59.02088248296542,0.020182958500633466,(-965935.9867498575-1882088.4192154866j),59.48563596775256,0.01652590895487067,(1914259.5148481145+0j),75.15146236596092,1.3989548555870386e-06,(17612.458651599005+0j)
-19.961476815791702,58.932019640759925,0.020182958500633466,(-965935.9867498575+1882088.4192154866j),58.932019640759925,0.020182958500633466,(-965935.9867498575-1882088.4192154866j),59.367685377629215,0.01652590895487067,(1914259.5148481145+0j),75.14828697714043,1.3989548555870386e-06,(17612.458651599005+0j)
-19.943781859958793,58.845948634096075,0.020182958500633466,(-965935.9867498575+1882088.4192154866j),58.845948634096075,0.020182958500633466,(-965935.9867498575-1882088.4192154866j),59.25337757913918,0.01652590895487067,(1914259.5148481145+0j),75.14488573271295,1.3989548555870386e-06,(17612.458651599005+0j)
-19.926086904125885,58.76268420668015,0.020182958500633466,(-965935.9867498575+1882088.4192154866j),58.76268420668015,0.020182958500633466,(-965935.9867498575-1882088.4192154866j),59.14273609586836,0.01652590895487067,(1914259.5148481145+0j),75.14123364755439,1.3989548555870386e-06,(17612.458651599005+0j)
-19.908391948292977,58.68224117875051,0.020182958500633466,(-965935.9867498575+1882088.4192154866j),58.68224117875051,0.020182958500633466,(-965935.9867498575-1882088.4192154866j),59.03578460010948,0.01652590895487067,(1914259.5148481145+0j),75.13730191016937,1.3989548555870386e-06,(17612.458651599005+0j)
-19.890696992460068,58.60463444751737,0.020182958500633466,(-965935.9867498575+1882088.4192154866j),58.60463444751737,0.020182958500633466,(-965935.9867498575-1882088.4192154866j),58.93254691390207,0.01652590895487067,(1914259.5148481145+0j),75.13305712104031,1.3989548555870386e-06,(17612.458651599005+0j)
-19.87300203662716,58.52987898760546,0.020182958500633466,(-965935.9867498575+1882088.4192154866j),58.52987898760546,0.020182958500633466,(-965935.9867498575-1882088.4192154866j),58.83304701008051,0.01652590895487067,(1914259.5148481145+0j),75.12846034150347,1.3989548555870386e-06,(17612.458651599005+0j)
-19.85530708079425,58.4579898514996,0.020182958500633466,(-965935.9867498575+1882088.4192154866j),58.4579898514996,0.020182958500633466,(-965935.9867498575-1882088.4192154866j),58.7373090133304,0.01652590895487067,(1914259.5148481145+0j),75.1234658957827,1.3989548555870386e-06,(17612.458651599005+0j)
-19.837612124961343,58.388982169993085,0.020182958500633466,(-965935.9867498575+1882088.4192154866j),58.388982169993085,0.020182958500633466,(-965935.9867498575-1882088.4192154866j),58.645357201253255,0.01652590895487067,(1914259.5148481145+0j),75.11801984806371,1.3989548555870386e-06,(17612.458651599005+0j)
-19.819917169128438,58.32287115263902,0.020182958500633466,(-965935.9867498575+1882088.4192154866j),58.32287115263902,0.020182958500633466,(-965935.9867498575-1882088.4192154866j),58.55721600543947,0.01652590895487067,(1914259.5148481145+0j),75.11205804689924,1.3989548555870386e-06,(17612.458651599005+0j)
-19.80222221329553,58.25967208820455,0.020182958500633466,(-965935.9867498575+1882088.4192154866j),58.25967208820455,0.020182958500633466,(-965935.9867498575-1882088.4192154866j),58.472910012549946,0.01652590895487067,(1914259.5148481145+0j),75.10550358640828,1.3989548555870386e-06,(17612.458651599005+0j)
-19.78452725746262,58.1994003451281,0.020182958500633466,(-965935.9867498575+1882088.4192154866j),58.1994003451281,0.020182958500633466,(-965935.9867498575-1882088.4192154866j),58.39246396540607,0.01652590895487067,(1914259.5148481145+0j),75.09826347074242,1.3989548555870386e-06,(17612.458651599005+0j)
-19.76683230162971,58.14207137197942,0.020182958500633466,(-965935.9867498575+1882088.4192154866j),58.14207137197942,0.020182958500633466,(-965935.9867498575-1882088.4192154866j),58.31590276408843,0.01652590895487067,(1914259.5148481145+0j),75.09022417401766,1.3989548555870386e-06,(17612.458651599005+0j)
-19.7491373457968,58.08770069792285,0.020182958500633466,(-965935.9867498575+1882088.4192154866j),58.08770069792285,0.020182958500633466,(-965935.9867498575-1882088.4192154866j),58.24325146704415,0.01652590895487067,(1914259.5148481145+0j),75.08124564406967,1.3989548555870386e-06,(17612.458651599005+0j)
-19.73144238996389,58.0363039331834,0.020182958500633466,(-965935.9867498575+1882088.4192154866j),58.0363039331834,0.020182958500633466,(-965935.9867498575-1882088.4192154866j),58.17453529220306,0.01652590895487067,(1914259.5148481145+0j),75.07115307424239,1.3989548555870386e-06,(17612.458651599005+0j)
-19.713747434130983,57.98789676951599,0.020182958500633466,(-965935.9867498575+1882088.4192154866j),57.98789676951599,0.020182958500633466,(-965935.9867498575-1882088.4192154866j),58.10977961810261,0.01652590895487067,(1914259.5148481145+0j),75.05972540984337,1.3989548555870386e-06,(17612.458651599005+0j)
-19.69605247829808,57.94249498067763,0.020182958500633466,(-965935.9867498575+1882088.4192154866j),57.94249498067763,0.020182958500633466,(-965935.9867498575-1882088.4192154866j),58.04900998502183,0.01652590895487067,(1914259.5148481145+0j),75.04667897039656,1.3989548555870386e-06,(17612.458651599005+0j)
-19.67835752246517,57.90011442290278,0.020182958500633466,(-965935.9867498575+1882088.4192154866j),57.90011442290278,0.020182958500633466,(-965935.9867498575-1882088.4192154866j),57.99225209612421,0.01652590895487067,(1914259.5148481145+0j),75.0316435816684,1.3989548555870386e-06,(17612.458651599005+0j)
-19.66066256663226,57.86077103538179,0.020182958500633466,(-965935.9867498575+1882088.4192154866j),57.86077103538179,0.020182958500633466,(-965935.9867498575-1882088.4192154866j),57.939531818609694,0.01652590895487067,(1914259.5148481145+0j),75.01412689122324,1.3989548555870386e-06,(17612.458651599005+0j)
-19.642967610799353,57.82448084074235,0.020182958500633466,(-965935.9867498575+1882088.4192154866j),57.82448084074235,0.020182958500633466,(-965935.9867498575-1882088.4192154866j),57.89087518487581,0.01652590895487067,(1914259.5148481145+0j),74.99345942874096,1.3989548555870386e-06,(17612.458651599005+0j)
-19.625272654966444,57.791259945534286,0.020182958500633466,(-965935.9867498575+1882088.4192154866j),57.791259945534286,0.020182958500633466,(-965935.9867498575-1882088.4192154866j),57.84630839368812,0.01652590895487067,(1914259.5148481145+0j),74.96870709167833,1.3989548555870386e-06,(17612.458651599005+0j)
-19.607577699133536,57.76112454071731,0.020182958500633466,(-965935.9867498575+1882088.4192154866j),57.76112454071731,0.020182958500633466,(-965935.9867498575-1882088.4192154866j),57.80585781135987,0.01652590895487067,(1914259.5148481145+0j),74.93852605282495,1.3989548555870386e-06,(17612.458651599005+0j)
-19.589882743300628,57.73409090215215,0.020182958500633466,(-965935.9867498575+1882088.4192154866j),57.73409090215215,0.020182958500633466,(-965935.9867498575-1882088.4192154866j),57.76954997294122,0.01652590895487067,(1914259.5148481145+0j),74.9009104519112,1.3989548555870386e-06,(17612.458651599005+0j)
-19.57218778746772,57.710175391094715,0.020182958500633466,(-965935.9867498575+1882088.4192154866j),57.710175391094715,0.020182958500633466,(-965935.9867498575-1882088.4192154866j),57.73741158341781,0.01652590895487067,(1914259.5148481145+0j),74.85272746043219,1.3989548555870386e-06,(17612.458651599005+0j)
-19.55449283163481,57.68939445469367,0.020182958500633466,(-965935.9867498575+1882088.4192154866j),57.68939445469367,0.020182958500633466,(-965935.9867498575-1882088.4192154866j),57.709469518919,0.01652590895487067,(1914259.5148481145+0j),74.78879652023161,1.3989548555870386e-06,(17612.458651599005+0j)
-19.536797875801902,57.67176462649115,0.020182958500633466,(-965935.9867498575+1882088.4192154866j),57.67176462649115,0.020182958500633466,(-965935.9867498575-1882088.4192154866j),57.68575082793578,0.01652590895487067,(1914259.5148481145+0j),74.69988958404491,1.3989548555870386e-06,(17612.458651599005+0j)
-19.519102919968994,57.65730252692679,0.020182958500633466,(-965935.9867498575+1882088.4192154866j),57.65730252692679,0.020182958500633466,(-965935.9867498575-1882088.4192154866j),57.66628273254835,0.01652590895487067,(1914259.5148481145+0j),74.56781933502862,1.3989548555870386e-06,(17612.458651599005+0j)
-19.501407964136085,57.6460248638451,0.020182958500633466,(-965935.9867498575+1882088.4192154866j),57.6460248638451,0.020182958500633466,(-965935.9867498575-1882088.4192154866j),57.65109262966366,0.01652590895487067,(1914259.5148481145+0j),74.3510839204858,1.3989548555870386e-06,(17612.458651599005+0j)
-19.483713008303177,57.63794843300614,0.020182958500633466,(-965935.9867498575+1882088.4192154866j),57.63794843300614,0.020182958500633466,(-965935.9867498575-1882088.4192154866j),57.640208092262775,0.01652590895487067,(1914259.5148481145+0j),73.92991031743769,1.3989548555870386e-06,(17612.458651599005+0j)
-19.466018052470268,57.63309011859956,0.020182958500633466,(-965935.9867498575+1882088.4192154866j),57.63309011859956,0.020182958500633466,(-965935.9867498575-1882088.4192154866j),57.633656870658314,0.01652590895487067,(1914259.5148481145+0j),72.75764392133641,1.3989548555870386e-06,(17612.458651599005+0j)
-19.44832309663736,57.63146689376202,0.020182958500633466,(-965935.9867498575+1882088.4192154866j),57.63146689376202,0.020182958500633466,(-965935.9867498575-1882088.4192154866j),57.63146689376202,0.01652590895487067,(1914259.5148481145+0j),57.63146689376202,1.3989548555870386e-06,(17612.458651599005+0j)
-19.44832309663736,56.5109191720051,0.03391065879716511,(-1300231.3934259051+2414252.115068533j),56.5109191720051,0.03391065879716511,(-1300231.3934259051-2414252.115068533j),57.63146689376202,0.03031629062116012,(2592723.2809860813+0j),57.63146689376202,2.7014080791169335e-07,(7739.505865730719+0j)
-19.430628140804455,56.38436496824403,0.03391065879716511,(-1300231.3934259051+2414252.115068533j),56.38436496824403,0.03391065879716511,(-1300231.3934259051-2414252.115068533j),57.48432475730556,0.03031629062116012,(2592723.2809860813+0j),57.63144254814719,2.7014080791169335e-07,(7739.505865730719+0j)
-19.412933184971546,56.25890888081787,0.03391065879716511,(-1300231.3934259051+2414252.115068533j),56.25890888081787,0.03391065879716511,(-1300231.3934259051-2414252.115068533j),57.338435015570155,0.03031629062116012,(2592723.2809860813+0j),57.631417700679414,2.7014080791169335e-07,(7739.505865730719+0j)
-19.395238229138638,56.13455437208443,0.03391065879716511,(-1300231.3934259051+2414252.115068533j),56.13455437208443,0.03391065879716511,(-1300231.3934259051-2414252.115068533j),57.19380209265585,0.03031629062116012,(2592723.2809860813+0j),57.63139233567952,2.7014080791169335e-07,(7739.505865730719+0j)
-19.37754327330573,56.01130491491877,0.03391065879716511,(-1300231.3934259051+2414252.115068533j),56.01130491491877,0.03391065879716511,(-1300231.3934259051-2414252.115068533j),57.050430427644685,0.03031629062116012,(2592723.2809860813+0j),57.631366436808335,2.7014080791169335e-07,(7739.505865730719+0j)
-19.35984831747282,55.88916399274837,0.03391065879716511,(-1300231.3934259051+2414252.115068533j),55.88916399274837,0.03391065879716511,(-1300231.3934259051-2414252.115068533j),56.908324474656474,0.03031629062116012,(2592723.2809860813+0j),57.631339987031545,2.7014080791169335e-07,(7739.505865730719+0j)
-19.342153361639912,55.76813509958848,0.03391065879716511,(-1300231.3934259051+2414252.115068533j),55.76813509958848,0.03391065879716511,(-1300231.3934259051-2414252.115068533j),56.767488702904906,0.03031629062116012,(2592723.2809860813+0j),57.6313129685824,2.7014080791169335e-07,(7739.505865730719+0j)
-19.324458405807004,55.64822174007757,0.03391065879716511,(-1300231.3934259051+2414252.115068533j),55.64822174007757,0.03391065879716511,(-1300231.3934259051-2414252.115068533j),56.627927596753835,0.03031629062116012,(2592723.2809860813+0j),57.63128536292184,2.7014080791169335e-07,(7739.505865730719+0j)
-19.3067634499741,55.5294274295129,0.03391065879716511,(-1300231.3934259051+2414252.115068533j),55.5294274295129,0.03391065879716511,(-1300231.3934259051-2414252.115068533j),56.489645655773806,0.03031629062116012,(2592723.2809860813+0j),57.63125715069611,2.7014080791169335e-07,(7739.505865730719+0j)
-19.289068494141187,55.411755693886285,0.03391065879716511,(-1300231.3934259051+2414252.115068533j),55.411755693886285,0.03391065879716511,(-1300231.3934259051-2414252.115068533j),56.35264739479883,0.03031629062116012,(2592723.2809860813+0j),57.63122831169153,2.7014080791169335e-07,(7739.505865730719+0j)
-19.27137353830828,55.29521006991993,0.03391065879716511,(-1300231.3934259051+2414252.115068533j),55.29521006991993,0.03391065879716511,(-1300231.3934259051-2414252.115068533j),56.216937343983396,0.03031629062116012,(2592723.2809860813+0j),57.631198824786146,2.7014080791169335e-07,(7739.505865730719+0j)
-19.25367858247537,55.179794105102424,0.03391065879716511,(-1300231.3934259051+2414252.115068533j),55.179794105102424,0.03391065879716511,(-1300231.3934259051-2414252.115068533j),56.08252004885972,0.03031629062116012,(2592723.2809860813+0j),57.63116866789819,2.7014080791169335e-07,(7739.505865730719+0j)
-19.23598362664246,55.06551135772489,0.03391065879716511,(-1300231.3934259051+2414252.115068533j),55.06551135772489,0.03391065879716511,(-1300231.3934259051-2414252.115068533j),55.94940007039522,0.03031629062116012,(2592723.2809860813+0j),57.63113781793088,2.7014080791169335e-07,(7739.505865730719+0j)
-19.218288670809553,54.9523653969172,0.03391065879716511,(-1300231.3934259051+2414252.115068533j),54.9523653969172,0.03391065879716511,(-1300231.3934259051-2414252.115068533j),55.81758198505025,0.03031629062116012,(2592723.2809860813+0j),57.63110625071347,2.7014080791169335e-07,(7739.505865730719+0j)
-19.200593714976645,54.84035980268448,0.03391065879716511,(-1300231.3934259051+2414252.115068533j),54.84035980268448,0.03391065879716511,(-1300231.3934259051-2414252.115068533j),55.68707038483609,0.03031629062116012,(2592723.2809860813+0j),57.63107394093808,2.7014080791169335e-07,(7739.505865730719+0j)
-19.182898759143736,54.72949816594354,0.03391065879716511,(-1300231.3934259051+2414252.115068533j),54.72949816594354,0.03391065879716511,(-1300231.3934259051-2414252.115068533j),55.55786987737312,0.03031629062116012,(2592723.2809860813+0j),57.63104086209201,2.7014080791169335e-07,(7739.505865730719+0j)
-19.16520380331083,54.61978408855959,0.03391065879716511,(-1300231.3934259051+2414252.115068533j),54.61978408855959,0.03391065879716511,(-1300231.3934259051-2414252.115068533j),55.429985085949326,0.03031629062116012,(2592723.2809860813+0j),57.631006986385174,2.7014080791169335e-07,(7739.505865730719+0j)
-19.147508847477923,54.5112211833831,0.03391065879716511,(-1300231.3934259051+2414252.115068533j),54.5112211833831,0.03391065879716511,(-1300231.3934259051-2414252.115068533j),55.30342064957893,0.03031629062116012,(2592723.2809860813+0j),57.63097228467229,2.7014080791169335e-07,(7739.505865730719+0j)
-19.129813891645014,54.403813074286695,0.03391065879716511,(-1300231.3934259051+2414252.115068533j),54.403813074286695,0.03391065879716511,(-1300231.3934259051-2414252.115068533j),55.17818122306144,0.03031629062116012,(2592723.2809860813+0j),57.630936726369185,2.7014080791169335e-07,(7739.505865730719+0j)
-19.112118935812106,54.297563396202285,0.03391065879716511,(-1300231.3934259051+2414252.115068533j),54.297563396202285,0.03391065879716511,(-1300231.3934259051-2414252.115068533j),55.05427147704078,0.03031629062116012,(2592723.2809860813+0j),57.630900279362905,2.7014080791169335e-07,(7739.505865730719+0j)
-19.094423979979197,54.19247579515827,0.03391065879716511,(-1300231.3934259051+2414252.115068533j),54.19247579515827,0.03391065879716511,(-1300231.3934259051-2414252.115068533j),54.93169609806473,0.03031629062116012,(2592723.2809860813+0j),57.630862909915024,2.7014080791169335e-07,(7739.505865730719+0j)
-19.07672902414629,54.08855392831696,0.03391065879716511,(-1300231.3934259051+2414252.115068533j),54.08855392831696,0.03391065879716511,(-1300231.3934259051-2414252.115068533j),54.81045978864467,0.03031629062116012,(2592723.2809860813+0j),57.63082458255742,2.7014080791169335e-07,(7739.505865730719+0j)
-19.05903406831338,53.98580146401205,0.03391065879716511,(-1300231.3934259051+2414252.115068533j),53.98580146401205,0.03391065879716511,(-1300231.3934259051-2414252.115068533j),54.690567267315494,0.03031629062116012,(2592723.2809860813+0j),57.63078525998006,2.7014080791169335e-07,(7739.505865730719+0j)
-19.041339112480475,53.88422208178629,0.03391065879716511,(-1300231.3934259051+2414252.115068533j),53.88422208178629,0.03391065879716511,(-1300231.3934259051-2414252.115068533j),54.57202326869584,0.03031629062116012,(2592723.2809860813+0j),57.63074490290976,2.7014080791169335e-07,(7739.505865730719+0j)
-19.023644156647567,53.7838194724293,0.03391065879716511,(-1300231.3934259051+2414252.115068533j),53.7838194724293,0.03391065879716511,(-1300231.3934259051-2414252.115068533j),54.454832543548484,0.03031629062116012,(2592723.2809860813+0j),57.63070346997945,2.7014080791169335e-07,(7739.505865730719+0j)
-19.00594920081466,53.68459733801551,0.03391065879716511,(-1300231.3934259051+2414252.115068533j),53.68459733801551,0.03391065879716511,(-1300231.3934259051-2414252.115068533j),54.338999858841156,0.03031629062116012,(2592723.2809860813+0j),57.630660917586674,2.7014080791169335e-07,(7739.505865730719+0j)
-18.988254244981746,53.58655939194221,0.03391065879716511,(-1300231.3934259051+2414252.115068533j),53.58655939194221,0.03391065879716511,(-1300231.3934259051-2414252.115068533j),54.224529997807394,0.03031629062116012,(2592723.2809860813+0j),57.63061719974055,2.7014080791169335e-07,(7739.505865730719+0j)
-18.970559289148838,53.48970935896786,0.03391065879716511,(-1300231.3934259051+2414252.115068533j),53.48970935896786,0.03391065879716511,(-1300231.3934259051-2414252.115068533j),54.11142776000784,0.03031629062116012,(2592723.2809860813+0j),57.63057226789597,2.7014080791169335e-07,(7739.505865730719+0j)
-18.95286433331593,53.39405097525037,0.03391065879716511,(-1300231.3934259051+2414252.115068533j),53.39405097525037,0.03391065879716511,(-1300231.3934259051-2414252.115068533j),53.99969796139169,0.03031629062116012,(2592723.2809860813+0j),57.63052607077376,2.7014080791169335e-07,(7739.505865730719+0j)
-18.93516937748302,53.29958798838573,0.03391065879716511,(-1300231.3934259051+2414252.115068533j),53.29958798838573,0.03391065879716511,(-1300231.3934259051-2414252.115068533j),53.88934543435846,0.03031629062116012,(2592723.2809860813+0j),57.63047855416548,2.7014080791169335e-07,(7739.505865730719+0j)
-18.917474421650113,53.20632415744658,0.03391065879716511,(-1300231.3934259051+2414252.115068533j),53.20632415744658,0.03391065879716511,(-1300231.3934259051-2414252.115068533j),53.78037502781995,0.03031629062116012,(2592723.2809860813+0j),57.630429660721205,2.7014080791169335e-07,(7739.505865730719+0j)
-18.899779465817208,53.11426325302108,0.03391065879716511,(-1300231.3934259051+2414252.115068533j),53.11426325302108,0.03391065879716511,(-1300231.3934259051-2414252.115068533j),53.67279160726257,0.03031629062116012,(2592723.2809860813+0j),57.63037932971861,2.7014080791169335e-07,(7739.505865730719+0j)
-18.8820845099843,53.02340905725185,0.03391065879716511,(-1300231.3934259051+2414252.115068533j),53.02340905725185,0.03391065879716511,(-1300231.3934259051-2414252.115068533j),53.56660005480978,0.03031629062116012,(2592723.2809860813+0j),57.63032749681142,2.7014080791169335e-07,(7739.505865730719+0j)
-18.86438955415139,52.93376536387512,0.03391065879716511,(-1300231.3934259051+2414252.115068533j),52.93376536387512,0.03391065879716511,(-1300231.3934259051-2414252.115068533j),53.46180526928499,0.03031629062116012,(2592723.2809860813+0j),57.630274093754934,2.7014080791169335e-07,(7739.505865730719+0j)
-18.846694598318482,52.84533597825992,0.03391065879716511,(-1300231.3934259051+2414252.115068533j),52.84533597825992,0.03391065879716511,(-1300231.3934259051-2414252.115068533j),53.35841216627455,0.03031629062116012,(2592723.2809860813+0j),57.63021904810623,2.7014080791169335e-07,(7739.505865730719+0j)
-18.828999642485574,52.758124717447565,0.03391065879716511,(-1300231.3934259051+2414252.115068533j),52.758124717447565,0.03391065879716511,(-1300231.3934259051-2414252.115068533j),53.256425678191064,0.03031629062116012,(2592723.2809860813+0j),57.63016228289635,2.7014080791169335e-07,(7739.505865730719+0j)
-18.811304686652665,52.67213541019116,0.03391065879716511,(-1300231.3934259051+2414252.115068533j),52.67213541019116,0.03391065879716511,(-1300231.3934259051-2414252.115068533j),53.155850754337074,0.03031629062116012,(2592723.2809860813+0j),57.63010371627119,2.7014080791169335e-07,(7739.505865730719+0j)
-18.793609730819757,52.58737189699532,0.03391065879716511,(-1300231.3934259051+2414252.115068533j),52.58737189699532,0.03391065879716511,(-1300231.3934259051-2414252.115068533j),53.056692360968796,0.03031629062116012,(2592723.2809860813+0j),57.63004326109769,2.7014080791169335e-07,(7739.505865730719+0j)
-18.775914774986852,52.503838030156054,0.03391065879716511,(-1300231.3934259051+2414252.115068533j),52.503838030156054,0.03391065879716511,(-1300231.3934259051-2414252.115068533j),52.958955481360384,0.03031629062116012,(2592723.2809860813+0j),57.629980824531266,2.7014080791169335e-07,(7739.505865730719+0j)
-18.758219819153943,52.42153767380075,0.03391065879716511,(-1300231.3934259051+2414252.115068533j),52.42153767380075,0.03391065879716511,(-1300231.3934259051-2414252.115068533j),52.862645115868254,0.03031629062116012,(2592723.2809860813+0j),57.629916307540086,2.7014080791169335e-07,(7739.505865730719+0j)
-18.740524863321035,52.340474703928344,0.03391065879716511,(-1300231.3934259051+2414252.115068533j),52.340474703928344,0.03391065879716511,(-1300231.3934259051-2414252.115068533j),52.7677662819958,0.03031629062116012,(2592723.2809860813+0j),57.62984960438089,2.7014080791169335e-07,(7739.505865730719+0j)
-18.722829907488123,52.26065300844966,0.03391065879716511,(-1300231.3934259051+2414252.115068533j),52.26065300844966,0.03391065879716511,(-1300231.3934259051-2414252.115068533j),52.67432401445834,0.03031629062116012,(2592723.2809860813+0j),57.629780602020645,2.7014080791169335e-07,(7739.505865730719+0j)
-18.705134951655214,52.18207648722785,0.03391065879716511,(-1300231.3934259051+2414252.115068533j),52.18207648722785,0.03391065879716511,(-1300231.3934259051-2414252.115068533j),52.58232336524837,0.03031629062116012,(2592723.2809860813+0j),57.62970917949739,2.7014080791169335e-07,(7739.505865730719+0j)
-18.687439995822306,52.10474905211903,0.03391065879716511,(-1300231.3934259051+2414252.115068533j),52.10474905211903,0.03391065879716511,(-1300231.3934259051-2414252.115068533j),52.491769403701035,0.03031629062116012,(2592723.2809860813+0j),57.62963520721253,2.7014080791169335e-07,(7739.505865730719+0j)
-18.669745039989397,52.028674627013096,0.03391065879716511,(-1300231.3934259051+2414252.115068533j),52.028674627013096,0.03391065879716511,(-1300231.3934259051-2414252.115068533j),52.40266721655998,0.03031629062116012,(2592723.2809860813+0j),57.62955854614606,2.7014080791169335e-07,(7739.505865730719+0j)
-18.652050084156492,51.953857147874594,0.03391065879716511,(-1300231.3934259051+2414252.115068533j),51.953857147874594,0.03391065879716511,(-1300231.3934259051-2414252.115068533j),52.31502190804336,0.03031629062116012,(2592723.2809860813+0j),57.62947904698456,2.7014080791169335e-07,(7739.505865730719+0j)
-18.634355128323584,51.880300562783866,0.03391065879716511,(-1300231.3934259051+2414252.115068533j),51.880300562783866,0.03391065879716511,(-1300231.3934259051-2414252.115068533j),52.22883859991023,0.03031629062116012,(2592723.2809860813+0j),57.62939654915051,2.7014080791169335e-07,(7739.505865730719+0j)
-18.616660172490676,51.80800883197828,0.03391065879716511,(-1300231.3934259051+2414252.115068533j),51.80800883197828,0.03391065879716511,(-1300231.3934259051-2414252.115068533j),52.14412243152715,0.03031629062116012,(2592723.2809860813+0j),57.62931087971976,2.7014080791169335e-07,(7739.505865730719+0j)
-18.598965216657767,51.73698592789365,0.03391065879716511,(-1300231.3934259051+2414252.115068533j),51.73698592789365,0.03391065879716511,(-1300231.3934259051-2414252.115068533j),52.06087855993516,0.03031629062116012,(2592723.2809860813+0j),57.62922185221155,2.7014080791169335e-07,(7739.505865730719+0j)
-18.58127026082486,51.66723583520578,0.03391065879716511,(-1300231.3934259051+2414252.115068533j),51.66723583520578,0.03391065879716511,(-1300231.3934259051-2414252.115068533j),51.97911215991691,0.03031629062116012,(2592723.2809860813+0j),57.62912926523348,2.7014080791169335e-07,(7739.505865730719+0j)
-18.56357530499195,51.59876255087221,0.03391065879716511,(-1300231.3934259051+2414252.115068533j),51.59876255087221,0.03391065879716511,(-1300231.3934259051-2414252.115068533j),51.89882842406419,0.03031629062116012,(2592723.2809860813+0j),57.62903290096064,2.7014080791169335e-07,(7739.505865730719+0j)
-18.54588034915904,51.53157008417411,0.03391065879716511,(-1300231.3934259051+2414252.115068533j),51.53157008417411,0.03391065879716511,(-1300231.3934259051-2414252.115068533j),51.82003256284577,0.03031629062116012,(2592723.2809860813+0j),57.6289325234247,2.7014080791169335e-07,(7739.505865730719+0j)
-18.528185393326133,51.46566245675828,0.03391065879716511,(-1300231.3934259051+2414252.115068533j),51.46566245675828,0.03391065879716511,(-1300231.3934259051-2414252.115068533j),51.74272980467533,0.03031629062116012,(2592723.2809860813+0j),57.62882787658473,2.7014080791169335e-07,(7739.505865730719+0j)
-18.510490437493228,51.401043702679424,0.03391065879716511,(-1300231.3934259051+2414252.115068533j),51.401043702679424,0.03391065879716511,(-1300231.3934259051-2414252.115068533j),51.666925395979945,0.03031629062116012,(2592723.2809860813+0j),57.628718682146406,2.7014080791169335e-07,(7739.505865730719+0j)
-18.49279548166032,51.33771786844245,0.03391065879716511,(-1300231.3934259051+2414252.115068533j),51.33771786844245,0.03391065879716511,(-1300231.3934259051-2414252.115068533j),51.5926246012687,0.03031629062116012,(2592723.2809860813+0j),57.62860463709076,2.7014080791169335e-07,(7739.505865730719+0j)
-18.47510052582741,51.27568901304505,0.03391065879716511,(-1300231.3934259051+2414252.115068533j),51.27568901304505,0.03391065879716511,(-1300231.3934259051-2414252.115068533j),51.51983270320164,0.03031629062116012,(2592723.2809860813+0j),57.628485410865935,2.7014080791169335e-07,(7739.505865730719+0j)
-18.457405569994503,51.2149612080204,0.03391065879716511,(-1300231.3934259051+2414252.115068533j),51.2149612080204,0.03391065879716511,(-1300231.3934259051-2414252.115068533j),51.44855500265897,0.03031629062116012,(2592723.2809860813+0j),57.628360642187474,2.7014080791169335e-07,(7739.505865730719+0j)
-18.439710614161594,51.155538537479934,0.03391065879716511,(-1300231.3934259051+2414252.115068533j),51.155538537479934,0.03391065879716511,(-1300231.3934259051-2414252.115068533j),51.37879681881067,0.03031629062116012,(2592723.2809860813+0j),57.62822993538162,2.7014080791169335e-07,(7739.505865730719+0j)
-18.422015658328682,51.0974250981565,0.03391065879716511,(-1300231.3934259051+2414252.115068533j),51.0974250981565,0.03391065879716511,(-1300231.3934259051-2414252.115068533j),51.310563489186286,0.03031629062116012,(2592723.2809860813+0j),57.62809285619383,2.7014080791169335e-07,(7739.505865730719+0j)
-18.404320702495774,51.04062499944745,0.03391065879716511,(-1300231.3934259051+2414252.115068533j),51.04062499944745,0.03391065879716511,(-1300231.3934259051-2414252.115068533j),51.24386036974507,0.03031629062116012,(2592723.2809860813+0j),57.62794892696901,2.7014080791169335e-07,(7739.505865730719+0j)
-18.38662574666287,50.98514236345801,0.03391065879716511,(-1300231.3934259051+2414252.115068533j),50.98514236345801,0.03391065879716511,(-1300231.3934259051-2414252.115068533j),51.17869283494646,0.03031629062116012,(2592723.2809860813+0j),57.62779762109051,2.7014080791169335e-07,(7739.505865730719+0j)
-18.36893079082996,50.930981325044854,0.03391065879716511,(-1300231.3934259051+2414252.115068533j),50.930981325044854,0.03391065879716511,(-1300231.3934259051-2414252.115068533j),51.11506627782073,0.03031629062116012,(2592723.2809860813+0j),57.62763835654177,2.7014080791169335e-07,(7739.505865730719+0j)
-18.351235834997052,50.87814603185973,0.03391065879716511,(-1300231.3934259051+2414252.115068533j),50.87814603185973,0.03391065879716511,(-1300231.3934259051-2414252.115068533j),51.05298611004016,0.03031629062116012,(2592723.2809860813+0j),57.627470488424436,2.7014080791169335e-07,(7739.505865730719+0j)
-18.333540879164143,50.82664064439333,0.03391065879716511,(-1300231.3934259051+2414252.115068533j),50.82664064439333,0.03391065879716511,(-1300231.3934259051-2414252.115068533j),50.99245776199029,0.03031629062116012,(2592723.2809860813+0j),57.62729330023037,2.7014080791169335e-07,(7739.505865730719+0j)
-18.315845923331235,50.77646933601935,0.03391065879716511,(-1300231.3934259051+2414252.115068533j),50.77646933601935,0.03391065879716511,(-1300231.3934259051-2414252.115068533j),50.93348668284158,0.03031629062116012,(2592723.2809860813+0j),57.62710599361832,2.7014080791169335e-07,(7739.505865730719+0j)
-18.298150967498326,50.72763629303868,0.03391065879716511,(-1300231.3934259051+2414252.115068533j),50.72763629303868,0.03391065879716511,(-1300231.3934259051-2414252.115068533j),50.87607834062148,0.03031629062116012,(2592723.2809860813+0j),57.62690767638781,2.7014080791169335e-07,(7739.505865730719+0j)
-18.280456011665418,50.6801457147237,0.03391065879716511,(-1300231.3934259051+2414252.115068533j),50.6801457147237,0.03391065879716511,(-1300231.3934259051-2414252.115068533j),50.82023822228658,0.03031629062116012,(2592723.2809860813+0j),57.62669734826785,2.7014080791169335e-07,(7739.505865730719+0j)
-18.26276105583251,50.634001813362936,0.03391065879716511,(-1300231.3934259051+2414252.115068533j),50.634001813362936,0.03391065879716511,(-1300231.3934259051-2414252.115068533j),50.76597183379525,0.03031629062116012,(2592723.2809860813+0j),57.62647388404301,2.7014080791169335e-07,(7739.505865730719+0j)
-18.245066099999605,50.58920881430566,0.03391065879716511,(-1300231.3934259051+2414252.115068533j),50.58920881430566,0.03391065879716511,(-1300231.3934259051-2414252.115068533j),50.713284700180566,0.03031629062116012,(2592723.2809860813+0j),57.626236013416,2.7014080791169335e-07,(7739.505865730719+0j)
-18.227371144166696,50.54577095600684,0.03391065879716511,(-1300231.3934259051+2414252.115068533j),50.54577095600684,0.03391065879716511,(-1300231.3934259051-2414252.115068533j),50.66218236562348,0.03031629062116012,(2592723.2809860813+0j),57.62598229684582,2.7014080791169335e-07,(7739.505865730719+0j)
-18.209676188333788,50.50369249007217,0.03391065879716511,(-1300231.3934259051+2414252.115068533j),50.50369249007217,0.03391065879716511,(-1300231.3934259051-2414252.115068533j),50.61267039352637,0.03031629062116012,(2592723.2809860813+0j),57.62571109639078,2.7014080791169335e-07,(7739.505865730719+0j)
-18.19198123250088,50.4629776813033,0.03391065879716511,(-1300231.3934259051+2414252.115068533j),50.4629776813033,0.03391065879716511,(-1300231.3934259051-2414252.115068533j),50.56475436658692,0.03031629062116012,(2592723.2809860813+0j),57.625420540308866,2.7014080791169335e-07,(7739.505865730719+0j)
-18.17428627666797,50.42363080774326,0.03391065879716511,(-1300231.3934259051+2414252.115068533j),50.42363080774326,0.03391065879716511,(-1300231.3934259051-2414252.115068533j),50.5184398868722,0.03031629062116012,(2592723.2809860813+0j),57.62510847979797,2.7014080791169335e-07,(7739.505865730719+0j)
-18.156591320835062,50.38565616072199,0.03391065879716511,(-1300231.3934259051+2414252.115068533j),50.38565616072199,0.03391065879716511,(-1300231.3934259051-2414252.115068533j),50.473732575893266,0.03031629062116012,(2592723.2809860813+0j),57.62477243576216,2.7014080791169335e-07,(7739.505865730719+0j)
-18.138896365002154,50.349058044902165,0.03391065879716511,(-1300231.3934259051+2414252.115068533j),50.349058044902165,0.03391065879716511,(-1300231.3934259051-2414252.115068533j),50.43063807467987,0.03031629062116012,(2592723.2809860813+0j),57.62440953281328,2.7014080791169335e-07,(7739.505865730719+0j)
-18.121201409169245,50.31384077832508,0.03391065879716511,(-1300231.3934259051+2414252.115068533j),50.31384077832508,0.03391065879716511,(-1300231.3934259051-2414252.115068533j),50.389162043855656,0.03031629062116012,(2592723.2809860813+0j),57.624016416788876,2.7014080791169335e-07,(7739.505865730719+0j)
-18.103506453336337,50.280008692456775,0.03391065879716511,(-1300231.3934259051+2414252.115068533j),50.280008692456775,0.03391065879716511,(-1300231.3934259051-2414252.115068533j),50.349310163713604,0.03031629062116012,(2592723.2809860813+0j),57.62358915077443,2.7014080791169335e-07,(7739.505865730719+0j)
-18.08581149750343,50.247566132234326,0.03391065879716511,(-1300231.3934259051+2414252.115068533j),50.247566132234326,0.03391065879716511,(-1300231.3934259051-2414252.115068533j),50.31108813429179,0.03031629062116012,(2592723.2809860813+0j),57.62312308279744,2.7014080791169335e-07,(7739.505865730719+0j)
-18.06811654167052,50.216517456112314,0.03391065879716511,(-1300231.3934259051+2414252.115068533j),50.216517456112314,0.03391065879716511,(-1300231.3934259051-2414252.115068533j),50.27450167544955,0.03031629062116012,(2592723.2809860813+0j),57.622612675761175,2.7014080791169335e-07,(7739.505865730719+0j)
-18.05042158583761,50.1868670361095,0.03391065879716511,(-1300231.3934259051+2414252.115068533j),50.1868670361095,0.03391065879716511,(-1300231.3934259051-2414252.115068533j),50.23955652694386,0.03031629062116012,(2592723.2809860813+0j),57.62205128641682,2.7014080791169335e-07,(7739.505865730719+0j)
-18.032726630004703,50.1586192578556,0.03391065879716511,(-1300231.3934259051+2414252.115068533j),50.1586192578556,0.03391065879716511,(-1300231.3934259051-2414252.115068533j),50.20625844850616,0.03031629062116012,(2592723.2809860813+0j),57.62143087462148,2.7014080791169335e-07,(7739.505865730719+0j)
-18.015031674171794,50.13177852063835,0.03391065879716511,(-1300231.3934259051+2414252.115068533j),50.13177852063835,0.03391065879716511,(-1300231.3934259051-2414252.115068533j),50.17461321991946,0.03031629062116012,(2592723.2809860813+0j),57.620741615805485,2.7014080791169335e-07,(7739.505865730719+0j)
-17.997336718338886,50.10634923745067,0.03391065879716511,(-1300231.3934259051+2414252.115068533j),50.10634923745067,0.03391065879716511,(-1300231.3934259051-2414252.115068533j),50.144626641095726,0.03031629062116012,(2592723.2809860813+0j),57.619971376847516,2.7014080791169335e-07,(7739.505865730719+0j)
-17.97964176250598,50.08233583503808,0.03391065879716511,(-1300231.3934259051+2414252.115068533j),50.08233583503808,0.03391065879716511,(-1300231.3934259051-2414252.115068533j),50.11630453215375,0.03031629062116012,(2592723.2809860813+0j),57.61910499568419,2.7014080791169335e-07,(7739.505865730719+0j)
-17.961946806673073,50.05974275394622,0.03391065879716511,(-1300231.3934259051+2414252.115068533j),50.05974275394622,0.03391065879716511,(-1300231.3934259051-2414252.115068533j),50.0896527334972,0.03031629062116012,(2592723.2809860813+0j),57.618123273203004,2.7014080791169335e-07,(7739.505865730719+0j)
-17.944251850840164,50.03857444856862,0.03391065879716511,(-1300231.3934259051+2414252.115068533j),50.03857444856862,0.03391065879716511,(-1300231.3934259051-2414252.115068533j),50.06467710589311,0.03031629062116012,(2592723.2809860813+0j),57.617001533795865,2.7014080791169335e-07,(7739.505865730719+0j)
-17.926556895007256,50.01883538719462,0.03391065879716511,(-1300231.3934259051+2414252.115068533j),50.01883538719462,0.03391065879716511,(-1300231.3934259051-2414252.115068533j),50.04138353055064,0.03031629062116012,(2592723.2809860813+0j),57.61570752272214,2.7014080791169335e-07,(7739.505865730719+0j)
-17.908861939174347,50.00053005205755,0.03391065879716511,(-1300231.3934259051+2414252.115068533j),50.00053005205755,0.03391065879716511,(-1300231.3934259051-2414252.115068533j),50.01977790920025,0.03031629062116012,(2592723.2809860813+0j),57.614198254158154,2.7014080791169335e-07,(7739.505865730719+0j)
-17.89116698334144,49.98366293938294,0.03391065879716511,(-1300231.3934259051+2414252.115068533j),49.98366293938294,0.03391065879716511,(-1300231.3934259051-2414252.115068533j),49.99986616417321,0.03031629062116012,(2592723.2809860813+0j),57.61241514357722,2.7014080791169335e-07,(7739.505865730719+0j)
-17.87347202750853,49.96823855943708,0.03391065879716511,(-1300231.3934259051+2414252.115068533j),49.96823855943708,0.03391065879716511,(-1300231.3934259051-2414252.115068533j),49.981654238481376,0.03031629062116012,(2592723.2809860813+0j),57.61027622623993,2.7014080791169335e-07,(7739.505865730719+0j)
-17.855777071675625,49.95426143657572,0.03391065879716511,(-1300231.3934259051+2414252.115068533j),49.95426143657572,0.03391065879716511,(-1300231.3934259051-2414252.115068533j),49.965148095897376,0.03031629062116012,(2592723.2809860813+0j),57.6076632011975,2.7014080791169335e-07,(7739.505865730719+0j)
-17.838082115842713,49.94173610929289,0.03391065879716511,(-1300231.3934259051+2414252.115068533j),49.94173610929289,0.03391065879716511,(-1300231.3934259051-2414252.115068533j),49.950353721035206,0.03031629062116012,(2592723.2809860813+0j),57.604398786079415,2.7014080791169335e-07,(7739.505865730719+0j)
-17.820387160009805,49.93066713027001,0.03391065879716511,(-1300231.3934259051+2414252.115068533j),49.93066713027001,0.03391065879716511,(-1300231.3934259051-2414252.115068533j),49.93727711943104,0.03031629062116012,(2592723.2809860813+0j),57.60020472510831,2.7014080791169335e-07,(7739.505865730719+0j)
-17.802692204176896,49.92105906642513,0.03391065879716511,(-1300231.3934259051+2414252.115068533j),49.92105906642513,0.03391065879716511,(-1300231.3934259051-2414252.115068533j),49.92592431762449,0.03031629062116012,(2592723.2809860813+0j),57.59461796512157,2.7014080791169335e-07,(7739.505865730719+0j)
-17.784997248343988,49.91291649896239,0.03391065879716511,(-1300231.3934259051+2414252.115068533j),49.91291649896239,0.03391065879716511,(-1300231.3934259051-2414252.115068533j),49.916301363240215,0.03031629062116012,(2592723.2809860813+0j),57.58680670250464,2.7014080791169335e-07,(7739.505865730719+0j)
-17.76730229251108,49.90624402342165,0.03391065879716511,(-1300231.3934259051+2414252.115068533j),49.90624402342165,0.03391065879716511,(-1300231.3934259051-2414252.115068533j),49.90841432506983,0.03031629062116012,(2592723.2809860813+0j),57.57511207559532,2.7014080791169335e-07,(7739.505865730719+0j)
-17.74960733667817,49.901046249728346,0.03391065879716511,(-1300231.3934259051+2414252.115068533j),49.901046249728346,0.03391065879716511,(-1300231.3934259051-2414252.115068533j),49.90226929315422,0.03031629062116012,(2592723.2809860813+0j),57.555680209127075,2.7014080791169335e-07,(7739.505865730719+0j)
-17.731912380845262,49.897327802243495,0.03391065879716511,(-1300231.3934259051+2414252.115068533j),49.897327802243495,0.03391065879716511,(-1300231.3934259051-2414252.115068533j),49.89787237886625,0.03031629062116012,(2592723.2809860813+0j),57.51703705142706,2.7014080791169335e-07,(7739.505865730719+0j)
-17.714217425012357,49.89509331981397,0.03391065879716511,(-1300231.3934259051+2414252.115068533j),49.89509331981397,0.03391065879716511,(-1300231.3934259051-2414252.115068533j),49.89522971499375,0.03031629062116012,(2592723.2809860813+0j),57.40284570967969,2.7014080791169335e-07,(7739.505865730719+0j)
-17.69652246917945,49.824169944066085,0.10299853181339828,(-2348841.0830907505+4161902.3769975584j),49.824169944066085,0.10299853181339828,(-2348841.0830907505-4161902.3769975584j),49.89434745582287,0.09946512698127533,(4696275.402858737+0j),49.89434745582287,8.924950181612597e-09,(1406.763322763641+0j)
-17.69652246917945,49.89434745582287,0.03391065879716511,(-1300231.3934259051+2414252.115068533j),49.89434745582287,0.03391065879716511,(-1300231.3934259051-2414252.115068533j),49.89434745582287,0.03031629062116012,(2592723.2809860813+0j),49.89434745582287,2.7014080791169335e-07,(7739.505865730719+0j)
-17.67882751334654,49.79774746761836,0.10299853181339828,(-2348841.0830907505+4161902.3769975584j),49.79774746761836,0.10299853181339828,(-2348841.0830907505-4161902.3769975584j),49.86655391713306,0.09946512698127533,(4696275.402858737+0j),49.894347309558206,8.924950181612597e-09,(1406.763322763641+0j)
-17.661132557513632,49.77157997986646,0.10299853181339828,(-2348841.0830907505+4161902.3769975584j),49.77157997986646,0.10299853181339828,(-2348841.0830907505-4161902.3769975584j),49.83902811138055,0.09946512698127533,(4696275.402858737+0j),49.89434716027781,8.924950181612597e-09,(1406.763322763641+0j)
-17.643437601680724,49.74566774393565,0.10299853181339828,(-2348841.0830907505+4161902.3769975584j),49.74566774393565,0.10299853181339828,(-2348841.0830907505-4161902.3769975584j),49.8117703246731,0.09946512698127533,(4696275.402858737+0j),49.89434700788742,8.924950181612597e-09,(1406.763322763641+0j)
-17.625742645847815,49.72001102321962,0.10299853181339828,(-2348841.0830907505+4161902.3769975584j),49.72001102321962,0.10299853181339828,(-2348841.0830907505-4161902.3769975584j),49.784780843420634,0.09946512698127533,(4696275.402858737+0j),49.894346852288834,8.924950181612597e-09,(1406.763322763641+0j)
-17.608047690014907,49.69461008138077,0.10299853181339828,(-2348841.0830907505+4161902.3769975584j),49.69461008138077,0.10299853181339828,(-2348841.0830907505-4161902.3769975584j),49.758059954335536,0.09946512698127533,(4696275.402858737+0j),49.894346693379674,8.924950181612597e-09,(1406.763322763641+0j)
-17.590352734182,49.66946518235055,0.10299853181339828,(-2348841.0830907505+4161902.3769975584j),49.66946518235055,0.10299853181339828,(-2348841.0830907505-4161902.3769975584j),49.73160794443304,0.09946512698127533,(4696275.402858737+0j),49.89434653105314,8.924950181612597e-09,(1406.763322763641+0j)
-17.572657778349093,49.64457659032973,0.10299853181339828,(-2348841.0830907505+4161902.3769975584j),49.64457659032973,0.10299853181339828,(-2348841.0830907505-4161902.3769975584j),49.70542510103157,0.09946512698127533,(4696275.402858737+0j),49.8943463651978,8.924950181612597e-09,(1406.763322763641+0j)
-17.554962822516185,49.61994456978874,0.10299853181339828,(-2348841.0830907505+4161902.3769975584j),49.61994456978874,0.10299853181339828,(-2348841.0830907505-4161902.3769975584j),49.67951171175308,0.09946512698127533,(4696275.402858737+0j),49.89434619569731,8.924950181612597e-09,(1406.763322763641+0j)
-17.537267866683276,49.59556938546793,0.10299853181339828,(-2348841.0830907505+4161902.3769975584j),49.59556938546793,0.10299853181339828,(-2348841.0830907505-4161902.3769975584j),49.65386806452345,0.09946512698127533,(4696275.402858737+0j),49.89434602243018,8.924950181612597e-09,(1406.763322763641+0j)
-17.519572910850364,49.57145130237794,0.10299853181339828,(-2348841.0830907505+4161902.3769975584j),49.57145130237794,0.10299853181339828,(-2348841.0830907505-4161902.3769975584j),49.6284944475728,0.09946512698127533,(4696275.402858737+0j),49.894345845269434,8.924950181612597e-09,(1406.763322763641+0j)
-17.50187795501746,49.54759058579992,0.10299853181339828,(-2348841.0830907505+4161902.3769975584j),49.54759058579992,0.10299853181339828,(-2348841.0830907505-4161902.3769975584j),49.60339114943587,0.09946512698127533,(4696275.402858737+0j),49.89434566408235,8.924950181612597e-09,(1406.763322763641+0j)
-17.484182999184547,49.5239875012859,0.10299853181339828,(-2348841.0830907505+4161902.3769975584j),49.5239875012859,0.10299853181339828,(-2348841.0830907505-4161902.3769975584j),49.578558458952365,0.09946512698127533,(4696275.402858737+0j),49.894345478730074,8.924950181612597e-09,(1406.763322763641+0j)
-17.46648804335164,49.50064231465911,0.10299853181339828,(-2348841.0830907505+4161902.3769975584j),49.50064231465911,0.10299853181339828,(-2348841.0830907505-4161902.3769975584j),49.55399666526733,0.09946512698127533,(4696275.402858737+0j),49.894345289067324,8.924950181612597e-09,(1406.763322763641+0j)
-17.448793087518734,49.47755529201422,0.10299853181339828,(-2348841.0830907505+4161902.3769975584j),49.47755529201422,0.10299853181339828,(-2348841.0830907505-4161902.3769975584j),49.52970605783147,0.09946512698127533,(4696275.402858737+0j),49.894345094941954,8.924950181612597e-09,(1406.763322763641+0j)
-17.431098131685825,49.454726699717696,0.10299853181339828,(-2348841.0830907505+4161902.3769975584j),49.454726699717696,0.10299853181339828,(-2348841.0830907505-4161902.3769975584j),49.505686926401566,0.09946512698127533,(4696275.402858737+0j),49.894344896194596,8.924950181612597e-09,(1406.763322763641+0j)
-17.413403175852917,49.432156804408095,0.10299853181339828,(-2348841.0830907505+4161902.3769975584j),49.432156804408095,0.10299853181339828,(-2348841.0830907505-4161902.3769975584j),49.4819395610408,0.09946512698127533,(4696275.402858737+0j),49.894344692658194,8.924950181612597e-09,(1406.763322763641+0j)
-17.39570822002001,49.40984587299637,0.10299853181339828,(-2348841.0830907505+4161902.3769975584j),49.40984587299637,0.10299853181339828,(-2348841.0830907505-4161902.3769975584j),49.45846425211907,0.09946512698127533,(4696275.402858737+0j),49.894344484157536,8.924950181612597e-09,(1406.763322763641+0j)
-17.3780132641871,49.38779417266619,0.10299853181339828,(-2348841.0830907505+4161902.3769975584j),49.38779417266619,0.10299853181339828,(-2348841.0830907505-4161902.3769975584j),49.43526129031344,0.09946512698127533,(4696275.402858737+0j),49.89434427050875,8.924950181612597e-09,(1406.763322763641+0j)
-17.36031830835419,49.36600197087423,0.10299853181339828,(-2348841.0830907505+4161902.3769975584j),49.36600197087423,0.10299853181339828,(-2348841.0830907505-4161902.3769975584j),49.41233096660845,0.09946512698127533,(4696275.402858737+0j),49.89434405151881,8.924950181612597e-09,(1406.763322763641+0j)
-17.342623352521283,49.344469535350505,0.10299853181339828,(-2348841.0830907505+4161902.3769975584j),49.344469535350505,0.10299853181339828,(-2348841.0830907505-4161902.3769975584j),49.389673572296466,0.09946512698127533,(4696275.402858737+0j),49.894343826984866,8.924950181612597e-09,(1406.763322763641+0j)
-17.324928396688378,49.323197134098656,0.10299853181339828,(-2348841.0830907505+4161902.3769975584j),49.323197134098656,0.10299853181339828,(-2348841.0830907505-4161902.3769975584j),49.367289398978066,0.09946512698127533,(4696275.402858737+0j),49.89434359669369,8.924950181612597e-09,(1406.763322763641+0j)
-17.30723344085547,49.30218503539627,0.10299853181339828,(-2348841.0830907505+4161902.3769975584j),49.30218503539627,0.10299853181339828,(-2348841.0830907505-4161902.3769975584j),49.34517873856239,0.09946512698127533,(4696275.402858737+0j),49.89434336042099,8.924950181612597e-09,(1406.763322763641+0j)
-17.28953848502256,49.2814335077952,0.10299853181339828,(-2348841.0830907505+4161902.3769975584j),49.2814335077952,0.10299853181339828,(-2348841.0830907505-4161902.3769975584j),49.323341883267496,0.09946512698127533,(4696275.402858737+0j),49.89434311793065,8.924950181612597e-09,(1406.763322763641+0j)
-17.271843529189653,49.260942820121855,0.10299853181339828,(-2348841.0830907505+4161902.3769975584j),49.260942820121855,0.10299853181339828,(-2348841.0830907505-4161902.3769975584j),49.301779125620754,0.09946512698127533,(4696275.402858737+0j),49.894342868973965,8.924950181612597e-09,(1406.763322763641+0j)
-17.254148573356744,49.24071324147752,0.10299853181339828,(-2348841.0830907505+4161902.3769975584j),49.24071324147752,0.10299853181339828,(-2348841.0830907505-4161902.3769975584j),49.28049075845916,0.09946512698127533,(4696275.402858737+0j),49.89434261328879,8.924950181612597e-09,(1406.763322763641+0j)
-17.236453617523836,49.220745041238686,0.10299853181339828,(-2348841.0830907505+4161902.3769975584j),49.220745041238686,0.10299853181339828,(-2348841.0830907505-4161902.3769975584j),49.25947707492974,0.09946512698127533,(4696275.402858737+0j),49.89434235059862,8.924950181612597e-09,(1406.763322763641+0j)
-17.218758661690927,49.20103848905734,0.10299853181339828,(-2348841.0830907505+4161902.3769975584j),49.20103848905734,0.10299853181339828,(-2348841.0830907505-4161902.3769975584j),49.23873836848989,0.09946512698127533,(4696275.402858737+0j),49.89434208061157,8.924950181612597e-09,(1406.763322763641+0j)
-17.20106370585802,49.18159385486127,0.10299853181339828,(-2348841.0830907505+4161902.3769975584j),49.18159385486127,0.10299853181339828,(-2348841.0830907505-4161902.3769975584j),49.218274932907754,0.09946512698127533,(4696275.402858737+0j),49.89434180301934,8.924950181612597e-09,(1406.763322763641+0j)
-17.183368750025114,49.16241140885441,0.10299853181339828,(-2348841.0830907505+4161902.3769975584j),49.16241140885441,0.10299853181339828,(-2348841.0830907505-4161902.3769975584j),49.19808706226259,0.09946512698127533,(4696275.402858737+0j),49.89434151749598,8.924950181612597e-09,(1406.763322763641+0j)
-17.165673794192205,49.14349142151712,0.10299853181339828,(-2348841.0830907505+4161902.3769975584j),49.14349142151712,0.10299853181339828,(-2348841.0830907505-4161902.3769975584j),49.17817505094511,0.09946512698127533,(4696275.402858737+0j),49.89434122369668,8.924950181612597e-09,(1406.763322763641+0j)
-17.147978838359293,49.12483416360652,0.10299853181339828,(-2348841.0830907505+4161902.3769975584j),49.12483416360652,0.10299853181339828,(-2348841.0830907505-4161902.3769975584j),49.15853919365789,0.09946512698127533,(4696275.402858737+0j),49.894340921256315,8.924950181612597e-09,(1406.763322763641+0j)
-17.130283882526385,49.106439906156815,0.10299853181339828,(-2348841.0830907505+4161902.3769975584j),49.106439906156815,0.10299853181339828,(-2348841.0830907505-4161902.3769975584j),49.1391797854157,0.09946512698127533,(4696275.402858737+0j),49.894340609787974,8.924950181612597e-09,(1406.763322763641+0j)
-17.112588926693476,49.08830892047957,0.10299853181339828,(-2348841.0830907505+4161902.3769975584j),49.08830892047957,0.10299853181339828,(-2348841.0830907505-4161902.3769975584j),49.12009712154587,0.09946512698127533,(4696275.402858737+0j),49.894340288881324,8.924950181612597e-09,(1406.763322763641+0j)
-17.094893970860568,49.07044147816404,0.10299853181339828,(-2348841.0830907505+4161902.3769975584j),49.07044147816404,0.10299853181339828,(-2348841.0830907505-4161902.3769975584j),49.10129149768869,0.09946512698127533,(4696275.402858737+0j),49.89433995810072,8.924950181612597e-09,(1406.763322763641+0j)
-17.07719901502766,49.052837851077534,0.10299853181339828,(-2348841.0830907505+4161902.3769975584j),49.052837851077534,0.10299853181339828,(-2348841.0830907505-4161902.3769975584j),49.08276320979774,0.09946512698127533,(4696275.402858737+0j),49.89433961698336,8.924950181612597e-09,(1406.763322763641+0j)
-17.059504059194754,49.03549831136566,0.10299853181339828,(-2348841.0830907505+4161902.3769975584j),49.03549831136566,0.10299853181339828,(-2348841.0830907505-4161902.3769975584j),49.0645125541403,0.09946512698127533,(4696275.402858737+0j),49.894339265037,8.924950181612597e-09,(1406.763322763641+0j)
-17.041809103361846,49.01842313145265,0.10299853181339828,(-2348841.0830907505+4161902.3769975584j),49.01842313145265,0.10299853181339828,(-2348841.0830907505-4161902.3769975584j),49.046539827297664,0.09946512698127533,(4696275.402858737+0j),49.89433890173767,8.924950181612597e-09,(1406.763322763641+0j)
-17.024114147528937,49.00161258404174,0.10299853181339828,(-2348841.0830907505+4161902.3769975584j),49.00161258404174,0.10299853181339828,(-2348841.0830907505-4161902.3769975584j),49.028845326165566,0.09946512698127533,(4696275.402858737+0j),49.89433852652704,8.924950181612597e-09,(1406.763322763641+0j)
-17.00641919169603,48.985066942115424,0.10299853181339828,(-2348841.0830907505+4161902.3769975584j),48.985066942115424,0.10299853181339828,(-2348841.0830907505-4161902.3769975584j),49.01142934795451,0.09946512698127533,(4696275.402858737+0j),49.89433813880954,8.924950181612597e-09,(1406.763322763641+0j)
-16.98872423586312,48.96878647893579,0.10299853181339828,(-2348841.0830907505+4161902.3769975584j),48.96878647893579,0.10299853181339828,(-2348841.0830907505-4161902.3769975584j),48.99429219019014,0.09946512698127533,(4696275.402858737+0j),49.894337737949236,8.924950181612597e-09,(1406.763322763641+0j)
-16.971029280030212,48.952771468044844,0.10299853181339828,(-2348841.0830907505+4161902.3769975584j),48.952771468044844,0.10299853181339828,(-2348841.0830907505-4161902.3769975584j),48.97743415071365,0.09946512698127533,(4696275.402858737+0j),49.89433732326635,8.924950181612597e-09,(1406.763322763641+0j)
-16.953334324197304,48.937022183264816,0.10299853181339828,(-2348841.0830907505+4161902.3769975584j),48.937022183264816,0.10299853181339828,(-2348841.0830907505-4161902.3769975584j),48.960855527682114,0.09946512698127533,(4696275.402858737+0j),49.89433689403338,8.924950181612597e-09,(1406.763322763641+0j)
-16.9356393683644,48.9215388986985,0.10299853181339828,(-2348841.0830907505+4161902.3769975584j),48.9215388986985,0.10299853181339828,(-2348841.0830907505-4161902.3769975584j),48.94455661956888,0.09946512698127533,(4696275.402858737+0j),49.89433644947087,8.924950181612597e-09,(1406.763322763641+0j)
-16.91794441253149,48.906321888729536,0.10299853181339828,(-2348841.0830907505+4161902.3769975584j),48.906321888729536,0.10299853181339828,(-2348841.0830907505-4161902.3769975584j),48.928537725163935,0.09946512698127533,(4696275.402858737+0j),49.894335988742675,8.924950181612597e-09,(1406.763322763641+0j)
-16.90024945669858,48.89137142802277,0.10299853181339828,(-2348841.0830907505+4161902.3769975584j),48.89137142802277,0.10299853181339828,(-2348841.0830907505-4161902.3769975584j),48.91279914357427,0.09946512698127533,(4696275.402858737+0j),49.89433551095071,8.924950181612597e-09,(1406.763322763641+0j)
-16.882554500865673,48.87668779152455,0.10299853181339828,(-2348841.0830907505+4161902.3769975584j),48.87668779152455,0.10299853181339828,(-2348841.0830907505-4161902.3769975584j),48.89734117422426,0.09946512698127533,(4696275.402858737+0j),49.89433501512912,8.924950181612597e-09,(1406.763322763641+0j)
-16.864859545032765,48.862271254463046,0.10299853181339828,(-2348841.0830907505+4161902.3769975584j),48.862271254463046,0.10299853181339828,(-2348841.0830907505-4161902.3769975584j),48.88216411685605,0.09946512698127533,(4696275.402858737+0j),49.89433450023775,8.924950181612597e-09,(1406.763322763641+0j)
-16.847164589199856,48.84812209234858,0.10299853181339828,(-2348841.0830907505+4161902.3769975584j),48.84812209234858,0.10299853181339828,(-2348841.0830907505-4161902.3769975584j),48.86726827152992,0.09946512698127533,(4696275.402858737+0j),49.89433396515484,8.924950181612597e-09,(1406.763322763641+0j)
-16.829469633366948,48.83424058097395,0.10299853181339828,(-2348841.0830907505+4161902.3769975584j),48.83424058097395,0.10299853181339828,(-2348841.0830907505-4161902.3769975584j),48.852653938624634,0.09946512698127533,(4696275.402858737+0j),49.894333408668956,8.924950181612597e-09,(1406.763322763641+0j)
-16.811774677534036,48.82062699641474,0.10299853181339828,(-2348841.0830907505+4161902.3769975584j),48.82062699641474,0.10299853181339828,(-2348841.0830907505-4161902.3769975584j),48.838321418837864,0.09946512698127533,(4696275.402858737+0j),49.89433282946971,8.924950181612597e-09,(1406.763322763641+0j)
-16.79407972170113,48.80728161502962,0.10299853181339828,(-2348841.0830907505+4161902.3769975584j),48.80728161502962,0.10299853181339828,(-2348841.0830907505-4161902.3769975584j),48.82427101318652,0.09946512698127533,(4696275.402858737+0j),49.89433222613754,8.924950181612597e-09,(1406.763322763641+0j)
-16.776384765868222,48.79420471346074,0.10299853181339828,(-2348841.0830907505+4161902.3769975584j),48.79420471346074,0.10299853181339828,(-2348841.0830907505-4161902.3769975584j),48.81050302300715,0.09946512698127533,(4696275.402858737+0j),49.89433159713208,8.924950181612597e-09,(1406.763322763641+0j)
-16.758689810035314,48.78139656863398,0.10299853181339828,(-2348841.0830907505+4161902.3769975584j),48.78139656863398,0.10299853181339828,(-2348841.0830907505-4161902.3769975584j),48.79701774995634,0.09946512698127533,(4696275.402858737+0j),49.894330940779,8.924950181612597e-09,(1406.763322763641+0j)
-16.740994854202405,48.7688574577593,0.10299853181339828,(-2348841.0830907505+4161902.3769975584j),48.7688574577593,0.10299853181339828,(-2348841.0830907505-4161902.3769975584j),48.783815496011016,0.09946512698127533,(4696275.402858737+0j),49.89433025525516,8.924950181612597e-09,(1406.763322763641+0j)
-16.723299898369497,48.756587658331064,0.10299853181339828,(-2348841.0830907505+4161902.3769975584j),48.756587658331064,0.10299853181339828,(-2348841.0830907505-4161902.3769975584j),48.770896563468916,0.09946512698127533,(4696275.402858737+0j),49.89432953857168,8.924950181612597e-09,(1406.763322763641+0j)
-16.70560494253659,48.74458744812838,0.10299853181339828,(-2348841.0830907505+4161902.3769975584j),48.74458744812838,0.10299853181339828,(-2348841.0830907505-4161902.3769975584j),48.75826125494889,0.09946512698127533,(4696275.402858737+0j),49.89432878855468,8.924950181612597e-09,(1406.763322763641+0j)
-16.68790998670368,48.73285710521537,0.10299853181339828,(-2348841.0830907505+4161902.3769975584j),48.73285710521537,0.10299853181339828,(-2348841.0830907505-4161902.3769975584j),48.74590987339132,0.09946512698127533,(4696275.402858737+0j),49.89432800282322,8.924950181612597e-09,(1406.763322763641+0j)
-16.670215030870775,48.72139690794157,0.10299853181339828,(-2348841.0830907505+4161902.3769975584j),48.72139690794157,0.10299853181339828,(-2348841.0830907505-4161902.3769975584j),48.73384272205849,0.09946512698127533,(4696275.402858737+0j),49.894327178764115,8.924950181612597e-09,(1406.763322763641+0j)
-16.652520075037867,48.710207134942195,0.10299853181339828,(-2348841.0830907505+4161902.3769975584j),48.710207134942195,0.10299853181339828,(-2348841.0830907505-4161902.3769975584j),48.72206010453497,0.09946512698127533,(4696275.402858737+0j),49.89432631350282,8.924950181612597e-09,(1406.763322763641+0j)
-16.634825119204958,48.6992880651385,0.10299853181339828,(-2348841.0830907505+4161902.3769975584j),48.6992880651385,0.10299853181339828,(-2348841.0830907505-4161902.3769975584j),48.71056232472798,0.09946512698127533,(4696275.402858737+0j),49.89432540387003,8.924950181612597e-09,(1406.763322763641+0j)
-16.61713016337205,48.68863997773807,0.10299853181339828,(-2348841.0830907505+4161902.3769975584j),48.68863997773807,0.10299853181339828,(-2348841.0830907505-4161902.3769975584j),48.69934968686779,0.09946512698127533,(4696275.402858737+0j),49.89432444636277,8.924950181612597e-09,(1406.763322763641+0j)
-16.59943520753914,48.678263152235196,0.10299853181339828,(-2348841.0830907505+4161902.3769975584j),48.678263152235196,0.10299853181339828,(-2348841.0830907505-4161902.3769975584j),48.688422495508085,0.09946512698127533,(4696275.402858737+0j),49.894323437099416,8.924950181612597e-09,(1406.763322763641+0j)
-16.581740251706233,48.66815786841116,0.10299853181339828,(-2348841.0830907505+4161902.3769975584j),48.66815786841116,0.10299853181339828,(-2348841.0830907505-4161902.3769975584j),48.677781055526374,0.09946512698127533,(4696275.402858737+0j),49.89432237176706,8.924950181612597e-09,(1406.763322763641+0j)
-16.564045295873324,48.65832440633457,0.10299853181339828,(-2348841.0830907505+4161902.3769975584j),48.65832440633457,0.10299853181339828,(-2348841.0830907505-4161902.3769975584j),48.66742567212432,0.09946512698127533,(4696275.402858737+0j),49.89432124555989,8.924950181612597e-09,(1406.763322763641+0j)
-16.546350340040416,48.64876304636171,0.10299853181339828,(-2348841.0830907505+4161902.3769975584j),48.64876304636171,0.10299853181339828,(-2348841.0830907505-4161902.3769975584j),48.65735665082817,0.09946512698127533,(4696275.402858737+0j),49.8943200531067,8.924950181612597e-09,(1406.763322763641+0j)
-16.52865538420751,48.639474069136845,0.10299853181339828,(-2348841.0830907505+4161902.3769975584j),48.639474069136845,0.10299853181339828,(-2348841.0830907505-4161902.3769975584j),48.64757429748915,0.09946512698127533,(4696275.402858737+0j),49.89431878838529,8.924950181612597e-09,(1406.763322763641+0j)
-16.510960428374602,48.630457755592545,0.10299853181339828,(-2348841.0830907505+4161902.3769975584j),48.630457755592545,0.10299853181339828,(-2348841.0830907505-4161902.3769975584j),48.638078918283774,0.09946512698127533,(4696275.402858737+0j),49.894317444620654,8.924950181612597e-09,(1406.763322763641+0j)
-16.493265472541694,48.62171438695003,0.10299853181339828,(-2348841.0830907505+4161902.3769975584j),48.62171438695003,0.10299853181339828,(-2348841.0830907505-4161902.3769975584j),48.628870819714315,0.09946512698127533,(4696275.402858737+0j),49.89431601416364,8.924950181612597e-09,(1406.763322763641+0j)
-16.475570516708785,48.61324424471952,0.10299853181339828,(-2348841.0830907505+4161902.3769975584j),48.61324424471952,0.10299853181339828,(-2348841.0830907505-4161902.3769975584j),48.61995030860913,0.09946512698127533,(4696275.402858737+0j),49.89431448834522,8.924950181612597e-09,(1406.763322763641+0j)
-16.457875560875873,48.6050476107005,0.10299853181339828,(-2348841.0830907505+4161902.3769975584j),48.6050476107005,0.10299853181339828,(-2348841.0830907505-4161902.3769975584j),48.61131769212307,0.09946512698127533,(4696275.402858737+0j),49.89431285730071,8.924950181612597e-09,(1406.763322763641+0j)
-16.440180605042965,48.59712476698212,0.10299853181339828,(-2348841.0830907505+4161902.3769975584j),48.59712476698212,0.10299853181339828,(-2348841.0830907505-4161902.3769975584j),48.60297327773787,0.09946512698127533,(4696275.402858737+0j),49.89431110975615,8.924950181612597e-09,(1406.763322763641+0j)
-16.422485649210056,48.58947599594347,0.10299853181339828,(-2348841.0830907505+4161902.3769975584j),48.58947599594347,0.10299853181339828,(-2348841.0830907505-4161902.3769975584j),48.59491737326251,0.09946512698127533,(4696275.402858737+0j),49.89430923276749,8.924950181612597e-09,(1406.763322763641+0j)
-16.40479069337715,48.582101580253955,0.10299853181339828,(-2348841.0830907505+4161902.3769975584j),48.582101580253955,0.10299853181339828,(-2348841.0830907505-4161902.3769975584j),48.587150286833655,0.09946512698127533,(4696275.402858737+0j),49.89430721139928,8.924950181612597e-09,(1406.763322763641+0j)
-16.387095737544243,48.5750018028736,0.10299853181339828,(-2348841.0830907505+4161902.3769975584j),48.5750018028736,0.10299853181339828,(-2348841.0830907505-4161902.3769975584j),48.57967232691595,0.09946512698127533,(4696275.402858737+0j),49.89430502832651,8.924950181612597e-09,(1406.763322763641+0j)
-16.369400781711335,48.56817694705339,0.10299853181339828,(-2348841.0830907505+4161902.3769975584j),48.56817694705339,0.10299853181339828,(-2348841.0830907505-4161902.3769975584j),48.57248380230251,0.09946512698127533,(4696275.402858737+0j),49.89430266333673,8.924950181612597e-09,(1406.763322763641+0j)
-16.351705825878426,48.56162729633559,0.10299853181339828,(-2348841.0830907505+4161902.3769975584j),48.56162729633559,0.10299853181339828,(-2348841.0830907505-4161902.3769975584j),48.565585022115236,0.09946512698127533,(4696275.402858737+0j),49.894300092702444,8.924950181612597e-09,(1406.763322763641+0j)
-16.334010870045518,48.55535313455411,0.10299853181339828,(-2348841.0830907505+4161902.3769975584j),48.55535313455411,0.10299853181339828,(-2348841.0830907505-4161902.3769975584j),48.558976295805245,0.09946512698127533,(4696275.402858737+0j),49.89429728838216,8.924950181612597e-09,(1406.763322763641+0j)
-16.31631591421261,48.5493547458348,0.10299853181339828,(-2348841.0830907505+4161902.3769975584j),48.5493547458348,0.10299853181339828,(-2348841.0830907505-4161902.3769975584j),48.55265793315325,0.09946512698127533,(4696275.402858737+0j),49.89429421699339,8.924950181612597e-09,(1406.763322763641+0j)
-16.2986209583797,48.5436324145958,0.10299853181339828,(-2348841.0830907505+4161902.3769975584j),48.5436324145958,0.10299853181339828,(-2348841.0830907505-4161902.3769975584j),48.54663024426991,0.09946512698127533,(4696275.402858737+0j),49.894290838477346,8.924950181612597e-09,(1406.763322763641+0j)
-16.280926002546792,48.538186425547885,0.10299853181339828,(-2348841.0830907505+4161902.3769975584j),48.538186425547885,0.10299853181339828,(-2348841.0830907505-4161902.3769975584j),48.540893539596304,0.09946512698127533,(4696275.402858737+0j),49.8942871043422,8.924950181612597e-09,(1406.763322763641+0j)
-16.263231046713887,48.53301706369478,0.10299853181339828,(-2348841.0830907505+4161902.3769975584j),48.53301706369478,0.10299853181339828,(-2348841.0830907505-4161902.3769975584j),48.535448129904225,0.09946512698127533,(4696275.402858737+0j),49.89428295532059,8.924950181612597e-09,(1406.763322763641+0j)
-16.24553609088098,48.528124614333514,0.10299853181339828,(-2348841.0830907505+4161902.3769975584j),48.528124614333514,0.10299853181339828,(-2348841.0830907505-4161902.3769975584j),48.530294326296634,0.09946512698127533,(4696275.402858737+0j),49.894278318200506,8.924950181612597e-09,(1406.763322763641+0j)
-16.22784113504807,48.52350936305473,0.10299853181339828,(-2348841.0830907505+4161902.3769975584j),48.52350936305473,0.10299853181339828,(-2348841.0830907505-4161902.3769975584j),48.52543244020806,0.09946512698127533,(4696275.402858737+0j),49.894273101467824,8.924950181612597e-09,(1406.763322763641+0j)
-16.21014617921516,48.51917159574303,0.10299853181339828,(-2348841.0830907505+4161902.3769975584j),48.51917159574303,0.10299853181339828,(-2348841.0830907505-4161902.3769975584j),48.520862783404944,0.09946512698127533,(4696275.402858737+0j),49.89426718920586,8.924950181612597e-09,(1406.763322763641+0j)
-16.192451223382253,48.51511159857735,0.10299853181339828,(-2348841.0830907505+4161902.3769975584j),48.51511159857735,0.10299853181339828,(-2348841.0830907505-4161902.3769975584j),48.51658566798605,0.09946512698127533,(4696275.402858737+0j),49.8942604323807,8.924950181612597e-09,(1406.763322763641+0j)
-16.174756267549345,48.51132965803123,0.10299853181339828,(-2348841.0830907505+4161902.3769975584j),48.51132965803123,0.10299853181339828,(-2348841.0830907505-4161902.3769975584j),48.51260140638289,0.09946512698127533,(4696275.402858737+0j),49.89425263610446,8.924950181612597e-09,(1406.763322763641+0j)
-16.157061311716436,48.50782606087319,0.10299853181339828,(-2348841.0830907505+4161902.3769975584j),48.50782606087319,0.10299853181339828,(-2348841.0830907505-4161902.3769975584j),48.50891031136008,0.09946512698127533,(4696275.402858737+0j),49.89424354053076,8.924950181612597e-09,(1406.763322763641+0j)
-16.13936635588353,48.504601094167086,0.10299853181339828,(-2348841.0830907505+4161902.3769975584j),48.504601094167086,0.10299853181339828,(-2348841.0830907505-4161902.3769975584j),48.50551269601574,0.09946512698127533,(4696275.402858737+0j),49.89423279133013,8.924950181612597e-09,(1406.763322763641+0j)
-16.121671400050623,48.50165504527237,0.10299853181339828,(-2348841.0830907505+4161902.3769975584j),48.50165504527237,0.10299853181339828,(-2348841.0830907505-4161902.3769975584j),48.502408873781924,0.09946512698127533,(4696275.402858737+0j),49.89421989245202,8.924950181612597e-09,(1406.763322763641+0j)
-16.10397644421771,48.49898820184454,0.10299853181339828,(-2348841.0830907505+4161902.3769975584j),48.49898820184454,0.10299853181339828,(-2348841.0830907505-4161902.3769975584j),48.49959915842495,0.09946512698127533,(4696275.402858737+0j),49.8942041273975,8.924950181612597e-09,(1406.763322763641+0j)
-16.086281488384802,48.49660085183538,0.10299853181339828,(-2348841.0830907505+4161902.3769975584j),48.49660085183538,0.10299853181339828,(-2348841.0830907505-4161902.3769975584j),48.49708386404587,0.09946512698127533,(4696275.402858737+0j),49.894184421452046,8.924950181612597e-09,(1406.763322763641+0j)
-16.068586532551894,48.49449328349336,0.10299853181339828,(-2348841.0830907505+4161902.3769975584j),48.49449328349336,0.10299853181339828,(-2348841.0830907505-4161902.3769975584j),48.4948633050808,0.09946512698127533,(4696275.402858737+0j),49.89415908584494,8.924950181612597e-09,(1406.763322763641+0j)
-16.050891576718985,48.49266578536395,0.10299853181339828,(-2348841.0830907505+4161902.3769975584j),48.49266578536395,0.10299853181339828,(-2348841.0830907505-4161902.3769975584j),48.492937796301376,0.09946512698127533,(4696275.402858737+0j),49.89412530610027,8.924950181612597e-09,(1406.763322763641+0j)
-16.033196620886077,48.49111864628995,0.10299853181339828,(-2348841.0830907505+4161902.3769975584j),48.49111864628995,0.10299853181339828,(-2348841.0830907505-4161902.3769975584j),48.49130765281512,0.09946512698127533,(4696275.402858737+0j),49.89407801650205,8.924950181612597e-09,(1406.763322763641+0j)
-16.01550166505317,48.48985215541186,0.10299853181339828,(-2348841.0830907505+4161902.3769975584j),48.48985215541186,0.10299853181339828,(-2348841.0830907505-4161902.3769975584j),48.489973190065804,0.09946512698127533,(4696275.402858737+0j),49.89400708657631,8.924950181612597e-09,(1406.763322763641+0j)
-15.997806709220262,48.48886660216821,0.10299853181339828,(-2348841.0830907505+4161902.3769975584j),48.48886660216821,0.10299853181339828,(-2348841.0830907505-4161902.3769975584j),48.48893472383395,0.09946512698127533,(4696275.402858737+0j),49.893888881956364,8.924950181612597e-09,(1406.763322763641+0j)
-15.980111753387353,48.48816227629588,0.10299853181339828,(-2348841.0830907505+4161902.3769975584j),48.48816227629588,0.10299853181339828,(-2348841.0830907505-4161902.3769975584j),48.48819257023711,0.09946512698127533,(4696275.402858737+0j),49.893652517418516,8.924950181612597e-09,(1406.763322763641+0j)
-15.962416797554447,48.48773946783048,0.10299853181339828,(-2348841.0830907505+4161902.3769975584j),48.48773946783048,0.10299853181339828,(-2348841.0830907505-4161902.3769975584j),48.48774704573036,0.09946512698127533,(4696275.402858737+0j),49.89294378124099,8.924950181612597e-09,(1406.763322763641+0j)
-15.944721841721538,48.48759846710664,0.1647858814308488,(5161095.560877204+0j),48.46362249828392,0.168701232516339,(-2580899.468791782+4539687.706252835j),48.46362249828392,0.168701232516339,(-2580899.468791782-4539687.706252835j),48.48759846710664,3.060639381809878e-09,(703.3767063673527+0j)
-15.944721841721538,48.48759846710664,0.10299853181339828,(-2348841.0830907505+4161902.3769975584j),48.48759846710664,0.10299853181339828,(-2348841.0830907505-4161902.3769975584j),48.48759846710664,0.09946512698127533,(4696275.402858737+0j),48.48759846710664,8.924950181612597e-09,(1406.763322763641+0j)
-15.925060779684975,48.47362322516506,0.1647858814308488,(5161095.560877204+0j),48.450120027581555,0.168701232516339,(-2580899.468791782+4539687.706252835j),48.450120027581555,0.168701232516339,(-2580899.468791782-4539687.706252835j),48.48759844453517,3.060639381809878e-09,(703.3767063673527+0j)
-15.90539971764841,48.459784968765824,0.1647858814308488,(5161095.560877204+0j),48.436750016855335,0.168701232516339,(-2580899.468791782+4539687.706252835j),48.436750016855335,0.168701232516339,(-2580899.468791782-4539687.706252835j),48.48759842149831,3.060639381809878e-09,(703.3767063673527+0j)
-15.885738655611846,48.44608379603566,0.1647858814308488,(5161095.560877204+0j),48.423512558786086,0.168701232516339,(-2580899.468791782+4539687.706252835j),48.423512558786086,0.168701232516339,(-2580899.468791782-4539687.706252835j),48.48759839798152,3.060639381809878e-09,(703.3767063673527+0j)
-15.866077593575278,48.43251980517105,0.1647858814308488,(5161095.560877204+0j),48.41040774611902,0.168701232516339,(-2580899.468791782+4539687.706252835j),48.41040774611902,0.168701232516339,(-2580899.468791782-4539687.706252835j),48.48759837396964,3.060639381809878e-09,(703.3767063673527+0j)
-15.846416531538715,48.41909309443829,0.1647858814308488,(5161095.560877204+0j),48.39743567166372,0.168701232516339,(-2580899.468791782+4539687.706252835j),48.39743567166372,0.168701232516339,(-2580899.468791782-4539687.706252835j),48.48759834944686,3.060639381809878e-09,(703.3767063673527+0j)
-15.82675546950215,48.40580376217349,0.1647858814308488,(5161095.560877204+0j),48.38459642829424,0.168701232516339,(-2580899.468791782+4539687.706252835j),48.38459642829424,0.168701232516339,(-2580899.468791782-4539687.706252835j),48.48759832439672,3.060639381809878e-09,(703.3767063673527+0j)
-15.807094407465586,48.3926519067827,0.1647858814308488,(5161095.560877204+0j),48.37189010894912,0.168701232516339,(-2580899.468791782+4539687.706252835j),48.37189010894912,0.168701232516339,(-2580899.468791782-4539687.706252835j),48.48759829880201,3.060639381809878e-09,(703.3767063673527+0j)
-15.787433345429022,48.37963762674192,0.1647858814308488,(5161095.560877204+0j),48.359316806631455,0.168701232516339,(-2580899.468791782+4539687.706252835j),48.359316806631455,0.168701232516339,(-2580899.468791782-4539687.706252835j),48.48759827264478,3.060639381809878e-09,(703.3767063673527+0j)
-15.767772283392455,48.36676102059713,0.1647858814308488,(5161095.560877204+0j),48.34687661440894,0.168701232516339,(-2580899.468791782+4539687.706252835j),48.34687661440894,0.168701232516339,(-2580899.468791782-4539687.706252835j),48.487598245906284,3.060639381809878e-09,(703.3767063673527+0j)
-15.74811122135589,48.35402218696442,0.1647858814308488,(5161095.560877204+0j),48.334569625413906,0.168701232516339,(-2580899.468791782+4539687.706252835j),48.334569625413906,0.168701232516339,(-2580899.468791782-4539687.706252835j),48.48759821856692,3.060639381809878e-09,(703.3767063673527+0j)
-15.728450159319326,48.341421224529995,0.1647858814308488,(5161095.560877204+0j),48.322395932843406,0.168701232516339,(-2580899.468791782+4539687.706252835j),48.322395932843406,0.168701232516339,(-2580899.468791782-4539687.706252835j),48.487598190606214,3.060639381809878e-09,(703.3767063673527+0j)
-15.708789097282763,48.328958232050226,0.1647858814308488,(5161095.560877204+0j),48.31035562995921,0.168701232516339,(-2580899.468791782+4539687.706252835j),48.31035562995921,0.168701232516339,(-2580899.468791782-4539687.706252835j),48.48759816200273,3.060639381809878e-09,(703.3767063673527+0j)
-15.689128035246199,48.316633308351726,0.1647858814308488,(5161095.560877204+0j),48.29844881008792,0.168701232516339,(-2580899.468791782+4539687.706252835j),48.29844881008792,0.168701232516339,(-2580899.468791782-4539687.706252835j),48.48759813273405,3.060639381809878e-09,(703.3767063673527+0j)
-15.66946697320963,48.304446552331406,0.1647858814308488,(5161095.560877204+0j),48.28667556662096,0.168701232516339,(-2580899.468791782+4539687.706252835j),48.28667556662096,0.168701232516339,(-2580899.468791782-4539687.706252835j),48.487598102776694,3.060639381809878e-09,(703.3767063673527+0j)
-15.649805911173067,48.29239806295652,0.1647858814308488,(5161095.560877204+0j),48.275035993014654,0.168701232516339,(-2580899.468791782+4539687.706252835j),48.275035993014654,0.168701232516339,(-2580899.468791782-4539687.706252835j),48.487598072106074,3.060639381809878e-09,(703.3767063673527+0j)
-15.630144849136503,48.28048793926472,0.1647858814308488,(5161095.560877204+0j),48.263530182790284,0.168701232516339,(-2580899.468791782+4539687.706252835j),48.263530182790284,0.168701232516339,(-2580899.468791782-4539687.706252835j),48.487598040696405,3.060639381809878e-09,(703.3767063673527+0j)
-15.61048378709994,48.26871628036412,0.1647858814308488,(5161095.560877204+0j),48.252158229534125,0.168701232516339,(-2580899.468791782+4539687.706252835j),48.252158229534125,0.168701232516339,(-2580899.468791782-4539687.706252835j),48.487598008520656,3.060639381809878e-09,(703.3767063673527+0j)
-15.590822725063374,48.25708318543333,0.1647858814308488,(5161095.560877204+0j),48.24092022689751,0.168701232516339,(-2580899.468791782+4539687.706252835j),48.24092022689751,0.168701232516339,(-2580899.468791782-4539687.706252835j),48.487597975550436,3.060639381809878e-09,(703.3767063673527+0j)
-15.571161663026809,48.245588753721556,0.1647858814308488,(5161095.560877204+0j),48.22981626859684,0.168701232516339,(-2580899.468791782+4539687.706252835j),48.22981626859684,0.168701232516339,(-2580899.468791782-4539687.706252835j),48.487597941755965,3.060639381809878e-09,(703.3767063673527+0j)
-15.551500600990245,48.234233084548606,0.1647858814308488,(5161095.560877204+0j),48.21884644841371,0.168701232516339,(-2580899.468791782+4539687.706252835j),48.21884644841371,0.168701232516339,(-2580899.468791782-4539687.706252835j),48.48759790710594,3.060639381809878e-09,(703.3767063673527+0j)
-15.531839538953681,48.22301627730498,0.1647858814308488,(5161095.560877204+0j),48.20801086019487,0.168701232516339,(-2580899.468791782+4539687.706252835j),48.20801086019487,0.168701232516339,(-2580899.468791782-4539687.706252835j),48.48759787156746,3.060639381809878e-09,(703.3767063673527+0j)
-15.512178476917114,48.211938431451905,0.1647858814308488,(5161095.560877204+0j),48.19730959785234,0.168701232516339,(-2580899.468791782+4539687.706252835j),48.19730959785234,0.168701232516339,(-2580899.468791782-4539687.706252835j),48.4875978351059,3.060639381809878e-09,(703.3767063673527+0j)
-15.49251741488055,48.20099964652141,0.1647858814308488,(5161095.560877204+0j),48.18674275536345,0.168701232516339,(-2580899.468791782+4539687.706252835j),48.18674275536345,0.168701232516339,(-2580899.468791782-4539687.706252835j),48.48759779768483,3.060639381809878e-09,(703.3767063673527+0j)
-15.472856352843987,48.190200022116365,0.1647858814308488,(5161095.560877204+0j),48.17631042677085,0.168701232516339,(-2580899.468791782+4539687.706252835j),48.17631042677085,0.168701232516339,(-2580899.468791782-4539687.706252835j),48.48759775926587,3.060639381809878e-09,(703.3767063673527+0j)
-15.453195290807422,48.17953965791054,0.1647858814308488,(5161095.560877204+0j),48.16601270618261,0.168701232516339,(-2580899.468791782+4539687.706252835j),48.16601270618261,0.168701232516339,(-2580899.468791782-4539687.706252835j),48.48759771980856,3.060639381809878e-09,(703.3767063673527+0j)
-15.433534228770856,48.16901865364866,0.1647858814308488,(5161095.560877204+0j),48.15584968777226,0.168701232516339,(-2580899.468791782+4539687.706252835j),48.15584968777226,0.168701232516339,(-2580899.468791782-4539687.706252835j),48.48759767927024,3.060639381809878e-09,(703.3767063673527+0j)
-15.413873166734291,48.158637109146504,0.1647858814308488,(5161095.560877204+0j),48.1458214657788,0.168701232516339,(-2580899.468791782+4539687.706252835j),48.1458214657788,0.168701232516339,(-2580899.468791782-4539687.706252835j),48.487597637605845,3.060639381809878e-09,(703.3767063673527+0j)
-15.394212104697727,48.14839512429086,0.1647858814308488,(5161095.560877204+0j),48.13592813450681,0.168701232516339,(-2580899.468791782+4539687.706252835j),48.13592813450681,0.168701232516339,(-2580899.468791782-4539687.706252835j),48.48759759476781,3.060639381809878e-09,(703.3767063673527+0j)
-15.374551042661164,48.13829279903968,0.1647858814308488,(5161095.560877204+0j),48.12616978832647,0.168701232516339,(-2580899.468791782+4539687.706252835j),48.12616978832647,0.168701232516339,(-2580899.468791782-4539687.706252835j),48.48759755070585,3.060639381809878e-09,(703.3767063673527+0j)
-15.354889980624597,48.12833023342211,0.1647858814308488,(5161095.560877204+0j),48.11654652167359,0.168701232516339,(-2580899.468791782+4539687.706252835j),48.11654652167359,0.168701232516339,(-2580899.468791782-4539687.706252835j),48.48759750536672,3.060639381809878e-09,(703.3767063673527+0j)
-15.335228918588033,48.118507527538526,0.1647858814308488,(5161095.560877204+0j),48.1070584290497,0.168701232516339,(-2580899.468791782+4539687.706252835j),48.1070584290497,0.168701232516339,(-2580899.468791782-4539687.706252835j),48.487597458694104,3.060639381809878e-09,(703.3767063673527+0j)
-15.31556785655147,48.10882478156058,0.1647858814308488,(5161095.560877204+0j),48.09770560502208,0.168701232516339,(-2580899.468791782+4539687.706252835j),48.09770560502208,0.168701232516339,(-2580899.468791782-4539687.706252835j),48.487597410628275,3.060639381809878e-09,(703.3767063673527+0j)
-15.295906794514904,48.0992820957313,0.1647858814308488,(5161095.560877204+0j),48.08848814422382,0.168701232516339,(-2580899.468791782+4539687.706252835j),48.08848814422382,0.168701232516339,(-2580899.468791782-4539687.706252835j),48.48759736110591,3.060639381809878e-09,(703.3767063673527+0j)
-15.276245732478339,48.089879570365106,0.1647858814308488,(5161095.560877204+0j),48.079406141353864,0.168701232516339,(-2580899.468791782+4539687.706252835j),48.079406141353864,0.168701232516339,(-2580899.468791782-4539687.706252835j),48.48759731005978,3.060639381809878e-09,(703.3767063673527+0j)
-15.256584670441775,48.0806173058479,0.1647858814308488,(5161095.560877204+0j),48.070459691177064,0.168701232516339,(-2580899.468791782+4539687.706252835j),48.070459691177064,0.168701232516339,(-2580899.468791782-4539687.706252835j),48.48759725741847,3.060639381809878e-09,(703.3767063673527+0j)
-15.23692360840521,48.07149540263712,0.1647858814308488,(5161095.560877204+0j),48.061648888524225,0.168701232516339,(-2580899.468791782+4539687.706252835j),48.061648888524225,0.168701232516339,(-2580899.468791782-4539687.706252835j),48.48759720310601,3.060639381809878e-09,(703.3767063673527+0j)
-15.217262546368644,48.062513961261736,0.1647858814308488,(5161095.560877204+0j),48.05297382829216,0.168701232516339,(-2580899.468791782+4539687.706252835j),48.05297382829216,0.168701232516339,(-2580899.468791782-4539687.706252835j),48.487597147041555,3.060639381809878e-09,(703.3767063673527+0j)
-15.19760148433208,48.05367308232239,0.1647858814308488,(5161095.560877204+0j),48.04443460544374,0.168701232516339,(-2580899.468791782+4539687.706252835j),48.04443460544374,0.168701232516339,(-2580899.468791782-4539687.706252835j),48.487597089138916,3.060639381809878e-09,(703.3767063673527+0j)
-15.177940422295515,48.04497286649141,0.1647858814308488,(5161095.560877204+0j),48.03603131500796,0.168701232516339,(-2580899.468791782+4539687.706252835j),48.03603131500796,0.168701232516339,(-2580899.468791782-4539687.706252835j),48.4875970293062,3.060639381809878e-09,(703.3767063673527+0j)
-15.158279360258952,48.03641341451287,0.1647858814308488,(5161095.560877204+0j),48.02776405207996,0.168701232516339,(-2580899.468791782+4539687.706252835j),48.02776405207996,0.168701232516339,(-2580899.468791782-4539687.706252835j),48.487596967445256,3.060639381809878e-09,(703.3767063673527+0j)
-15.138618298222386,48.02799482720264,0.1647858814308488,(5161095.560877204+0j),48.019632911821105,0.168701232516339,(-2580899.468791782+4539687.706252835j),48.019632911821105,0.168701232516339,(-2580899.468791782-4539687.706252835j),48.48759690345119,3.060639381809878e-09,(703.3767063673527+0j)
-15.118957236185821,48.01971720544846,0.1647858814308488,(5161095.560877204+0j),48.01163798945901,0.168701232516339,(-2580899.468791782+4539687.706252835j),48.01163798945901,0.168701232516339,(-2580899.468791782-4539687.706252835j),48.48759683721173,3.060639381809878e-09,(703.3767063673527+0j)
-15.099296174149258,48.01158065020999,0.1647858814308488,(5161095.560877204+0j),48.00377938028763,0.168701232516339,(-2580899.468791782+4539687.706252835j),48.00377938028763,0.168701232516339,(-2580899.468791782-4539687.706252835j),48.487596768606586,3.060639381809878e-09,(703.3767063673527+0j)
-15.079635112112692,48.003585262518875,0.1647858814308488,(5161095.560877204+0j),47.996057179667254,0.168701232516339,(-2580899.468791782+4539687.706252835j),47.996057179667254,0.168701232516339,(-2580899.468791782-4539687.706252835j),48.48759669750672,3.060639381809878e-09,(703.3767063673527+0j)
-15.059974050076127,47.99573114347878,0.1647858814308488,(5161095.560877204+0j),47.98847148302461,0.168701232516339,(-2580899.468791782+4539687.706252835j),47.98847148302461,0.168701232516339,(-2580899.468791782-4539687.706252835j),48.487596623773534,3.060639381809878e-09,(703.3767063673527+0j)
-15.040312988039563,47.98801839426545,0.1647858814308488,(5161095.560877204+0j),47.98102238585289,0.168701232516339,(-2580899.468791782+4539687.706252835j),47.98102238585289,0.168701232516339,(-2580899.468791782-4539687.706252835j),48.48759654725798,3.060639381809878e-09,(703.3767063673527+0j)
-15.020651926002998,47.98044711612681,0.1647858814308488,(5161095.560877204+0j),47.97370998371181,0.168701232516339,(-2580899.468791782+4539687.706252835j),47.97370998371181,0.168701232516339,(-2580899.468791782-4539687.706252835j),48.48759646779953,3.060639381809878e-09,(703.3767063673527+0j)
-15.000990863966434,47.97301741038296,0.1647858814308488,(5161095.560877204+0j),47.96653437222764,0.168701232516339,(-2580899.468791782+4539687.706252835j),47.96653437222764,0.168701232516339,(-2580899.468791782-4539687.706252835j),48.487596385225075,3.060639381809878e-09,(703.3767063673527+0j)
-14.981329801929869,47.96572937842626,0.1647858814308488,(5161095.560877204+0j),47.95949564709331,0.168701232516339,(-2580899.468791782+4539687.706252835j),47.95949564709331,0.168701232516339,(-2580899.468791782-4539687.706252835j),48.48759629934766,3.060639381809878e-09,(703.3767063673527+0j)
-14.961668739893303,47.95858312172141,0.1647858814308488,(5161095.560877204+0j),47.95259390406838,0.168701232516339,(-2580899.468791782+4539687.706252835j),47.95259390406838,0.168701232516339,(-2580899.468791782-4539687.706252835j),48.487596209965055,3.060639381809878e-09,(703.3767063673527+0j)
-14.94200767785674,47.95157874180548,0.1647858814308488,(5161095.560877204+0j),47.94582923897917,0.168701232516339,(-2580899.468791782+4539687.706252835j),47.94582923897917,0.168701232516339,(-2580899.468791782-4539687.706252835j),48.4875961168582,3.060639381809878e-09,(703.3767063673527+0j)
-14.922346615820176,47.944716340287954,0.1647858814308488,(5161095.560877204+0j),47.93920174771877,0.168701232516339,(-2580899.468791782+4539687.706252835j),47.93920174771877,0.168701232516339,(-2580899.468791782-4539687.706252835j),48.487596019789365,3.060639381809878e-09,(703.3767063673527+0j)
-14.90268555378361,47.937996018850825,0.1647858814308488,(5161095.560877204+0j),47.93271152624708,0.168701232516339,(-2580899.468791782+4539687.706252835j),47.93271152624708,0.168701232516339,(-2580899.468791782-4539687.706252835j),48.487595918500176,3.060639381809878e-09,(703.3767063673527+0j)
-14.883024491747046,47.931417879248635,0.1647858814308488,(5161095.560877204+0j),47.926358670590915,0.168701232516339,(-2580899.468791782+4539687.706252835j),47.926358670590915,0.168701232516339,(-2580899.468791782-4539687.706252835j),48.48759581270926,3.060639381809878e-09,(703.3767063673527+0j)
-14.863363429710482,47.92498202330851,0.1647858814308488,(5161095.560877204+0j),47.92014327684401,0.168701232516339,(-2580899.468791782+4539687.706252835j),47.92014327684401,0.168701232516339,(-2580899.468791782-4539687.706252835j),48.4875957021097,3.060639381809878e-09,(703.3767063673527+0j)
-14.843702367673917,47.91868855293028,0.1647858814308488,(5161095.560877204+0j),47.914065441167054,0.168701232516339,(-2580899.468791782+4539687.706252835j),47.914065441167054,0.168701232516339,(-2580899.468791782-4539687.706252835j),48.487595586366,3.060639381809878e-09,(703.3767063673527+0j)
-14.824041305637351,47.912537570086435,0.1647858814308488,(5161095.560877204+0j),47.908125259787816,0.168701232516339,(-2580899.468791782+4539687.706252835j),47.908125259787816,0.168701232516339,(-2580899.468791782-4539687.706252835j),48.487595465110715,3.060639381809878e-09,(703.3767063673527+0j)
-14.804380243600788,47.90652917682231,0.1647858814308488,(5161095.560877204+0j),47.90232282900114,0.168701232516339,(-2580899.468791782+4539687.706252835j),47.90232282900114,0.168701232516339,(-2580899.468791782-4539687.706252835j),48.48759533794058,3.060639381809878e-09,(703.3767063673527+0j)
-14.784719181564222,47.90066347525602,0.1647858814308488,(5161095.560877204+0j),47.896658245169014,0.168701232516339,(-2580899.468791782+4539687.706252835j),47.896658245169014,0.168701232516339,(-2580899.468791782-4539687.706252835j),48.487595204411974,3.060639381809878e-09,(703.3767063673527+0j)
-14.765058119527659,47.89494056757861,0.1647858814308488,(5161095.560877204+0j),47.8911316047206,0.168701232516339,(-2580899.468791782+4539687.706252835j),47.8911316047206,0.168701232516339,(-2580899.468791782-4539687.706252835j),48.4875950640358,3.060639381809878e-09,(703.3767063673527+0j)
-14.745397057491092,47.88936055605405,0.1647858814308488,(5161095.560877204+0j),47.88574300415231,0.168701232516339,(-2580899.468791782+4539687.706252835j),47.88574300415231,0.168701232516339,(-2580899.468791782-4539687.706252835j),48.48759491627144,3.060639381809878e-09,(703.3767063673527+0j)
-14.725735995454528,47.88392354301934,0.1647858814308488,(5161095.560877204+0j),47.88049254002788,0.168701232516339,(-2580899.468791782+4539687.706252835j),47.88049254002788,0.168701232516339,(-2580899.468791782-4539687.706252835j),48.48759476051987,3.060639381809878e-09,(703.3767063673527+0j)
-14.706074933417964,47.87862963088453,0.1647858814308488,(5161095.560877204+0j),47.875380308978364,0.168701232516339,(-2580899.468791782+4539687.706252835j),47.875380308978364,0.168701232516339,(-2580899.468791782-4539687.706252835j),48.487594596115486,3.060639381809878e-09,(703.3767063673527+0j)
-14.686413871381399,47.87347892213282,0.1647858814308488,(5161095.560877204+0j),47.87040640770222,0.168701232516339,(-2580899.468791782+4539687.706252835j),47.87040640770222,0.168701232516339,(-2580899.468791782-4539687.706252835j),48.48759442231663,3.060639381809878e-09,(703.3767063673527+0j)
-14.666752809344834,47.86847151932055,0.1647858814308488,(5161095.560877204+0j),47.86557093296538,0.168701232516339,(-2580899.468791782+4539687.706252835j),47.86557093296538,0.168701232516339,(-2580899.468791782-4539687.706252835j),48.48759423829439,3.060639381809878e-09,(703.3767063673527+0j)
-14.64709174730827,47.86360752507734,0.1647858814308488,(5161095.560877204+0j),47.86087398160126,0.168701232516339,(-2580899.468791782+4539687.706252835j),47.86087398160126,0.168701232516339,(-2580899.468791782-4539687.706252835j),48.48759404311936,3.060639381809878e-09,(703.3767063673527+0j)
-14.627430685271705,47.85888704210609,0.1647858814308488,(5161095.560877204+0j),47.85631565051085,0.168701232516339,(-2580899.468791782+4539687.706252835j),47.85631565051085,0.168701232516339,(-2580899.468791782-4539687.706252835j),48.48759383574598,3.060639381809878e-09,(703.3767063673527+0j)
-14.607769623235141,47.85431017318307,0.1647858814308488,(5161095.560877204+0j),47.85189603666273,0.168701232516339,(-2580899.468791782+4539687.706252835j),47.85189603666273,0.168701232516339,(-2580899.468791782-4539687.706252835j),48.48759361499377,3.060639381809878e-09,(703.3767063673527+0j)
-14.588108561198576,47.84987702115796,0.1647858814308488,(5161095.560877204+0j),47.84761523709316,0.168701232516339,(-2580899.468791782+4539687.706252835j),47.84761523709316,0.168701232516339,(-2580899.468791782-4539687.706252835j),48.48759337952487,3.060639381809878e-09,(703.3767063673527+0j)
-14.56844749916201,47.84558768895389,0.1647858814308488,(5161095.560877204+0j),47.84347334890611,0.168701232516339,(-2580899.468791782+4539687.706252835j),47.84347334890611,0.168701232516339,(-2580899.468791782-4539687.706252835j),48.48759312781686,3.060639381809878e-09,(703.3767063673527+0j)
-14.548786437125447,47.841442279567566,0.1647858814308488,(5161095.560877204+0j),47.839470469273316,0.168701232516339,(-2580899.468791782+4539687.706252835j),47.839470469273316,0.168701232516339,(-2580899.468791782-4539687.706252835j),48.48759285812985,3.060639381809878e-09,(703.3767063673527+0j)
-14.529125375088881,47.83744089606924,0.1647858814308488,(5161095.560877204+0j),47.83560669543433,0.168701232516339,(-2580899.468791782+4539687.706252835j),47.83560669543433,0.168701232516339,(-2580899.468791782-4539687.706252835j),48.487592568466205,3.060639381809878e-09,(703.3767063673527+0j)
-14.509464313052316,47.83358364160284,0.1647858814308488,(5161095.560877204+0j),47.831882124696584,0.168701232516339,(-2580899.468791782+4539687.706252835j),47.831882124696584,0.168701232516339,(-2580899.468791782-4539687.706252835j),48.48759225652094,3.060639381809878e-09,(703.3767063673527+0j)
-14.489803251015752,47.82987061938599,0.1647858814308488,(5161095.560877204+0j),47.82829685443543,0.168701232516339,(-2580899.468791782+4539687.706252835j),47.82829685443543,0.168701232516339,(-2580899.468791782-4539687.706252835j),48.487591919620286,3.060639381809878e-09,(703.3767063673527+0j)
-14.470142188979189,47.826301932710095,0.1647858814308488,(5161095.560877204+0j),47.8248509820942,0.168701232516339,(-2580899.468791782+4539687.706252835j),47.8248509820942,0.168701232516339,(-2580899.468791782-4539687.706252835j),48.48759155464485,3.060639381809878e-09,(703.3767063673527+0j)
-14.450481126942622,47.82287768494036,0.1647858814308488,(5161095.560877204+0j),47.82154460518425,0.168701232516339,(-2580899.468791782+4539687.706252835j),47.82154460518425,0.168701232516339,(-2580899.468791782-4539687.706252835j),48.48759115793275,3.060639381809878e-09,(703.3767063673527+0j)
-14.430820064906058,47.819597979515876,0.1647858814308488,(5161095.560877204+0j),47.81837782128504,0.168701232516339,(-2580899.468791782+4539687.706252835j),47.81837782128504,0.168701232516339,(-2580899.468791782-4539687.706252835j),48.48759072515629,3.060639381809878e-09,(703.3767063673527+0j)
-14.411159002869493,47.81646291994971,0.1647858814308488,(5161095.560877204+0j),47.81535072804414,0.168701232516339,(-2580899.468791782+4539687.706252835j),47.81535072804414,0.168701232516339,(-2580899.468791782-4539687.706252835j),48.487590251163475,3.060639381809878e-09,(703.3767063673527+0j)
-14.391497940832929,47.81347260982887,0.1647858814308488,(5161095.560877204+0j),47.81246342317731,0.168701232516339,(-2580899.468791782+4539687.706252835j),47.81246342317731,0.168701232516339,(-2580899.468791782-4539687.706252835j),48.48758972977195,3.060639381809878e-09,(703.3767063673527+0j)
-14.371836878796364,47.81062715281448,0.1647858814308488,(5161095.560877204+0j),47.80971600446859,0.168701232516339,(-2580899.468791782+4539687.706252835j),47.80971600446859,0.168701232516339,(-2580899.468791782-4539687.706252835j),48.487589153497765,3.060639381809878e-09,(703.3767063673527+0j)
-14.352175816759798,47.80792665264175,0.1647858814308488,(5161095.560877204+0j),47.80710856977025,0.168701232516339,(-2580899.468791782+4539687.706252835j),47.80710856977025,0.168701232516339,(-2580899.468791782-4539687.706252835j),48.48758851319395,3.060639381809878e-09,(703.3767063673527+0j)
-14.332514754723235,47.80537121312006,0.1647858814308488,(5161095.560877204+0j),47.80464121700297,0.168701232516339,(-2580899.468791782+4539687.706252835j),47.80464121700297,0.168701232516339,(-2580899.468791782-4539687.706252835j),48.48758779756131,3.060639381809878e-09,(703.3767063673527+0j)
-14.312853692686671,47.80296093813305,0.1647858814308488,(5161095.560877204+0j),47.80231404415579,0.168701232516339,(-2580899.468791782+4539687.706252835j),47.80231404415579,0.168701232516339,(-2580899.468791782-4539687.706252835j),48.4875869924759,3.060639381809878e-09,(703.3767063673527+0j)
-14.293192630650104,47.80069593163863,0.1647858814308488,(5161095.560877204+0j),47.80012714928622,0.168701232516339,(-2580899.468791782+4539687.706252835j),47.80012714928622,0.168701232516339,(-2580899.468791782-4539687.706252835j),48.487586080047436,3.060639381809878e-09,(703.3767063673527+0j)
-14.27353156861354,47.79857629766908,0.1647858814308488,(5161095.560877204+0j),47.79808063052028,0.168701232516339,(-2580899.468791782+4539687.706252835j),47.79808063052028,0.168701232516339,(-2580899.468791782-4539687.706252835j),48.48758503727422,3.060639381809878e-09,(703.3767063673527+0j)
-14.253870506576977,47.7966021403311,0.1647858814308488,(5161095.560877204+0j),47.796174586052544,0.168701232516339,(-2580899.468791782+4539687.706252835j),47.796174586052544,0.168701232516339,(-2580899.468791782-4539687.706252835j),48.48758383407724,3.060639381809878e-09,(703.3767063673527+0j)
-14.234209444540411,47.794773563805826,0.1647858814308488,(5161095.560877204+0j),47.79440911414619,0.168701232516339,(-2580899.468791782+4539687.706252835j),47.79440911414619,0.168701232516339,(-2580899.468791782-4539687.706252835j),48.48758243035133,3.060639381809878e-09,(703.3767063673527+0j)
-14.214548382503846,47.79309067234897,0.1647858814308488,(5161095.560877204+0j),47.79278431313308,0.168701232516339,(-2580899.468791782+4539687.706252835j),47.79278431313308,0.168701232516339,(-2580899.468791782-4539687.706252835j),48.48758077140794,3.060639381809878e-09,(703.3767063673527+0j)
-14.194887320467283,47.791553570290795,0.1647858814308488,(5161095.560877204+0j),47.79130028141379,0.168701232516339,(-2580899.468791782+4539687.706252835j),47.79130028141379,0.168701232516339,(-2580899.468791782-4539687.706252835j),48.48757878068363,3.060639381809878e-09,(703.3767063673527+0j)
-14.175226258430717,47.79016236203623,0.1647858814308488,(5161095.560877204+0j),47.789957117457654,0.168701232516339,(-2580899.468791782+4539687.706252835j),47.789957117457654,0.168701232516339,(-2580899.468791782-4539687.706252835j),48.487576347587606,3.060639381809878e-09,(703.3767063673527+0j)
-14.155565196394154,47.78891715206491,0.1647858814308488,(5161095.560877204+0j),47.78875491980286,0.168701232516339,(-2580899.468791782+4539687.706252835j),47.78875491980286,0.168701232516339,(-2580899.468791782-4539687.706252835j),48.48757330623534,3.060639381809878e-09,(703.3767063673527+0j)
-14.135904134357586,47.78781804493125,0.1647858814308488,(5161095.560877204+0j),47.787693787056455,0.168701232516339,(-2580899.468791782+4539687.706252835j),47.787693787056455,0.168701232516339,(-2580899.468791782-4539687.706252835j),48.48756939595427,3.060639381809878e-09,(703.3767063673527+0j)
-14.116243072321023,47.78686514526447,0.1647858814308488,(5161095.560877204+0j),47.786773817894435,0.168701232516339,(-2580899.468791782+4539687.706252835j),47.786773817894435,0.168701232516339,(-2580899.468791782-4539687.706252835j),48.4875641822969,3.060639381809878e-09,(703.3767063673527+0j)
-14.09658201028446,47.7860585577687,0.1647858814308488,(5161095.560877204+0j),47.78599511106176,0.168701232516339,(-2580899.468791782+4539687.706252835j),47.78599511106176,0.168701232516339,(-2580899.468791782-4539687.706252835j),48.48755688327396,3.060639381809878e-09,(703.3767063673527+0j)
-14.076920948247894,47.78539838722299,0.1647858814308488,(5161095.560877204+0j),47.78535776537245,0.168701232516339,(-2580899.468791782+4539687.706252835j),47.78535776537245,0.168701232516339,(-2580899.468791782-4539687.706252835j),48.4875459349526,3.060639381809878e-09,(703.3767063673527+0j)
-14.057259886211328,47.78488473848142,0.1647858814308488,(5161095.560877204+0j),47.78486187970962,0.168701232516339,(-2580899.468791782+4539687.706252835j),47.78486187970962,0.168701232516339,(-2580899.468791782-4539687.706252835j),48.48752768831841,3.060639381809878e-09,(703.3767063673527+0j)
-14.037598824174765,47.78451771647312,0.1647858814308488,(5161095.560877204+0j),47.78450755302551,0.168701232516339,(-2580899.468791782+4539687.706252835j),47.78450755302551,0.168701232516339,(-2580899.468791782-4539687.706252835j),48.48749119718017,3.060639381809878e-09,(703.3767063673527+0j)
-14.0179377621382,47.784297426202365,0.1647858814308488,(5161095.560877204+0j),47.78429488434159,0.168701232516339,(-2580899.468791782+4539687.706252835j),47.78429488434159,0.168701232516339,(-2580899.468791782-4539687.706252835j),48.487381740804025,3.060639381809878e-09,(703.3767063673527+0j)
-13.998276700101636,47.78422397274858,0.1647858814308488,(5161095.560877204+0j),47.78422397274858,0.168701232516339,(-2580899.468791782+4539687.706252835j),47.78422397274858,0.168701232516339,(-2580899.468791782-4539687.706252835j),47.78422397274858,3.060639381809878e-09,(703.3767063673527+0j)
-13.998276700101636,46.49669162045345,0.032073047627534934,(-1260564.5352981286+2350048.381058512j),46.49669162045345,0.032073047627534934,(-1260564.5352981286-2350048.381058512j),47.78422397274858,0.02847344309147457,(2512685.4780226997+0j),47.78422397274858,3.215276048984614e-07,(8443.592573555237+0j)
-13.980581744268727,46.360256423968416,0.032073047627534934,(-1260564.5352981286+2350048.381058512j),46.360256423968416,0.032073047627534934,(-1260564.5352981286-2350048.381058512j),47.62426274218669,0.02847344309147457,(2512685.4780226997+0j),47.78419236275217,3.215276048984614e-07,(8443.592573555237+0j)
-13.962886788435819,46.22499413260437,0.032073047627534934,(-1260564.5352981286+2350048.381058512j),46.22499413260437,0.032073047627534934,(-1260564.5352981286-2350048.381058512j),47.46564698934071,0.02847344309147457,(2512685.4780226997+0j),47.78416010118637,3.215276048984614e-07,(8443.592573555237+0j)
-13.94519183260291,46.09090865937343,0.032073047627534934,(-1260564.5352981286+2350048.381058512j),46.09090865937343,0.032073047627534934,(-1260564.5352981286-2350048.381058512j),47.308381780168446,0.02847344309147457,(2512685.4780226997+0j),47.7841271676954,3.215276048984614e-07,(8443.592573555237+0j)
-13.927496876770004,45.9580039298346,0.032073047627534934,(-1260564.5352981286+2350048.381058512j),45.9580039298346,0.032073047627534934,(-1260564.5352981286-2350048.381058512j),47.15247219885697,0.02847344309147457,(2512685.4780226997+0j),47.784093541066675,3.215276048984614e-07,(8443.592573555237+0j)
-13.909801920937094,45.826283882138,0.032073047627534934,(-1260564.5352981286+2350048.381058512j),45.826283882138,0.032073047627534934,(-1260564.5352981286-2350048.381058512j),46.99792334789483,0.02847344309147457,(2512685.4780226997+0j),47.78405919918516,3.215276048984614e-07,(8443.592573555237+0j)
-13.892106965104185,45.695752467069426,0.032073047627534934,(-1260564.5352981286+2350048.381058512j),45.695752467069426,0.032073047627534934,(-1260564.5352981286-2350048.381058512j),46.84474034814444,0.02847344309147457,(2512685.4780226997+0j),47.78402411898496,3.215276048984614e-07,(8443.592573555237+0j)
-13.874412009271277,45.56641364809492,0.032073047627534934,(-1260564.5352981286+2350048.381058512j),45.56641364809492,0.032073047627534934,(-1260564.5352981286-2350048.381058512j),46.69292833891492,0.02847344309147457,(2512685.4780226997+0j),47.78398827639761,3.215276048984614e-07,(8443.592573555237+0j)
-13.85671705343837,45.43827140140568,0.032073047627534934,(-1260564.5352981286+2350048.381058512j),45.43827140140568,0.032073047627534934,(-1260564.5352981286-2350048.381058512j),46.542492478035165,0.02847344309147457,(2512685.4780226997+0j),47.78395164629698,3.215276048984614e-07,(8443.592573555237+0j)
-13.839022097605461,45.31132971596295,0.032073047627534934,(-1260564.5352981286+2350048.381058512j),45.31132971596295,0.032073047627534934,(-1260564.5352981286-2350048.381058512j),46.39343794192725,0.02847344309147457,(2512685.4780226997+0j),47.78391420244057,3.215276048984614e-07,(8443.592573555237+0j)
-13.821327141772553,45.18559259354332,0.032073047627534934,(-1260564.5352981286+2350048.381058512j),45.18559259354332,0.032073047627534934,(-1260564.5352981286-2350048.381058512j),46.24576992568022,0.02847344309147457,(2512685.4780226997+0j),47.783875917406824,3.215276048984614e-07,(8443.592573555237+0j)
-13.803632185939644,45.06106404878399,0.032073047627534934,(-1260564.5352981286+2350048.381058512j),45.06106404878399,0.032073047627534934,(-1260564.5352981286-2350048.381058512j),46.09949364312416,0.02847344309147457,(2512685.4780226997+0j),47.78383676252811,3.215276048984614e-07,(8443.592573555237+0j)
-13.785937230106738,44.93774810922839,0.032073047627534934,(-1260564.5352981286+2350048.381058512j),44.93774810922839,0.032073047627534934,(-1260564.5352981286-2350048.381058512j),45.95461432690459,0.02847344309147457,(2512685.4780226997+0j),47.783796707819185,3.215276048984614e-07,(8443.592573555237+0j)
-13.76824227427383,44.81564881537181,0.032073047627534934,(-1260564.5352981286+2350048.381058512j),44.81564881537181,0.032073047627534934,(-1260564.5352981286-2350048.381058512j),45.811137228557214,0.02847344309147457,(2512685.4780226997+0j),47.78375572190055,3.215276048984614e-07,(8443.592573555237+0j)
-13.75054731844092,44.694770220707404,0.032073047627534934,(-1260564.5352981286+2350048.381058512j),44.694770220707404,0.032073047627534934,(-1260564.5352981286-2350048.381058512j),45.66906761858298,0.02847344309147457,(2512685.4780226997+0j),47.78371377191653,3.215276048984614e-07,(8443.592573555237+0j)
-13.732852362608012,44.575116391772205,0.032073047627534934,(-1260564.5352981286+2350048.381058512j),44.575116391772205,0.032073047627534934,(-1260564.5352981286-2350048.381058512j),45.52841078652351,0.02847344309147457,(2512685.4780226997+0j),47.78367082344739,3.215276048984614e-07,(8443.592573555237+0j)
-13.715157406775104,44.456691408193414,0.032073047627534934,(-1260564.5352981286+2350048.381058512j),44.456691408193414,0.032073047627534934,(-1260564.5352981286-2350048.381058512j),45.38917204103684,0.02847344309147457,(2512685.4780226997+0j),47.78362684041513,3.215276048984614e-07,(8443.592573555237+0j)
-13.697462450942195,44.33949936273488,0.032073047627534934,(-1260564.5352981286+2350048.381058512j),44.33949936273488,0.032073047627534934,(-1260564.5352981286-2350048.381058512j),45.25135670997349,0.02847344309147457,(2512685.4780226997+0j),47.783581784982495,3.215276048984614e-07,(8443.592573555237+0j)
-13.679767495109287,44.223544361343656,0.032073047627534934,(-1260564.5352981286+2350048.381058512j),44.223544361343656,0.032073047627534934,(-1260564.5352981286-2350048.381058512j),45.114970140452904,0.02847344309147457,(2512685.4780226997+0j),47.7835356174443,3.215276048984614e-07,(8443.592573555237+0j)
-13.66207253927638,44.10883052319694,0.032073047627534934,(-1260564.5352981286+2350048.381058512j),44.10883052319694,0.032073047627534934,(-1260564.5352981286-2350048.381058512j),44.980017698940166,0.02847344309147457,(2512685.4780226997+0j),47.78348829611078,3.215276048984614e-07,(8443.592573555237+0j)
-13.644377583443472,43.995361980748996,0.032073047627534934,(-1260564.5352981286+2350048.381058512j),43.995361980748996,0.032073047627534934,(-1260564.5352981286-2350048.381058512j),44.846504771323175,0.02847344309147457,(2512685.4780226997+0j),47.78343977718206,3.215276048984614e-07,(8443.592573555237+0j)
-13.626682627610563,43.883142879778376,0.032073047627534934,(-1260564.5352981286+2350048.381058512j),43.883142879778376,0.032073047627534934,(-1260564.5352981286-2350048.381058512j),44.714436762990054,0.02847344309147457,(2512685.4780226997+0j),47.783390014612856,3.215276048984614e-07,(8443.592573555237+0j)
-13.608987671777655,43.77217737943531,0.032073047627534934,(-1260564.5352981286+2350048.381058512j),43.77217737943531,0.032073047627534934,(-1260564.5352981286-2350048.381058512j),44.58381909890693,0.02847344309147457,(2512685.4780226997+0j),47.7833389599668,3.215276048984614e-07,(8443.592573555237+0j)
-13.591292715944746,43.6624696522893,0.032073047627534934,(-1260564.5352981286+2350048.381058512j),43.6624696522893,0.032073047627534934,(-1260564.5352981286-2350048.381058512j),44.454657223696124,0.02847344309147457,(2512685.4780226997+0j),47.78328656225915,3.215276048984614e-07,(8443.592573555237+0j)
-13.573597760111838,43.55402388437685,0.032073047627534934,(-1260564.5352981286+2350048.381058512j),43.55402388437685,0.032073047627534934,(-1260564.5352981286-2350048.381058512j),44.32695660171462,0.02847344309147457,(2512685.4780226997+0j),47.78323276778695,3.215276048984614e-07,(8443.592573555237+0j)
-13.55590280427893,43.44684427524944,0.032073047627534934,(-1260564.5352981286+2350048.381058512j),43.44684427524944,0.032073047627534934,(-1260564.5352981286-2350048.381058512j),44.20072271713292,0.02847344309147457,(2512685.4780226997+0j),47.78317751994547,3.215276048984614e-07,(8443.592573555237+0j)
-13.538207848446023,43.340935038021655,0.032073047627534934,(-1260564.5352981286+2350048.381058512j),43.340935038021655,0.032073047627534934,(-1260564.5352981286-2350048.381058512j),44.07596107401423,0.02847344309147457,(2512685.4780226997+0j),47.78312075902951,3.215276048984614e-07,(8443.592573555237+0j)
-13.520512892613114,43.23630039941958,0.032073047627534934,(-1260564.5352981286+2350048.381058512j),43.23630039941958,0.032073047627534934,(-1260564.5352981286-2350048.381058512j),43.95267719639403,0.02847344309147457,(2512685.4780226997+0j),47.78306242201814,3.215276048984614e-07,(8443.592573555237+0j)
-13.502817936780206,43.13294459982925,0.032073047627534934,(-1260564.5352981286+2350048.381058512j),43.13294459982925,0.032073047627534934,(-1260564.5352981286-2350048.381058512j),43.830876628359974,0.02847344309147457,(2512685.4780226997+0j),47.783002442341356,3.215276048984614e-07,(8443.592573555237+0j)
-13.485122980947297,43.03087189334544,0.032073047627534934,(-1260564.5352981286+2350048.381058512j),43.03087189334544,0.032073047627534934,(-1260564.5352981286-2350048.381058512j),43.71056493413218,0.02847344309147457,(2512685.4780226997+0j),47.78294074962661,3.215276048984614e-07,(8443.592573555237+0j)
-13.46742802511439,42.93008654782059,0.032073047627534934,(-1260564.5352981286+2350048.381058512j),42.93008654782059,0.032073047627534934,(-1260564.5352981286-2350048.381058512j),43.591747698143834,0.02847344309147457,(2512685.4780226997+0j),47.78287726942341,3.215276048984614e-07,(8443.592573555237+0j)
-13.449733069281482,42.830592844913866,0.032073047627534934,(-1260564.5352981286+2350048.381058512j),42.830592844913866,0.032073047627534934,(-1260564.5352981286-2350048.381058512j),43.47443052512223,0.02847344309147457,(2512685.4780226997+0j),47.78281192290356,3.215276048984614e-07,(8443.592573555237+0j)
-13.432038113448574,42.732395080140535,0.032073047627534934,(-1260564.5352981286+2350048.381058512j),42.732395080140535,0.032073047627534934,(-1260564.5352981286-2350048.381058512j),43.358619040170055,0.02847344309147457,(2512685.4780226997+0j),47.78274462653465,3.215276048984614e-07,(8443.592573555237+0j)
-13.414343157615663,42.63549756292144,0.032073047627534934,(-1260564.5352981286+2350048.381058512j),42.63549756292144,0.032073047627534934,(-1260564.5352981286-2350048.381058512j),43.24431888884716,0.02847344309147457,(2512685.4780226997+0j),47.782675291723756,3.215276048984614e-07,(8443.592573555237+0j)
-13.396648201782757,42.53990461663274,0.032073047627534934,(-1260564.5352981286+2350048.381058512j),42.53990461663274,0.032073047627534934,(-1260564.5352981286-2350048.381058512j),43.1315357372527,0.02847344309147457,(2512685.4780226997+0j),47.78260382442837,3.215276048984614e-07,(8443.592573555237+0j)
-13.378953245949848,42.4456205786558,0.032073047627534934,(-1260564.5352981286+2350048.381058512j),42.4456205786558,0.032073047627534934,(-1260564.5352981286-2350048.381058512j),43.02027527210747,0.02847344309147457,(2512685.4780226997+0j),47.78253012473087,3.215276048984614e-07,(8443.592573555237+0j)
-13.36125829011694,42.35264980042731,0.032073047627534934,(-1260564.5352981286+2350048.381058512j),42.35264980042731,0.032073047627534934,(-1260564.5352981286-2350048.381058512j),42.91054320083686,0.02847344309147457,(2512685.4780226997+0j),47.782454086372354,3.215276048984614e-07,(8443.592573555237+0j)
-13.343563334284031,42.2609966474896,0.032073047627534934,(-1260564.5352981286+2350048.381058512j),42.2609966474896,0.032073047627534934,(-1260564.5352981286-2350048.381058512j),42.802345251653996,0.02847344309147457,(2512685.4780226997+0j),47.78237559624154,3.215276048984614e-07,(8443.592573555237+0j)
-13.325868378451124,42.170665499541165,0.032073047627534934,(-1260564.5352981286+2350048.381058512j),42.170665499541165,0.032073047627534934,(-1260564.5352981286-2350048.381058512j),42.69568717364333,0.02847344309147457,(2512685.4780226997+0j),47.78229453381334,3.215276048984614e-07,(8443.592573555237+0j)
-13.308173422618216,42.081660750487345,0.032073047627534934,(-1260564.5352981286+2350048.381058512j),42.081660750487345,0.032073047627534934,(-1260564.5352981286-2350048.381058512j),42.59057473684463,0.02847344309147457,(2512685.4780226997+0j),47.78221077053128,3.215276048984614e-07,(8443.592573555237+0j)
-13.290478466785308,41.99398680849131,0.032073047627534934,(-1260564.5352981286+2350048.381058512j),41.99398680849131,0.032073047627534934,(-1260564.5352981286-2350048.381058512j),42.48701373233727,0.02847344309147457,(2512685.4780226997+0j),47.78212416912724,3.215276048984614e-07,(8443.592573555237+0j)
-13.272783510952399,41.90764809602511,0.032073047627534934,(-1260564.5352981286+2350048.381058512j),41.90764809602511,0.032073047627534934,(-1260564.5352981286-2350048.381058512j),42.385009972324994,0.02847344309147457,(2512685.4780226997+0j),47.78203458287077,3.215276048984614e-07,(8443.592573555237+0j)
-13.25508855511949,41.82264904992109,0.032073047627534934,(-1260564.5352981286+2350048.381058512j),41.82264904992109,0.032073047627534934,(-1260564.5352981286-2350048.381058512j),42.284569290220986,0.02847344309147457,(2512685.4780226997+0j),47.78194185473947,3.215276048984614e-07,(8443.592573555237+0j)
-13.237393599286582,41.73899412142336,0.032073047627534934,(-1260564.5352981286+2350048.381058512j),41.73899412142336,0.032073047627534934,(-1260564.5352981286-2350048.381058512j),42.18569754073338,0.02847344309147457,(2512685.4780226997+0j),47.781845816500535,3.215276048984614e-07,(8443.592573555237+0j)
-13.219698643453674,41.656687776239586,0.032073047627534934,(-1260564.5352981286+2350048.381058512j),41.656687776239586,0.032073047627534934,(-1260564.5352981286-2350048.381058512j),42.08840059995113,0.02847344309147457,(2512685.4780226997+0j),47.781746287692066,3.215276048984614e-07,(8443.592573555237+0j)
-13.202003687620767,41.575734494592936,0.032073047627534934,(-1260564.5352981286+2350048.381058512j),41.575734494592936,0.032073047627534934,(-1260564.5352981286-2350048.381058512j),41.99268436543025,0.02847344309147457,(2512685.4780226997+0j),47.7816430744914,3.215276048984614e-07,(8443.592573555237+0j)
-13.184308731787858,41.49613877127423,0.032073047627534934,(-1260564.5352981286+2350048.381058512j),41.49613877127423,0.032073047627534934,(-1260564.5352981286-2350048.381058512j),41.898554756280504,0.02847344309147457,(2512685.4780226997+0j),47.78153596845524,3.215276048984614e-07,(8443.592573555237+0j)
-13.16661377595495,41.41790511569434,0.032073047627534934,(-1260564.5352981286+2350048.381058512j),41.41790511569434,0.032073047627534934,(-1260564.5352981286-2350048.381058512j),41.806017713252416,0.02847344309147457,(2512685.4780226997+0j),47.781424745114606,3.215276048984614e-07,(8443.592573555237+0j)
-13.148918820122041,41.34103805193676,0.032073047627534934,(-1260564.5352981286+2350048.381058512j),41.34103805193676,0.032073047627534934,(-1260564.5352981286-2350048.381058512j),41.71507919882477,0.02847344309147457,(2512685.4780226997+0j),47.78130916240452,3.215276048984614e-07,(8443.592573555237+0j)
-13.131223864289135,41.26554211881042,0.032073047627534934,(-1260564.5352981286+2350048.381058512j),41.26554211881042,0.032073047627534934,(-1260564.5352981286-2350048.381058512j),41.625745197292346,0.02847344309147457,(2512685.4780226997+0j),47.78118895890536,3.215276048984614e-07,(8443.592573555237+0j)
-13.113528908456225,41.1914218699027,0.032073047627534934,(-1260564.5352981286+2350048.381058512j),41.1914218699027,0.032073047627534934,(-1260564.5352981286-2350048.381058512j),41.538021714854274,0.02847344309147457,(2512685.4780226997+0j),47.78106385186897,3.215276048984614e-07,(8443.592573555237+0j)
-13.095833952623316,41.118681873632625,0.032073047627534934,(-1260564.5352981286+2350048.381058512j),41.118681873632625,0.032073047627534934,(-1260564.5352981286-2350048.381058512j),41.451914779702584,0.02847344309147457,(2512685.4780226997+0j),47.780933534998255,3.215276048984614e-07,(8443.592573555237+0j)
-13.078138996790408,41.04732671330437,0.032073047627534934,(-1260564.5352981286+2350048.381058512j),41.04732671330437,0.032073047627534934,(-1260564.5352981286-2350048.381058512j),41.367430442111306,0.02847344309147457,(2512685.4780226997+0j),47.78079767594338,3.215276048984614e-07,(8443.592573555237+0j)
-13.060444040957501,40.97736098716087,0.032073047627534934,(-1260564.5352981286+2350048.381058512j),40.97736098716087,0.032073047627534934,(-1260564.5352981286-2350048.381058512j),41.284574774525865,0.02847344309147457,(2512685.4780226997+0j),47.78065591347163,3.215276048984614e-07,(8443.592573555237+0j)
-13.042749085124592,40.90878930843771,0.032073047627534934,(-1260564.5352981286+2350048.381058512j),40.90878930843771,0.032073047627534934,(-1260564.5352981286-2350048.381058512j),41.203353871652965,0.02847344309147457,(2512685.4780226997+0j),47.780507854260186,3.215276048984614e-07,(8443.592573555237+0j)
-13.025054129291684,40.84161630541724,0.032073047627534934,(-1260564.5352981286+2350048.381058512j),40.84161630541724,0.032073047627534934,(-1260564.5352981286-2350048.381058512j),41.12377385055085,0.02847344309147457,(2512685.4780226997+0j),47.780353069251724,3.215276048984614e-07,(8443.592573555237+0j)
-13.007359173458777,40.77584662148285,0.032073047627534934,(-1260564.5352981286+2350048.381058512j),40.77584662148285,0.032073047627534934,(-1260564.5352981286-2350048.381058512j),41.04584085071996,0.02847344309147457,(2512685.4780226997+0j),47.780191089501926,3.215276048984614e-07,(8443.592573555237+0j)
-12.989664217625869,40.71148491517356,0.032073047627534934,(-1260564.5352981286+2350048.381058512j),40.71148491517356,0.032073047627534934,(-1260564.5352981286-2350048.381058512j),40.96956103419405,0.02847344309147457,(2512685.4780226997+0j),47.780021401434084,3.215276048984614e-07,(8443.592573555237+0j)
-12.97196926179296,40.64853586023872,0.032073047627534934,(-1260564.5352981286+2350048.381058512j),40.64853586023872,0.032073047627534934,(-1260564.5352981286-2350048.381058512j),40.89494058563162,0.02847344309147457,(2512685.4780226997+0j),47.77984344139972,3.215276048984614e-07,(8443.592573555237+0j)
-12.95427430596005,40.58700414569302,0.032073047627534934,(-1260564.5352981286+2350048.381058512j),40.58700414569302,0.032073047627534934,(-1260564.5352981286-2350048.381058512j),40.821985712407944,0.02847344309147457,(2512685.4780226997+0j),47.77965658942391,3.215276048984614e-07,(8443.592573555237+0j)
-12.936579350127143,40.52689447587171,0.032073047627534934,(-1260564.5352981286+2350048.381058512j),40.52689447587171,0.032073047627534934,(-1260564.5352981286-2350048.381058512j),40.7507026447073,0.02847344309147457,(2512685.4780226997+0j),47.779460161989014,3.215276048984614e-07,(8443.592573555237+0j)
-12.918884394294235,40.46821157048598,0.032073047627534934,(-1260564.5352981286+2350048.381058512j),40.46821157048598,0.032073047627534934,(-1260564.5352981286-2350048.381058512j),40.681097635615785,0.02847344309147457,(2512685.4780226997+0j),47.77925340367972,3.215276048984614e-07,(8443.592573555237+0j)
-12.901189438461326,40.41096016467864,0.032073047627534934,(-1260564.5352981286+2350048.381058512j),40.41096016467864,0.032073047627534934,(-1260564.5352981286-2350048.381058512j),40.613176961214506,0.02847344309147457,(2512685.4780226997+0j),47.77903547747433,3.215276048984614e-07,(8443.592573555237+0j)
-12.883494482628418,40.355145009080005,0.032073047627534934,(-1260564.5352981286+2350048.381058512j),40.355145009080005,0.032073047627534934,(-1260564.5352981286-2350048.381058512j),40.54694692067316,0.02847344309147457,(2512685.4780226997+0j),47.77880545341916,3.215276048984614e-07,(8443.592573555237+0j)
-12.865799526795511,40.30077086986399,0.032073047627534934,(-1260564.5352981286+2350048.381058512j),40.30077086986399,0.032073047627534934,(-1260564.5352981286-2350048.381058512j),40.482413836344094,0.02847344309147457,(2512685.4780226997+0j),47.77856229536282,3.215276048984614e-07,(8443.592573555237+0j)
-12.848104570962603,40.24784252880443,0.032073047627534934,(-1260564.5352981286+2350048.381058512j),40.24784252880443,0.032073047627534934,(-1260564.5352981286-2350048.381058512j),40.41958405385676,0.02847344309147457,(2512685.4780226997+0j),47.778304845351414,3.215276048984614e-07,(8443.592573555237+0j)
-12.830409615129694,40.196364783331674,0.032073047627534934,(-1260564.5352981286+2350048.381058512j),40.196364783331674,0.032073047627534934,(-1260564.5352981286-2350048.381058512j),40.35846394221262,0.02847344309147457,(2512685.4780226997+0j),47.77803180518892,3.215276048984614e-07,(8443.592573555237+0j)
-12.812714659296788,40.14634244658936,0.032073047627534934,(-1260564.5352981286+2350048.381058512j),40.14634244658936,0.032073047627534934,(-1260564.5352981286-2350048.381058512j),40.29905989388049,0.02847344309147457,(2512685.4780226997+0j),47.77774171454295,3.215276048984614e-07,(8443.592573555237+0j)
-12.795019703463877,40.09778034749142,0.032073047627534934,(-1260564.5352981286+2350048.381058512j),40.09778034749142,0.032073047627534934,(-1260564.5352981286-2350048.381058512j),40.241378324892324,0.02847344309147457,(2512685.4780226997+0j),47.77743292481674,3.215276048984614e-07,(8443.592573555237+0j)
-12.777324747630969,40.050683330779414,0.032073047627534934,(-1260564.5352981286+2350048.381058512j),40.050683330779414,0.032073047627534934,(-1260564.5352981286-2350048.381058512j),40.18542567493937,0.02847344309147457,(2512685.4780226997+0j),47.777103567800246,3.215276048984614e-07,(8443.592573555237+0j)
-12.75962979179806,40.00505625707992,0.032073047627534934,(-1260564.5352981286+2350048.381058512j),40.00505625707992,0.032073047627534934,(-1260564.5352981286-2350048.381058512j),40.13120840746889,0.02847344309147457,(2512685.4780226997+0j),47.776751517841355,3.215276048984614e-07,(8443.592573555237+0j)
-12.741934835965154,39.96090400296235,0.032073047627534934,(-1260564.5352981286+2350048.381058512j),39.96090400296235,0.032073047627534934,(-1260564.5352981286-2350048.381058512j),40.078733009781246,0.02847344309147457,(2512685.4780226997+0j),47.77637434591881,3.215276048984614e-07,(8443.592573555237+0j)
-12.724239880132245,39.918231460996836,0.032073047627534934,(-1260564.5352981286+2350048.381058512j),39.918231460996836,0.032073047627534934,(-1260564.5352981286-2350048.381058512j),40.0280059931274,0.02847344309147457,(2512685.4780226997+0j),47.775969263519464,3.215276048984614e-07,(8443.592573555237+0j)
-12.706544924299337,39.877043539812504,0.032073047627534934,(-1260564.5352981286+2350048.381058512j),39.877043539812504,0.032073047627534934,(-1260564.5352981286-2350048.381058512j),39.97903389280695,0.02847344309147457,(2512685.4780226997+0j),47.77553305357765,3.215276048984614e-07,(8443.592573555237+0j)
-12.688849968466428,39.83734516415585,0.032073047627534934,(-1260564.5352981286+2350048.381058512j),39.83734516415585,0.032073047627534934,(-1260564.5352981286-2350048.381058512j),39.93182326826658,0.02847344309147457,(2512685.4780226997+0j),47.77506198485802,3.215276048984614e-07,(8443.592573555237+0j)
-12.671155012633522,39.79914127494946,0.032073047627534934,(-1260564.5352981286+2350048.381058512j),39.79914127494946,0.032073047627534934,(-1260564.5352981286-2350048.381058512j),39.886380703198896,0.02847344309147457,(2512685.4780226997+0j),47.77455170495859,3.215276048984614e-07,(8443.592573555237+0j)
-12.653460056800613,39.76243682935091,0.032073047627534934,(-1260564.5352981286+2350048.381058512j),39.76243682935091,0.032073047627534934,(-1260564.5352981286-2350048.381058512j),39.84271280564185,0.02847344309147457,(2512685.4780226997+0j),47.773997105434326,3.215276048984614e-07,(8443.592573555237+0j)
-12.635765100967703,39.7272368008119,0.032073047627534934,(-1260564.5352981286+2350048.381058512j),39.7272368008119,0.032073047627534934,(-1260564.5352981286-2350048.381058512j),39.80082620807851,0.02847344309147457,(2512685.4780226997+0j),47.773392150182055,3.215276048984614e-07,(8443.592573555237+0j)
-12.618070145134794,39.69354617913772,0.032073047627534934,(-1260564.5352981286+2350048.381058512j),39.69354617913772,0.032073047627534934,(-1260564.5352981286-2350048.381058512j),39.76072756753734,0.02847344309147457,(2512685.4780226997+0j),47.77272965485592,3.215276048984614e-07,(8443.592573555237+0j)
-12.600375189301888,39.661369970546794,0.032073047627534934,(-1260564.5352981286+2350048.381058512j),39.661369970546794,0.032073047627534934,(-1260564.5352981286-2350048.381058512j),39.72242356569292,0.02847344309147457,(2512685.4780226997+0j),47.77200100019776,3.215276048984614e-07,(8443.592573555237+0j)
-12.58268023346898,39.630713197730685,0.032073047627534934,(-1260564.5352981286+2350048.381058512j),39.630713197730685,0.032073047627534934,(-1260564.5352981286-2350048.381058512j),39.68592090896716,0.02847344309147457,(2512685.4780226997+0j),47.77119575496996,3.215276048984614e-07,(8443.592573555237+0j)
-12.56498527763607,39.60158089991415,0.032073047627534934,(-1260564.5352981286+2350048.381058512j),39.60158089991415,0.032073047627534934,(-1260564.5352981286-2350048.381058512j),39.65122632863097,0.02847344309147457,(2512685.4780226997+0j),47.770301173389456,3.215276048984614e-07,(8443.592573555237+0j)
-12.547290321803164,39.57397813291553,0.032073047627534934,(-1260564.5352981286+2350048.381058512j),39.57397813291553,0.032073047627534934,(-1260564.5352981286-2350048.381058512j),39.61834658090635,0.02847344309147457,(2512685.4780226997+0j),47.769301515469834,3.215276048984614e-07,(8443.592573555237+0j)
-12.529595365970255,39.54790996920742,0.032073047627534934,(-1260564.5352981286+2350048.381058512j),39.54790996920742,0.032073047627534934,(-1260564.5352981286-2350048.381058512j),39.58728844706906,0.02847344309147457,(2512685.4780226997+0j),47.768177112925606,3.215276048984614e-07,(8443.592573555237+0j)
-12.511900410137347,39.52338149797749,0.032073047627534934,(-1260564.5352981286+2350048.381058512j),39.52338149797749,0.032073047627534934,(-1260564.5352981286-2350048.381058512j),39.55805873355164,0.02847344309147457,(2512685.4780226997+0j),47.766903062116626,3.215276048984614e-07,(8443.592573555237+0j)
-12.494205454304439,39.50039782518967,0.032073047627534934,(-1260564.5352981286+2350048.381058512j),39.50039782518967,0.032073047627534934,(-1260564.5352981286-2350048.381058512j),39.53066427204702,0.02847344309147457,(2512685.4780226997+0j),47.76544735791569,3.215276048984614e-07,(8443.592573555237+0j)
-12.47651049847153,39.47896407364551,0.032073047627534934,(-1260564.5352981286+2350048.381058512j),39.47896407364551,0.032073047627534934,(-1260564.5352981286-2350048.381058512j),39.505111919612524,0.02847344309147457,(2512685.4780226997+0j),47.763768168088774,3.215276048984614e-07,(8443.592573555237+0j)
-12.458815542638622,39.45908538304576,0.032073047627534934,(-1260564.5352981286+2350048.381058512j),39.45908538304576,0.032073047627534934,(-1260564.5352981286-2350048.381058512j),39.48140855877439,0.02847344309147457,(2512685.4780226997+0j),47.761809747958075,3.215276048984614e-07,(8443.592573555237+0j)
-12.441120586805713,39.440766910052375,0.032073047627534934,(-1260564.5352981286+2350048.381058512j),39.440766910052375,0.032073047627534934,(-1260564.5352981286-2350048.381058512j),39.4595610976328,0.02847344309147457,(2512685.4780226997+0j),47.75949613221585,3.215276048984614e-07,(8443.592573555237+0j)
-12.423425630972805,39.42401382835054,0.032073047627534934,(-1260564.5352981286+2350048.381058512j),39.42401382835054,0.032073047627534934,(-1260564.5352981286-2350048.381058512j),39.439576469967335,0.02847344309147457,(2512685.4780226997+0j),47.75672105213184,3.215276048984614e-07,(8443.592573555237+0j)
-12.405730675139898,39.40883132871112,0.032073047627534934,(-1260564.5352981286+2350048.381058512j),39.40883132871112,0.032073047627534934,(-1260564.5352981286-2350048.381058512j),39.42146163534298,0.02847344309147457,(2512685.4780226997+0j),47.75333115123102,3.215276048984614e-07,(8443.592573555237+0j)
-12.38803571930699,39.39522461905332,0.032073047627534934,(-1260564.5352981286+2350048.381058512j),39.39522461905332,0.032073047627534934,(-1260564.5352981286-2350048.381058512j),39.4052235792166,0.02847344309147457,(2512685.4780226997+0j),47.74909665555756,3.215276048984614e-07,(8443.592573555237+0j)
-12.370340763474081,39.3831989245076,0.032073047627534934,(-1260564.5352981286+2350048.381058512j),39.3831989245076,0.032073047627534934,(-1260564.5352981286-2350048.381058512j),39.39086931304388,0.02847344309147457,(2512685.4780226997+0j),47.74365700188741,3.215276048984614e-07,(8443.592573555237+0j)
-12.352645807641172,39.37275948747881,0.032073047627534934,(-1260564.5352981286+2350048.381058512j),39.37275948747881,0.032073047627534934,(-1260564.5352981286-2350048.381058512j),39.37840587438681,0.02847344309147457,(2512685.4780226997+0j),47.73641234063945,3.215276048984614e-07,(8443.592573555237+0j)
-12.334950851808266,39.36391156770968,0.032073047627534934,(-1260564.5352981286+2350048.381058512j),39.36391156770968,0.032073047627534934,(-1260564.5352981286-2350048.381058512j),39.367840327021646,0.02847344309147457,(2512685.4780226997+0j),47.72628555015897,3.215276048984614e-07,(8443.592573555237+0j)
-12.317255895975356,39.35666044234445,0.032073047627534934,(-1260564.5352981286+2350048.381058512j),39.35666044234445,0.032073047627534934,(-1260564.5352981286-2350048.381058512j),39.35917976104738,0.02847344309147457,(2512685.4780226997+0j),47.7111296964207,3.215276048984614e-07,(8443.592573555237+0j)
-12.299560940142447,39.35101140599292,0.032073047627534934,(-1260564.5352981286+2350048.381058512j),39.35101140599292,0.032073047627534934,(-1260564.5352981286-2350048.381058512j),39.35243129299471,0.02847344309147457,(2512685.4780226997+0j),47.685961124902825,3.215276048984614e-07,(8443.592573555237+0j)
-12.28186598430954,39.34696977079457,0.032073047627534934,(-1260564.5352981286+2350048.381058512j),39.34696977079457,0.032073047627534934,(-1260564.5352981286-2350048.381058512j),39.34760206593551,0.02847344309147457,(2512685.4780226997+0j),47.635963464246466,3.215276048984614e-07,(8443.592573555237+0j)
-12.264171028476632,39.34454086648315,0.032073047627534934,(-1260564.5352981286+2350048.381058512j),39.34454086648315,0.032073047627534934,(-1260564.5352981286-2350048.381058512j),39.34469924959282,0.02847344309147457,(2512685.4780226997+0j),47.48863801146981,3.215276048984614e-07,(8443.592573555237+0j)
-12.246476072643723,39.34373004045136,0.032073047627534934,(-1260564.5352981286+2350048.381058512j),39.34373004045136,0.032073047627534934,(-1260564.5352981286-2350048.381058512j),39.34373004045136,0.02847344309147457,(2512685.4780226997+0j),39.34373004045136,3.215276048984614e-07,(8443.592573555237+0j)
-12.246476072643723,39.41390755220814,0.10299853181339796,(-2348841.083090743+4161902.376997546j),39.41390755220814,0.10299853181339796,(-2348841.083090743-4161902.376997546j),39.34373004045136,0.09946512698127508,(4696275.402858724+0j),39.34373004045136,8.924950181612717e-09,(1406.7633227636486+0j)
-12.228781116810815,39.44033002865587,0.10299853181339796,(-2348841.083090743+4161902.376997546j),39.44033002865587,0.10299853181339796,(-2348841.083090743-4161902.376997546j),39.37152357914117,0.09946512698127508,(4696275.402858724+0j),39.34373018671602,8.924950181612717e-09,(1406.7633227636486+0j)
-12.211086160977908,39.46649751640778,0.10299853181339796,(-2348841.083090743+4161902.376997546j),39.46649751640778,0.10299853181339796,(-2348841.083090743-4161902.376997546j),39.39904938489369,0.09946512698127508,(4696275.402858724+0j),39.34373033599642,8.924950181612717e-09,(1406.7633227636486+0j)
-12.193391205145,39.49240975233858,0.10299853181339796,(-2348841.083090743+4161902.376997546j),39.49240975233858,0.10299853181339796,(-2348841.083090743-4161902.376997546j),39.42630717160113,0.09946512698127508,(4696275.402858724+0j),39.34373048838681,8.924950181612717e-09,(1406.7633227636486+0j)
-12.175696249312091,39.51806647305461,0.10299853181339796,(-2348841.083090743+4161902.376997546j),39.51806647305461,0.10299853181339796,(-2348841.083090743-4161902.376997546j),39.453296652853595,0.09946512698127508,(4696275.402858724+0j),39.343730643985396,8.924950181612717e-09,(1406.7633227636486+0j)
-12.158001293479183,39.54346741489346,0.10299853181339796,(-2348841.083090743+4161902.376997546j),39.54346741489346,0.10299853181339796,(-2348841.083090743-4161902.376997546j),39.48001754193869,0.09946512698127508,(4696275.402858724+0j),39.343730802894555,8.924950181612717e-09,(1406.7633227636486+0j)
-12.140306337646274,39.56861231392368,0.10299853181339796,(-2348841.083090743+4161902.376997546j),39.56861231392368,0.10299853181339796,(-2348841.083090743-4161902.376997546j),39.50646955184119,0.09946512698127508,(4696275.402858724+0j),39.34373096522109,8.924950181612717e-09,(1406.7633227636486+0j)
-12.122611381813366,39.5935009059445,0.10299853181339796,(-2348841.083090743+4161902.376997546j),39.5935009059445,0.10299853181339796,(-2348841.083090743-4161902.376997546j),39.532652395242664,0.09946512698127508,(4696275.402858724+0j),39.34373113107643,8.924950181612717e-09,(1406.7633227636486+0j)
-12.104916425980457,39.618132926485494,0.10299853181339796,(-2348841.083090743+4161902.376997546j),39.618132926485494,0.10299853181339796,(-2348841.083090743-4161902.376997546j),39.55856578452114,0.09946512698127508,(4696275.402858724+0j),39.34373130057692,8.924950181612717e-09,(1406.7633227636486+0j)
-12.08722147014755,39.6425081108063,0.10299853181339796,(-2348841.083090743+4161902.376997546j),39.6425081108063,0.10299853181339796,(-2348841.083090743-4161902.376997546j),39.58420943175078,0.09946512698127508,(4696275.402858724+0j),39.34373147384405,8.924950181612717e-09,(1406.7633227636486+0j)
-12.069526514314642,39.66662619389629,0.10299853181339796,(-2348841.083090743+4161902.376997546j),39.66662619389629,0.10299853181339796,(-2348841.083090743-4161902.376997546j),39.60958304870143,0.09946512698127508,(4696275.402858724+0j),39.343731651004795,8.924950181612717e-09,(1406.7633227636486+0j)
-12.051831558481734,39.69048691047432,0.10299853181339796,(-2348841.083090743+4161902.376997546j),39.69048691047432,0.10299853181339796,(-2348841.083090743-4161902.376997546j),39.634686346838365,0.09946512698127508,(4696275.402858724+0j),39.34373183219188,8.924950181612717e-09,(1406.7633227636486+0j)
-12.034136602648825,39.71408999498833,0.10299853181339796,(-2348841.083090743+4161902.376997546j),39.71408999498833,0.10299853181339796,(-2348841.083090743-4161902.376997546j),39.65951903732187,0.09946512698127508,(4696275.402858724+0j),39.343732017544156,8.924950181612717e-09,(1406.7633227636486+0j)
-12.016441646815919,39.73743518161512,0.10299853181339796,(-2348841.083090743+4161902.376997546j),39.73743518161512,0.10299853181339796,(-2348841.083090743-4161902.376997546j),39.68408083100691,0.09946512698127508,(4696275.402858724+0j),39.343732207206905,8.924950181612717e-09,(1406.7633227636486+0j)
-11.998746690983008,39.760522204260006,0.10299853181339796,(-2348841.083090743+4161902.376997546j),39.760522204260006,0.10299853181339796,(-2348841.083090743-4161902.376997546j),39.70837143844277,0.09946512698127508,(4696275.402858724+0j),39.343732401332275,8.924950181612717e-09,(1406.7633227636486+0j)
-11.9810517351501,39.78335079655654,0.10299853181339796,(-2348841.083090743+4161902.376997546j),39.78335079655654,0.10299853181339796,(-2348841.083090743-4161902.376997546j),39.732390569872656,0.09946512698127508,(4696275.402858724+0j),39.34373260007963,8.924950181612717e-09,(1406.7633227636486+0j)
-11.963356779317191,39.805920691866135,0.10299853181339796,(-2348841.083090743+4161902.376997546j),39.805920691866135,0.10299853181339796,(-2348841.083090743-4161902.376997546j),39.75613793523344,0.09946512698127508,(4696275.402858724+0j),39.343732803616035,8.924950181612717e-09,(1406.7633227636486+0j)
-11.945661823484285,39.82823162327786,0.10299853181339796,(-2348841.083090743+4161902.376997546j),39.82823162327786,0.10299853181339796,(-2348841.083090743-4161902.376997546j),39.779613244155165,0.09946512698127508,(4696275.402858724+0j),39.343733012116694,8.924950181612717e-09,(1406.7633227636486+0j)
-11.927966867651376,39.850283323608046,0.10299853181339796,(-2348841.083090743+4161902.376997546j),39.850283323608046,0.10299853181339796,(-2348841.083090743-4161902.376997546j),39.802816205960795,0.09946512698127508,(4696275.402858724+0j),39.343733225765476,8.924950181612717e-09,(1406.7633227636486+0j)
-11.910271911818468,39.87207552540001,0.10299853181339796,(-2348841.083090743+4161902.376997546j),39.87207552540001,0.10299853181339796,(-2348841.083090743-4161902.376997546j),39.825746529665786,0.09946512698127508,(4696275.402858724+0j),39.34373344475542,8.924950181612717e-09,(1406.7633227636486+0j)
-11.89257695598556,39.89360796092373,0.10299853181339796,(-2348841.083090743+4161902.376997546j),39.89360796092373,0.10299853181339796,(-2348841.083090743-4161902.376997546j),39.84840392397777,0.09946512698127508,(4696275.402858724+0j),39.343733669289364,8.924950181612717e-09,(1406.7633227636486+0j)
-11.874882000152652,39.91488036217558,0.10299853181339796,(-2348841.083090743+4161902.376997546j),39.91488036217558,0.10299853181339796,(-2348841.083090743-4161902.376997546j),39.87078809729617,0.09946512698127508,(4696275.402858724+0j),39.34373389958054,8.924950181612717e-09,(1406.7633227636486+0j)
-11.857187044319744,39.93589246087796,0.10299853181339796,(-2348841.083090743+4161902.376997546j),39.93589246087796,0.10299853181339796,(-2348841.083090743-4161902.376997546j),39.89289875771185,0.09946512698127508,(4696275.402858724+0j),39.34373413585324,8.924950181612717e-09,(1406.7633227636486+0j)
-11.839492088486836,39.95664398847903,0.10299853181339796,(-2348841.083090743+4161902.376997546j),39.95664398847903,0.10299853181339796,(-2348841.083090743-4161902.376997546j),39.914735613006734,0.09946512698127508,(4696275.402858724+0j),39.34373437834358,8.924950181612717e-09,(1406.7633227636486+0j)
-11.821797132653927,39.97713467615238,0.10299853181339796,(-2348841.083090743+4161902.376997546j),39.97713467615238,0.10299853181339796,(-2348841.083090743-4161902.376997546j),39.93629837065348,0.09946512698127508,(4696275.402858724+0j),39.343734627300265,8.924950181612717e-09,(1406.7633227636486+0j)
-11.804102176821019,39.99736425479671,0.10299853181339796,(-2348841.083090743+4161902.376997546j),39.99736425479671,0.10299853181339796,(-2348841.083090743-4161902.376997546j),39.95758673781507,0.09946512698127508,(4696275.402858724+0j),39.34373488298544,8.924950181612717e-09,(1406.7633227636486+0j)
-11.78640722098811,40.01733245503554,0.10299853181339796,(-2348841.083090743+4161902.376997546j),40.01733245503554,0.10299853181339796,(-2348841.083090743-4161902.376997546j),39.978600421344495,0.09946512698127508,(4696275.402858724+0j),39.34373514567561,8.924950181612717e-09,(1406.7633227636486+0j)
-11.768712265155202,40.0370390072169,0.10299853181339796,(-2348841.083090743+4161902.376997546j),40.0370390072169,0.10299853181339796,(-2348841.083090743-4161902.376997546j),39.999339127784346,0.09946512698127508,(4696275.402858724+0j),39.34373541566266,8.924950181612717e-09,(1406.7633227636486+0j)
-11.751017309322295,40.05648364141297,0.10299853181339796,(-2348841.083090743+4161902.376997546j),40.05648364141297,0.10299853181339796,(-2348841.083090743-4161902.376997546j),40.01980256336648,0.09946512698127508,(4696275.402858724+0j),39.34373569325489,8.924950181612717e-09,(1406.7633227636486+0j)
-11.733322353489386,40.075666087419826,0.10299853181339796,(-2348841.083090743+4161902.376997546j),40.075666087419826,0.10299853181339796,(-2348841.083090743-4161902.376997546j),40.03999043401165,0.09946512698127508,(4696275.402858724+0j),39.34373597877825,8.924950181612717e-09,(1406.7633227636486+0j)
-11.715627397656478,40.09458607475711,0.10299853181339796,(-2348841.083090743+4161902.376997546j),40.09458607475711,0.10299853181339796,(-2348841.083090743-4161902.376997546j),40.05990244532912,0.09946512698127508,(4696275.402858724+0j),39.34373627257755,8.924950181612717e-09,(1406.7633227636486+0j)
-11.69793244182357,40.11324333266771,0.10299853181339796,(-2348841.083090743+4161902.376997546j),40.11324333266771,0.10299853181339796,(-2348841.083090743-4161902.376997546j),40.07953830261634,0.09946512698127508,(4696275.402858724+0j),39.343736575017914,8.924950181612717e-09,(1406.7633227636486+0j)
-11.680237485990661,40.13163759011742,0.10299853181339796,(-2348841.083090743+4161902.376997546j),40.13163759011742,0.10299853181339796,(-2348841.083090743-4161902.376997546j),40.09889771085854,0.09946512698127508,(4696275.402858724+0j),39.34373688648625,8.924950181612717e-09,(1406.7633227636486+0j)
-11.662542530157753,40.14976857579467,0.10299853181339796,(-2348841.083090743+4161902.376997546j),40.14976857579467,0.10299853181339796,(-2348841.083090743-4161902.376997546j),40.11798037472837,0.09946512698127508,(4696275.402858724+0j),39.343737207392905,8.924950181612717e-09,(1406.7633227636486+0j)
-11.644847574324844,40.16763601811019,0.10299853181339796,(-2348841.083090743+4161902.376997546j),40.16763601811019,0.10299853181339796,(-2348841.083090743-4161902.376997546j),40.136785998585545,0.09946512698127508,(4696275.402858724+0j),39.34373753817351,8.924950181612717e-09,(1406.7633227636486+0j)
-11.627152618491936,40.185239645196695,0.10299853181339796,(-2348841.083090743+4161902.376997546j),40.185239645196695,0.10299853181339796,(-2348841.083090743-4161902.376997546j),40.15531428647649,0.09946512698127508,(4696275.402858724+0j),39.34373787929087,8.924950181612717e-09,(1406.7633227636486+0j)
-11.609457662659029,40.20257918490858,0.10299853181339796,(-2348841.083090743+4161902.376997546j),40.20257918490858,0.10299853181339796,(-2348841.083090743-4161902.376997546j),40.173564942133936,0.09946512698127508,(4696275.402858724+0j),39.343738231237225,8.924950181612717e-09,(1406.7633227636486+0j)
-11.59176270682612,40.21965436482159,0.10299853181339796,(-2348841.083090743+4161902.376997546j),40.21965436482159,0.10299853181339796,(-2348841.083090743-4161902.376997546j),40.191537668976565,0.09946512698127508,(4696275.402858724+0j),39.34373859453656,8.924950181612717e-09,(1406.7633227636486+0j)
-11.574067750993212,40.2364649122325,0.10299853181339796,(-2348841.083090743+4161902.376997546j),40.2364649122325,0.10299853181339796,(-2348841.083090743-4161902.376997546j),40.20923217010866,0.09946512698127508,(4696275.402858724+0j),39.34373896974719,8.924950181612717e-09,(1406.7633227636486+0j)
-11.556372795160305,40.25301055415881,0.10299853181339796,(-2348841.083090743+4161902.376997546j),40.25301055415881,0.10299853181339796,(-2348841.083090743-4161902.376997546j),40.226648148319725,0.09946512698127508,(4696275.402858724+0j),39.34373935746469,8.924950181612717e-09,(1406.7633227636486+0j)
-11.538677839327397,40.269291017338446,0.10299853181339796,(-2348841.083090743+4161902.376997546j),40.269291017338446,0.10299853181339796,(-2348841.083090743-4161902.376997546j),40.24378530608409,0.09946512698127508,(4696275.402858724+0j),39.34373975832499,8.924950181612717e-09,(1406.7633227636486+0j)
-11.520982883494488,40.285306028229385,0.10299853181339796,(-2348841.083090743+4161902.376997546j),40.285306028229385,0.10299853181339796,(-2348841.083090743-4161902.376997546j),40.26064334556059,0.09946512698127508,(4696275.402858724+0j),39.34374017300788,8.924950181612717e-09,(1406.7633227636486+0j)
-11.503287927661578,40.301055313009414,0.10299853181339796,(-2348841.083090743+4161902.376997546j),40.301055313009414,0.10299853181339796,(-2348841.083090743-4161902.376997546j),40.277221968592116,0.09946512698127508,(4696275.402858724+0j),39.34374060224085,8.924950181612717e-09,(1406.7633227636486+0j)
-11.485592971828671,40.31653859757573,0.10299853181339796,(-2348841.083090743+4161902.376997546j),40.31653859757573,0.10299853181339796,(-2348841.083090743-4161902.376997546j),40.29352087670535,0.09946512698127508,(4696275.402858724+0j),39.34374104680336,8.924950181612717e-09,(1406.7633227636486+0j)
-11.467898015995763,40.3317556075447,0.10299853181339796,(-2348841.083090743+4161902.376997546j),40.3317556075447,0.10299853181339796,(-2348841.083090743-4161902.376997546j),40.3095397711103,0.09946512698127508,(4696275.402858724+0j),39.343741507531554,8.924950181612717e-09,(1406.7633227636486+0j)
-11.450203060162854,40.346706068251464,0.10299853181339796,(-2348841.083090743+4161902.376997546j),40.346706068251464,0.10299853181339796,(-2348841.083090743-4161902.376997546j),40.32527835269996,0.09946512698127508,(4696275.402858724+0j),39.34374198532351,8.924950181612717e-09,(1406.7633227636486+0j)
-11.432508104329946,40.36138970474968,0.10299853181339796,(-2348841.083090743+4161902.376997546j),40.36138970474968,0.10299853181339796,(-2348841.083090743-4161902.376997546j),40.34073632204997,0.09946512698127508,(4696275.402858724+0j),39.34374248114511,8.924950181612717e-09,(1406.7633227636486+0j)
-11.41481314849704,40.37580624181119,0.10299853181339796,(-2348841.083090743+4161902.376997546j),40.37580624181119,0.10299853181339796,(-2348841.083090743-4161902.376997546j),40.355913379418176,0.09946512698127508,(4696275.402858724+0j),39.34374299603648,8.924950181612717e-09,(1406.7633227636486+0j)
-11.39711819266413,40.38995540392565,0.10299853181339796,(-2348841.083090743+4161902.376997546j),40.38995540392565,0.10299853181339796,(-2348841.083090743-4161902.376997546j),40.37080922474431,0.09946512698127508,(4696275.402858724+0j),39.34374353111939,8.924950181612717e-09,(1406.7633227636486+0j)
-11.379423236831222,40.40383691530028,0.10299853181339796,(-2348841.083090743+4161902.376997546j),40.40383691530028,0.10299853181339796,(-2348841.083090743-4161902.376997546j),40.3854235576496,0.09946512698127508,(4696275.402858724+0j),39.34374408760527,8.924950181612717e-09,(1406.7633227636486+0j)
-11.361728280998314,40.4174504998595,0.10299853181339796,(-2348841.083090743+4161902.376997546j),40.4174504998595,0.10299853181339796,(-2348841.083090743-4161902.376997546j),40.39975607743637,0.09946512698127508,(4696275.402858724+0j),39.34374466680452,8.924950181612717e-09,(1406.7633227636486+0j)
-11.344033325165405,40.43079588124461,0.10299853181339796,(-2348841.083090743+4161902.376997546j),40.43079588124461,0.10299853181339796,(-2348841.083090743-4161902.376997546j),40.41380648308772,0.09946512698127508,(4696275.402858724+0j),39.34374527013669,8.924950181612717e-09,(1406.7633227636486+0j)
-11.326338369332497,40.44387278281349,0.10299853181339796,(-2348841.083090743+4161902.376997546j),40.44387278281349,0.10299853181339796,(-2348841.083090743-4161902.376997546j),40.42757447326708,0.09946512698127508,(4696275.402858724+0j),39.34374589914215,8.924950181612717e-09,(1406.7633227636486+0j)
-11.308643413499588,40.45668092764026,0.10299853181339796,(-2348841.083090743+4161902.376997546j),40.45668092764026,0.10299853181339796,(-2348841.083090743-4161902.376997546j),40.4410597463179,0.09946512698127508,(4696275.402858724+0j),39.34374655549523,8.924950181612717e-09,(1406.7633227636486+0j)
-11.290948457666682,40.46922003851493,0.10299853181339796,(-2348841.083090743+4161902.376997546j),40.46922003851493,0.10299853181339796,(-2348841.083090743-4161902.376997546j),40.45426200026322,0.09946512698127508,(4696275.402858724+0j),39.34374724101907,8.924950181612717e-09,(1406.7633227636486+0j)
-11.273253501833773,40.481489837943165,0.10299853181339796,(-2348841.083090743+4161902.376997546j),40.481489837943165,0.10299853181339796,(-2348841.083090743-4161902.376997546j),40.46718093280532,0.09946512698127508,(4696275.402858724+0j),39.34374795770255,8.924950181612717e-09,(1406.7633227636486+0j)
-11.255558546000865,40.49349004814586,0.10299853181339796,(-2348841.083090743+4161902.376997546j),40.49349004814586,0.10299853181339796,(-2348841.083090743-4161902.376997546j),40.479816241325345,0.09946512698127508,(4696275.402858724+0j),39.34374870771955,8.924950181612717e-09,(1406.7633227636486+0j)
-11.237863590167956,40.50522039105886,0.10299853181339796,(-2348841.083090743+4161902.376997546j),40.50522039105886,0.10299853181339796,(-2348841.083090743-4161902.376997546j),40.49216762288292,0.09946512698127508,(4696275.402858724+0j),39.343749493451,8.924950181612717e-09,(1406.7633227636486+0j)
-11.22016863433505,40.51668058833267,0.10299853181339796,(-2348841.083090743+4161902.376997546j),40.51668058833267,0.10299853181339796,(-2348841.083090743-4161902.376997546j),40.504234774215746,0.09946512698127508,(4696275.402858724+0j),39.343750317510114,8.924950181612717e-09,(1406.7633227636486+0j)
-11.20247367850214,40.52787036133204,0.10299853181339796,(-2348841.083090743+4161902.376997546j),40.52787036133204,0.10299853181339796,(-2348841.083090743-4161902.376997546j),40.51601739173926,0.09946512698127508,(4696275.402858724+0j),39.343751182771406,8.924950181612717e-09,(1406.7633227636486+0j)
-11.18477872266923,40.53878943113574,0.10299853181339796,(-2348841.083090743+4161902.376997546j),40.53878943113574,0.10299853181339796,(-2348841.083090743-4161902.376997546j),40.527515171546256,0.09946512698127508,(4696275.402858724+0j),39.3437520924042,8.924950181612717e-09,(1406.7633227636486+0j)
-11.167083766836322,40.549437518536166,0.10299853181339796,(-2348841.083090743+4161902.376997546j),40.549437518536166,0.10299853181339796,(-2348841.083090743-4161902.376997546j),40.538727809406446,0.09946512698127508,(4696275.402858724+0j),39.343753049911456,8.924950181612717e-09,(1406.7633227636486+0j)
-11.149388811003416,40.55981434403904,0.10299853181339796,(-2348841.083090743+4161902.376997546j),40.55981434403904,0.10299853181339796,(-2348841.083090743-4161902.376997546j),40.54965500076615,0.09946512698127508,(4696275.402858724+0j),39.34375405917481,8.924950181612717e-09,(1406.7633227636486+0j)
-11.131693855170507,40.56991962786308,0.10299853181339796,(-2348841.083090743+4161902.376997546j),40.56991962786308,0.10299853181339796,(-2348841.083090743-4161902.376997546j),40.56029644074786,0.09946512698127508,(4696275.402858724+0j),39.34375512450717,8.924950181612717e-09,(1406.7633227636486+0j)
-11.113998899337599,40.579753089939665,0.10299853181339796,(-2348841.083090743+4161902.376997546j),40.579753089939665,0.10299853181339796,(-2348841.083090743-4161902.376997546j),40.57065182414992,0.09946512698127508,(4696275.402858724+0j),39.34375625071434,8.924950181612717e-09,(1406.7633227636486+0j)
-11.096303943504692,40.58931444991253,0.10299853181339796,(-2348841.083090743+4161902.376997546j),40.58931444991253,0.10299853181339796,(-2348841.083090743-4161902.376997546j),40.580720845446066,0.09946512698127508,(4696275.402858724+0j),39.343757443167526,8.924950181612717e-09,(1406.7633227636486+0j)
-11.078608987671783,40.59860342713739,0.10299853181339796,(-2348841.083090743+4161902.376997546j),40.59860342713739,0.10299853181339796,(-2348841.083090743-4161902.376997546j),40.590503198785086,0.09946512698127508,(4696275.402858724+0j),39.34375870788894,8.924950181612717e-09,(1406.7633227636486+0j)
-11.060914031838875,40.60761974068169,0.10299853181339796,(-2348841.083090743+4161902.376997546j),40.60761974068169,0.10299853181339796,(-2348841.083090743-4161902.376997546j),40.59999857799046,0.09946512698127508,(4696275.402858724+0j),39.343760051653575,8.924950181612717e-09,(1406.7633227636486+0j)
-11.043219076005965,40.616363109324205,0.10299853181339796,(-2348841.083090743+4161902.376997546j),40.616363109324205,0.10299853181339796,(-2348841.083090743-4161902.376997546j),40.60920667655992,0.09946512698127508,(4696275.402858724+0j),39.34376148211059,8.924950181612717e-09,(1406.7633227636486+0j)
-11.025524120173058,40.62483325155471,0.10299853181339796,(-2348841.083090743+4161902.376997546j),40.62483325155471,0.10299853181339796,(-2348841.083090743-4161902.376997546j),40.61812718766511,0.09946512698127508,(4696275.402858724+0j),39.343763007929,8.924950181612717e-09,(1406.7633227636486+0j)
-11.00782916434015,40.633029885573734,0.10299853181339796,(-2348841.083090743+4161902.376997546j),40.633029885573734,0.10299853181339796,(-2348841.083090743-4161902.376997546j),40.62675980415116,0.09946512698127508,(4696275.402858724+0j),39.34376463897352,8.924950181612717e-09,(1406.7633227636486+0j)
-10.990134208507241,40.64095272929212,0.10299853181339796,(-2348841.083090743+4161902.376997546j),40.64095272929212,0.10299853181339796,(-2348841.083090743-4161902.376997546j),40.63510421853637,0.09946512698127508,(4696275.402858724+0j),39.34376638651806,8.924950181612717e-09,(1406.7633227636486+0j)
-10.972439252674333,40.64860150033077,0.10299853181339796,(-2348841.083090743+4161902.376997546j),40.64860150033077,0.10299853181339796,(-2348841.083090743-4161902.376997546j),40.64316012301172,0.09946512698127508,(4696275.402858724+0j),39.34376826350674,8.924950181612717e-09,(1406.7633227636486+0j)
-10.954744296841426,40.65597591602028,0.10299853181339796,(-2348841.083090743+4161902.376997546j),40.65597591602028,0.10299853181339796,(-2348841.083090743-4161902.376997546j),40.65092720944058,0.09946512698127508,(4696275.402858724+0j),39.34377028487495,8.924950181612717e-09,(1406.7633227636486+0j)
-10.937049341008517,40.663075693400636,0.10299853181339796,(-2348841.083090743+4161902.376997546j),40.663075693400636,0.10299853181339796,(-2348841.083090743-4161902.376997546j),40.65840516935829,0.09946512698127508,(4696275.402858724+0j),39.34377246794772,8.924950181612717e-09,(1406.7633227636486+0j)
-10.919354385175609,40.66990054922085,0.10299853181339796,(-2348841.083090743+4161902.376997546j),40.66990054922085,0.10299853181339796,(-2348841.083090743-4161902.376997546j),40.66559369397173,0.09946512698127508,(4696275.402858724+0j),39.3437748329375,8.924950181612717e-09,(1406.7633227636486+0j)
-10.9016594293427,40.67645019993864,0.10299853181339796,(-2348841.083090743+4161902.376997546j),40.67645019993864,0.10299853181339796,(-2348841.083090743-4161902.376997546j),40.672492474159,0.09946512698127508,(4696275.402858724+0j),39.34377740357178,8.924950181612717e-09,(1406.7633227636486+0j)
-10.883964473509792,40.682724361720126,0.10299853181339796,(-2348841.083090743+4161902.376997546j),40.682724361720126,0.10299853181339796,(-2348841.083090743-4161902.376997546j),40.67910120046899,0.09946512698127508,(4696275.402858724+0j),39.34378020789207,8.924950181612717e-09,(1406.7633227636486+0j)
-10.866269517676884,40.68872275043944,0.10299853181339796,(-2348841.083090743+4161902.376997546j),40.68872275043944,0.10299853181339796,(-2348841.083090743-4161902.376997546j),40.68541956312099,0.09946512698127508,(4696275.402858724+0j),39.34378327928084,8.924950181612717e-09,(1406.7633227636486+0j)
-10.848574561843975,40.69444508167844,0.10299853181339796,(-2348841.083090743+4161902.376997546j),40.69444508167844,0.10299853181339796,(-2348841.083090743-4161902.376997546j),40.69144725200432,0.09946512698127508,(4696275.402858724+0j),39.34378665779688,8.924950181612717e-09,(1406.7633227636486+0j)
-10.830879606011068,40.69989107072635,0.10299853181339796,(-2348841.083090743+4161902.376997546j),40.69989107072635,0.10299853181339796,(-2348841.083090743-4161902.376997546j),40.69718395667793,0.09946512698127508,(4696275.402858724+0j),39.34379039193203,8.924950181612717e-09,(1406.7633227636486+0j)
-10.81318465017816,40.70506043257946,0.10299853181339796,(-2348841.083090743+4161902.376997546j),40.70506043257946,0.10299853181339796,(-2348841.083090743-4161902.376997546j),40.70262936637001,0.09946512698127508,(4696275.402858724+0j),39.34379454095364,8.924950181612717e-09,(1406.7633227636486+0j)
-10.795489694345251,40.70995288194072,0.10299853181339796,(-2348841.083090743+4161902.376997546j),40.70995288194072,0.10299853181339796,(-2348841.083090743-4161902.376997546j),40.7077831699776,0.09946512698127508,(4696275.402858724+0j),39.34379917807372,8.924950181612717e-09,(1406.7633227636486+0j)
-10.777794738512343,40.71456813321951,0.10299853181339796,(-2348841.083090743+4161902.376997546j),40.71456813321951,0.10299853181339796,(-2348841.083090743-4161902.376997546j),40.71264505606618,0.09946512698127508,(4696275.402858724+0j),39.343804394806405,8.924950181612717e-09,(1406.7633227636486+0j)
-10.760099782679436,40.7189059005312,0.10299853181339796,(-2348841.083090743+4161902.376997546j),40.7189059005312,0.10299853181339796,(-2348841.083090743-4161902.376997546j),40.71721471286929,0.09946512698127508,(4696275.402858724+0j),39.34381030706837,8.924950181612717e-09,(1406.7633227636486+0j)
-10.742404826846528,40.72296589769689,0.10299853181339796,(-2348841.083090743+4161902.376997546j),40.72296589769689,0.10299853181339796,(-2348841.083090743-4161902.376997546j),40.72149182828819,0.09946512698127508,(4696275.402858724+0j),39.34381706389353,8.924950181612717e-09,(1406.7633227636486+0j)
-10.724709871013618,40.72674783824301,0.10299853181339796,(-2348841.083090743+4161902.376997546j),40.72674783824301,0.10299853181339796,(-2348841.083090743-4161902.376997546j),40.725476089891345,0.09946512698127508,(4696275.402858724+0j),39.34382486016977,8.924950181612717e-09,(1406.7633227636486+0j)
-10.707014915180709,40.730251435401044,0.10299853181339796,(-2348841.083090743+4161902.376997546j),40.730251435401044,0.10299853181339796,(-2348841.083090743-4161902.376997546j),40.729167184914154,0.09946512698127508,(4696275.402858724+0j),39.34383395574346,8.924950181612717e-09,(1406.7633227636486+0j)
-10.689319959347802,40.73347640210715,0.10299853181339796,(-2348841.083090743+4161902.376997546j),40.73347640210715,0.10299853181339796,(-2348841.083090743-4161902.376997546j),40.732564800258494,0.09946512698127508,(4696275.402858724+0j),39.3438447049441,8.924950181612717e-09,(1406.7633227636486+0j)
-10.671625003514894,40.736422451001864,0.10299853181339796,(-2348841.083090743+4161902.376997546j),40.736422451001864,0.10299853181339796,(-2348841.083090743-4161902.376997546j),40.73566862249231,0.09946512698127508,(4696275.402858724+0j),39.34385760382221,8.924950181612717e-09,(1406.7633227636486+0j)
-10.653930047681985,40.7390892944297,0.10299853181339796,(-2348841.083090743+4161902.376997546j),40.7390892944297,0.10299853181339796,(-2348841.083090743-4161902.376997546j),40.73847833784929,0.09946512698127508,(4696275.402858724+0j),39.34387336887673,8.924950181612717e-09,(1406.7633227636486+0j)
-10.636235091849077,40.741476644438855,0.10299853181339796,(-2348841.083090743+4161902.376997546j),40.741476644438855,0.10299853181339796,(-2348841.083090743-4161902.376997546j),40.74099363222837,0.09946512698127508,(4696275.402858724+0j),39.343893074822184,8.924950181612717e-09,(1406.7633227636486+0j)
-10.61854013601617,40.743584212780874,0.10299853181339796,(-2348841.083090743+4161902.376997546j),40.743584212780874,0.10299853181339796,(-2348841.083090743-4161902.376997546j),40.74321419119344,0.09946512698127508,(4696275.402858724+0j),39.34391841042929,8.924950181612717e-09,(1406.7633227636486+0j)
-10.600845180183262,40.74541171091029,0.10299853181339796,(-2348841.083090743+4161902.376997546j),40.74541171091029,0.10299853181339796,(-2348841.083090743-4161902.376997546j),40.74513969997286,0.09946512698127508,(4696275.402858724+0j),39.34395219017396,8.924950181612717e-09,(1406.7633227636486+0j)
-10.583150224350353,40.74695884998429,0.10299853181339796,(-2348841.083090743+4161902.376997546j),40.74695884998429,0.10299853181339796,(-2348841.083090743-4161902.376997546j),40.74676984345912,0.09946512698127508,(4696275.402858724+0j),39.34399947977218,8.924950181612717e-09,(1406.7633227636486+0j)
-10.565455268517445,40.748225340862376,0.10299853181339796,(-2348841.083090743+4161902.376997546j),40.748225340862376,0.10299853181339796,(-2348841.083090743-4161902.376997546j),40.74810430620843,0.09946512698127508,(4696275.402858724+0j),39.34407040969792,8.924950181612717e-09,(1406.7633227636486+0j)
-10.547760312684536,40.74921089410603,0.10299853181339796,(-2348841.083090743+4161902.376997546j),40.74921089410603,0.10299853181339796,(-2348841.083090743-4161902.376997546j),40.74914277244029,0.09946512698127508,(4696275.402858724+0j),39.344188614317865,8.924950181612717e-09,(1406.7633227636486+0j)
-10.530065356851628,40.749915219978355,0.10299853181339796,(-2348841.083090743+4161902.376997546j),40.749915219978355,0.10299853181339796,(-2348841.083090743-4161902.376997546j),40.749884926037126,0.09946512698127508,(4696275.402858724+0j),39.34442497885571,8.924950181612717e-09,(1406.7633227636486+0j)
-10.51237040101872,40.75033802844376,0.10299853181339796,(-2348841.083090743+4161902.376997546j),40.75033802844376,0.10299853181339796,(-2348841.083090743-4161902.376997546j),40.75033045054388,0.09946512698127508,(4696275.402858724+0j),39.34513371503324,8.924950181612717e-09,(1406.7633227636486+0j)
-10.494675445185813,39.46294667687248,0.03207304762753489,(-1260564.535298129+2350048.3810585137j),39.46294667687248,0.03207304762753489,(-1260564.535298129-2350048.3810585137j),40.750479029167586,0.028473443091474565,(2512685.478022703+0j),40.750479029167586,3.215276048984602e-07,(8443.592573555234+0j)
-10.494675445185813,40.75047902916759,0.10299853181339796,(-2348841.083090743+4161902.376997546j),40.75047902916759,0.10299853181339796,(-2348841.083090743-4161902.376997546j),40.75047902916759,0.09946512698127508,(4696275.402858724+0j),40.75047902916759,8.924950181612717e-09,(1406.7633227636486+0j)
-10.476980489352904,39.32651148038744,0.03207304762753489,(-1260564.535298129+2350048.3810585137j),39.32651148038744,0.03207304762753489,(-1260564.535298129-2350048.3810585137j),40.5905177986057,0.028473443091474565,(2512685.478022703+0j),40.750447419171195,3.215276048984602e-07,(8443.592573555234+0j)
-10.459285533519996,39.191249189023395,0.03207304762753489,(-1260564.535298129+2350048.3810585137j),39.191249189023395,0.03207304762753489,(-1260564.535298129-2350048.3810585137j),40.43190204575973,0.028473443091474565,(2512685.478022703+0j),40.75041515760539,3.215276048984602e-07,(8443.592573555234+0j)
-10.441590577687087,39.05716371579246,0.03207304762753489,(-1260564.535298129+2350048.3810585137j),39.05716371579246,0.03207304762753489,(-1260564.535298129-2350048.3810585137j),40.27463683658746,0.028473443091474565,(2512685.478022703+0j),40.750382224114425,3.215276048984602e-07,(8443.592573555234+0j)
-10.42389562185418,38.924258986253626,0.03207304762753489,(-1260564.535298129+2350048.3810585137j),38.924258986253626,0.03207304762753489,(-1260564.535298129-2350048.3810585137j),40.118727255275985,0.028473443091474565,(2512685.478022703+0j),40.75034859748569,3.215276048984602e-07,(8443.592573555234+0j)
-10.40620066602127,38.79253893855702,0.03207304762753489,(-1260564.535298129+2350048.3810585137j),38.79253893855702,0.03207304762753489,(-1260564.535298129-2350048.3810585137j),39.96417840431384,0.028473443091474565,(2512685.478022703+0j),40.750314255604174,3.215276048984602e-07,(8443.592573555234+0j)
-10.388505710188362,38.66200752348845,0.03207304762753489,(-1260564.535298129+2350048.3810585137j),38.66200752348845,0.03207304762753489,(-1260564.535298129-2350048.3810585137j),39.81099540456345,0.028473443091474565,(2512685.478022703+0j),40.75027917540398,3.215276048984602e-07,(8443.592573555234+0j)
-10.370810754355455,38.532668704513945,0.03207304762753489,(-1260564.535298129+2350048.3810585137j),38.532668704513945,0.03207304762753489,(-1260564.535298129-2350048.3810585137j),39.65918339533394,0.028473443091474565,(2512685.478022703+0j),40.75024333281662,3.215276048984602e-07,(8443.592573555234+0j)
-10.353115798522547,38.4045264578247,0.03207304762753489,(-1260564.535298129+2350048.3810585137j),38.4045264578247,0.03207304762753489,(-1260564.535298129-2350048.3810585137j),39.50874753445417,0.028473443091474565,(2512685.478022703+0j),40.750206702715985,3.215276048984602e-07,(8443.592573555234+0j)
-10.335420842689638,38.27758477238198,0.03207304762753489,(-1260564.535298129+2350048.3810585137j),38.27758477238198,0.03207304762753489,(-1260564.535298129-2350048.3810585137j),39.35969299834626,0.028473443091474565,(2512685.478022703+0j),40.750169258859586,3.215276048984602e-07,(8443.592573555234+0j)
-10.31772588685673,38.15184764996234,0.03207304762753489,(-1260564.535298129+2350048.3810585137j),38.15184764996234,0.03207304762753489,(-1260564.535298129-2350048.3810585137j),39.21202498209924,0.028473443091474565,(2512685.478022703+0j),40.75013097382583,3.215276048984602e-07,(8443.592573555234+0j)
-10.300030931023823,38.02731910520301,0.03207304762753489,(-1260564.535298129+2350048.3810585137j),38.02731910520301,0.03207304762753489,(-1260564.535298129-2350048.3810585137j),39.065748699543185,0.028473443091474565,(2512685.478022703+0j),40.750091818947126,3.215276048984602e-07,(8443.592573555234+0j)
-10.282335975190914,37.90400316564741,0.03207304762753489,(-1260564.535298129+2350048.3810585137j),37.90400316564741,0.03207304762753489,(-1260564.535298129-2350048.3810585137j),38.92086938332361,0.028473443091474565,(2512685.478022703+0j),40.750051764238194,3.215276048984602e-07,(8443.592573555234+0j)
-10.264641019358006,37.78190387179083,0.03207304762753489,(-1260564.535298129+2350048.3810585137j),37.78190387179083,0.03207304762753489,(-1260564.535298129-2350048.3810585137j),38.77739228497623,0.028473443091474565,(2512685.478022703+0j),40.75001077831956,3.215276048984602e-07,(8443.592573555234+0j)
-10.246946063525098,37.66102527712643,0.03207304762753489,(-1260564.535298129+2350048.3810585137j),37.66102527712643,0.03207304762753489,(-1260564.535298129-2350048.3810585137j),38.63532267500199,0.028473443091474565,(2512685.478022703+0j),40.74996882833554,3.215276048984602e-07,(8443.592573555234+0j)
-10.22925110769219,37.541371448191235,0.03207304762753489,(-1260564.535298129+2350048.3810585137j),37.541371448191235,0.03207304762753489,(-1260564.535298129-2350048.3810585137j),38.494665842942524,0.028473443091474565,(2512685.478022703+0j),40.749925879866396,3.215276048984602e-07,(8443.592573555234+0j)
-10.21155615185928,37.42294646461244,0.03207304762753489,(-1260564.535298129+2350048.3810585137j),37.42294646461244,0.03207304762753489,(-1260564.535298129-2350048.3810585137j),38.35542709745586,0.028473443091474565,(2512685.478022703+0j),40.749881896834154,3.215276048984602e-07,(8443.592573555234+0j)
-10.193861196026372,37.3057544191539,0.03207304762753489,(-1260564.535298129+2350048.3810585137j),37.3057544191539,0.03207304762753489,(-1260564.535298129-2350048.3810585137j),38.21761176639251,0.028473443091474565,(2512685.478022703+0j),40.74983684140151,3.215276048984602e-07,(8443.592573555234+0j)
-10.176166240193464,37.189799417762686,0.03207304762753489,(-1260564.535298129+2350048.3810585137j),37.189799417762686,0.03207304762753489,(-1260564.535298129-2350048.3810585137j),38.08122519687192,0.028473443091474565,(2512685.478022703+0j),40.749790673863316,3.215276048984602e-07,(8443.592573555234+0j)
-10.158471284360557,37.075085579615966,0.03207304762753489,(-1260564.535298129+2350048.3810585137j),37.075085579615966,0.03207304762753489,(-1260564.535298129-2350048.3810585137j),37.94627275535918,0.028473443091474565,(2512685.478022703+0j),40.7497433525298,3.215276048984602e-07,(8443.592573555234+0j)
-10.140776328527648,36.96161703716802,0.03207304762753489,(-1260564.535298129+2350048.3810585137j),36.96161703716802,0.03207304762753489,(-1260564.535298129-2350048.3810585137j),37.81275982774219,0.028473443091474565,(2512685.478022703+0j),40.74969483360107,3.215276048984602e-07,(8443.592573555234+0j)
-10.12308137269474,36.8493979361974,0.03207304762753489,(-1260564.535298129+2350048.3810585137j),36.8493979361974,0.03207304762753489,(-1260564.535298129-2350048.3810585137j),37.68069181940906,0.028473443091474565,(2512685.478022703+0j),40.74964507103187,3.215276048984602e-07,(8443.592573555234+0j)
-10.105386416861833,36.738432435854335,0.03207304762753489,(-1260564.535298129+2350048.3810585137j),36.738432435854335,0.03207304762753489,(-1260564.535298129-2350048.3810585137j),37.550074155325945,0.028473443091474565,(2512685.478022703+0j),40.749594016385814,3.215276048984602e-07,(8443.592573555234+0j)
-10.087691461028925,36.628724708708326,0.03207304762753489,(-1260564.535298129+2350048.3810585137j),36.628724708708326,0.03207304762753489,(-1260564.535298129-2350048.3810585137j),37.42091228011514,0.028473443091474565,(2512685.478022703+0j),40.74954161867816,3.215276048984602e-07,(8443.592573555234+0j)
-10.069996505196016,36.520278940795876,0.03207304762753489,(-1260564.535298129+2350048.3810585137j),36.520278940795876,0.03207304762753489,(-1260564.535298129-2350048.3810585137j),37.293211658133636,0.028473443091474565,(2512685.478022703+0j),40.749487824205964,3.215276048984602e-07,(8443.592573555234+0j)
-10.052301549363106,36.41309933166846,0.03207304762753489,(-1260564.535298129+2350048.3810585137j),36.41309933166846,0.03207304762753489,(-1260564.535298129-2350048.3810585137j),37.16697777355194,0.028473443091474565,(2512685.478022703+0j),40.74943257636449,3.215276048984602e-07,(8443.592573555234+0j)
-10.0346065935302,36.30719009444068,0.03207304762753489,(-1260564.535298129+2350048.3810585137j),36.30719009444068,0.03207304762753489,(-1260564.535298129-2350048.3810585137j),37.042216130433246,0.028473443091474565,(2512685.478022703+0j),40.74937581544852,3.215276048984602e-07,(8443.592573555234+0j)
-10.01691163769729,36.2025554558386,0.03207304762753489,(-1260564.535298129+2350048.3810585137j),36.2025554558386,0.03207304762753489,(-1260564.535298129-2350048.3810585137j),36.91893225281304,0.028473443091474565,(2512685.478022703+0j),40.749317478437156,3.215276048984602e-07,(8443.592573555234+0j)
-9.999216681864382,36.09919965624827,0.03207304762753489,(-1260564.535298129+2350048.3810585137j),36.09919965624827,0.03207304762753489,(-1260564.535298129-2350048.3810585137j),36.79713168477899,0.028473443091474565,(2512685.478022703+0j),40.74925749876037,3.215276048984602e-07,(8443.592573555234+0j)
-9.981521726031474,35.99712694976447,0.03207304762753489,(-1260564.535298129+2350048.3810585137j),35.99712694976447,0.03207304762753489,(-1260564.535298129-2350048.3810585137j),36.676819990551195,0.028473443091474565,(2512685.478022703+0j),40.74919580604563,3.215276048984602e-07,(8443.592573555234+0j)
-9.963826770198567,35.896341604239616,0.03207304762753489,(-1260564.535298129+2350048.3810585137j),35.896341604239616,0.03207304762753489,(-1260564.535298129-2350048.3810585137j),36.55800275456286,0.028473443091474565,(2512685.478022703+0j),40.749132325842425,3.215276048984602e-07,(8443.592573555234+0j)
-9.946131814365659,35.79684790133289,0.03207304762753489,(-1260564.535298129+2350048.3810585137j),35.79684790133289,0.03207304762753489,(-1260564.535298129-2350048.3810585137j),36.44068558154124,0.028473443091474565,(2512685.478022703+0j),40.74906697932258,3.215276048984602e-07,(8443.592573555234+0j)
-9.92843685853275,35.69865013655956,0.03207304762753489,(-1260564.535298129+2350048.3810585137j),35.69865013655956,0.03207304762753489,(-1260564.535298129-2350048.3810585137j),36.32487409658906,0.028473443091474565,(2512685.478022703+0j),40.74899968295366,3.215276048984602e-07,(8443.592573555234+0j)
-9.910741902699842,35.601752619340466,0.03207304762753489,(-1260564.535298129+2350048.3810585137j),35.601752619340466,0.03207304762753489,(-1260564.535298129-2350048.3810585137j),36.21057394526618,0.028473443091474565,(2512685.478022703+0j),40.748930348142764,3.215276048984602e-07,(8443.592573555234+0j)
-9.893046946866935,35.50615967305176,0.03207304762753489,(-1260564.535298129+2350048.3810585137j),35.50615967305176,0.03207304762753489,(-1260564.535298129-2350048.3810585137j),36.09779079367171,0.028473443091474565,(2512685.478022703+0j),40.748858880847386,3.215276048984602e-07,(8443.592573555234+0j)
-9.875351991034027,35.411875635074814,0.03207304762753489,(-1260564.535298129+2350048.3810585137j),35.411875635074814,0.03207304762753489,(-1260564.535298129-2350048.3810585137j),35.98653032852649,0.028473443091474565,(2512685.478022703+0j),40.748785181149884,3.215276048984602e-07,(8443.592573555234+0j)
-9.857657035201116,35.31890485684633,0.03207304762753489,(-1260564.535298129+2350048.3810585137j),35.31890485684633,0.03207304762753489,(-1260564.535298129-2350048.3810585137j),35.87679825725588,0.028473443091474565,(2512685.478022703+0j),40.74870914279137,3.215276048984602e-07,(8443.592573555234+0j)
-9.83996207936821,35.22725170390862,0.03207304762753489,(-1260564.535298129+2350048.3810585137j),35.22725170390862,0.03207304762753489,(-1260564.535298129-2350048.3810585137j),35.76860030807301,0.028473443091474565,(2512685.478022703+0j),40.74863065266056,3.215276048984602e-07,(8443.592573555234+0j)
-9.822267123535301,35.13692055596018,0.03207304762753489,(-1260564.535298129+2350048.3810585137j),35.13692055596018,0.03207304762753489,(-1260564.535298129-2350048.3810585137j),35.66194223006235,0.028473443091474565,(2512685.478022703+0j),40.74854959023235,3.215276048984602e-07,(8443.592573555234+0j)
-9.804572167702393,35.04791580690637,0.03207304762753489,(-1260564.535298129+2350048.3810585137j),35.04791580690637,0.03207304762753489,(-1260564.535298129-2350048.3810585137j),35.556829793263645,0.028473443091474565,(2512685.478022703+0j),40.748465826950294,3.215276048984602e-07,(8443.592573555234+0j)
-9.786877211869484,34.96024186491033,0.03207304762753489,(-1260564.535298129+2350048.3810585137j),34.96024186491033,0.03207304762753489,(-1260564.535298129-2350048.3810585137j),35.45326878875628,0.028473443091474565,(2512685.478022703+0j),40.74837922554625,3.215276048984602e-07,(8443.592573555234+0j)
-9.769182256036578,34.873903152444136,0.03207304762753489,(-1260564.535298129+2350048.3810585137j),34.873903152444136,0.03207304762753489,(-1260564.535298129-2350048.3810585137j),35.351265028744,0.028473443091474565,(2512685.478022703+0j),40.74828963928978,3.215276048984602e-07,(8443.592573555234+0j)
-9.751487300203669,34.78890410634011,0.03207304762753489,(-1260564.535298129+2350048.3810585137j),34.78890410634011,0.03207304762753489,(-1260564.535298129-2350048.3810585137j),35.25082434664,0.028473443091474565,(2512685.478022703+0j),40.748196911158495,3.215276048984602e-07,(8443.592573555234+0j)
-9.73379234437076,34.70524917784239,0.03207304762753489,(-1260564.535298129+2350048.3810585137j),34.70524917784239,0.03207304762753489,(-1260564.535298129-2350048.3810585137j),35.151952597152395,0.028473443091474565,(2512685.478022703+0j),40.748100872919544,3.215276048984602e-07,(8443.592573555234+0j)
-9.716097388537852,34.622942832658616,0.03207304762753489,(-1260564.535298129+2350048.3810585137j),34.622942832658616,0.03207304762753489,(-1260564.535298129-2350048.3810585137j),35.05465565637014,0.028473443091474565,(2512685.478022703+0j),40.74800134411108,3.215276048984602e-07,(8443.592573555234+0j)
-9.698402432704944,34.54198955101196,0.03207304762753489,(-1260564.535298129+2350048.3810585137j),34.54198955101196,0.03207304762753489,(-1260564.535298129-2350048.3810585137j),34.95893942184926,0.028473443091474565,(2512685.478022703+0j),40.747898130910414,3.215276048984602e-07,(8443.592573555234+0j)
-9.680707476872035,34.462393827693255,0.03207304762753489,(-1260564.535298129+2350048.3810585137j),34.462393827693255,0.03207304762753489,(-1260564.535298129-2350048.3810585137j),34.86480981269952,0.028473443091474565,(2512685.478022703+0j),40.747791024874246,3.215276048984602e-07,(8443.592573555234+0j)
-9.663012521039127,34.38416017211336,0.03207304762753489,(-1260564.535298129+2350048.3810585137j),34.38416017211336,0.03207304762753489,(-1260564.535298129-2350048.3810585137j),34.77227276967144,0.028473443091474565,(2512685.478022703+0j),40.747679801533614,3.215276048984602e-07,(8443.592573555234+0j)
-9.64531756520622,34.307293108355786,0.03207304762753489,(-1260564.535298129+2350048.3810585137j),34.307293108355786,0.03207304762753489,(-1260564.535298129-2350048.3810585137j),34.68133425524378,0.028473443091474565,(2512685.478022703+0j),40.747564218823534,3.215276048984602e-07,(8443.592573555234+0j)
-9.627622609373311,34.23179717522944,0.03207304762753489,(-1260564.535298129+2350048.3810585137j),34.23179717522944,0.03207304762753489,(-1260564.535298129-2350048.3810585137j),34.59200025371136,0.028473443091474565,(2512685.478022703+0j),40.747444015324376,3.215276048984602e-07,(8443.592573555234+0j)
-9.609927653540403,34.15767692632171,0.03207304762753489,(-1260564.535298129+2350048.3810585137j),34.15767692632171,0.03207304762753489,(-1260564.535298129-2350048.3810585137j),34.50427677127329,0.028473443091474565,(2512685.478022703+0j),40.74731890828799,3.215276048984602e-07,(8443.592573555234+0j)
-9.592232697707495,34.08493693005165,0.03207304762753489,(-1260564.535298129+2350048.3810585137j),34.08493693005165,0.03207304762753489,(-1260564.535298129-2350048.3810585137j),34.418169836121606,0.028473443091474565,(2512685.478022703+0j),40.74718859141728,3.215276048984602e-07,(8443.592573555234+0j)
-9.574537741874588,34.013581769723395,0.03207304762753489,(-1260564.535298129+2350048.3810585137j),34.013581769723395,0.03207304762753489,(-1260564.535298129-2350048.3810585137j),34.33368549853032,0.028473443091474565,(2512685.478022703+0j),40.74705273236239,3.215276048984602e-07,(8443.592573555234+0j)
-9.55684278604168,33.94361604357989,0.03207304762753489,(-1260564.535298129+2350048.3810585137j),33.94361604357989,0.03207304762753489,(-1260564.535298129-2350048.3810585137j),34.25082983094488,0.028473443091474565,(2512685.478022703+0j),40.74691096989064,3.215276048984602e-07,(8443.592573555234+0j)
-9.53914783020877,33.875044364856734,0.03207304762753489,(-1260564.535298129+2350048.3810585137j),33.875044364856734,0.03207304762753489,(-1260564.535298129-2350048.3810585137j),34.16960892807198,0.028473443091474565,(2512685.478022703+0j),40.746762910679195,3.215276048984602e-07,(8443.592573555234+0j)
-9.521452874375862,33.80787136183626,0.03207304762753489,(-1260564.535298129+2350048.3810585137j),33.80787136183626,0.03207304762753489,(-1260564.535298129-2350048.3810585137j),34.09002890696986,0.028473443091474565,(2512685.478022703+0j),40.74660812567074,3.215276048984602e-07,(8443.592573555234+0j)
-9.503757918542954,33.74210167790187,0.03207304762753489,(-1260564.535298129+2350048.3810585137j),33.74210167790187,0.03207304762753489,(-1260564.535298129-2350048.3810585137j),34.01209590713898,0.028473443091474565,(2512685.478022703+0j),40.74644614592094,3.215276048984602e-07,(8443.592573555234+0j)
-9.486062962710045,33.67773997159258,0.03207304762753489,(-1260564.535298129+2350048.3810585137j),33.67773997159258,0.03207304762753489,(-1260564.535298129-2350048.3810585137j),33.935816090613066,0.028473443091474565,(2512685.478022703+0j),40.74627645785309,3.215276048984602e-07,(8443.592573555234+0j)
-9.468368006877137,33.61479091665773,0.03207304762753489,(-1260564.535298129+2350048.3810585137j),33.61479091665773,0.03207304762753489,(-1260564.535298129-2350048.3810585137j),33.86119564205064,0.028473443091474565,(2512685.478022703+0j),40.74609849781873,3.215276048984602e-07,(8443.592573555234+0j)
-9.450673051044229,33.55325920211204,0.03207304762753489,(-1260564.535298129+2350048.3810585137j),33.55325920211204,0.03207304762753489,(-1260564.535298129-2350048.3810585137j),33.78824076882696,0.028473443091474565,(2512685.478022703+0j),40.745911645842924,3.215276048984602e-07,(8443.592573555234+0j)
-9.432978095211322,33.49314953229072,0.03207304762753489,(-1260564.535298129+2350048.3810585137j),33.49314953229072,0.03207304762753489,(-1260564.535298129-2350048.3810585137j),33.71695770112631,0.028473443091474565,(2512685.478022703+0j),40.74571521840802,3.215276048984602e-07,(8443.592573555234+0j)
-9.415283139378413,33.43446662690499,0.03207304762753489,(-1260564.535298129+2350048.3810585137j),33.43446662690499,0.03207304762753489,(-1260564.535298129-2350048.3810585137j),33.6473526920348,0.028473443091474565,(2512685.478022703+0j),40.745508460098726,3.215276048984602e-07,(8443.592573555234+0j)
-9.397588183545505,33.37721522109766,0.03207304762753489,(-1260564.535298129+2350048.3810585137j),33.37721522109766,0.03207304762753489,(-1260564.535298129-2350048.3810585137j),33.57943201763352,0.028473443091474565,(2512685.478022703+0j),40.745290533893346,3.215276048984602e-07,(8443.592573555234+0j)
-9.379893227712598,33.32140006549902,0.03207304762753489,(-1260564.535298129+2350048.3810585137j),33.32140006549902,0.03207304762753489,(-1260564.535298129-2350048.3810585137j),33.51320197709217,0.028473443091474565,(2512685.478022703+0j),40.745060509838176,3.215276048984602e-07,(8443.592573555234+0j)
-9.36219827187969,33.267025926283004,0.03207304762753489,(-1260564.535298129+2350048.3810585137j),33.267025926283004,0.03207304762753489,(-1260564.535298129-2350048.3810585137j),33.44866889276311,0.028473443091474565,(2512685.478022703+0j),40.744817351781826,3.215276048984602e-07,(8443.592573555234+0j)
-9.34450331604678,33.21409758522345,0.03207304762753489,(-1260564.535298129+2350048.3810585137j),33.21409758522345,0.03207304762753489,(-1260564.535298129-2350048.3810585137j),33.385839110275775,0.028473443091474565,(2512685.478022703+0j),40.74455990177042,3.215276048984602e-07,(8443.592573555234+0j)
-9.326808360213871,33.1626198397507,0.03207304762753489,(-1260564.535298129+2350048.3810585137j),33.1626198397507,0.03207304762753489,(-1260564.535298129-2350048.3810585137j),33.32471899863164,0.028473443091474565,(2512685.478022703+0j),40.744286861607925,3.215276048984602e-07,(8443.592573555234+0j)
-9.309113404380964,33.112597503008374,0.03207304762753489,(-1260564.535298129+2350048.3810585137j),33.112597503008374,0.03207304762753489,(-1260564.535298129-2350048.3810585137j),33.265314950299505,0.028473443091474565,(2512685.478022703+0j),40.74399677096196,3.215276048984602e-07,(8443.592573555234+0j)
-9.291418448548056,33.064035403910445,0.03207304762753489,(-1260564.535298129+2350048.3810585137j),33.064035403910445,0.03207304762753489,(-1260564.535298129-2350048.3810585137j),33.20763338131134,0.028473443091474565,(2512685.478022703+0j),40.74368798123575,3.215276048984602e-07,(8443.592573555234+0j)
-9.273723492715147,33.01693838719843,0.03207304762753489,(-1260564.535298129+2350048.3810585137j),33.01693838719843,0.03207304762753489,(-1260564.535298129-2350048.3810585137j),33.15168073135838,0.028473443091474565,(2512685.478022703+0j),40.74335862421926,3.215276048984602e-07,(8443.592573555234+0j)
-9.256028536882239,32.971311313498944,0.03207304762753489,(-1260564.535298129+2350048.3810585137j),32.971311313498944,0.03207304762753489,(-1260564.535298129-2350048.3810585137j),33.097463463887905,0.028473443091474565,(2512685.478022703+0j),40.74300657426036,3.215276048984602e-07,(8443.592573555234+0j)
-9.238333581049332,32.92715905938137,0.03207304762753489,(-1260564.535298129+2350048.3810585137j),32.92715905938137,0.03207304762753489,(-1260564.535298129-2350048.3810585137j),33.04498806620026,0.028473443091474565,(2512685.478022703+0j),40.742629402337826,3.215276048984602e-07,(8443.592573555234+0j)
-9.220638625216424,32.88448651741585,0.03207304762753489,(-1260564.535298129+2350048.3810585137j),32.88448651741585,0.03207304762753489,(-1260564.535298129-2350048.3810585137j),32.99426104954642,0.028473443091474565,(2512685.478022703+0j),40.74222431993848,3.215276048984602e-07,(8443.592573555234+0j)
-9.202943669383515,32.84329859623152,0.03207304762753489,(-1260564.535298129+2350048.3810585137j),32.84329859623152,0.03207304762753489,(-1260564.535298129-2350048.3810585137j),32.94528894922597,0.028473443091474565,(2512685.478022703+0j),40.741788109996655,3.215276048984602e-07,(8443.592573555234+0j)
-9.185248713550607,32.80360022057487,0.03207304762753489,(-1260564.535298129+2350048.3810585137j),32.80360022057487,0.03207304762753489,(-1260564.535298129-2350048.3810585137j),32.89807832468559,0.028473443091474565,(2512685.478022703+0j),40.741317041277036,3.215276048984602e-07,(8443.592573555234+0j)
-9.167553757717698,32.765396331368486,0.03207304762753489,(-1260564.535298129+2350048.3810585137j),32.765396331368486,0.03207304762753489,(-1260564.535298129-2350048.3810585137j),32.85263575961792,0.028473443091474565,(2512685.478022703+0j),40.7408067613776,3.215276048984602e-07,(8443.592573555234+0j)
-9.14985880188479,32.728691885769926,0.03207304762753489,(-1260564.535298129+2350048.3810585137j),32.728691885769926,0.03207304762753489,(-1260564.535298129-2350048.3810585137j),32.80896786206087,0.028473443091474565,(2512685.478022703+0j),40.740252161853334,3.215276048984602e-07,(8443.592573555234+0j)
-9.132163846051881,32.693491857230924,0.03207304762753489,(-1260564.535298129+2350048.3810585137j),32.693491857230924,0.03207304762753489,(-1260564.535298129-2350048.3810585137j),32.76708126449753,0.028473443091474565,(2512685.478022703+0j),40.73964720660106,3.215276048984602e-07,(8443.592573555234+0j)
-9.114468890218975,32.65980123555673,0.03207304762753489,(-1260564.535298129+2350048.3810585137j),32.65980123555673,0.03207304762753489,(-1260564.535298129-2350048.3810585137j),32.72698262395636,0.028473443091474565,(2512685.478022703+0j),40.73898471127493,3.215276048984602e-07,(8443.592573555234+0j)
-9.096773934386066,32.62762502696581,0.03207304762753489,(-1260564.535298129+2350048.3810585137j),32.62762502696581,0.03207304762753489,(-1260564.535298129-2350048.3810585137j),32.68867862211194,0.028473443091474565,(2512685.478022703+0j),40.738256056616784,3.215276048984602e-07,(8443.592573555234+0j)
-9.079078978553158,32.59696825414971,0.03207304762753489,(-1260564.535298129+2350048.3810585137j),32.59696825414971,0.03207304762753489,(-1260564.535298129-2350048.3810585137j),32.65217596538618,0.028473443091474565,(2512685.478022703+0j),40.737450811388975,3.215276048984602e-07,(8443.592573555234+0j)
-9.06138402272025,32.56783595633316,0.03207304762753489,(-1260564.535298129+2350048.3810585137j),32.56783595633316,0.03207304762753489,(-1260564.535298129-2350048.3810585137j),32.617481385049985,0.028473443091474565,(2512685.478022703+0j),40.736556229808464,3.215276048984602e-07,(8443.592573555234+0j)
-9.043689066887342,32.54023318933455,0.03207304762753489,(-1260564.535298129+2350048.3810585137j),32.54023318933455,0.03207304762753489,(-1260564.535298129-2350048.3810585137j),32.58460163732536,0.028473443091474565,(2512685.478022703+0j),40.73555657188885,3.215276048984602e-07,(8443.592573555234+0j)
-9.025994111054434,32.51416502562643,0.03207304762753489,(-1260564.535298129+2350048.3810585137j),32.51416502562643,0.03207304762753489,(-1260564.535298129-2350048.3810585137j),32.55354350348807,0.028473443091474565,(2512685.478022703+0j),40.73443216934463,3.215276048984602e-07,(8443.592573555234+0j)
-9.008299155221525,32.489636554396505,0.03207304762753489,(-1260564.535298129+2350048.3810585137j),32.489636554396505,0.03207304762753489,(-1260564.535298129-2350048.3810585137j),32.524313789970655,0.028473443091474565,(2512685.478022703+0j),40.73315811853564,3.215276048984602e-07,(8443.592573555234+0j)
-8.990604199388615,32.46665288160869,0.03207304762753489,(-1260564.535298129+2350048.3810585137j),32.46665288160869,0.03207304762753489,(-1260564.535298129-2350048.3810585137j),32.496919328466035,0.028473443091474565,(2512685.478022703+0j),40.731702414334706,3.215276048984602e-07,(8443.592573555234+0j)
-8.972909243555709,32.445219130064515,0.03207304762753489,(-1260564.535298129+2350048.3810585137j),32.445219130064515,0.03207304762753489,(-1260564.535298129-2350048.3810585137j),32.47136697603154,0.028473443091474565,(2512685.478022703+0j),40.730023224507796,3.215276048984602e-07,(8443.592573555234+0j)
-8.9552142877228,32.42534043946478,0.03207304762753489,(-1260564.535298129+2350048.3810585137j),32.42534043946478,0.03207304762753489,(-1260564.535298129-2350048.3810585137j),32.44766361519341,0.028473443091474565,(2512685.478022703+0j),40.72806480437709,3.215276048984602e-07,(8443.592573555234+0j)
-8.937519331889892,32.40702196647139,0.03207304762753489,(-1260564.535298129+2350048.3810585137j),32.40702196647139,0.03207304762753489,(-1260564.535298129-2350048.3810585137j),32.425816154051816,0.028473443091474565,(2512685.478022703+0j),40.72575118863487,3.215276048984602e-07,(8443.592573555234+0j)
-8.919824376056983,32.390268884769554,0.03207304762753489,(-1260564.535298129+2350048.3810585137j),32.390268884769554,0.03207304762753489,(-1260564.535298129-2350048.3810585137j),32.40583152638635,0.028473443091474565,(2512685.478022703+0j),40.722976108550846,3.215276048984602e-07,(8443.592573555234+0j)
-8.902129420224076,32.37508638513014,0.03207304762753489,(-1260564.535298129+2350048.3810585137j),32.37508638513014,0.03207304762753489,(-1260564.535298129-2350048.3810585137j),32.387716691762,0.028473443091474565,(2512685.478022703+0j),40.71958620765003,3.215276048984602e-07,(8443.592573555234+0j)
-8.884434464391168,32.361479675472346,0.03207304762753489,(-1260564.535298129+2350048.3810585137j),32.361479675472346,0.03207304762753489,(-1260564.535298129-2350048.3810585137j),32.37147863563562,0.028473443091474565,(2512685.478022703+0j),40.715351711976574,3.215276048984602e-07,(8443.592573555234+0j)
-8.86673950855826,32.34945398092662,0.03207304762753489,(-1260564.535298129+2350048.3810585137j),32.34945398092662,0.03207304762753489,(-1260564.535298129-2350048.3810585137j),32.357124369462895,0.028473443091474565,(2512685.478022703+0j),40.709912058306415,3.215276048984602e-07,(8443.592573555234+0j)
-8.849044552725353,32.33901454389783,0.03207304762753489,(-1260564.535298129+2350048.3810585137j),32.33901454389783,0.03207304762753489,(-1260564.535298129-2350048.3810585137j),32.34466093080582,0.028473443091474565,(2512685.478022703+0j),40.70266739705847,3.215276048984602e-07,(8443.592573555234+0j)
-8.831349596892444,32.330166624128694,0.03207304762753489,(-1260564.535298129+2350048.3810585137j),32.330166624128694,0.03207304762753489,(-1260564.535298129-2350048.3810585137j),32.33409538344066,0.028473443091474565,(2512685.478022703+0j),40.69254060657799,3.215276048984602e-07,(8443.592573555234+0j)
-8.813654641059534,32.32291549876347,0.03207304762753489,(-1260564.535298129+2350048.3810585137j),32.32291549876347,0.03207304762753489,(-1260564.535298129-2350048.3810585137j),32.3254348174664,0.028473443091474565,(2512685.478022703+0j),40.677384752839714,3.215276048984602e-07,(8443.592573555234+0j)
-8.795959685226626,32.31726646241193,0.03207304762753489,(-1260564.535298129+2350048.3810585137j),32.31726646241193,0.03207304762753489,(-1260564.535298129-2350048.3810585137j),32.31868634941373,0.028473443091474565,(2512685.478022703+0j),40.65221618132184,3.215276048984602e-07,(8443.592573555234+0j)
-8.778264729393719,32.31322482721359,0.03207304762753489,(-1260564.535298129+2350048.3810585137j),32.31322482721359,0.03207304762753489,(-1260564.535298129-2350048.3810585137j),32.31385712235453,0.028473443091474565,(2512685.478022703+0j),40.60221852066548,3.215276048984602e-07,(8443.592573555234+0j)
-8.76056977356081,32.310795922902166,0.03207304762753489,(-1260564.535298129+2350048.3810585137j),32.310795922902166,0.03207304762753489,(-1260564.535298129-2350048.3810585137j),32.31095430601184,0.028473443091474565,(2512685.478022703+0j),40.45489306788882,3.215276048984602e-07,(8443.592573555234+0j)
-8.742874817727902,,,,,,,,,,,,
-8.742874817727902,32.30998509687038,0.03207304762753489,(-1260564.535298129+2350048.3810585137j),32.30998509687038,0.03207304762753489,(-1260564.535298129-2350048.3810585137j),32.30998509687038,0.028473443091474565,(2512685.478022703+0j),32.30998509687038,3.215276048984602e-07,(8443.592573555234+0j)
-8.725179861894993,,,,,,,,,,,,
-8.707484906062087,,,,,,,,,,,,
-8.689789950229178,,,,,,,,,,,,
-8.672094994396268,,,,,,,,,,,,
-8.654400038563361,,,,,,,,,,,,
-8.636705082730453,,,,,,,,,,,,
-8.619010126897544,,,,,,,,,,,,
-8.601315171064636,,,,,,,,,,,,
-8.58362021523173,,,,,,,,,,,,
-8.56592525939882,,,,,,,,,,,,
-8.548230303565912,,,,,,,,,,,,
-8.530535347733004,,,,,,,,,,,,
-8.512840391900097,,,,,,,,,,,,
-8.495145436067189,,,,,,,,,,,,
-8.477450480234278,,,,,,,,,,,,
-8.45975552440137,,,,,,,,,,,,
-8.442060568568463,,,,,,,,,,,,
-8.424365612735555,,,,,,,,,,,,
-8.406670656902646,,,,,,,,,,,,
-8.38897570106974,,,,,,,,,,,,
-8.371280745236831,,,,,,,,,,,,
-8.353585789403922,,,,,,,,,,,,
-8.335890833571012,,,,,,,,,,,,
-8.318195877738106,,,,,,,,,,,,
-8.300500921905197,,,,,,,,,,,,
-8.282805966072289,,,,,,,,,,,,
-8.26511101023938,,,,,,,,,,,,
-8.247416054406473,,,,,,,,,,,,
-8.229721098573565,,,,,,,,,,,,
-8.212026142740656,,,,,,,,,,,,
-8.194331186907748,,,,,,,,,,,,
-8.176636231074841,,,,,,,,,,,,
-8.158941275241933,,,,,,,,,,,,
-8.141246319409023,,,,,,,,,,,,
-8.123551363576116,,,,,,,,,,,,
-8.105856407743207,,,,,,,,,,,,
-8.088161451910299,,,,,,,,,,,,
-8.07046649607739,,,,,,,,,,,,
-8.052771540244484,,,,,,,,,,,,
-8.035076584411575,,,,,,,,,,,,
-8.017381628578667,,,,,,,,,,,,
-7.999686672745757,,,,,,,,,,,,
-7.981991716912849,,,,,,,,,,,,
-7.964296761079941,,,,,,,,,,,,
-7.946601805247033,,,,,,,,,,,,
-7.928906849414125,,,,,,,,,,,,
-7.911211893581218,,,,,,,,,,,,
-7.893516937748309,,,,,,,,,,,,
-7.875821981915402,,,,,,,,,,,,
-7.858127026082493,,,,,,,,,,,,
-7.8404320702495855,,,,,,,,,,,,
-7.822737114416675,,,,,,,,,,,,
-7.805042158583769,,,,,,,,,,,,
-7.787347202750859,,,,,,,,,,,,
-7.769652246917952,,,,,,,,,,,,
-7.751957291085043,,,,,,,,,,,,
-7.734262335252136,,,,,,,,,,,,
-7.716567379419227,,,,,,,,,,,,
-7.6988724235863195,,,,,,,,,,,,
-7.681177467753411,,,,,,,,,,,,
-7.663482511920503,,,,,,,,,,,,
-7.645787556087595,,,,,,,,,,,,
-7.6280926002546865,,,,,,,,,,,,
-7.610397644421778,,,,,,,,,,,,
-7.5927026885888695,,,,,,,,,,,,
-7.575007732755962,,,,,,,,,,,,
-7.5573127769230535,,,,,,,,,,,,
-7.539617821090146,,,,,,,,,,,,
-7.5219228652572365,,,,,,,,,,,,
-7.504227909424329,,,,,,,,,,,,
-7.4865329535914205,,,,,,,,,,,,
-7.468837997758513,,,,,,,,,,,,
-7.451143041925604,,,,,,,,,,,,
-7.433448086092696,,,,,,,,,,,,
-7.415753130259788,,,,,,,,,,,,
-7.39805817442688,,,,,,,,,,,,
-7.380363218593972,,,,,,,,,,,,
-7.362668262761063,,,,,,,,,,,,
-7.344973306928155,,,,,,,,,,,,
-7.327278351095247,,,,,,,,,,,,
-7.309583395262339,,,,,,,,,,,,
-7.291888439429431,,,,,,,,,,,,
-7.274193483596522,,,,,,,,,,,,
-7.256498527763614,,,,,,,,,,,,
-7.238803571930706,,,,,,,,,,,,
-7.221108616097798,,,,,,,,,,,,
-7.20341366026489,,,,,,,,,,,,
-7.185718704431982,,,,,,,,,,,,
-7.168023748599073,,,,,,,,,,,,
-7.150328792766166,,,,,,,,,,,,
-7.132633836933257,,,,,,,,,,,,
-7.114938881100349,,,,,,,,,,,,
-7.09724392526744,,,,,,,,,,,,
-7.079548969434533,,,,,,,,,,,,
-7.061854013601624,,,,,,,,,,,,
-7.0441590577687165,,,,,,,,,,,,
-7.026464101935807,,,,,,,,,,,,
-7.0087691461029,,,,,,,,,,,,
-6.991074190269991,,,,,,,,,,,,
-6.991074190269991,34.97492752980048,0.02396063541600715,(-1068229.9466597135+2042503.6160911364j),34.97492752980048,0.02396063541600715,(-1068229.9466597135-2042503.6160911364j),32.309985096870356,0.02032815025167591,(2123083.4630593383+0j),32.30998509687038,8.069454668135967e-07,(13376.4302600892+0j)
-6.9733792344370835,35.1755358246691,0.02396063541600715,(-1068229.9466597135+2042503.6160911364j),35.1755358246691,0.02396063541600715,(-1068229.9466597135-2042503.6160911364j),32.557588860277505,0.02032815025167591,(2123083.4630593383+0j),32.310110671116206,8.069454668135967e-07,(13376.4302600892+0j)
-6.955684278604175,35.37451815288867,0.02396063541600715,(-1068229.9466597135+2042503.6160911364j),35.37451815288867,0.02396063541600715,(-1068229.9466597135-2042503.6160911364j),32.80326930536437,0.02032815025167591,(2123083.4630593383+0j),32.31023883269671,8.069454668135967e-07,(13376.4302600892+0j)
-6.937989322771267,35.571867212027506,0.02396063541600715,(-1068229.9466597135+2042503.6160911364j),35.571867212027506,0.02396063541600715,(-1068229.9466597135-2042503.6160911364j),33.04701619924936,0.02032815025167591,(2123083.4630593383+0j),32.310369662408526,8.069454668135967e-07,(13376.4302600892+0j)
-6.920294366938359,35.76757566861734,0.02396063541600715,(-1068229.9466597135+2042503.6160911364j),35.76757566861734,0.02396063541600715,(-1068229.9466597135-2042503.6160911364j),33.28881925812656,0.02032815025167591,(2123083.4630593383+0j),32.31050324444779,8.069454668135967e-07,(13376.4302600892+0j)
-6.9025994111054505,35.96163615800857,0.02396063541600715,(-1068229.9466597135+2042503.6160911364j),35.96163615800857,0.02396063541600715,(-1068229.9466597135-2042503.6160911364j),33.52866814698829,0.02032815025167591,(2123083.4630593383+0j),32.310639666590816,8.069454668135967e-07,(13376.4302600892+0j)
-6.884904455272543,36.15404128422473,0.02396063541600715,(-1068229.9466597135+2042503.6160911364j),36.15404128422473,0.02396063541600715,(-1068229.9466597135-2042503.6160911364j),33.766552479346004,0.02032815025167591,(2123083.4630593383+0j),32.31077902038652,8.069454668135967e-07,(13376.4302600892+0j)
-6.867209499439634,36.34478361981629,0.02396063541600715,(-1068229.9466597135+2042503.6160911364j),36.34478361981629,0.02396063541600715,(-1068229.9466597135-2042503.6160911364j),34.00246181694951,0.02032815025167591,(2123083.4630593383+0j),32.31092140136123,8.069454668135967e-07,(13376.4302600892+0j)
-6.849514543606726,36.533855705713535,0.02396063541600715,(-1068229.9466597135+2042503.6160911364j),36.533855705713535,0.02396063541600715,(-1068229.9466597135-2042503.6160911364j),34.23638566950441,0.02032815025167591,(2123083.4630593383+0j),32.31106690923705,8.069454668135967e-07,(13376.4302600892+0j)
-6.8318195877738175,36.72125005107881,0.02396063541600715,(-1068229.9466597135+2042503.6160911364j),36.72125005107881,0.02396063541600715,(-1068229.9466597135-2042503.6160911364j),34.46831349438786,0.02032815025167591,(2123083.4630593383+0j),32.31121564816483,8.069454668135967e-07,(13376.4302600892+0j)
-6.81412463194091,36.906959133157905,0.02396063541600715,(-1068229.9466597135+2042503.6160911364j),36.906959133157905,0.02396063541600715,(-1068229.9466597135-2042503.6160911364j),34.698234696362576,0.02032815025167591,(2123083.4630593383+0j),32.311367726972776,8.069454668135967e-07,(13376.4302600892+0j)
-6.7964296761080005,37.090975397130755,0.02396063541600715,(-1068229.9466597135+2042503.6160911364j),37.090975397130755,0.02396063541600715,(-1068229.9466597135-2042503.6160911364j),34.926138627289134,0.02032815025167591,(2123083.4630593383+0j),32.311523259431965,8.069454668135967e-07,(13376.4302600892+0j)
-6.778734720275093,37.27329125596125,0.02396063541600715,(-1068229.9466597135+2042503.6160911364j),37.27329125596125,0.02396063541600715,(-1068229.9466597135-2042503.6160911364j),35.15201458583641,0.02032815025167591,(2123083.4630593383+0j),32.311682364540225,8.069454668135967e-07,(13376.4302600892+0j)
-6.7610397644421845,37.45389909024629,0.02396063541600715,(-1068229.9466597135+2042503.6160911364j),37.45389909024629,0.02396063541600715,(-1068229.9466597135-2042503.6160911364j),35.37585181719039,0.02032815025167591,(2123083.4630593383+0j),32.311845166825755,8.069454668135967e-07,(13376.4302600892+0j)
-6.743344808609277,37.63279124806415,0.02396063541600715,(-1068229.9466597135+2042503.6160911364j),37.63279124806415,0.02396063541600715,(-1068229.9466597135-2042503.6160911364j),35.59763951276099,0.02032815025167591,(2123083.4630593383+0j),32.312011796672216,8.069454668135967e-07,(13376.4302600892+0j)
-6.725649852776368,37.809960044821885,0.02396063541600715,(-1068229.9466597135+2042503.6160911364j),37.809960044821885,0.02396063541600715,(-1068229.9466597135-2042503.6160911364j),35.81736680988736,0.02032815025167591,(2123083.4630593383+0j),32.31218239066693,8.069454668135967e-07,(13376.4302600892+0j)
-6.707954896943461,37.985397763102014,0.02396063541600715,(-1068229.9466597135+2042503.6160911364j),37.985397763102014,0.02396063541600715,(-1068229.9466597135-2042503.6160911364j),36.035022791541074,0.02032815025167591,(2123083.4630593383+0j),32.31235709197434,8.069454668135967e-07,(13376.4302600892+0j)
-6.690259941110552,38.15909665250844,0.02396063541600715,(-1068229.9466597135+2042503.6160911364j),38.15909665250844,0.02396063541600715,(-1068229.9466597135-2042503.6160911364j),36.2505964860277,0.02032815025167591,(2123083.4630593383+0j),32.312536050736696,8.069454668135967e-07,(13376.4302600892+0j)
-6.672564985277644,38.33104892951147,0.02396063541600715,(-1068229.9466597135+2042503.6160911364j),38.33104892951147,0.02396063541600715,(-1068229.9466597135-2042503.6160911364j),36.4640768666865,0.02032815025167591,(2123083.4630593383+0j),32.312719424504394,8.069454668135967e-07,(13376.4302600892+0j)
-6.654870029444736,38.501246777292096,0.02396063541600715,(-1068229.9466597135+2042503.6160911364j),38.501246777292096,0.02396063541600715,(-1068229.9466597135-2042503.6160911364j),36.675452851588204,0.02032815025167591,(2123083.4630593383+0j),32.312907378698654,8.069454668135967e-07,(13376.4302600892+0j)
-6.637175073611828,38.669682345585386,0.02396063541600715,(-1068229.9466597135+2042503.6160911364j),38.669682345585386,0.02396063541600715,(-1068229.9466597135-2042503.6160911364j),36.884713303231024,0.02032815025167591,(2123083.4630593383+0j),32.31310008710918,8.069454668135967e-07,(13376.4302600892+0j)
-6.619480117778919,38.83634775052314,0.02396063541600715,(-1068229.9466597135+2042503.6160911364j),38.83634775052314,0.02396063541600715,(-1068229.9466597135-2042503.6160911364j),37.09184702823472,0.02032815025167591,(2123083.4630593383+0j),32.31329773243015,8.069454668135967e-07,(13376.4302600892+0j)
-6.601785161946011,39.00123507447559,0.02396063541600715,(-1068229.9466597135+2042503.6160911364j),39.00123507447559,0.02396063541600715,(-1068229.9466597135-2042503.6160911364j),37.2968427770328,0.02032815025167591,(2123083.4630593383+0j),32.31350050683796,8.069454668135967e-07,(13376.4302600892+0j)
-6.584090206113103,39.16433636589238,0.02396063541600715,(-1068229.9466597135+2042503.6160911364j),39.16433636589238,0.02396063541600715,(-1068229.9466597135-2042503.6160911364j),37.49968924356287,0.02032815025167591,(2123083.4630593383+0j),32.31370861261441,8.069454668135967e-07,(13376.4302600892+0j)
-6.566395250280195,39.32564363914268,0.02396063541600715,(-1068229.9466597135+2042503.6160911364j),39.32564363914268,0.02396063541600715,(-1068229.9466597135-2042503.6160911364j),37.70037506495497,0.02032815025167591,(2123083.4630593383+0j),32.31392226281985,8.069454668135967e-07,(13376.4302600892+0j)
-6.548700294447287,39.48514887435439,0.02396063541600715,(-1068229.9466597135+2042503.6160911364j),39.48514887435439,0.02396063541600715,(-1068229.9466597135-2042503.6160911364j),37.898888821218094,0.02032815025167591,(2123083.4630593383+0j),32.314141682020754,8.069454668135967e-07,(13376.4302600892+0j)
-6.531005338614379,39.64284401725254,0.02396063541600715,(-1068229.9466597135+2042503.6160911364j),39.64284401725254,0.02396063541600715,(-1068229.9466597135-2042503.6160911364j),38.095219034924696,0.02032815025167591,(2123083.4630593383+0j),32.31436710707708,8.069454668135967e-07,(13376.4302600892+0j)
-6.51331038278147,39.798720978996904,0.02396063541600715,(-1068229.9466597135+2042503.6160911364j),39.798720978996904,0.02396063541600715,(-1068229.9466597135-2042503.6160911364j),38.289354170893276,0.02032815025167591,(2123083.4630593383+0j),32.3145987879952,8.069454668135967e-07,(13376.4302600892+0j)
-6.495615426948562,39.95277163601862,0.02396063541600715,(-1068229.9466597135+2042503.6160911364j),39.95277163601862,0.02396063541600715,(-1068229.9466597135-2042503.6160911364j),38.481282635868986,0.02032815025167591,(2123083.4630593383+0j),32.31483698885277,8.069454668135967e-07,(13376.4302600892+0j)
-6.477920471115654,40.104987829855986,0.02396063541600715,(-1068229.9466597135+2042503.6160911364j),40.104987829855986,0.02396063541600715,(-1068229.9466597135-2042503.6160911364j),38.670992778202255,0.02032815025167591,(2123083.4630593383+0j),32.31508198880284,8.069454668135967e-07,(13376.4302600892+0j)
-6.460225515282746,40.25536136698951,0.02396063541600715,(-1068229.9466597135+2042503.6160911364j),40.25536136698951,0.02396063541600715,(-1068229.9466597135-2042503.6160911364j),38.858472887525465,0.02032815025167591,(2123083.4630593383+0j),32.31533408316524,8.069454668135967e-07,(13376.4302600892+0j)
-6.442530559449837,40.403884018675896,0.02396063541600715,(-1068229.9466597135+2042503.6160911364j),40.403884018675896,0.02396063541600715,(-1068229.9466597135-2042503.6160911364j),39.04371119442754,0.02032815025167591,(2123083.4630593383+0j),32.31559358461408,8.069454668135967e-07,(13376.4302600892+0j)
-6.42483560361693,40.55054752078126,0.02396063541600715,(-1068229.9466597135+2042503.6160911364j),40.55054752078126,0.02396063541600715,(-1068229.9466597135-2042503.6160911364j),39.22669587012657,0.02032815025167591,(2123083.4630593383+0j),32.31586082447153,8.069454668135967e-07,(13376.4302600892+0j)
-6.407140647784021,40.69534357361344,0.02396063541600715,(-1068229.9466597135+2042503.6160911364j),40.69534357361344,0.02396063541600715,(-1068229.9466597135-2042503.6160911364j),39.407415026140406,0.02032815025167591,(2123083.4630593383+0j),32.31613615411908,8.069454668135967e-07,(13376.4302600892+0j)
-6.389445691951114,40.838263841753424,0.02396063541600715,(-1068229.9466597135+2042503.6160911364j),40.838263841753424,0.02396063541600715,(-1068229.9466597135-2042503.6160911364j),39.585856713955174,0.02032815025167591,(2123083.4630593383+0j),32.31641994653896,8.069454668135967e-07,(13376.4302600892+0j)
-6.371750736118205,40.979299953885864,0.02396063541600715,(-1068229.9466597135+2042503.6160911364j),40.979299953885864,0.02396063541600715,(-1068229.9466597135-2042503.6160911364j),39.76200892469173,0.02032815025167591,(2123083.4630593383+0j),32.31671259799988,8.069454668135967e-07,(13376.4302600892+0j)
-6.354055780285297,41.11844350262866,0.02396063541600715,(-1068229.9466597135+2042503.6160911364j),41.11844350262866,0.02396063541600715,(-1068229.9466597135-2042503.6160911364j),39.93585958877005,0.02032815025167591,(2123083.4630593383+0j),32.31701452990318,8.069454668135967e-07,(13376.4302600892+0j)
-6.336360824452388,41.25568604436171,0.02396063541600715,(-1068229.9466597135+2042503.6160911364j),41.25568604436171,0.02396063541600715,(-1068229.9466597135-2042503.6160911364j),40.107396575571556,0.02032815025167591,(2123083.4630593383+0j),32.3173261908074,8.069454668135967e-07,(13376.4302600892+0j)
-6.3186658686194805,41.391019099054695,0.02396063541600715,(-1068229.9466597135+2042503.6160911364j),41.391019099054695,0.02396063541600715,(-1068229.9466597135-2042503.6160911364j),40.276607693099244,0.02032815025167591,(2123083.4630593383+0j),32.31764805865175,8.069454668135967e-07,(13376.4302600892+0j)
-6.300970912786572,41.52443415009394,0.02396063541600715,(-1068229.9466597135+2042503.6160911364j),41.52443415009394,0.02396063541600715,(-1068229.9466597135-2042503.6160911364j),40.443480687635784,0.02032815025167591,(2123083.4630593383+0j),32.3179806432018,8.069454668135967e-07,(13376.4302600892+0j)
-6.283275956953664,41.6559226441084,0.02396063541600715,(-1068229.9466597135+2042503.6160911364j),41.6559226441084,0.02396063541600715,(-1068229.9466597135-2042503.6160911364j),40.608003243399466,0.02032815025167591,(2123083.4630593383+0j),32.31832448874341,8.069454668135967e-07,(13376.4302600892+0j)
-6.265581001120755,41.78547599079467,0.02396063541600715,(-1068229.9466597135+2042503.6160911364j),41.78547599079467,0.02396063541600715,(-1068229.9466597135-2042503.6160911364j),40.77016298219794,0.02032815025167591,(2123083.4630593383+0j),32.31868017705517,8.069454668135967e-07,(13376.4302600892+0j)
-6.2478860452878475,41.91308556274106,0.02396063541600715,(-1068229.9466597135+2042503.6160911364j),41.91308556274106,0.02396063541600715,(-1068229.9466597135-2042503.6160911364j),40.929947463079834,0.02032815025167591,(2123083.4630593383+0j),32.31904833069326,8.069454668135967e-07,(13376.4302600892+0j)
-6.230191089454939,42.03874269525076,0.02396063541600715,(-1068229.9466597135+2042503.6160911364j),42.03874269525076,0.02396063541600715,(-1068229.9466597135-2042503.6160911364j),41.08734418198423,0.02032815025167591,(2123083.4630593383+0j),32.3194296166279,8.069454668135967e-07,(13376.4302600892+0j)
-6.2124961336220315,42.16243868616406,0.02396063541600715,(-1068229.9466597135+2042503.6160911364j),42.16243868616406,0.02396063541600715,(-1068229.9466597135-2042503.6160911364j),41.2423405713878,0.02032815025167591,(2123083.4630593383+0j),32.319824750275885,8.069454668135967e-07,(13376.4302600892+0j)
-6.194801177789123,42.28416479567959,0.02396063541600715,(-1068229.9466597135+2042503.6160911364j),42.28416479567959,0.02396063541600715,(-1068229.9466597135-2042503.6160911364j),41.39492399994994,0.02032815025167591,(2123083.4630593383+0j),32.3202344999808,8.069454668135967e-07,(13376.4302600892+0j)
-6.1771062219562145,42.40391224617459,0.02396063541600715,(-1068229.9466597135+2042503.6160911364j),42.40391224617459,0.02396063541600715,(-1068229.9466597135-2042503.6160911364j),41.54508177215549,0.02032815025167591,(2123083.4630593383+0j),32.320659691999616,8.069454668135967e-07,(13376.4302600892+0j)
-6.159411266123307,42.5216722220243,0.02396063541600715,(-1068229.9466597135+2042503.6160911364j),42.5216722220243,0.02396063541600715,(-1068229.9466597135-2042503.6160911364j),41.69280112795529,0.02032815025167591,(2123083.4630593383+0j),32.321101216063965,8.069454668135967e-07,(13376.4302600892+0j)
-6.141716310290398,42.637435869420266,0.02396063541600715,(-1068229.9466597135+2042503.6160911364j),42.637435869420266,0.02396063541600715,(-1068229.9466597135-2042503.6160911364j),41.83806924240449,0.02032815025167591,(2123083.4630593383+0j),32.32156003159483,8.069454668135967e-07,(13376.4302600892+0j)
-6.12402135445749,42.75119429618777,0.02396063541600715,(-1068229.9466597135+2042503.6160911364j),42.75119429618777,0.02396063541600715,(-1068229.9466597135-2042503.6160911364j),41.98087322529856,0.02032815025167591,(2123083.4630593383+0j),32.322037174661915,8.069454668135967e-07,(13376.4302600892+0j)
-6.1063263986245815,42.86293857160222,0.02396063541600715,(-1068229.9466597135+2042503.6160911364j),42.86293857160222,0.02396063541600715,(-1068229.9466597135-2042503.6160911364j),42.121200120806996,0.02032815025167591,(2123083.4630593383+0j),32.32253376579406,8.069454668135967e-07,(13376.4302600892+0j)
-6.088631442791674,42.972659726204576,0.02396063541600715,(-1068229.9466597135+2042503.6160911364j),42.972659726204576,0.02396063541600715,(-1068229.9466597135-2042503.6160911364j),42.25903690710477,0.02032815025167591,(2123083.4630593383+0j),32.323051018764524,8.069454668135967e-07,(13376.4302600892+0j)
-6.070936486958765,43.08034875161577,0.02396063541600715,(-1068229.9466597135+2042503.6160911364j),43.08034875161577,0.02396063541600715,(-1068229.9466597135-2042503.6160911364j),42.3943704960014,0.02032815025167591,(2123083.4630593383+0j),32.32359025049617,8.069454668135967e-07,(13376.4302600892+0j)
-6.053241531125858,43.18599660035018,0.02396063541600715,(-1068229.9466597135+2042503.6160911364j),43.18599660035018,0.02396063541600715,(-1068229.9466597135-2042503.6160911364j),42.52718773256769,0.02032815025167591,(2123083.4630593383+0j),32.32415289225672,8.069454668135967e-07,(13376.4302600892+0j)
-6.035546575292949,43.289594185628,0.02396063541600715,(-1068229.9466597135+2042503.6160911364j),43.289594185628,0.02396063541600715,(-1068229.9466597135-2042503.6160911364j),42.657475394760155,0.02032815025167591,(2123083.4630593383+0j),32.32474050234445,8.069454668135967e-07,(13376.4302600892+0j)
-6.017851619460041,43.39113238118667,0.02396063541600715,(-1068229.9466597135+2042503.6160911364j),43.39113238118667,0.02396063541600715,(-1068229.9466597135-2042503.6160911364j),42.78522019304304,0.02032815025167591,(2123083.4630593383+0j),32.32535478050101,8.069454668135967e-07,(13376.4302600892+0j)
-6.000156663627132,43.49060202109134,0.02396063541600715,(-1068229.9466597135+2042503.6160911364j),43.49060202109134,0.02396063541600715,(-1068229.9466597135-2042503.6160911364j),42.91040877000793,0.02032815025167591,(2123083.4630593383+0j),32.32599758433224,8.069454668135967e-07,(13376.4302600892+0j)
-5.982461707794225,43.58799389954417,0.02396063541600715,(-1068229.9466597135+2042503.6160911364j),43.58799389954417,0.02396063541600715,(-1068229.9466597135-2042503.6160911364j),43.03302769999102,0.02032815025167591,(2123083.4630593383+0j),32.3266709480709,8.069454668135967e-07,(13376.4302600892+0j)
-5.964766751961317,43.683298770692694,0.02396063541600715,(-1068229.9466597135+2042503.6160911364j),43.683298770692694,0.02396063541600715,(-1068229.9466597135-2042503.6160911364j),43.15306348868786,0.02032815025167591,(2123083.4630593383+0j),32.3273771040806,8.069454668135967e-07,(13376.4302600892+0j)
-5.947071796128408,43.77650734843719,0.02396063541600715,(-1068229.9466597135+2042503.6160911364j),43.77650734843719,0.02396063541600715,(-1068229.9466597135-2042503.6160911364j),43.27050257276578,0.02032815025167591,(2123083.4630593383+0j),32.32811850757987,8.069454668135967e-07,(13376.4302600892+0j)
-5.9293768402955,43.867610306236884,0.02396063541600715,(-1068229.9466597135+2042503.6160911364j),43.867610306236884,0.02396063541600715,(-1068229.9466597135-2042503.6160911364j),43.38533131947375,0.02032815025167591,(2123083.4630593383+0j),32.328897865163235,8.069454668135967e-07,(13376.4302600892+0j)
-5.911681884462592,43.956598276915216,0.02396063541600715,(-1068229.9466597135+2042503.6160911364j),43.956598276915216,0.02396063541600715,(-1068229.9466597135-2042503.6160911364j),43.49753602624982,0.02032815025167591,(2123083.4630593383+0j),32.32971816781744,8.069454668135967e-07,(13376.4302600892+0j)
-5.893986928629684,44.04346185246401,0.02396063541600715,(-1068229.9466597135+2042503.6160911364j),44.04346185246401,0.02396063541600715,(-1068229.9466597135-2042503.6160911364j),43.60710292032607,0.02032815025167591,(2123083.4630593383+0j),32.33058272928189,8.069454668135967e-07,(13376.4302600892+0j)
-5.876291972796776,44.128191583846565,0.02396063541600715,(-1068229.9466597135+2042503.6160911364j),44.128191583846565,0.02396063541600715,(-1068229.9466597135-2042503.6160911364j),43.714018158331015,0.02032815025167591,(2123083.4630593383+0j),32.331495230790274,8.069454668135967e-07,(13376.4302600892+0j)
-5.858597016963867,44.21077798079972,0.02396063541600715,(-1068229.9466597135+2042503.6160911364j),44.21077798079972,0.02396063541600715,(-1068229.9466597135-2042503.6160911364j),43.8182678258895,0.02032815025167591,(2123083.4630593383+0j),32.33245977346718,8.069454668135967e-07,(13376.4302600892+0j)
-5.840902061130959,44.29121151163483,0.02396063541600715,(-1068229.9466597135+2042503.6160911364j),44.29121151163483,0.02396063541600715,(-1068229.9466597135-2042503.6160911364j),43.91983793722007,0.02032815025167591,(2123083.4630593383+0j),32.3334809399527,8.069454668135967e-07,(13376.4302600892+0j)
-5.823207105298051,44.369482603037625,0.02396063541600715,(-1068229.9466597135+2042503.6160911364j),44.369482603037625,0.02396063541600715,(-1068229.9466597135-2042503.6160911364j),44.01871443472973,0.02032815025167591,(2123083.4630593383+0j),32.33456386720813,8.069454668135967e-07,(13376.4302600892+0j)
-5.805512149465143,44.44558163986708,0.02396063541600715,(-1068229.9466597135+2042503.6160911364j),44.44558163986708,0.02396063541600715,(-1068229.9466597135-2042503.6160911364j),44.11488318860614,0.02032815025167591,(2123083.4630593383+0j),32.335714332943716,8.069454668135967e-07,(13376.4302600892+0j)
-5.787817193632234,44.51949896495305,0.02396063541600715,(-1068229.9466597135+2042503.6160911364j),44.51949896495305,0.02396063541600715,(-1068229.9466597135-2042503.6160911364j),44.20832999640725,0.02032815025167591,(2123083.4630593383+0j),32.33693885873736,8.069454668135967e-07,(13376.4302600892+0j)
-5.770122237799326,44.59122487889296,0.02396063541600715,(-1068229.9466597135+2042503.6160911364j),44.59122487889296,0.02396063541600715,(-1068229.9466597135-2042503.6160911364j),44.29904058264824,0.02032815025167591,(2123083.4630593383+0j),32.338244833730194,8.069454668135967e-07,(13376.4302600892+0j)
-5.752427281966418,44.660749639847225,0.02396063541600715,(-1068229.9466597135+2042503.6160911364j),44.660749639847225,0.02396063541600715,(-1068229.9466597135-2042503.6160911364j),44.38700059838586,0.02032815025167591,(2123083.4630593383+0j),32.33964066385381,8.069454668135967e-07,(13376.4302600892+0j)
-5.734732326133511,44.72806346333376,0.02396063541600715,(-1068229.9466597135+2042503.6160911364j),44.72806346333376,0.02396063541600715,(-1068229.9466597135-2042503.6160911364j),44.47219562080014,0.02032815025167591,(2123083.4630593383+0j),32.341135952956996,8.069454668135967e-07,(13376.4302600892+0j)
-5.717037370300602,44.79315652202116,0.02396063541600715,(-1068229.9466597135+2042503.6160911364j),44.79315652202116,0.02396063541600715,(-1068229.9466597135-2042503.6160911364j),44.554611152773376,0.02032815025167591,(2123083.4630593383+0j),32.342741724080625,8.069454668135967e-07,(13376.4302600892+0j)
-5.6993424144676945,44.856018945520866,0.02396063541600715,(-1068229.9466597135+2042503.6160911364j),44.856018945520866,0.02396063541600715,(-1068229.9466597135-2042503.6160911364j),44.634232622466406,0.02032815025167591,(2123083.4630593383+0j),32.344470691661975,8.069454668135967e-07,(13376.4302600892+0j)
-5.681647458634785,44.91664082017824,0.02396063541600715,(-1068229.9466597135+2042503.6160911364j),44.91664082017824,0.02396063541600715,(-1068229.9466597135-2042503.6160911364j),44.71104538289226,0.02032815025167591,(2123083.4630593383+0j),32.3463375988894,8.069454668135967e-07,(13376.4302600892+0j)
-5.663952502801878,44.97501218886236,0.02396063541600715,(-1068229.9466597135+2042503.6160911364j),44.97501218886236,0.02396063541600715,(-1068229.9466597135-2042503.6160911364j),44.785034711486986,0.02032815025167591,(2123083.4630593383+0j),32.34835963915546,8.069454668135967e-07,(13376.4302600892+0j)
-5.646257546968969,45.03112305075481,0.02396063541600715,(-1068229.9466597135+2042503.6160911364j),45.03112305075481,0.02396063541600715,(-1068229.9466597135-2042503.6160911364j),44.856185809677726,0.02032815025167591,(2123083.4630593383+0j),32.35055698712777,8.069454668135967e-07,(13376.4302600892+0j)
-5.6285625911360615,45.08496336113721,0.02396063541600715,(-1068229.9466597135+2042503.6160911364j),45.08496336113721,0.02396063541600715,(-1068229.9466597135-2042503.6160911364j),44.92448380244811,0.02032815025167591,(2123083.4630593383+0j),32.352953474207254,8.069454668135967e-07,(13376.4302600892+0j)
-5.610867635303152,45.13652303117767,0.02396063541600715,(-1068229.9466597135+2042503.6160911364j),45.13652303117767,0.02396063541600715,(-1068229.9466597135-2042503.6160911364j),44.989913737900686,0.02032815025167591,(2123083.4630593383+0j),32.35557745634671,8.069454668135967e-07,(13376.4302600892+0j)
-5.5931726794702445,45.185791927716,0.02396063541600715,(-1068229.9466597135+2042503.6160911364j),45.185791927716,0.02396063541600715,(-1068229.9466597135-2042503.6160911364j),45.052460586816764,0.02032815025167591,(2123083.4630593383+0j),32.35846294132525,8.069454668135967e-07,(13376.4302600892+0j)
-5.575477723637336,45.232759873047776,0.02396063541600715,(-1068229.9466597135+2042503.6160911364j),45.232759873047776,0.02396063541600715,(-1068229.9466597135-2042503.6160911364j),45.112109242213194,0.02032815025167591,(2123083.4630593383+0j),32.361651070724136,8.069454668135967e-07,(13376.4302600892+0j)
-5.5577827678044285,45.277416644707294,0.02396063541600715,(-1068229.9466597135+2042503.6160911364j),45.277416644707294,0.02396063541600715,(-1068229.9466597135-2042503.6160911364j),45.16884451889644,0.02032815025167591,(2123083.4630593383+0j),32.36519209401956,8.069454668135967e-07,(13376.4302600892+0j)
-5.54008781197152,45.31975197524915,0.02396063541600715,(-1068229.9466597135+2042503.6160911364j),45.31975197524915,0.02396063541600715,(-1068229.9466597135-2042503.6160911364j),45.222651153013736,0.02032815025167591,(2123083.4630593383+0j),32.36914803661416,8.069454668135967e-07,(13376.4302600892+0j)
-5.5223928561386115,45.35975555202885,0.02396063541600715,(-1068229.9466597135+2042503.6160911364j),45.35975555202885,0.02396063541600715,(-1068229.9466597135-2042503.6160911364j),45.27351380160132,0.02032815025167591,(2123083.4630593383+0j),32.37359636410909,8.069454668135967e-07,(13376.4302600892+0j)
-5.504697900305703,45.397417016982025,0.02396063541600715,(-1068229.9466597135+2042503.6160911364j),45.397417016982025,0.02396063541600715,(-1068229.9466597135-2042503.6160911364j),45.321417042129774,0.02032815025167591,(2123083.4630593383+0j),32.37863510561114,8.069454668135967e-07,(13376.4302600892+0j)
-5.4870029444727955,45.43272596640257,0.02396063541600715,(-1068229.9466597135+2042503.6160911364j),45.43272596640257,0.02396063541600715,(-1068229.9466597135-2042503.6160911364j),45.36634537204645,0.02032815025167591,(2123083.4630593383+0j),32.38439016203287,8.069454668135967e-07,(13376.4302600892+0j)
-5.469307988639888,45.465671950719454,0.02396063541600715,(-1068229.9466597135+2042503.6160911364j),45.465671950719454,0.02396063541600715,(-1068229.9466597135-2042503.6160911364j),45.40828320831487,0.02032815025167591,(2123083.4630593383+0j),32.39102596973872,8.069454668135967e-07,(13376.4302600892+0j)
-5.451613032806979,45.496244474272395,0.02396063541600715,(-1068229.9466597135+2042503.6160911364j),45.496244474272395,0.02396063541600715,(-1068229.9466597135-2042503.6160911364j),45.447214886951194,0.02032815025167591,(2123083.4630593383+0j),32.398761465683634,8.069454668135967e-07,(13376.4302600892+0j)
-5.433918076974071,45.52443299508625,0.02396063541600715,(-1068229.9466597135+2042503.6160911364j),45.52443299508625,0.02396063541600715,(-1068229.9466597135-2042503.6160911364j),45.48312466255769,0.02032815025167591,(2123083.4630593383+0j),32.40789470678118,8.069454668135967e-07,(13376.4302600892+0j)
-5.4162231211411624,45.550226924644164,0.02396063541600715,(-1068229.9466597135+2042503.6160911364j),45.550226924644164,0.02396063541600715,(-1068229.9466597135-2042503.6160911364j),45.515996707853155,0.02032815025167591,(2123083.4630593383+0j),32.418842160112504,8.069454668135967e-07,(13376.4302600892+0j)
-5.398528165308255,45.57361562765948,0.02396063541600715,(-1068229.9466597135+2042503.6160911364j),45.57361562765948,0.02396063541600715,(-1068229.9466597135-2042503.6160911364j),45.54581511320028,0.02032815025167591,(2123083.4630593383+0j),32.43220398812215,8.069454668135967e-07,(13376.4302600892+0j)
-5.380833209475346,45.59458842184639,0.02396063541600715,(-1068229.9466597135+2042503.6160911364j),45.59458842184639,0.02396063541600715,(-1068229.9466597135-2042503.6160911364j),45.57256388612998,0.02032815025167591,(2123083.4630593383+0j),32.44887788050737,8.069454668135967e-07,(13376.4302600892+0j)
-5.363138253642438,45.61313457768934,0.02396063541600715,(-1068229.9466597135+2042503.6160911364j),45.61313457768934,0.02396063541600715,(-1068229.9466597135-2042503.6160911364j),45.596226950862615,0.02032815025167591,(2123083.4630593383+0j),32.470269506809615,8.069454668135967e-07,(13376.4302600892+0j)
-5.345443297809529,45.62924331821109,0.02396063541600715,(-1068229.9466597135+2042503.6160911364j),45.62924331821109,0.02396063541600715,(-1068229.9466597135-2042503.6160911364j),45.616788147826085,0.02032815025167591,(2123083.4630593383+0j),32.49871103451023,8.069454668135967e-07,(13376.4302600892+0j)
-5.327748341976622,45.64290381873963,0.02396063541600715,(-1068229.9466597135+2042503.6160911364j),45.64290381873963,0.02396063541600715,(-1068229.9466597135-2042503.6160911364j),45.63423123317081,0.02032815025167591,(2123083.4630593383+0j),32.538375042398776,8.069454668135967e-07,(13376.4302600892+0j)
-5.310053386143713,45.654105206673634,0.02396063541600715,(-1068229.9466597135+2042503.6160911364j),45.654105206673634,0.02396063541600715,(-1068229.9466597135-2042503.6160911364j),45.64853987828154,0.02032815025167591,(2123083.4630593383+0j),32.59753606269823,8.069454668135967e-07,(13376.4302600892+0j)
-5.292358430310806,45.66283656124675,0.02396063541600715,(-1068229.9466597135+2042503.6160911364j),45.66283656124675,0.02396063541600715,(-1068229.9466597135-2042503.6160911364j),45.65969766928599,0.02032815025167591,(2123083.4630593383+0j),32.69525335692649,8.069454668135967e-07,(13376.4302600892+0j)
-5.274663474477896,45.66908691329053,0.02396063541600715,(-1068229.9466597135+2042503.6160911364j),45.66908691329053,0.02396063541600715,(-1068229.9466597135-2042503.6160911364j),45.66768810656024,0.02032815025167591,(2123083.4630593383+0j),32.887430413137366,8.069454668135967e-07,(13376.4302600892+0j)
-5.256968518644989,45.67284524499607,0.02396063541600715,(-1068229.9466597135+2042503.6160911364j),45.67284524499607,0.02396063541600715,(-1068229.9466597135-2042503.6160911364j),45.67249460423095,0.02032815025167591,(2123083.4630593383+0j),33.43902999717906,8.069454668135967e-07,(13376.4302600892+0j)
-5.239273562812081,39.10156689344783,0.01670188000608664,(-861289.117467114+1720926.979597003j),39.10156689344783,0.01670188000608664,(-861289.117467114-1720926.979597003j),45.67410048967431,0.01301194405859949,(1698592.6099755452+0j),45.67410048967429,2.5945724624678196e-06,(23985.624958681296+0j)
-5.239273562812081,45.67410048967429,0.02396063541600715,(-1068229.9466597135+2042503.6160911364j),45.67410048967429,0.02396063541600715,(-1068229.9466597135-2042503.6160911364j),45.67410048967429,0.02032815025167591,(2123083.4630593383+0j),45.67410048967429,8.069454668135967e-07,(13376.4302600892+0j)
-5.221578606979173,38.785625654840224,0.01670188000608664,(-861289.117467114+1720926.979597003j),38.785625654840224,0.01670188000608664,(-861289.117467114-1720926.979597003j),45.24968909499598,0.01301194405859949,(1698592.6099755452+0j),45.673378721054746,2.5945724624678196e-06,(23985.624958681296+0j)
-5.203883651146265,38.47199016165677,0.01670188000608664,(-861289.117467114+1720926.979597003j),38.47199016165677,0.01670188000608664,(-861289.117467114-1720926.979597003j),44.82807139023881,0.01301194405859949,(1698592.6099755452+0j),45.672642104300465,2.5945724624678196e-06,(23985.624958681296+0j)
-5.186188695313357,38.160675477275895,0.01670188000608664,(-861289.117467114+1720926.979597003j),38.160675477275895,0.01670188000608664,(-861289.117467114-1720926.979597003j),44.409271234593135,0.01301194405859949,(1698592.6099755452+0j),45.67189017646893,2.5945724624678196e-06,(23985.624958681296+0j)
-5.168493739480448,37.85169675549232,0.01670188000608664,(-861289.117467114+1720926.979597003j),37.85169675549232,0.01670188000608664,(-861289.117467114-1720926.979597003j),43.99331266863673,0.01301194405859949,(1698592.6099755452+0j),45.67112245517038,2.5945724624678196e-06,(23985.624958681296+0j)
-5.15079878364754,37.545069241109026,0.01670188000608664,(-861289.117467114+1720926.979597003j),37.545069241109026,0.01670188000608664,(-861289.117467114-1720926.979597003j),43.580219915829566,0.01301194405859949,(1698592.6099755452+0j),45.67033843753581,2.5945724624678196e-06,(23985.624958681296+0j)
-5.133103827814632,37.240808270533485,0.01670188000608664,(-861289.117467114+1720926.979597003j),37.240808270533485,0.01670188000608664,(-861289.117467114-1720926.979597003j),43.170017384022145,0.01301194405859949,(1698592.6099755452+0j),45.66953759911857,2.5945724624678196e-06,(23985.624958681296+0j)
-5.115408871981723,36.93892927237818,0.01670188000608664,(-861289.117467114+1720926.979597003j),36.93892927237818,0.01670188000608664,(-861289.117467114-1720926.979597003j),42.76272966697777,0.01301194405859949,(1698592.6099755452+0j),45.66871939272439,2.5945724624678196e-06,(23985.624958681296+0j)
-5.097713916148815,36.63944776806575,0.01670188000608664,(-861289.117467114+1720926.979597003j),36.63944776806575,0.01670188000608664,(-861289.117467114-1720926.979597003j),42.358381545908905,0.01301194405859949,(1698592.6099755452+0j),45.667883247164596,2.5945724624678196e-06,(23985.624958681296+0j)
-5.080018960315907,36.3423793724383,0.01670188000608664,(-861289.117467114+1720926.979597003j),36.3423793724383,0.01670188000608664,(-861289.117467114-1720926.979597003j),41.95699799102754,0.01301194405859949,(1698592.6099755452+0j),45.667028565926316,2.5945724624678196e-06,(23985.624958681296+0j)
-5.062324004482999,36.04773979437139,0.01670188000608664,(-861289.117467114+1720926.979597003j),36.04773979437139,0.01670188000608664,(-861289.117467114-1720926.979597003j),41.55860416311005,0.01301194405859949,(1698592.6099755452+0j),45.666154725753294,2.5945724624678196e-06,(23985.624958681296+0j)
-5.044629048650091,35.75554483739245,0.01670188000608664,(-861289.117467114+1720926.979597003j),35.75554483739245,0.01670188000608664,(-861289.117467114-1720926.979597003j),41.16322541507632,0.01301194405859949,(1698592.6099755452+0j),45.66526107513017,2.5945724624678196e-06,(23985.624958681296+0j)
-5.026934092817183,35.465810400303745,0.01670188000608664,(-861289.117467114+1720926.979597003j),35.465810400303745,0.01670188000608664,(-861289.117467114-1720926.979597003j),40.77088729358367,0.01301194405859949,(1698592.6099755452+0j),45.664346932662475,2.5945724624678196e-06,(23985.624958681296+0j)
-5.009239136984275,35.17855247780994,0.01670188000608664,(-861289.117467114+1720926.979597003j),35.17855247780994,0.01670188000608664,(-861289.117467114-1720926.979597003j),40.38161554063535,0.01301194405859949,(1698592.6099755452+0j),45.663411585343965,2.5945724624678196e-06,(23985.624958681296+0j)
-4.991544181151366,34.893787161150264,0.01670188000608664,(-861289.117467114+1720926.979597003j),34.893787161150264,0.01670188000608664,(-861289.117467114-1720926.979597003j),39.995436095204056,0.01301194405859949,(1698592.6099755452+0j),45.66245428670186,2.5945724624678196e-06,(23985.624958681296+0j)
-4.9738492253184585,34.61153063873541,0.01670188000608664,(-861289.117467114+1720926.979597003j),34.61153063873541,0.01670188000608664,(-861289.117467114-1720926.979597003j),39.61237509487054,0.01301194405859949,(1698592.6099755452+0j),45.66147425481,2.5945724624678196e-06,(23985.624958681296+0j)
-4.95615426948555,34.331799196788985,0.01670188000608664,(-861289.117467114+1720926.979597003j),34.331799196788985,0.01670188000608664,(-861289.117467114-1720926.979597003j),39.232458877477264,0.01301194405859949,(1698592.6099755452+0j),45.66047067015883,2.5945724624678196e-06,(23985.624958681296+0j)
-4.938459313652642,34.05460921999388,0.01670188000608664,(-861289.117467114+1720926.979597003j),34.05460921999388,0.01670188000608664,(-861289.117467114-1720926.979597003j),38.85571398279764,0.01301194405859949,(1698592.6099755452+0j),45.65944267336975,2.5945724624678196e-06,(23985.624958681296+0j)
-4.920764357819733,33.77997719214329,0.01670188000608664,(-861289.117467114+1720926.979597003j),33.77997719214329,0.01670188000608664,(-861289.117467114-1720926.979597003j),38.48216715422068,0.01301194405859949,(1698592.6099755452+0j),45.65838936274085,2.5945724624678196e-06,(23985.624958681296+0j)
-4.9030694019868255,33.507919696796584,0.01670188000608664,(-861289.117467114+1720926.979597003j),33.507919696796584,0.01670188000608664,(-861289.117467114-1720926.979597003j),38.11184534045138,0.01301194405859949,(1698592.6099755452+0j),45.657309791608874,2.5945724624678196e-06,(23985.624958681296+0j)
-4.885374446153917,33.238453417940036,0.01670188000608664,(-861289.117467114+1720926.979597003j),33.238453417940036,0.01670188000608664,(-861289.117467114-1720926.979597003j),37.74477569722693,0.01301194405859949,(1698592.6099755452+0j),45.65620296551157,2.5945724624678196e-06,(23985.624958681296+0j)
-4.867679490321009,32.971595140652475,0.01670188000608664,(-861289.117467114+1720926.979597003j),32.971595140652475,0.01670188000608664,(-861289.117467114-1720926.979597003j),37.380985589049025,0.01301194405859949,(1698592.6099755452+0j),45.655067839132215,2.5945724624678196e-06,(23985.624958681296+0j)
-4.8499845344881,32.70736175177583,0.01670188000608664,(-861289.117467114+1720926.979597003j),32.70736175177583,0.01670188000608664,(-861289.117467114-1720926.979597003j),37.020502590932296,0.01301194405859949,(1698592.6099755452+0j),45.65390331300683,2.5945724624678196e-06,(23985.624958681296+0j)
-4.8322895786551925,32.445770240590655,0.01670188000608664,(-861289.117467114+1720926.979597003j),32.445770240590655,0.01670188000608664,(-861289.117467114-1720926.979597003j),36.66335449016912,0.01301194405859949,(1698592.6099755452+0j),45.65270822997215,2.5945724624678196e-06,(23985.624958681296+0j)
-4.814594622822284,32.18683769949675,0.01670188000608664,(-861289.117467114+1720926.979597003j),32.18683769949675,0.01670188000608664,(-861289.117467114-1720926.979597003j),36.309569288111,0.01301194405859949,(1698592.6099755452+0j),45.65148137133027,2.5945724624678196e-06,(23985.624958681296+0j)
-4.796899666989376,31.930581324698718,0.01670188000608664,(-861289.117467114+1720926.979597003j),31.930581324698718,0.01670188000608664,(-861289.117467114-1720926.979597003j),35.95917520196661,0.01301194405859949,(1698592.6099755452+0j),45.65022145270329,2.5945724624678196e-06,(23985.624958681296+0j)
-4.779204711156467,31.67701841689674,0.01670188000608664,(-861289.117467114+1720926.979597003j),31.67701841689674,0.01670188000608664,(-861289.117467114-1720926.979597003j),35.61220066661672,0.01301194405859949,(1698592.6099755452+0j),45.64892711954812,2.5945724624678196e-06,(23985.624958681296+0j)
-4.7615097553235595,31.42616638198241,0.01670188000608664,(-861289.117467114+1720926.979597003j),31.42616638198241,0.01670188000608664,(-861289.117467114-1720926.979597003j),35.26867433644623,0.01301194405859949,(1698592.6099755452+0j),45.64759694229889,2.5945724624678196e-06,(23985.624958681296+0j)
-4.743814799490652,31.17804273173984,0.01670188000608664,(-861289.117467114+1720926.979597003j),31.17804273173984,0.01670188000608664,(-861289.117467114-1720926.979597003j),34.92862508719336,0.01301194405859949,(1698592.6099755452+0j),45.64622941109992,2.5945724624678196e-06,(23985.624958681296+0j)
-4.726119843657743,30.932665084551903,0.01670188000608664,(-861289.117467114+1720926.979597003j),30.932665084551903,0.01670188000608664,(-861289.117467114-1720926.979597003j),34.592082017816345,0.01301194405859949,(1698592.6099755452+0j),45.644822930088736,2.5945724624678196e-06,(23985.624958681296+0j)
-4.708424887824836,30.690051166111843,0.01670188000608664,(-861289.117467114+1720926.979597003j),30.690051166111843,0.01670188000608664,(-861289.117467114-1720926.979597003j),34.259074452377675,0.01301194405859949,(1698592.6099755452+0j),45.64337581118362,2.5945724624678196e-06,(23985.624958681296+0j)
-4.690729931991927,30.45021881014013,0.01670188000608664,(-861289.117467114+1720926.979597003j),30.45021881014013,0.01670188000608664,(-861289.117467114-1720926.979597003j),33.92963194194611,0.01301194405859949,(1698592.6099755452+0j),45.64188626732456,2.5945724624678196e-06,(23985.624958681296+0j)
-4.673034976159019,30.213185959106728,0.01670188000608664,(-861289.117467114+1720926.979597003j),30.213185959106728,0.01670188000608664,(-861289.117467114-1720926.979597003j),33.603784266516755,0.01301194405859949,(1698592.6099755452+0j),45.64035240511115,2.5945724624678196e-06,(23985.624958681296+0j)
-4.65534002032611,29.978970664958762,0.01670188000608664,(-861289.117467114+1720926.979597003j),29.978970664958762,0.01670188000608664,(-861289.117467114-1720926.979597003j),33.281561436949154,0.01301194405859949,(1698592.6099755452+0j),45.63877221677323,2.5945724624678196e-06,(23985.624958681296+0j)
-4.637645064493203,29.747591089853604,0.01670188000608664,(-861289.117467114+1720926.979597003j),29.747591089853604,0.01670188000608664,(-861289.117467114-1720926.979597003j),32.96299369692393,0.01301194405859949,(1698592.6099755452+0j),45.63714357140301,2.5945724624678196e-06,(23985.624958681296+0j)
-4.619950108660293,29.519065506897515,0.01670188000608664,(-861289.117467114+1720926.979597003j),29.519065506897515,0.01670188000608664,(-861289.117467114-1720926.979597003j),32.64811152491781,0.01301194405859949,(1698592.6099755452+0j),45.63546420536791,2.5945724624678196e-06,(23985.624958681296+0j)
-4.602255152827386,29.293412300889802,0.01670188000608664,(-861289.117467114+1720926.979597003j),29.293412300889802,0.01670188000608664,(-861289.117467114-1720926.979597003j),32.33694563619748,0.01301194405859949,(1698592.6099755452+0j),45.633731711813596,2.5945724624678196e-06,(23985.624958681296+0j)
-4.584560196994477,29.070649969072548,0.01670188000608664,(-861289.117467114+1720926.979597003j),29.070649969072548,0.01670188000608664,(-861289.117467114-1720926.979597003j),32.02952698483235,0.01301194405859949,(1698592.6099755452+0j),45.631943529154775,2.5945724624678196e-06,(23985.624958681296+0j)
-4.56686524116157,28.850797121886018,0.01670188000608664,(-861289.117467114+1720926.979597003j),28.850797121886018,0.01670188000608664,(-861289.117467114-1720926.979597003j),31.72588676572652,0.01301194405859949,(1698592.6099755452+0j),45.630096928437986,2.5945724624678196e-06,(23985.624958681296+0j)
-4.549170285328661,28.63387248372975,0.01670188000608664,(-861289.117467114+1720926.979597003j),28.63387248372975,0.01670188000608664,(-861289.117467114-1720926.979597003j),31.426056416670043,0.01301194405859949,(1698592.6099755452+0j),45.628188999445264,2.5945724624678196e-06,(23985.624958681296+0j)
-4.531475329495754,28.41989489372934,0.01670188000608664,(-861289.117467114+1720926.979597003j),28.41989489372934,0.01670188000608664,(-861289.117467114-1720926.979597003j),31.130067620409733,0.01301194405859949,(1698592.6099755452+0j),45.626216635390065,2.5945724624678196e-06,(23985.624958681296+0j)
-4.513780373662845,28.208883306509062,0.01670188000608664,(-861289.117467114+1720926.979597003j),28.208883306509062,0.01670188000608664,(-861289.117467114-1720926.979597003j),30.83795230673983,0.01301194405859949,(1698592.6099755452+0j),45.624176516035725,2.5945724624678196e-06,(23985.624958681296+0j)
-4.496085417829937,28.000856792970286,0.01670188000608664,(-861289.117467114+1720926.979597003j),28.000856792970286,0.01670188000608664,(-861289.117467114-1720926.979597003j),30.549742654612544,0.01301194405859949,(1698592.6099755452+0j),45.62206508904397,2.5945724624678196e-06,(23985.624958681296+0j)
-4.478390461997029,27.795834541075784,0.01670188000608664,(-861289.117467114+1720926.979597003j),27.795834541075784,0.01670188000608664,(-861289.117467114-1720926.979597003j),30.265471094268833,0.01301194405859949,(1698592.6099755452+0j),45.619878549332874,2.5945724624678196e-06,(23985.624958681296+0j)
-4.46069550616412,27.59383585663999,0.01670188000608664,(-861289.117467114+1720926.979597003j),27.59383585663999,0.01670188000608664,(-861289.117467114-1720926.979597003j),29.985170309389588,0.01301194405859949,(1698592.6099755452+0j),45.61761281619184,2.5945724624678196e-06,(23985.624958681296+0j)
-4.443000550331212,27.394880164125183,0.01670188000608664,(-861289.117467114+1720926.979597003j),27.394880164125183,0.01670188000608664,(-861289.117467114-1720926.979597003j),29.70887323926743,0.01301194405859949,(1698592.6099755452+0j),45.61526350786426,2.5945724624678196e-06,(23985.624958681296+0j)
-4.425305594498304,27.198987007443794,0.01670188000608664,(-861289.117467114+1720926.979597003j),27.198987007443794,0.01670188000608664,(-861289.117467114-1720926.979597003j),29.436613080999358,0.01301194405859949,(1698592.6099755452+0j),45.612825913264665,2.5945724624678196e-06,(23985.624958681296+0j)
-4.407610638665396,27.006176050766676,0.01670188000608664,(-861289.117467114+1720926.979597003j),27.006176050766676,0.01670188000608664,(-861289.117467114-1720926.979597003j),29.16842329170047,0.01301194405859949,(1698592.6099755452+0j),45.61029496044613,2.5945724624678196e-06,(23985.624958681296+0j)
-4.389915682832488,26.816467079337638,0.01670188000608664,(-861289.117467114+1720926.979597003j),26.816467079337638,0.01670188000608664,(-861289.117467114-1720926.979597003j),28.904337590738976,0.01301194405859949,(1698592.6099755452+0j),45.60766518137414,2.5945724624678196e-06,(23985.624958681296+0j)
-4.37222072699958,26.629880000294058,0.01670188000608664,(-861289.117467114+1720926.979597003j),26.629880000294058,0.01670188000608664,(-861289.117467114-1720926.979597003j),28.644389961992733,0.01301194405859949,(1698592.6099755452+0j),45.6049306724917,2.5945724624678196e-06,(23985.624958681296+0j)
-4.354525771166671,26.446434843493794,0.01670188000608664,(-861289.117467114+1720926.979597003j),26.446434843493794,0.01670188000608664,(-861289.117467114-1720926.979597003j),28.388614656127544,0.01301194405859949,(1698592.6099755452+0j),45.60208505047746,2.5945724624678196e-06,(23985.624958681296+0j)
-4.336830815333763,26.266151762348375,0.01670188000608664,(-861289.117467114+1720926.979597003j),26.266151762348375,0.01670188000608664,(-861289.117467114-1720926.979597003j),28.13704619289746,0.01301194405859949,(1698592.6099755452+0j),45.59912140249889,2.5945724624678196e-06,(23985.624958681296+0j)
-4.319135859500855,26.08905103466253,0.01670188000608664,(-861289.117467114+1720926.979597003j),26.08905103466253,0.01670188000608664,(-861289.117467114-1720926.979597003j),27.889719363467268,0.01301194405859949,(1698592.6099755452+0j),45.596032230144395,2.5945724624678196e-06,(23985.624958681296+0j)
-4.301440903667946,25.91515306348011,0.01670188000608664,(-861289.117467114+1720926.979597003j),25.91515306348011,0.01670188000608664,(-861289.117467114-1720926.979597003j),27.646669232757493,0.01301194405859949,(1698592.6099755452+0j),45.592809386077306,2.5945724624678196e-06,(23985.624958681296+0j)
-4.283745947835039,25.744478377936506,0.01670188000608664,(-861289.117467114+1720926.979597003j),25.744478377936506,0.01670188000608664,(-861289.117467114-1720926.979597003j),27.407931141812092,0.01301194405859949,(1698592.6099755452+0j),45.589444002284814,2.5945724624678196e-06,(23985.624958681296+0j)
-4.26605099200213,25.57704763411751,0.01670188000608664,(-861289.117467114+1720926.979597003j),25.57704763411751,0.01670188000608664,(-861289.117467114-1720926.979597003j),27.173540710189126,0.01301194405859949,(1698592.6099755452+0j),45.58592640859159,2.5945724624678196e-06,(23985.624958681296+0j)
-4.2483560361692225,25.412881615924796,0.01670188000608664,(-861289.117467114+1720926.979597003j),25.412881615924796,0.01670188000608664,(-861289.117467114-1720926.979597003j),26.943533838374595,0.01301194405859949,(1698592.6099755452+0j),45.582246039861275,2.5945724624678196e-06,(23985.624958681296+0j)
-4.230661080336314,25.252001235948004,0.01670188000608664,(-861289.117467114+1720926.979597003j),25.252001235948004,0.01670188000608664,(-861289.117467114-1720926.979597003j),26.71794671021979,0.01301194405859949,(1698592.6099755452+0j),45.57839133001035,2.5945724624678196e-06,(23985.624958681296+0j)
-4.2129661245034065,25.094427536343495,0.01670188000608664,(-861289.117467114+1720926.979597003j),25.094427536343495,0.01670188000608664,(-861289.117467114-1720926.979597003j),26.49681579540231,0.01301194405859949,(1698592.6099755452+0j),45.574349590594935,2.5945724624678196e-06,(23985.624958681296+0j)
-4.195271168670497,24.940181689719857,0.01670188000608664,(-861289.117467114+1720926.979597003j),24.940181689719857,0.01670188000608664,(-861289.117467114-1720926.979597003j),26.280177851911095,0.01301194405859949,(1698592.6099755452+0j),45.570106871285645,2.5945724624678196e-06,(23985.624958681296+0j)
-4.1775762128375895,24.789285000030176,0.01670188000608664,(-861289.117467114+1720926.979597003j),24.789285000030176,0.01670188000608664,(-861289.117467114-1720926.979597003j),26.068069928555655,0.01301194405859949,(1698592.6099755452+0j),45.5656477989978,2.5945724624678196e-06,(23985.624958681296+0j)
-4.159881257004681,24.641758903471192,0.01670188000608664,(-861289.117467114+1720926.979597003j),24.641758903471192,0.01670188000608664,(-861289.117467114-1720926.979597003j),25.860529367499833,0.01301194405859949,(1698592.6099755452+0j),45.56095539176802,2.5945724624678196e-06,(23985.624958681296+0j)
-4.142186301171773,24.49762496938935,0.01670188000608664,(-861289.117467114+1720926.979597003j),24.49762496938935,0.01670188000608664,(-861289.117467114-1720926.979597003j),25.65759380682029,0.01301194405859949,(1698592.6099755452+0j),45.5560108426277,2.5945724624678196e-06,(23985.624958681296+0j)
-4.124491345338864,24.356904901193804,0.01670188000608664,(-861289.117467114+1720926.979597003j),24.356904901193804,0.01670188000608664,(-861289.117467114-1720926.979597003j),25.459301183090087,0.01301194405859949,(1698592.6099755452+0j),45.550793267675196,2.5945724624678196e-06,(23985.624958681296+0j)
-4.1067963895059565,24.219620537276487,0.01670188000608664,(-861289.117467114+1720926.979597003j),24.219620537276487,0.01670188000608664,(-861289.117467114-1720926.979597003j),25.265689733987518,0.01301194405859949,(1698592.6099755452+0j),45.545279411231185,2.5945724624678196e-06,(23985.624958681296+0j)
-4.089101433673048,24.08579385193925,0.01670188000608664,(-861289.117467114+1720926.979597003j),24.08579385193925,0.01670188000608664,(-861289.117467114-1720926.979597003j),25.07679800093058,0.01301194405859949,(1698592.6099755452+0j),45.53944329929867,2.5945724624678196e-06,(23985.624958681296+0j)
-4.07140647784014,23.95544695632813,0.01670188000608664,(-861289.117467114+1720926.979597003j),23.95544695632813,0.01670188000608664,(-861289.117467114-1720926.979597003j),24.892664831737278,0.01301194405859949,(1698592.6099755452+0j),45.53325583043483,2.5945724624678196e-06,(23985.624958681296+0j)
-4.053711522007232,23.82860209937488,0.01670188000608664,(-861289.117467114+1720926.979597003j),23.82860209937488,0.01670188000608664,(-861289.117467114-1720926.979597003j),24.71332938331212,0.01301194405859949,(1698592.6099755452+0j),45.52668429043763,2.5945724624678196e-06,(23985.624958681296+0j)
-4.0360165661743235,23.705281668745737,0.01670188000608664,(-861289.117467114+1720926.979597003j),23.705281668745737,0.01670188000608664,(-861289.117467114-1720926.979597003j),24.53883112435902,0.01301194405859949,(1698592.6099755452+0j),45.51969177376581,2.5945724624678196e-06,(23985.624958681296+0j)
-4.018321610341416,23.585508191797555,0.01670188000608664,(-861289.117467114+1720926.979597003j),23.585508191797555,0.01670188000608664,(-861289.117467114-1720926.979597003j),24.369209838120945,0.01301194405859949,(1698592.6099755452+0j),45.512236490089556,2.5945724624678196e-06,(23985.624958681296+0j)
-4.000626654508507,23.469304336541295,0.01670188000608664,(-861289.117467114+1720926.979597003j),23.469304336541295,0.01670188000608664,(-861289.117467114-1720926.979597003j),24.204505625146613,0.01301194405859949,(1698592.6099755452+0j),45.504270928454545,2.5945724624678196e-06,(23985.624958681296+0j)
-3.9829316986755994,23.356692912613052,0.01670188000608664,(-861289.117467114+1720926.979597003j),23.356692912613052,0.01670188000608664,(-861289.117467114-1720926.979597003j),24.044758906084493,0.01301194405859949,(1698592.6099755452+0j),45.495740843742055,2.5945724624678196e-06,(23985.624958681296+0j)
-3.9652367428426905,23.247696872252536,0.01670188000608664,(-861289.117467114+1720926.979597003j),23.247696872252536,0.01670188000608664,(-861289.117467114-1720926.979597003j),23.890010424504435,0.01301194405859949,(1698592.6099755452+0j),45.48658401972839,2.5945724624678196e-06,(23985.624958681296+0j)
-3.9475417870097824,23.14233931128922,0.01670188000608664,(-861289.117467114+1720926.979597003j),23.14233931128922,0.01670188000608664,(-861289.117467114-1720926.979597003j),23.74030124974726,0.01301194405859949,(1698592.6099755452+0j),45.47672874910504,2.5945724624678196e-06,(23985.624958681296+0j)
-3.9298468311768744,23.040643470136082,0.01670188000608664,(-861289.117467114+1720926.979597003j),23.040643470136082,0.01670188000608664,(-861289.117467114-1720926.979597003j),23.59567277980257,0.01301194405859949,(1698592.6099755452+0j),45.466091951904815,2.5945724624678196e-06,(23985.624958681296+0j)
-3.912151875343967,22.942632734791136,0.01670188000608664,(-861289.117467114+1720926.979597003j),22.942632734791136,0.01670188000608664,(-861289.117467114-1720926.979597003j),23.45616674421512,0.01301194405859949,(1698592.6099755452+0j),45.45457682783337,2.5945724624678196e-06,(23985.624958681296+0j)
-3.8944569195110583,22.848330637846733,0.01670188000608664,(-861289.117467114+1720926.979597003j),22.848330637846733,0.01670188000608664,(-861289.117467114-1720926.979597003j),23.321825207020087,0.01301194405859949,(1698592.6099755452+0j),45.4420699020052,2.5945724624678196e-06,(23985.624958681296+0j)
-3.8767619636781503,22.757760859506714,0.01670188000608664,(-861289.117467114+1720926.979597003j),22.757760859506714,0.01670188000608664,(-861289.117467114-1720926.979597003j),23.1926905697075,0.01301194405859949,(1698592.6099755452+0j),45.42843727300161,2.5945724624678196e-06,(23985.624958681296+0j)
-3.859067007845242,22.670947228611514,0.01670188000608664,(-861289.117467114+1720926.979597003j),22.670947228611514,0.01670188000608664,(-861289.117467114-1720926.979597003j),23.068805574216245,0.01301194405859949,(1698592.6099755452+0j),45.413519800136406,2.5945724624678196e-06,(23985.624958681296+0j)
-3.841372052012334,22.587913723671274,0.01670188000608664,(-861289.117467114+1720926.979597003j),22.587913723671274,0.01670188000608664,(-861289.117467114-1720926.979597003j),22.950213305957863,0.01301194405859949,(1698592.6099755452+0j),45.39712686272464,2.5945724624678196e-06,(23985.624958681296+0j)
-3.8236770961794253,22.508684473907003,0.01670188000608664,(-861289.117467114+1720926.979597003j),22.508684473907003,0.01670188000608664,(-861289.117467114-1720926.979597003j),22.836957196870575,0.01301194405859949,(1698592.6099755452+0j),45.37902817132417,2.5945724624678196e-06,(23985.624958681296+0j)
-3.8059821403465173,22.433283760299908,0.01670188000608664,(-861289.117467114+1720926.979597003j),22.433283760299908,0.01670188000608664,(-861289.117467114-1720926.979597003j),22.729081028503828,0.01301194405859949,(1698592.6099755452+0j),45.35894288261346,2.5945724624678196e-06,(23985.624958681296+0j)
-3.788287184513609,22.361736016648905,0.01670188000608664,(-861289.117467114+1720926.979597003j),22.361736016648905,0.01670188000608664,(-861289.117467114-1720926.979597003j),22.626628935133677,0.01301194405859949,(1698592.6099755452+0j),45.33652492195756,2.5945724624678196e-06,(23985.624958681296+0j)
-3.7705922286807008,22.29406583063646,0.01670188000608664,(-861289.117467114+1720926.979597003j),22.29406583063646,0.01670188000608664,(-861289.117467114-1720926.979597003j),22.52964540690941,0.01301194405859949,(1698592.6099755452+0j),45.31134287725423,2.5945724624678196e-06,(23985.624958681296+0j)
-3.7528972728477927,22.230297944902755,0.01670188000608664,(-861289.117467114+1720926.979597003j),22.230297944902755,0.01670188000608664,(-861289.117467114-1720926.979597003j),22.43817529303172,0.01301194405859949,(1698592.6099755452+0j),45.28285196766462,2.5945724624678196e-06,(23985.624958681296+0j)
-3.7352023170148843,22.170457258128295,0.01670188000608664,(-861289.117467114+1720926.979597003j),22.170457258128295,0.01670188000608664,(-861289.117467114-1720926.979597003j),22.352263804962785,0.01301194405859949,(1698592.6099755452+0j),45.25035418666367,2.5945724624678196e-06,(23985.624958681296+0j)
-3.717507361181976,22.11456882612503,0.01670188000608664,(-861289.117467114+1720926.979597003j),22.11456882612503,0.01670188000608664,(-861289.117467114-1720926.979597003j),22.271956519668645,0.01301194405859949,(1698592.6099755452+0j),45.21294035896999,2.5945724624678196e-06,(23985.624958681296+0j)
-3.6998124053490677,22.062657862936046,0.01670188000608664,(-861289.117467114+1720926.979597003j),22.062657862936046,0.01670188000608664,(-861289.117467114-1720926.979597003j),22.1972993828942,0.01301194405859949,(1698592.6099755452+0j),45.169403753483465,2.5945724624678196e-06,(23985.624958681296+0j)
-3.6821174495161597,22.014749741943927,0.01670188000608664,(-861289.117467114+1720926.979597003j),22.014749741943927,0.01670188000608664,(-861289.117467114-1720926.979597003j),22.128338712471216,0.01301194405859949,(1698592.6099755452+0j),45.11810751129729,2.5945724624678196e-06,(23985.624958681296+0j)
-3.6644224936832517,21.970869996987847,0.01670188000608664,(-861289.117467114+1720926.979597003j),21.970869996987847,0.01670188000608664,(-861289.117467114-1720926.979597003j),22.065121201659732,0.01301194405859949,(1698592.6099755452+0j),45.05677426559683,2.5945724624678196e-06,(23985.624958681296+0j)
-3.6467275378503436,21.931044323489456,0.01670188000608664,(-861289.117467114+1720926.979597003j),21.931044323489456,0.01670188000608664,(-861289.117467114-1720926.979597003j),22.007693922523174,0.01301194405859949,(1698592.6099755452+0j),44.98213890333874,2.5945724624678196e-06,(23985.624958681296+0j)
-3.629032582017435,21.895298579587674,0.01670188000608664,(-861289.117467114+1720926.979597003j),21.895298579587674,0.01670188000608664,(-861289.117467114-1720926.979597003j),21.95610432933768,0.01301194405859949,(1698592.6099755452+0j),44.88934797946761,2.5945724624678196e-06,(23985.624958681296+0j)
-3.611337626184527,21.863658787282457,0.01670188000608664,(-861289.117467114+1720926.979597003j),21.863658787282457,0.01670188000608664,(-861289.117467114-1720926.979597003j),21.910400262035893,0.01301194405859949,(1698592.6099755452+0j),44.77086030706545,2.5945724624678196e-06,(23985.624958681296+0j)
-3.593642670351619,21.836151133587578,0.01670188000608664,(-861289.117467114+1720926.979597003j),21.836151133587578,0.01670188000608664,(-861289.117467114-1720926.979597003j),21.87062994968569,0.01301194405859949,(1698592.6099755452+0j),44.61428779732999,2.5945724624678196e-06,(23985.624958681296+0j)
-3.5759477145187106,21.812801971692572,0.01670188000608664,(-861289.117467114+1720926.979597003j),21.812801971692572,0.01670188000608664,(-861289.117467114-1720926.979597003j),21.836842014004237,0.01301194405859949,(1698592.6099755452+0j),44.397756989249686,2.5945724624678196e-06,(23985.624958681296+0j)
-3.5582527586858026,21.793637822133867,0.01670188000608664,(-861289.117467114+1720926.979597003j),21.793637822133867,0.01670188000608664,(-861289.117467114-1720926.979597003j),21.809085472907753,0.01301194405859949,(1698592.6099755452+0j),44.078685232814536,2.5945724624678196e-06,(23985.624958681296+0j)
-3.540557802852894,21.778685373975215,0.01670188000608664,(-861289.117467114+1720926.979597003j),21.778685373975215,0.01670188000608664,(-861289.117467114-1720926.979597003j),21.787409744097406,0.01301194405859949,(1698592.6099755452+0j),43.56169208473798,2.5945724624678196e-06,(23985.624958681296+0j)
-3.522862847019986,21.76797148599747,0.01670188000608664,(-861289.117467114+1720926.979597003j),21.76797148599747,0.01670188000608664,(-861289.117467114-1720926.979597003j),21.771864648681706,0.01301194405859949,(1698592.6099755452+0j),42.58017335745164,2.5945724624678196e-06,(23985.624958681296+0j)
-3.5051678911870776,21.761523187897872,0.01670188000608664,(-861289.117467114+1720926.979597003j),21.761523187897872,0.01670188000608664,(-861289.117467114-1720926.979597003j),21.762500414835923,0.01301194405859949,(1698592.6099755452+0j),40.00278126807455,2.5945724624678196e-06,(23985.624958681296+0j)
-3.4874729353541696,21.759367681498812,0.01670188000608664,(-861289.117467114+1720926.979597003j),21.759367681498812,0.01670188000608664,(-861289.117467114-1720926.979597003j),21.759367681498812,0.01301194405859949,(1698592.6099755452+0j),21.759367681498812,2.5945724624678196e-06,(23985.624958681296+0j)
-3.4874729353541696,24.135822298631545,0.026721350379271754,(-963462.2571760768+1841501.6526057352j),24.135822298631545,0.026721350379271754,(-963462.2571760768-1841501.6526057352j),21.759367681498798,0.02268579038610051,(1914956.2581415032+0j),21.759367681498812,8.86131049369722e-07,(11968.256210651154+0j)
-3.467811873317605,24.315507776544273,0.026721350379271754,(-963462.2571760768+1841501.6526057352j),24.315507776544273,0.026721350379271754,(-963462.2571760768-1841501.6526057352j),21.98098351889992,0.02268579038610051,(1914956.2581415032+0j),21.75947872535839,8.86131049369722e-07,(11968.256210651154+0j)
-3.44815081128104,24.49373560602188,0.026721350379271754,(-963462.2571760768+1841501.6526057352j),24.49373560602188,0.026721350379271754,(-963462.2571760768-1841501.6526057352j),22.200875777838753,0.02268579038610051,(1914956.2581415032+0j),21.759592057187092,8.86131049369722e-07,(11968.256210651154+0j)
-3.4284897492444752,24.67049926530253,0.026721350379271754,(-963462.2571760768+1841501.6526057352j),24.67049926530253,0.026721350379271754,(-963462.2571760768-1841501.6526057352j),22.419035329575426,0.02268579038610051,(1914956.2581415032+0j),21.759707748433613,8.86131049369722e-07,(11968.256210651154+0j)
-3.4088286872079108,24.845792205004066,0.026721350379271754,(-963462.2571760768+1841501.6526057352j),24.845792205004066,0.026721350379271754,(-963462.2571760768-1841501.6526057352j),22.635453000130212,0.02268579038610051,(1914956.2581415032+0j),21.759825873552877,8.86131049369722e-07,(11968.256210651154+0j)
-3.3891676251713463,25.019607847995566,0.026721350379271754,(-963462.2571760768+1841501.6526057352j),25.019607847995566,0.026721350379271754,(-963462.2571760768-1841501.6526057352j),22.850119570038107,0.02268579038610051,(1914956.2581415032+0j),21.759946510165836,8.86131049369722e-07,(11968.256210651154+0j)
-3.3695065631347814,25.191939589268376,0.026721350379271754,(-963462.2571760768+1841501.6526057352j),25.191939589268376,0.026721350379271754,(-963462.2571760768-1841501.6526057352j),23.06302577410191,0.02268579038610051,(1914956.2581415032+0j),21.760069739229547,8.86131049369722e-07,(11968.256210651154+0j)
-3.3498455010982164,25.362780795806366,0.026721350379271754,(-963462.2571760768+1841501.6526057352j),25.362780795806366,0.026721350379271754,(-963462.2571760768-1841501.6526057352j),23.274162301143775,0.02268579038610051,(1914956.2581415032+0j),21.76019564521836,8.86131049369722e-07,(11968.256210651154+0j)
-3.3301844390616524,25.532124806455545,0.026721350379271754,(-963462.2571760768+1841501.6526057352j),25.532124806455545,0.026721350379271754,(-963462.2571760768-1841501.6526057352j),23.483519793755303,0.02268579038610051,(1914956.2581415032+0j),21.760324316316996,8.86131049369722e-07,(11968.256210651154+0j)
-3.3105233770250875,25.699964931793016,0.026721350379271754,(-963462.2571760768+1841501.6526057352j),25.699964931793016,0.026721350379271754,(-963462.2571760768-1841501.6526057352j),23.69108884804606,0.02268579038610051,(1914956.2581415032+0j),21.760455844626602,8.86131049369722e-07,(11968.256210651154+0j)
-3.2908623149885226,25.866294453995188,0.026721350379271754,(-963462.2571760768+1841501.6526057352j),25.866294453995188,0.026721350379271754,(-963462.2571760768-1841501.6526057352j),23.896860013390594,0.02268579038610051,(1914956.2581415032+0j),21.76059032638451,8.86131049369722e-07,(11968.256210651154+0j)
-3.271201252951958,26.03110662670537,0.026721350379271754,(-963462.2571760768+1841501.6526057352j),26.03110662670537,0.026721350379271754,(-963462.2571760768-1841501.6526057352j),24.100823792173898,0.02268579038610051,(1914956.2581415032+0j),21.760727862199154,8.86131049369722e-07,(11968.256210651154+0j)
-3.2515401909153936,26.19439467490062,0.026721350379271754,(-963462.2571760768+1841501.6526057352j),26.19439467490062,0.026721350379271754,(-963462.2571760768-1841501.6526057352j),24.302970639535335,0.02268579038610051,(1914956.2581415032+0j),21.76086855730103,8.86131049369722e-07,(11968.256210651154+0j)
-3.2318791288788287,26.356151794757924,0.026721350379271754,(-963462.2571760768+1841501.6526057352j),26.356151794757924,0.026721350379271754,(-963462.2571760768-1841501.6526057352j),24.503290963111,0.02268579038610051,(1914956.2581415032+0j),21.76101252181124,8.86131049369722e-07,(11968.256210651154+0j)
-3.2122180668422637,26.51637115351968,0.026721350379271754,(-963462.2571760768+1841501.6526057352j),26.51637115351968,0.026721350379271754,(-963462.2571760768-1841501.6526057352j),24.701775122774478,0.02268579038610051,(1914956.2581415032+0j),21.76115987102892,8.86131049369722e-07,(11968.256210651154+0j)
-3.1925570048056997,26.675045889358454,0.026721350379271754,(-963462.2571760768+1841501.6526057352j),26.675045889358454,0.026721350379271754,(-963462.2571760768-1841501.6526057352j),24.89841343037606,0.02268579038610051,(1914956.2581415032+0j),21.76131072573924,8.86131049369722e-07,(11968.256210651154+0j)
-3.172895942769135,26.832169111241047,0.026721350379271754,(-963462.2571760768+1841501.6526057352j),26.832169111241047,0.026721350379271754,(-963462.2571760768-1841501.6526057352j),25.09319614948035,0.02268579038610051,(1914956.2581415032+0j),21.761465212543605,8.86131049369722e-07,(11968.256210651154+0j)
-3.15323488073257,26.987733898791838,0.026721350379271754,(-963462.2571760768+1841501.6526057352j),26.987733898791838,0.026721350379271754,(-963462.2571760768-1841501.6526057352j),25.28611349510223,0.02268579038610051,(1914956.2581415032+0j),21.761623464213987,8.86131049369722e-07,(11968.256210651154+0j)
-3.1335738186960054,27.14173330215542,0.026721350379271754,(-963462.2571760768+1841501.6526057352j),27.14173330215542,0.026721350379271754,(-963462.2571760768-1841501.6526057352j),25.47715563344129,0.02268579038610051,(1914956.2581415032+0j),21.761785620073546,8.86131049369722e-07,(11968.256210651154+0j)
-3.113912756659441,27.294160341858507,0.026721350379271754,(-963462.2571760768+1841501.6526057352j),27.294160341858507,0.026721350379271754,(-963462.2571760768-1841501.6526057352j),25.666312681614528,0.02268579038610051,(1914956.2581415032+0j),21.76195182640571,8.86131049369722e-07,(11968.256210651154+0j)
-3.094251694622876,27.44500800867113,0.026721350379271754,(-963462.2571760768+1841501.6526057352j),27.44500800867113,0.026721350379271754,(-963462.2571760768-1841501.6526057352j),25.85357470738751,0.02268579038610051,(1914956.2581415032+0j),21.762122236894335,8.86131049369722e-07,(11968.256210651154+0j)
-3.074590632586311,27.594269263467094,0.026721350379271754,(-963462.2571760768+1841501.6526057352j),27.594269263467094,0.026721350379271754,(-963462.2571760768-1841501.6526057352j),26.038931728903805,0.02268579038610051,(1914956.2581415032+0j),21.762297013097662,8.86131049369722e-07,(11968.256210651154+0j)
-3.0549295705497466,27.741937037083673,0.026721350379271754,(-963462.2571760768+1841501.6526057352j),27.741937037083673,0.026721350379271754,(-963462.2571760768-1841501.6526057352j),26.222373714412797,0.02268579038610051,(1914956.2581415032+0j),21.76247632495919,8.86131049369722e-07,(11968.256210651154+0j)
-3.035268508513182,27.888004230180634,0.026721350379271754,(-963462.2571760768+1841501.6526057352j),27.888004230180634,0.026721350379271754,(-963462.2571760768-1841501.6526057352j),26.403890581995814,0.02268579038610051,(1914956.2581415032+0j),21.7626603513589,8.86131049369722e-07,(11968.256210651154+0j)
-3.015607446476617,28.032463713098455,0.026721350379271754,(-963462.2571760768+1841501.6526057352j),28.032463713098455,0.026721350379271754,(-963462.2571760768-1841501.6526057352j),26.583472199290572,0.02268579038610051,(1914956.2581415032+0j),21.762849280708405,8.86131049369722e-07,(11968.256210651154+0j)
-2.9959463844400527,28.175308325715832,0.026721350379271754,(-963462.2571760768+1841501.6526057352j),28.175308325715832,0.026721350379271754,(-963462.2571760768-1841501.6526057352j),26.761108383213937,0.02268579038610051,(1914956.2581415032+0j),21.763043311594434,8.86131049369722e-07,(11968.256210651154+0j)
-2.9762853224034878,28.31653087730642,0.026721350379271754,(-963462.2571760768+1841501.6526057352j),28.31653087730642,0.026721350379271754,(-963462.2571760768-1841501.6526057352j),26.93678889968295,0.02268579038610051,(1914956.2581415032+0j),21.76324265347512,8.86131049369722e-07,(11968.256210651154+0j)
-2.956624260366923,28.456124146394824,0.026721350379271754,(-963462.2571760768+1841501.6526057352j),28.456124146394824,0.026721350379271754,(-963462.2571760768-1841501.6526057352j),27.110503463334148,0.02268579038610051,(1914956.2581415032+0j),21.763447527434234,8.86131049369722e-07,(11968.256210651154+0j)
-2.936963198330358,28.59408088061183,0.026721350379271754,(-963462.2571760768+1841501.6526057352j),28.59408088061183,0.026721350379271754,(-963462.2571760768-1841501.6526057352j),27.28224173724118,0.02268579038610051,(1914956.2581415032+0j),21.763658166999114,8.86131049369722e-07,(11968.256210651154+0j)
-2.9173021362937934,28.73039379654887,0.026721350379271754,(-963462.2571760768+1841501.6526057352j),28.73039379654887,0.026721350379271754,(-963462.2571760768-1841501.6526057352j),27.451993332630636,0.02268579038610051,(1914956.2581415032+0j),21.763874819028636,8.86131049369722e-07,(11968.256210651154+0j)
-2.897641074257229,28.865055579611717,0.026721350379271754,(-963462.2571760768+1841501.6526057352j),28.865055579611717,0.026721350379271754,(-963462.2571760768-1841501.6526057352j),27.61974780859613,0.02268579038610051,(1914956.2581415032+0j),21.764097744678313,8.86131049369722e-07,(11968.256210651154+0j)
-2.877980012220664,28.99805888387341,0.026721350379271754,(-963462.2571760768+1841501.6526057352j),28.99805888387341,0.026721350379271754,(-963462.2571760768-1841501.6526057352j),27.78549467181066,0.02268579038610051,(1914956.2581415032+0j),21.764327220450497,8.86131049369722e-07,(11968.256210651154+0j)
-2.8583189501840995,29.1293963319264,0.026721350379271754,(-963462.2571760768+1841501.6526057352j),29.1293963319264,0.026721350379271754,(-963462.2571760768-1841501.6526057352j),27.94922337623714,0.02268579038610051,(1914956.2581415032+0j),21.76456353933848,8.86131049369722e-07,(11968.256210651154+0j)
-2.838657888147535,29.259060514733928,0.026721350379271754,(-963462.2571760768+1841501.6526057352j),29.259060514733928,0.026721350379271754,(-963462.2571760768-1841501.6526057352j),28.110923322837127,0.02268579038610051,(1914956.2581415032+0j),21.764807012074538,8.86131049369722e-07,(11968.256210651154+0j)
-2.81899682611097,29.387043991480553,0.026721350379271754,(-963462.2571760768+1841501.6526057352j),29.387043991480553,0.026721350379271754,(-963462.2571760768-1841501.6526057352j),28.27058385927782,0.02268579038610051,(1914956.2581415032+0j),21.765057968493082,8.86131049369722e-07,(11968.256210651154+0j)
-2.799335764074405,29.513339289422003,0.026721350379271754,(-963462.2571760768+1841501.6526057352j),29.513339289422003,0.026721350379271754,(-963462.2571760768-1841501.6526057352j),28.428194279637157,0.02268579038610051,(1914956.2581415032+0j),21.765316759021378,8.86131049369722e-07,(11968.256210651154+0j)
-2.7796747020378407,29.637938903734096,0.026721350379271754,(-963462.2571760768+1841501.6526057352j),29.637938903734096,0.026721350379271754,(-963462.2571760768-1841501.6526057352j),28.583743824107138,0.02268579038610051,(1914956.2581415032+0j),21.765583756312182,8.86131049369722e-07,(11968.256210651154+0j)
-2.7600136400012762,29.76083529736098,0.026721350379271754,(-963462.2571760768+1841501.6526057352j),29.76083529736098,0.026721350379271754,(-963462.2571760768-1841501.6526057352j),28.73722167869529,0.02268579038610051,(1914956.2581415032+0j),21.765859357034188,8.86131049369722e-07,(11968.256210651154+0j)
-2.7403525779647113,29.882020900862482,0.026721350379271754,(-963462.2571760768+1841501.6526057352j),29.882020900862482,0.026721350379271754,(-963462.2571760768-1841501.6526057352j),28.88861697492426,0.02268579038610051,(1914956.2581415032+0j),21.766143983838305,8.86131049369722e-07,(11968.256210651154+0j)
-2.7206915159281464,30.00148811226067,0.026721350379271754,(-963462.2571760768+1841501.6526057352j),30.00148811226067,0.026721350379271754,(-963462.2571760768-1841501.6526057352j),29.037918789529574,0.02268579038610051,(1914956.2581415032+0j),21.76643808752046,8.86131049369722e-07,(11968.256210651154+0j)
-2.7010304538915824,30.11922929688565,0.026721350379271754,(-963462.2571760768+1841501.6526057352j),30.11922929688565,0.026721350379271754,(-963462.2571760768-1841501.6526057352j),29.185116144155476,0.02268579038610051,(1914956.2581415032+0j),21.766742149403996,8.86131049369722e-07,(11968.256210651154+0j)
-2.6813693918550174,30.235236787220437,0.026721350379271754,(-963462.2571760768+1841501.6526057352j),30.235236787220437,0.026721350379271754,(-963462.2571760768-1841501.6526057352j),29.33019800504892,0.02268579038610051,(1914956.2581415032+0j),21.767056683968313,8.86131049369722e-07,(11968.256210651154+0j)
-2.6617083298184525,30.349502882745124,0.026721350379271754,(-963462.2571760768+1841501.6526057352j),30.349502882745124,0.026721350379271754,(-963462.2571760768-1841501.6526057352j),29.473153282751614,0.02268579038610051,(1914956.2581415032+0j),21.767382241753825,8.86131049369722e-07,(11968.256210651154+0j)
-2.642047267781888,30.462019849780102,0.026721350379271754,(-963462.2571760768+1841501.6526057352j),30.462019849780102,0.026721350379271754,(-963462.2571760768-1841501.6526057352j),29.61397083179015,0.02268579038610051,(1914956.2581415032+0j),21.767719412577822,8.86131049369722e-07,(11968.256210651154+0j)
-2.6223862057453236,30.572779921328546,0.026721350379271754,(-963462.2571760768+1841501.6526057352j),30.572779921328546,0.026721350379271754,(-963462.2571760768-1841501.6526057352j),29.752639450364246,0.02268579038610051,(1914956.2581415032+0j),21.76806882910068,8.86131049369722e-07,(11968.256210651154+0j)
-2.6027251437087586,30.681775296917994,0.026721350379271754,(-963462.2571760768+1841501.6526057352j),30.681775296917994,0.026721350379271754,(-963462.2571760768-1841501.6526057352j),29.889147880032944,0.02268579038610051,(1914956.2581415032+0j),21.76843117078789,8.86131049369722e-07,(11968.256210651154+0j)
-2.5830640816721937,30.788998142441102,0.026721350379271754,(-963462.2571760768+1841501.6526057352j),30.788998142441102,0.026721350379271754,(-963462.2571760768-1841501.6526057352j),30.023484805398972,0.02268579038610051,(1914956.2581415032+0j),21.76880716831997,8.86131049369722e-07,(11968.256210651154+0j)
-2.5634030196356297,30.894440589995565,0.026721350379271754,(-963462.2571760768+1841501.6526057352j),30.894440589995565,0.026721350379271754,(-963462.2571760768-1841501.6526057352j),30.155638853791032,0.02268579038610051,(1914956.2581415032+0j),21.769197608510606,8.86131049369722e-07,(11968.256210651154+0j)
-2.5437419575990647,30.99809473772315,0.026721350379271754,(-963462.2571760768+1841501.6526057352j),30.99809473772315,0.026721350379271754,(-963462.2571760768-1841501.6526057352j),30.28559859494414,0.02268579038610051,(1914956.2581415032+0j),21.769603339802618,8.86131049369722e-07,(11968.256210651154+0j)
-2.5240808955625,31.0999526496479,0.026721350379271754,(-963462.2571760768+1841501.6526057352j),31.0999526496479,0.026721350379271754,(-963462.2571760768-1841501.6526057352j),30.413352540677963,0.02268579038610051,(1914956.2581415032+0j),21.770025278422523,8.86131049369722e-07,(11968.256210651154+0j)
-2.5044198335259353,31.20000635551344,0.026721350379271754,(-963462.2571760768+1841501.6526057352j),31.20000635551344,0.026721350379271754,(-963462.2571760768-1841501.6526057352j),30.538889144573133,0.02268579038610051,(1914956.2581415032+0j),21.7704644152877,8.86131049369722e-07,(11968.256210651154+0j)
-2.484758771489371,31.298247850619454,0.026721350379271754,(-963462.2571760768+1841501.6526057352j),31.298247850619454,0.026721350379271754,(-963462.2571760768-1841501.6526057352j),30.662196801645536,0.02268579038610051,(1914956.2581415032+0j),21.770921823775783,8.86131049369722e-07,(11968.256210651154+0j)
-2.465097709452806,31.394669095657243,0.026721350379271754,(-963462.2571760768+1841501.6526057352j),31.394669095657243,0.026721350379271754,(-963462.2571760768-1841501.6526057352j),30.78326384801855,0.02268579038610051,(1914956.2581415032+0j),21.77139866848435,8.86131049369722e-07,(11968.256210651154+0j)
-2.445436647416241,31.489262016544416,0.026721350379271754,(-963462.2571760768+1841501.6526057352j),31.489262016544416,0.026721350379271754,(-963462.2571760768-1841501.6526057352j),30.90207856059323,0.02268579038610051,(1914956.2581415032+0j),21.77189621513161,8.86131049369722e-07,(11968.256210651154+0j)
-2.4257755853796765,31.582018504258738,0.026721350379271754,(-963462.2571760768+1841501.6526057352j),31.582018504258738,0.026721350379271754,(-963462.2571760768-1841501.6526057352j),31.01862915671643,0.02268579038610051,(1914956.2581415032+0j),21.772415841775153,8.86131049369722e-07,(11968.256210651154+0j)
-2.406114523343112,31.672930414670986,0.026721350379271754,(-963462.2571760768+1841501.6526057352j),31.672930414670986,0.026721350379271754,(-963462.2571760768-1841501.6526057352j),31.1329037938468,0.02268579038610051,(1914956.2581415032+0j),21.77295905155818,8.86131049369722e-07,(11968.256210651154+0j)
-2.386453461306547,31.76198956837703,0.026721350379271754,(-963462.2571760768+1841501.6526057352j),31.76198956837703,0.026721350379271754,(-963462.2571760768-1841501.6526057352j),31.24489056921872,0.02268579038610051,(1914956.2581415032+0j),21.773527487231483,8.86131049369722e-07,(11968.256210651154+0j)
-2.3667923992699826,31.849187750528902,0.026721350379271754,(-963462.2571760768+1841501.6526057352j),31.849187750528902,0.026721350379271754,(-963462.2571760768-1841501.6526057352j),31.3545775195041,0.02268579038610051,(1914956.2581415032+0j),21.774122947746683,8.86131049369722e-07,(11968.256210651154+0j)
-2.347131337233418,31.934516710665033,0.026721350379271754,(-963462.2571760768+1841501.6526057352j),31.934516710665033,0.026721350379271754,(-963462.2571760768-1841501.6526057352j),31.461952620472054,0.02268579038610051,(1914956.2581415032+0j),21.774747407273683,8.86131049369722e-07,(11968.256210651154+0j)
-2.3274702751968532,32.01796816253954,0.026721350379271754,(-963462.2571760768+1841501.6526057352j),32.01796816253954,0.026721350379271754,(-963462.2571760768-1841501.6526057352j),31.567003786646396,0.02268579038610051,(1914956.2581415032+0j),21.775403037065992,8.86131049369722e-07,(11968.256210651154+0j)
-2.3078092131602883,32.099533783950605,0.026721350379271754,(-963462.2571760768+1841501.6526057352j),32.099533783950605,0.026721350379271754,(-963462.2571760768-1841501.6526057352j),31.66971887096104,0.02268579038610051,(1914956.2581415032+0j),21.776092230684057,8.86131049369722e-07,(11968.256210651154+0j)
-2.288148151123724,32.17920521656792,0.026721350379271754,(-963462.2571760768+1841501.6526057352j),32.17920521656792,0.026721350379271754,(-963462.2571760768-1841501.6526057352j),31.77008566441315,0.02268579038610051,(1914956.2581415032+0j),21.776817633194202,8.86131049369722e-07,(11968.256210651154+0j)
-2.268487089087159,32.2569740657592,0.026721350379271754,(-963462.2571760768+1841501.6526057352j),32.2569740657592,0.026721350379271754,(-963462.2571760768-1841501.6526057352j),31.86809189571412,0.02268579038610051,(1914956.2581415032+0j),21.777582175093812,8.86131049369722e-07,(11968.256210651154+0j)
-2.248826027050594,32.33283190041581,0.026721350379271754,(-963462.2571760768+1841501.6526057352j),32.33283190041581,0.026721350379271754,(-963462.2571760768-1841501.6526057352j),31.963725230938387,0.02268579038610051,(1914956.2581415032+0j),21.778389111880163,8.86131049369722e-07,(11968.256210651154+0j)
-2.2291649650140295,32.406770252777356,0.026721350379271754,(-963462.2571760768+1841501.6526057352j),32.406770252777356,0.026721350379271754,(-963462.2571760768-1841501.6526057352j),32.05697327316996,0.02268579038610051,(1914956.2581415032+0j),21.77924207038936,8.86131049369722e-07,(11968.256210651154+0j)
-2.209503902977465,32.47878061825541,0.026721350379271754,(-963462.2571760768+1841501.6526057352j),32.47878061825541,0.026721350379271754,(-963462.2571760768-1841501.6526057352j),32.14782356214673,0.02268579038610051,(1914956.2581415032+0j),21.780145103296498,8.86131049369722e-07,(11968.256210651154+0j)
-2.1898428409409,32.54885445525626,0.026721350379271754,(-963462.2571760768+1841501.6526057352j),32.54885445525626,0.026721350379271754,(-963462.2571760768-1841501.6526057352j),32.23626357390255,0.02268579038610051,(1914956.2581415032+0j),21.781102753504605,8.86131049369722e-07,(11968.256210651154+0j)
-2.170181778904335,32.616983185002674,0.026721350379271754,(-963462.2571760768+1841501.6526057352j),32.616983185002674,0.026721350379271754,(-963462.2571760768-1841501.6526057352j),32.32228072040699,0.02268579038610051,(1914956.2581415032+0j),21.782120130581106,8.86131049369722e-07,(11968.256210651154+0j)
-2.1505207168677707,32.68315819135473,0.026721350379271754,(-963462.2571760768+1841501.6526057352j),32.68315819135473,0.026721350379271754,(-963462.2571760768-1841501.6526057352j),32.40586234920284,0.02268579038610051,(1914956.2581415032+0j),21.783203001956114,8.86131049369722e-07,(11968.256210651154+0j)
-2.130859654831206,32.747370820629676,0.026721350379271754,(-963462.2571760768+1841501.6526057352j),32.747370820629676,0.026721350379271754,(-963462.2571760768-1841501.6526057352j),32.48699574304135,0.02268579038610051,(1914956.2581415032+0j),21.78435790231935,8.86131049369722e-07,(11968.256210651154+0j)
-2.1111985927946413,32.8096123814208,0.026721350379271754,(-963462.2571760768+1841501.6526057352j),32.8096123814208,0.026721350379271754,(-963462.2571760768-1841501.6526057352j),32.56566811951501,0.02268579038610051,(1914956.2581415032+0j),21.785592265598186,8.86131049369722e-07,(11968.256210651154+0j)
-2.091537530758077,32.8698741444153,0.026721350379271754,(-963462.2571760768+1841501.6526057352j),32.8698741444153,0.026721350379271754,(-963462.2571760768-1841501.6526057352j),32.64186663068817,0.02268579038610051,(1914956.2581415032+0j),21.786914585148413,8.86131049369722e-07,(11968.256210651154+0j)
-2.071876468721512,32.928147342211226,0.026721350379271754,(-963462.2571760768+1841501.6526057352j),32.928147342211226,0.026721350379271754,(-963462.2571760768-1841501.6526057352j),32.71557836272517,0.02268579038610051,(1914956.2581415032+0j),21.78833460945395,8.86131049369722e-07,(11968.256210651154+0j)
-2.0522154066849474,32.98442316913336,0.026721350379271754,(-963462.2571760768+1841501.6526057352j),32.98442316913336,0.026721350379271754,(-963462.2571760768-1841501.6526057352j),32.786790335516145,0.02268579038610051,(1914956.2581415032+0j),21.789863582870655,8.86131049369722e-07,(11968.256210651154+0j)
-2.0325543446483825,33.038692781048134,0.026721350379271754,(-963462.2571760768+1841501.6526057352j),33.038692781048134,0.026721350379271754,(-963462.2571760768-1841501.6526057352j),32.85548950230048,0.02268579038610051,(1914956.2581415032+0j),21.79151454399248,8.86131049369722e-07,(11968.256210651154+0j)
-2.012893282611818,33.09094729517754,0.026721350379271754,(-963462.2571760768+1841501.6526057352j),33.09094729517754,0.026721350379271754,(-963462.2571760768-1841501.6526057352j),32.9216627492878,0.02268579038610051,(1914956.2581415032+0j),21.793302698399376,8.86131049369722e-07,(11968.256210651154+0j)
-1.9932322205752535,33.14117778991203,0.026721350379271754,(-963462.2571760768+1841501.6526057352j),33.14117778991203,0.026721350379271754,(-963462.2571760768-1841501.6526057352j),32.985296895276534,0.02268579038610051,(1914956.2581415032+0j),21.795245888358032,8.86131049369722e-07,(11968.256210651154+0j)
-1.9735711585386886,33.18937530462235,0.026721350379271754,(-963462.2571760768+1841501.6526057352j),33.18937530462235,0.026721350379271754,(-963462.2571760768-1841501.6526057352j),33.04637869127015,0.02268579038610051,(1914956.2581415032+0j),21.79736519022968,8.86131049369722e-07,(11968.256210651154+0j)
-1.953910096502124,33.23553083947042,0.026721350379271754,(-963462.2571760768+1841501.6526057352j),33.23553083947042,0.026721350379271754,(-963462.2571760768-1841501.6526057352j),33.10489482009074,0.02268579038610051,(1914956.2581415032+0j),21.799685682016847,8.86131049369722e-07,(11968.256210651154+0j)
-1.9342490344655592,33.279635355219156,0.026721350379271754,(-963462.2571760768+1841501.6526057352j),33.279635355219156,0.026721350379271754,(-963462.2571760768-1841501.6526057352j),33.16083189599035,0.02268579038610051,(1914956.2581415032+0j),21.80223744039661,8.86131049369722e-07,(11968.256210651154+0j)
-1.9145879724289947,33.32167977304124,0.026721350379271754,(-963462.2571760768+1841501.6526057352j),33.32167977304124,0.026721350379271754,(-963462.2571760768-1841501.6526057352j),33.21417646425961,0.02268579038610051,(1914956.2581415032+0j),21.80505685148741,8.86131049369722e-07,(11968.256210651154+0j)
-1.89492691039243,33.36165497432682,0.026721350379271754,(-963462.2571760768+1841501.6526057352j),33.36165497432682,0.026721350379271754,(-963462.2571760768-1841501.6526057352j),33.26491500083404,0.02268579038610051,(1914956.2581415032+0j),21.808188356899198,8.86131049369722e-07,(11968.256210651154+0j)
-1.8752658483558653,33.39955180049027,0.026721350379271754,(-963462.2571760768+1841501.6526057352j),33.39955180049027,0.026721350379271754,(-963462.2571760768-1841501.6526057352j),33.31303391189766,0.02268579038610051,(1914956.2581415032+0j),21.81168681358895,8.86131049369722e-07,(11968.256210651154+0j)
-1.8556047863193006,33.43536105277576,0.026721350379271754,(-963462.2571760768+1841501.6526057352j),33.43536105277576,0.026721350379271754,(-963462.2571760768-1841501.6526057352j),33.358519533484184,0.02268579038610051,(1914956.2581415032+0j),21.815620734928224,8.86131049369722e-07,(11968.256210651154+0j)
-1.835943724282736,33.469073492061845,0.026721350379271754,(-963462.2571760768+1841501.6526057352j),33.469073492061845,0.026721350379271754,(-963462.2571760768-1841501.6526057352j),33.40135813107559,0.02268579038610051,(1914956.2581415032+0j),21.820076822363575,8.86131049369722e-07,(11968.256210651154+0j)
-1.8162826622461712,33.50067983866496,0.026721350379271754,(-963462.2571760768+1841501.6526057352j),33.50067983866496,0.026721350379271754,(-963462.2571760768-1841501.6526057352j),33.44153589919807,0.02268579038610051,(1914956.2581415032+0j),21.825166429854423,8.86131049369722e-07,(11968.256210651154+0j)
-1.7966216002096065,33.53017077214184,0.026721350379271754,(-963462.2571760768+1841501.6526057352j),33.53017077214184,0.026721350379271754,(-963462.2571760768-1841501.6526057352j),33.47903896101551,0.02268579038610051,(1914956.2581415032+0j),21.83103499641027,8.86131049369722e-07,(11968.256210651154+0j)
-1.776960538173042,33.557536931090844,0.026721350379271754,(-963462.2571760768+1841501.6526057352j),33.557536931090844,0.026721350379271754,(-963462.2571760768-1841501.6526057352j),33.513853367920156,0.02268579038610051,(1914956.2581415032+0j),21.83787616838047,8.86131049369722e-07,(11968.256210651154+0j)
-1.757299476136477,33.58276891295225,0.026721350379271754,(-963462.2571760768+1841501.6526057352j),33.58276891295225,0.026721350379271754,(-963462.2571760768-1841501.6526057352j),33.54596509912083,0.02268579038610051,(1914956.2581415032+0j),21.845953577576683,8.86131049369722e-07,(11968.256210651154+0j)
-1.7376384140999124,33.60585727380735,0.026721350379271754,(-963462.2571760768+1841501.6526057352j),33.60585727380735,0.026721350379271754,(-963462.2571760768-1841501.6526057352j),33.57536006122834,0.02268579038610051,(1914956.2581415032+0j),21.85563559815838,8.86131049369722e-07,(11968.256210651154+0j)
-1.7179773520633477,33.62679252817655,0.026721350379271754,(-963462.2571760768+1841501.6526057352j),33.62679252817655,0.026721350379271754,(-963462.2571760768-1841501.6526057352j),33.60202408783832,0.02268579038610051,(1914956.2581415032+0j),21.867453101236148,8.86131049369722e-07,(11968.256210651154+0j)
-1.698316290026783,33.64556514881627,0.026721350379271754,(-963462.2571760768+1841501.6526057352j),33.64556514881627,0.026721350379271754,(-963462.2571760768-1841501.6526057352j),33.62594293911133,0.02268579038610051,(1914956.2581415032+0j),21.882200160645414,8.86131049369722e-07,(11968.256210651154+0j)
-1.6786552279902183,33.662165566514815,0.026721350379271754,(-963462.2571760768+1841501.6526057352j),33.662165566514815,0.026721350379271754,(-963462.2571760768-1841501.6526057352j),33.647102301350166,0.02268579038610051,(1914956.2581415032+0j),21.90112024772657,8.86131049369722e-07,(11968.256210651154+0j)
-1.6589941659536536,33.67658416988702,0.026721350379271754,(-963462.2571760768+1841501.6526057352j),33.67658416988702,0.026721350379271754,(-963462.2571760768-1841501.6526057352j),33.66548778657458,0.02268579038610051,(1914956.2581415032+0j),21.92627653349578,8.86131049369722e-07,(11968.256210651154+0j)
-1.6393331039170889,33.68881130516789,0.026721350379271754,(-963462.2571760768+1841501.6526057352j),33.68881130516789,0.026721350379271754,(-963462.2571760768-1841501.6526057352j),33.68108493209313,0.02268579038610051,(1914956.2581415032+0j),21.961360583545876,8.86131049369722e-07,(11968.256210651154+0j)
-1.6196720418805242,33.69883727600497,0.026721350379271754,(-963462.2571760768+1841501.6526057352j),33.69883727600497,0.026721350379271754,(-963462.2571760768-1841501.6526057352j),33.6938792000723,0.02268579038610051,(1914956.2581415032+0j),22.01369376799924,8.86131049369722e-07,(11968.256210651154+0j)
-1.6000109798439597,33.706652343249694,0.026721350379271754,(-963462.2571760768+1841501.6526057352j),33.706652343249694,0.026721350379271754,(-963462.2571760768-1841501.6526057352j),33.70385597710281,0.02268579038610051,(1914956.2581415032+0j),22.10014239633831,8.86131049369722e-07,(11968.256210651154+0j)
-1.580349917807395,33.712246724747466,0.026721350379271754,(-963462.2571760768+1841501.6526057352j),33.712246724747466,0.026721350379271754,(-963462.2571760768-1841501.6526057352j),33.7110005737631,0.02268579038610051,(1914956.2581415032+0j),22.27019060200715,8.86131049369722e-07,(11968.256210651154+0j)
-1.5606888557708303,33.71561059512668,0.026721350379271754,(-963462.2571760768+1841501.6526057352j),33.71561059512668,0.026721350379271754,(-963462.2571760768-1841501.6526057352j),33.71529822418001,0.02268579038610051,(1914956.2581415032+0j),22.758518994559736,8.86131049369722e-07,(11968.256210651154+0j)
-1.5410277937342656,33.71673408558655,0.026721350379271754,(-963462.2571760768+1841501.6526057352j),33.71673408558655,0.026721350379271754,(-963462.2571760768-1841501.6526057352j),33.71673408558655,0.02268579038610051,(1914956.2581415032+0j),33.71673408558655,8.86131049369722e-07,(11968.256210651154+0j)
-1.5410277937342656,33.57597314019769,0.1504759390238182,(-536414.8181843683+973670.6913180018j),33.57597314019769,0.1504759390238182,(-536414.8181843683-973670.6913180018j),33.71673408558655,0.13978134829768177,(1071422.7583499264+0j),33.71673408558655,2.410129505714729e-07,(1406.8780188099288+0j)
-1.4879429262355408,33.551372964528525,0.1504759390238182,(-536414.8181843683+973670.6913180018j),33.551372964528525,0.1504759390238182,(-536414.8181843683-973670.6913180018j),33.68946806895581,0.13978134829768177,(1071422.7583499264+0j),33.716732769044434,2.410129505714729e-07,(1406.8780188099288+0j)
-1.434858058736816,33.526997614490476,0.1504759390238182,(-536414.8181843683+973670.6913180018j),33.526997614490476,0.1504759390238182,(-536414.8181843683-973670.6913180018j),33.66244920286589,0.13978134829768177,(1071422.7583499264+0j),33.71673142535902,2.410129505714729e-07,(1406.8780188099288+0j)
-1.381773191238092,33.50284756764267,0.1504759390238182,(-536414.8181843683+973670.6913180018j),33.50284756764267,0.1504759390238182,(-536414.8181843683-973670.6913180018j),33.63567805273411,0.13978134829768177,(1071422.7583499264+0j),33.71673005368215,2.410129505714729e-07,(1406.8780188099288+0j)
-1.3286883237393672,33.47892330253416,0.1504759390238182,(-536414.8181843683+973670.6913180018j),33.47892330253416,0.1504759390238182,(-536414.8181843683-973670.6913180018j),33.6091551852376,0.13978134829768177,(1071422.7583499264+0j),33.71672865312994,2.410129505714729e-07,(1406.8780188099288+0j)
-1.2756034562406422,33.455225298706274,0.1504759390238182,(-536414.8181843683+973670.6913180018j),33.455225298706274,0.1504759390238182,(-536414.8181843683-973670.6913180018j),33.58288116831644,0.13978134829768177,(1071422.7583499264+0j),33.71672722278091,2.410129505714729e-07,(1406.8780188099288+0j)
-1.222518588741918,33.4317540366948,0.1504759390238182,(-536414.8181843683+973670.6913180018j),33.4317540366948,0.1504759390238182,(-536414.8181843683-973670.6913180018j),33.55685657117676,0.13978134829768177,(1071422.7583499264+0j),33.71672576167393,2.410129505714729e-07,(1406.8780188099288+0j)
-1.1694337212431933,33.40850999803234,0.1504759390238182,(-536414.8181843683+973670.6913180018j),33.40850999803234,0.1504759390238182,(-536414.8181843683-973670.6913180018j),33.53108196429387,0.13978134829768177,(1071422.7583499264+0j),33.71672426880611,2.410129505714729e-07,(1406.8780188099288+0j)
-1.1163488537444692,33.38549366525055,0.1504759390238182,(-536414.8181843683+973670.6913180018j),33.38549366525055,0.1504759390238182,(-536414.8181843683-973670.6913180018j),33.50555791941535,0.13978134829768177,(1071422.7583499264+0j),33.71672274313046,2.410129505714729e-07,(1406.8780188099288+0j)
-1.0632639862457445,33.362705521882425,0.1504759390238182,(-536414.8181843683+973670.6913180018j),33.362705521882425,0.1504759390238182,(-536414.8181843683-973670.6913180018j),33.480285009564234,0.13978134829768177,(1071422.7583499264+0j),33.71672118355348,2.410129505714729e-07,(1406.8780188099288+0j)
-1.0101791187470195,33.34014605246464,0.1504759390238182,(-536414.8181843683+973670.6913180018j),33.34014605246464,0.1504759390238182,(-536414.8181843683-973670.6913180018j),33.455263809042115,0.13978134829768177,(1071422.7583499264+0j),33.7167195889325,2.410129505714729e-07,(1406.8780188099288+0j)
-0.9570942512482955,33.31781574253981,0.1504759390238182,(-536414.8181843683+973670.6913180018j),33.31781574253981,0.1504759390238182,(-536414.8181843683-973670.6913180018j),33.43049489343231,0.13978134829768177,(1071422.7583499264+0j),33.71671795807294,2.410129505714729e-07,(1406.8780188099288+0j)
-0.9040093837495706,33.295715078658816,0.1504759390238182,(-536414.8181843683+973670.6913180018j),33.295715078658816,0.1504759390238182,(-536414.8181843683-973670.6913180018j),33.40597883960302,0.13978134829768177,(1071422.7583499264+0j),33.7167162897253,2.410129505714729e-07,(1406.8780188099288+0j)
-0.8509245162508458,33.273844548383124,0.1504759390238182,(-536414.8181843683+973670.6913180018j),33.273844548383124,0.1504759390238182,(-536414.8181843683-973670.6913180018j),33.3817162257105,0.13978134829768177,(1071422.7583499264+0j),33.716714582581936,2.410129505714729e-07,(1406.8780188099288+0j)
-0.7978396487521218,33.25220464028709,0.1504759390238182,(-536414.8181843683+973670.6913180018j),33.25220464028709,0.1504759390238182,(-536414.8181843683-973670.6913180018j),33.35770763120223,0.13978134829768177,(1071422.7583499264+0j),33.71671283527372,2.410129505714729e-07,(1406.8780188099288+0j)
-0.7447547812533969,33.2307958439603,0.1504759390238182,(-536414.8181843683+973670.6913180018j),33.2307958439603,0.1504759390238182,(-536414.8181843683-973670.6913180018j),33.33395363682011,0.13978134829768177,(1071422.7583499264+0j),33.7167110463663,2.410129505714729e-07,(1406.8780188099288+0j)
-0.6916699137546728,33.2096186500099,0.1504759390238182,(-536414.8181843683+973670.6913180018j),33.2096186500099,0.1504759390238182,(-536414.8181843683-973670.6913180018j),33.31045482460368,0.13978134829768177,(1071422.7583499264+0j),33.716709214356214,2.410129505714729e-07,(1406.8780188099288+0j)
-0.6385850462559479,33.18867355006292,0.1504759390238182,(-536414.8181843683+973670.6913180018j),33.18867355006292,0.1504759390238182,(-536414.8181843683-973670.6913180018j),33.287211777893255,0.13978134829768177,(1071422.7583499264+0j),33.71670733766666,2.410129505714729e-07,(1406.8780188099288+0j)
-0.585500178757223,33.167961036768645,0.1504759390238182,(-536414.8181843683+973670.6913180018j),33.167961036768645,0.1504759390238182,(-536414.8181843683-973670.6913180018j),33.264225081333194,0.13978134829768177,(1071422.7583499264+0j),33.71670541464299,2.410129505714729e-07,(1406.8780188099288+0j)
-0.5324153112584991,33.14748160380094,0.1504759390238182,(-536414.8181843683+973670.6913180018j),33.14748160380094,0.1504759390238182,(-536414.8181843683-973670.6913180018j),33.24149532087513,0.13978134829768177,(1071422.7583499264+0j),33.71670344354782,2.410129505714729e-07,(1406.8780188099288+0j)
-0.4793304437597742,33.127235745860624,0.1504759390238182,(-536414.8181843683+973670.6913180018j),33.127235745860624,0.1504759390238182,(-536414.8181843683-973670.6913180018j),33.21902308378116,0.13978134829768177,(1071422.7583499264+0j),33.71670142255581,2.410129505714729e-07,(1406.8780188099288+0j)
-0.4262455762610493,33.107223958677814,0.1504759390238182,(-536414.8181843683+973670.6913180018j),33.107223958677814,0.1504759390238182,(-536414.8181843683-973670.6913180018j),33.19680895862712,0.13978134829768177,(1071422.7583499264+0j),33.71669934974801,2.410129505714729e-07,(1406.8780188099288+0j)
-0.37316070876232527,33.087446739014325,0.1504759390238182,(-536414.8181843683+973670.6913180018j),33.087446739014325,0.1504759390238182,(-536414.8181843683-973670.6913180018j),33.17485353530581,0.13978134829768177,(1071422.7583499264+0j),33.71669722310582,2.410129505714729e-07,(1406.8780188099288+0j)
-0.3200758412636004,33.06790458466601,0.1504759390238182,(-536414.8181843683+973670.6913180018j),33.06790458466601,0.1504759390238182,(-536414.8181843683-973670.6913180018j),33.153157405030264,0.13978134829768177,(1071422.7583499264+0j),33.71669504050437,2.410129505714729e-07,(1406.8780188099288+0j)
-0.2669909737648755,33.048597994465155,0.1504759390238182,(-536414.8181843683+973670.6913180018j),33.048597994465155,0.1504759390238182,(-536414.8181843683-973670.6913180018j),33.13172116033703,0.13978134829768177,(1071422.7583499264+0j),33.7166927997055,2.410129505714729e-07,(1406.8780188099288+0j)
-0.2139061062661515,33.02952746828287,0.1504759390238182,(-536414.8181843683+973670.6913180018j),33.02952746828287,0.1504759390238182,(-536414.8181843683-973670.6913180018j),33.1105453950894,0.13978134829768177,(1071422.7583499264+0j),33.71669049835007,2.410129505714729e-07,(1406.8780188099288+0j)
-0.16082123876742663,33.01069350703149,0.1504759390238182,(-536414.8181843683+973670.6913180018j),33.01069350703149,0.1504759390238182,(-536414.8181843683-973670.6913180018j),33.08963070448076,0.13978134829768177,(1071422.7583499264+0j),33.71668813394969,2.410129505714729e-07,(1406.8780188099288+0j)
-0.10773637126870218,32.99209661266696,0.1504759390238182,(-536414.8181843683+973670.6913180018j),32.99209661266696,0.1504759390238182,(-536414.8181843683-973670.6913180018j),33.068977685037844,0.13978134829768177,(1071422.7583499264+0j),33.71668570387773,2.410129505714729e-07,(1406.8780188099288+0j)
-0.05465150376997774,32.973737288191224,0.1504759390238182,(-536414.8181843683+973670.6913180018j),32.973737288191224,0.1504759390238182,(-536414.8181843683-973670.6913180018j),33.048586934624026,0.13978134829768177,(1071422.7583499264+0j),33.71668320535961,2.410129505714729e-07,(1406.8780188099288+0j)
-0.001566636271253287,32.955616037654686,0.1504759390238182,(-536414.8181843683+973670.6913180018j),32.955616037654686,0.1504759390238182,(-536414.8181843683-973670.6913180018j),33.02845905244269,0.13978134829768177,(1071422.7583499264+0j),33.7166806354622,2.410129505714729e-07,(1406.8780188099288+0j)
0.051518231227471595,32.93773336615858,0.1504759390238182,(-536414.8181843683+973670.6913180018j),32.93773336615858,0.1504759390238182,(-536414.8181843683-973670.6913180018j),33.00859463904048,0.13978134829768177,(1071422.7583499264+0j),33.71667799108236,2.410129505714729e-07,(1406.8780188099288+0j)
0.10460309872619604,32.92008977985742,0.1504759390238182,(-536414.8181843683+973670.6913180018j),32.92008977985742,0.1504759390238182,(-536414.8181843683-973670.6913180018j),32.988994296310686,0.13978134829768177,(1071422.7583499264+0j),33.71667526893443,2.410129505714729e-07,(1406.8780188099288+0j)
0.15768796622492048,32.90268578596144,0.1504759390238182,(-536414.8181843683+973670.6913180018j),32.90268578596144,0.1504759390238182,(-536414.8181843683-973670.6913180018j),32.96965862749656,0.13978134829768177,(1071422.7583499264+0j),33.71667246553661,2.410129505714729e-07,(1406.8780188099288+0j)
0.21077283372364494,32.885521892738986,0.1504759390238182,(-536414.8181843683+973670.6913180018j),32.885521892738986,0.1504759390238182,(-536414.8181843683-973670.6913180018j),32.95058823719468,0.13978134829768177,(1071422.7583499264+0j),33.71666957719611,2.410129505714729e-07,(1406.8780188099288+0j)
0.26385770122236984,32.86859860951902,0.1504759390238182,(-536414.8181843683+973670.6913180018j),32.86859860951902,0.1504759390238182,(-536414.8181843683-973670.6913180018j),32.93178373135827,0.13978134829768177,(1071422.7583499264+0j),33.71666659999291,2.410129505714729e-07,(1406.8780188099288+0j)
0.3169425687210943,32.85191644669351,0.1504759390238182,(-536414.8181843683+973670.6913180018j),32.85191644669351,0.1504759390238182,(-536414.8181843683-973670.6913180018j),32.91324571730065,0.13978134829768177,(1071422.7583499264+0j),33.716663529762,2.410129505714729e-07,(1406.8780188099288+0j)
0.3700274362198187,32.83547591571995,0.1504759390238182,(-536414.8181843683+973670.6913180018j),32.83547591571995,0.1504759390238182,(-536414.8181843683-973670.6913180018j),32.89497480369852,0.13978134829768177,(1071422.7583499264+0j),33.71666036207399,2.410129505714729e-07,(1406.8780188099288+0j)
0.4231123037185436,32.819277529123745,0.1504759390238182,(-536414.8181843683+973670.6913180018j),32.819277529123745,0.1504759390238182,(-536414.8181843683-973670.6913180018j),32.87697160059541,0.13978134829768177,(1071422.7583499264+0j),33.7166570922137,2.410129505714729e-07,(1406.8780188099288+0j)
0.47619717121726807,32.80332180050076,0.1504759390238182,(-536414.8181843683+973670.6913180018j),32.80332180050076,0.1504759390238182,(-536414.8181843683-973670.6913180018j),32.85923671940506,0.13978134829768177,(1071422.7583499264+0j),33.71665371515685,2.410129505714729e-07,(1406.8780188099288+0j)
0.5292820387159924,32.787609244519736,0.1504759390238182,(-536414.8181843683+973670.6913180018j),32.787609244519736,0.1504759390238182,(-536414.8181843683-973670.6913180018j),32.84177077291483,0.13978134829768177,(1071422.7583499264+0j),33.71665022554423,2.410129505714729e-07,(1406.8780188099288+0j)
0.582366906214717,32.772140376924796,0.1504759390238182,(-536414.8181843683+973670.6913180018j),32.772140376924796,0.1504759390238182,(-536414.8181843683-973670.6913180018j),32.82457437528907,0.13978134829768177,(1071422.7583499264+0j),33.716646617653296,2.410129505714729e-07,(1406.8780188099288+0j)
0.6354517737134419,32.756915714537946,0.1504759390238182,(-536414.8181843683+973670.6913180018j),32.756915714537946,0.1504759390238182,(-536414.8181843683-973670.6913180018j),32.80764814207266,0.13978134829768177,(1071422.7583499264+0j),33.716642885366944,2.410129505714729e-07,(1406.8780188099288+0j)
0.6885366412121663,32.74193577526153,0.1504759390238182,(-536414.8181843683+973670.6913180018j),32.74193577526153,0.1504759390238182,(-536414.8181843683-973670.6913180018j),32.790992690194294,0.13978134829768177,(1071422.7583499264+0j),33.716639022138814,2.410129505714729e-07,(1406.8780188099288+0j)
0.7416215087108907,32.72720107808077,0.1504759390238182,(-536414.8181843683+973670.6913180018j),32.72720107808077,0.1504759390238182,(-536414.8181843683-973670.6913180018j),32.774608637970054,0.13978134829768177,(1071422.7583499264+0j),33.71663502095503,2.410129505714729e-07,(1406.8780188099288+0j)
0.7947063762096152,32.71271214306625,0.1504759390238182,(-536414.8181843683+973670.6913180018j),32.71271214306625,0.1504759390238182,(-536414.8181843683-973670.6913180018j),32.75849660510681,0.13978134829768177,(1071422.7583499264+0j),33.716630874291674,2.410129505714729e-07,(1406.8780188099288+0j)
0.84779124370834,32.69846949137644,0.1504759390238182,(-536414.8181843683+973670.6913180018j),32.69846949137644,0.1504759390238182,(-536414.8181843683-973670.6913180018j),32.74265721270565,0.13978134829768177,(1071422.7583499264+0j),33.716626574067554,2.410129505714729e-07,(1406.8780188099288+0j)
0.9008761112070645,32.68447364526024,0.1504759390238182,(-536414.8181843683+973670.6913180018j),32.68447364526024,0.1504759390238182,(-536414.8181843683-973670.6913180018j),32.72709108326543,0.13978134829768177,(1071422.7583499264+0j),33.716622111591676,2.410129505714729e-07,(1406.8780188099288+0j)
0.953960978705789,32.67072512805943,0.1504759390238182,(-536414.8181843683+973670.6913180018j),32.67072512805943,0.1504759390238182,(-536414.8181843683-973670.6913180018j),32.71179884068619,0.13978134829768177,(1071422.7583499264+0j),33.716617477504585,2.410129505714729e-07,(1406.8780188099288+0j)
1.0070458462045133,32.65722446421131,0.1504759390238182,(-536414.8181843683+973670.6913180018j),32.65722446421131,0.1504759390238182,(-536414.8181843683-973670.6913180018j),32.69678111027271,0.13978134829768177,(1071422.7583499264+0j),33.71661266171286,2.410129505714729e-07,(1406.8780188099288+0j)
1.0601307137032383,32.64397217925116,0.1504759390238182,(-536414.8181843683+973670.6913180018j),32.64397217925116,0.1504759390238182,(-536414.8181843683-973670.6913180018j),32.68203851873794,0.13978134829768177,(1071422.7583499264+0j),33.7166076533157,2.410129505714729e-07,(1406.8780188099288+0j)
1.1132155812019626,32.6309687998148,0.1504759390238182,(-536414.8181843683+973670.6913180018j),32.6309687998148,0.1504759390238182,(-536414.8181843683-973670.6913180018j),32.66757169420657,0.13978134829768177,(1071422.7583499264+0j),33.71660244052257,2.410129505714729e-07,(1406.8780188099288+0j)
1.1663004487006872,32.61821485364119,0.1504759390238182,(-536414.8181843683+973670.6913180018j),32.61821485364119,0.1504759390238182,(-536414.8181843683-973670.6913180018j),32.65338126621853,0.13978134829768177,(1071422.7583499264+0j),33.716597010560534,2.410129505714729e-07,(1406.8780188099288+0j)
1.2193853161994122,32.60571086957494,0.1504759390238182,(-536414.8181843683+973670.6913180018j),32.60571086957494,0.1504759390238182,(-536414.8181843683-973670.6913180018j),32.639467865732534,0.13978134829768177,(1071422.7583499264+0j),33.716591349569775,2.410129505714729e-07,(1406.8780188099288+0j)
1.2724701836981365,32.593457377568896,0.1504759390238182,(-536414.8181843683+973670.6913180018j),32.593457377568896,0.1504759390238182,(-536414.8181843683-973670.6913180018j),32.625832125129605,0.13978134829768177,(1071422.7583499264+0j),33.71658544248541,2.410129505714729e-07,(1406.8780188099288+0j)
1.325555051196861,32.5814549086867,0.1504759390238182,(-536414.8181843683+973670.6913180018j),32.5814549086867,0.1504759390238182,(-536414.8181843683-973670.6913180018j),32.61247467821664,0.13978134829768177,(1071422.7583499264+0j),33.716579272903694,2.410129505714729e-07,(1406.8780188099288+0j)
1.3786399186955853,32.569703995105414,0.1504759390238182,(-536414.8181843683+973670.6913180018j),32.569703995105414,0.1504759390238182,(-536414.8181843683-973670.6913180018j),32.59939616022998,0.13978134829768177,(1071422.7583499264+0j),33.71657282292984,2.410129505714729e-07,(1406.8780188099288+0j)
1.4317247861943103,32.55820517011804,0.1504759390238182,(-536414.8181843683+973670.6913180018j),32.55820517011804,0.1504759390238182,(-536414.8181843683-973670.6913180018j),32.586597207838956,0.13978134829768177,(1071422.7583499264+0j),33.716566073004714,2.410129505714729e-07,(1406.8780188099288+0j)
1.4848096536930346,32.54695896813618,0.1504759390238182,(-536414.8181843683+973670.6913180018j),32.54695896813618,0.1504759390238182,(-536414.8181843683-973670.6913180018j),32.57407845914949,0.13978134829768177,(1071422.7583499264+0j),33.7165590017067,2.410129505714729e-07,(1406.8780188099288+0j)
1.5378945211917592,32.53596592469258,0.1504759390238182,(-536414.8181843683+973670.6913180018j),32.53596592469258,0.1504759390238182,(-536414.8181843683-973670.6913180018j),32.5618405537077,0.13978134829768177,(1071422.7583499264+0j),33.7165515855246,2.410129505714729e-07,(1406.8780188099288+0j)
1.5909793886904837,32.525226576443785,0.1504759390238182,(-536414.8181843683+973670.6913180018j),32.525226576443785,0.1504759390238182,(-536414.8181843683-973670.6913180018j),32.549884132503465,0.13978134829768177,(1071422.7583499264+0j),33.716543798596526,2.410129505714729e-07,(1406.8780188099288+0j)
1.6440642561892085,32.51474146117272,0.1504759390238182,(-536414.8181843683+973670.6913180018j),32.51474146117272,0.1504759390238182,(-536414.8181843683-973670.6913180018j),32.53820983797409,0.13978134829768177,(1071422.7583499264+0j),33.71653561240852,2.410129505714729e-07,(1406.8780188099288+0j)
1.697149123687933,32.504511117791324,0.1504759390238182,(-536414.8181843683+973670.6913180018j),32.504511117791324,0.1504759390238182,(-536414.8181843683-973670.6913180018j),32.52681831400786,0.13978134829768177,(1071422.7583499264+0j),33.71652699544573,2.410129505714729e-07,(1406.8780188099288+0j)
1.7502339911866573,32.49453608634319,0.1504759390238182,(-536414.8181843683+973670.6913180018j),32.49453608634319,0.1504759390238182,(-536414.8181843683-973670.6913180018j),32.51571020594776,0.13978134829768177,(1071422.7583499264+0j),33.71651791278689,2.410129505714729e-07,(1406.8780188099288+0j)
1.803318858685382,32.48481690800617,0.1504759390238182,(-536414.8181843683+973670.6913180018j),32.48481690800617,0.1504759390238182,(-536414.8181843683-973670.6913180018j),32.504886160595035,0.13978134829768177,(1071422.7583499264+0j),33.71650832563133,2.410129505714729e-07,(1406.8780188099288+0j)
1.8564037261841064,32.47535412509503,0.1504759390238182,(-536414.8181843683+973670.6913180018j),32.47535412509503,0.1504759390238182,(-536414.8181843683-973670.6913180018j),32.49434682621288,0.13978134829768177,(1071422.7583499264+0j),33.71649819074489,2.410129505714729e-07,(1406.8780188099288+0j)
1.9094885936828312,32.46614828106412,0.1504759390238182,(-536414.8181843683+973670.6913180018j),32.46614828106412,0.1504759390238182,(-536414.8181843683-973670.6913180018j),32.48409285253012,0.13978134829768177,(1071422.7583499264+0j),33.716487459808064,2.410129505714729e-07,(1406.8780188099288+0j)
1.9625734611815557,32.45719992051002,0.1504759390238182,(-536414.8181843683+973670.6913180018j),32.45719992051002,0.1504759390238182,(-536414.8181843683-973670.6913180018j),32.47412489074487,0.13978134829768177,(1071422.7583499264+0j),33.71647607864563,2.410129505714729e-07,(1406.8780188099288+0j)
2.01565832868028,32.44850958917417,0.1504759390238182,(-536414.8181843683+973670.6913180018j),32.44850958917417,0.1504759390238182,(-536414.8181843683-973670.6913180018j),32.46444359352818,0.13978134829768177,(1071422.7583499264+0j),33.716463986311894,2.410129505714729e-07,(1406.8780188099288+0j)
2.068743196179005,32.440077833945566,0.1504759390238182,(-536414.8181843683+973670.6913180018j),32.440077833945566,0.1504759390238182,(-536414.8181843683-973670.6913180018j),32.455049615027825,0.13978134829768177,(1071422.7583499264+0j),33.716451113998964,2.410129505714729e-07,(1406.8780188099288+0j)
2.1218280636777296,32.431905202863454,0.1504759390238182,(-536414.8181843683+973670.6913180018j),32.431905202863454,0.1504759390238182,(-536414.8181843683-973670.6913180018j),32.4459436108719,0.13978134829768177,(1071422.7583499264+0j),33.7164373837266,2.410129505714729e-07,(1406.8780188099288+0j)
2.1749129311764537,32.423992245119976,0.1504759390238182,(-536414.8181843683+973670.6913180018j),32.423992245119976,0.1504759390238182,(-536414.8181843683-973670.6913180018j),32.43712623817262,0.13978134829768177,(1071422.7583499264+0j),33.71642270676125,2.410129505714729e-07,(1406.8780188099288+0j)
2.2279977986751787,32.416339511062894,0.1504759390238182,(-536414.8181843683+973670.6913180018j),32.416339511062894,0.1504759390238182,(-536414.8181843683-973670.6913180018j),32.42859815553,0.13978134829768177,(1071422.7583499264+0j),33.716406981696174,2.410129505714729e-07,(1406.8780188099288+0j)
2.281082666173903,32.408947552198256,0.1504759390238182,(-536414.8181843683+973670.6913180018j),32.408947552198256,0.1504759390238182,(-536414.8181843683-973670.6913180018j),32.4203600230356,0.13978134829768177,(1071422.7583499264+0j),33.71639009210521,2.410129505714729e-07,(1406.8780188099288+0j)
2.3341675336726277,32.40181692119314,0.1504759390238182,(-536414.8181843683+973670.6913180018j),32.40181692119314,0.1504759390238182,(-536414.8181843683-973670.6913180018j),32.4124125022763,0.13978134829768177,(1071422.7583499264+0j),33.71637190365518,2.410129505714729e-07,(1406.8780188099288+0j)
2.3872524011713523,32.39494817187831,0.1504759390238182,(-536414.8181843683+973670.6913180018j),32.39494817187831,0.1504759390238182,(-536414.8181843683-973670.6913180018j),32.40475625633801,0.13978134829768177,(1071422.7583499264+0j),33.71635226052545,2.410129505714729e-07,(1406.8780188099288+0j)
2.4403372686700764,32.388341859251014,0.1504759390238182,(-536414.8181843683+973670.6913180018j),32.388341859251014,0.1504759390238182,(-536414.8181843683-973670.6913180018j),32.397391949809496,0.13978134829768177,(1071422.7583499264+0j),33.716330980932646,2.410129505714729e-07,(1406.8780188099288+0j)
2.4934221361688014,32.381998539477614,0.1504759390238182,(-536414.8181843683+973670.6913180018j),32.381998539477614,0.1504759390238182,(-536414.8181843683-973670.6913180018j),32.3903202487861,0.13978134829768177,(1071422.7583499264+0j),33.71630785148826,2.410129505714729e-07,(1406.8780188099288+0j)
2.546507003667526,32.375918769896415,0.1504759390238182,(-536414.8181843683+973670.6913180018j),32.375918769896415,0.1504759390238182,(-536414.8181843683-973670.6913180018j),32.38354182087357,0.13978134829768177,(1071422.7583499264+0j),33.71628262001786,2.410129505714729e-07,(1406.8780188099288+0j)
2.5995918711662505,32.37010310902032,0.1504759390238182,(-536414.8181843683+973670.6913180018j),32.37010310902032,0.1504759390238182,(-536414.8181843683-973670.6913180018j),32.37705733519185,0.13978134829768177,(1071422.7583499264+0j),33.71625498632939,2.410129505714729e-07,(1406.8780188099288+0j)
2.652676738664975,32.364552116539656,0.1504759390238182,(-536414.8181843683+973670.6913180018j),32.364552116539656,0.1504759390238182,(-536414.8181843683-973670.6913180018j),32.37086746237888,0.13978134829768177,(1071422.7583499264+0j),33.71622459021282,2.410129505714729e-07,(1406.8780188099288+0j)
2.7057616061636995,32.359266353324855,0.1504759390238182,(-536414.8181843683+973670.6913180018j),32.359266353324855,0.1504759390238182,(-536414.8181843683-973670.6913180018j),32.36497287459446,0.13978134829768177,(1071422.7583499264+0j),33.71619099565158,2.410129505714729e-07,(1406.8780188099288+0j)
2.758846473662424,32.35424638142928,0.1504759390238182,(-536414.8181843683+973670.6913180018j),32.35424638142928,0.1504759390238182,(-536414.8181843683-973670.6913180018j),32.359374245523995,0.13978134829768177,(1071422.7583499264+0j),33.71615366977321,2.410129505714729e-07,(1406.8780188099288+0j)
2.811931341161149,32.349492764091956,0.1504759390238182,(-536414.8181843683+973670.6913180018j),32.349492764091956,0.1504759390238182,(-536414.8181843683-973670.6913180018j),32.35407225038245,0.13978134829768177,(1071422.7583499264+0j),33.71611195437371,2.410129505714729e-07,(1406.8780188099288+0j)
2.8650162086598736,32.34500606574035,0.1504759390238182,(-536414.8181843683+973670.6913180018j),32.34500606574035,0.1504759390238182,(-536414.8181843683-973670.6913180018j),32.349067565918126,0.13978134829768177,(1071422.7583499264+0j),33.71606502676808,2.410129505714729e-07,(1406.8780188099288+0j)
2.9181010761585977,32.34078685199318,0.1504759390238182,(-536414.8181843683+973670.6913180018j),32.34078685199318,0.1504759390238182,(-536414.8181843683-973670.6913180018j),32.344360870416544,0.13978134829768177,(1071422.7583499264+0j),33.71601184498825,2.410129505714729e-07,(1406.8780188099288+0j)
2.9711859436573222,32.33683568966316,0.1504759390238182,(-536414.8181843683+973670.6913180018j),32.33683568966316,0.1504759390238182,(-536414.8181843683-973670.6913180018j),32.33995284370434,0.13978134829768177,(1071422.7583499264+0j),33.71595106950578,2.410129505714729e-07,(1406.8780188099288+0j)
3.024270811156047,32.33315314675986,0.1504759390238182,(-536414.8181843683+973670.6913180018j),32.33315314675986,0.1504759390238182,(-536414.8181843683-973670.6913180018j),32.335844167153134,0.13978134829768177,(1071422.7583499264+0j),33.71588094884547,2.410129505714729e-07,(1406.8780188099288+0j)
3.0773556786547718,32.32973979249247,0.1504759390238182,(-536414.8181843683+973670.6913180018j),32.32973979249247,0.1504759390238182,(-536414.8181843683-973670.6913180018j),32.33203552368343,0.13978134829768177,(1071422.7583499264+0j),33.715799148038286,2.410129505714729e-07,(1406.8780188099288+0j)
3.130440546153496,32.32659619727259,0.1504759390238182,(-536414.8181843683+973670.6913180018j),32.32659619727259,0.1504759390238182,(-536414.8181843683-973670.6913180018j),32.328527597768556,0.13978134829768177,(1071422.7583499264+0j),33.71570248356109,2.410129505714729e-07,(1406.8780188099288+0j)
3.1835254136522204,32.323722932717146,0.1504759390238182,(-536414.8181843683+973670.6913180018j),32.323722932717146,0.1504759390238182,(-536414.8181843683-973670.6913180018j),32.32532107543851,0.13978134829768177,(1071422.7583499264+0j),33.715586499348326,2.410129505714729e-07,(1406.8780188099288+0j)
3.2366102811509454,32.32112057165109,0.1504759390238182,(-536414.8181843683+973670.6913180018j),32.32112057165109,0.1504759390238182,(-536414.8181843683-973670.6913180018j),32.32241664428399,0.13978134829768177,(1071422.7583499264+0j),33.71544476035893,2.410129505714729e-07,(1406.8780188099288+0j)
3.28969514864967,32.31878968811036,0.1504759390238182,(-536414.8181843683+973670.6913180018j),32.31878968811036,0.1504759390238182,(-536414.8181843683-973670.6913180018j),32.31981499346027,0.13978134829768177,(1071422.7583499264+0j),33.71526761676896,2.410129505714729e-07,(1406.8780188099288+0j)
3.3427800161483945,32.31673085734462,0.1504759390238182,(-536414.8181843683+973670.6913180018j),32.31673085734462,0.1504759390238182,(-536414.8181843683-973670.6913180018j),32.317516813691164,0.13978134829768177,(1071422.7583499264+0j),33.71503990993122,2.410129505714729e-07,(1406.8780188099288+0j)
3.3958648836471186,32.314944655820184,0.1504759390238182,(-536414.8181843683+973670.6913180018j),32.314944655820184,0.1504759390238182,(-536414.8181843683-973670.6913180018j),32.31552279727301,0.13978134829768177,(1071422.7583499264+0j),33.71473638689664,2.410129505714729e-07,(1406.8780188099288+0j)
3.4489497511458436,32.313431661222836,0.1504759390238182,(-536414.8181843683+973670.6913180018j),32.313431661222836,0.1504759390238182,(-536414.8181843683-973670.6913180018j),32.31383363807865,0.13978134829768177,(1071422.7583499264+0j),33.714311619851514,2.410129505714729e-07,(1406.8780188099288+0j)
3.502034618644568,32.312192452460714,0.1504759390238182,(-536414.8181843683+973670.6913180018j),32.312192452460714,0.1504759390238182,(-536414.8181843683-973670.6913180018j),32.31245003156137,0.13978134829768177,(1071422.7583499264+0j),33.71367483043189,2.410129505714729e-07,(1406.8780188099288+0j)
3.5551194861432927,32.311227609667164,0.1504759390238182,(-536414.8181843683+973670.6913180018j),32.311227609667164,0.1504759390238182,(-536414.8181843683-973670.6913180018j),32.311372674758964,0.13978134829768177,(1071422.7583499264+0j),33.712614476823994,2.410129505714729e-07,(1406.8780188099288+0j)
3.608204353642017,32.31053771420365,0.1504759390238182,(-536414.8181843683+973670.6913180018j),32.31053771420365,0.1504759390238182,(-536414.8181843683-973670.6913180018j),32.310602266297714,0.13978134829768177,(1071422.7583499264+0j),33.71049737091581,2.410129505714729e-07,(1406.8780188099288+0j)
3.6612892211407417,32.31012334866261,0.1504759390238182,(-536414.8181843683+973670.6913180018j),32.31012334866261,0.1504759390238182,(-536414.8181843683-973670.6913180018j),32.3101395063964,0.13978134829768177,(1071422.7583499264+0j),33.704174733533534,2.410129505714729e-07,(1406.8780188099288+0j)
3.7143740886394663,32.30998509687038,0.1504759390238182,(-536414.8181843683+973670.6913180018j),32.30998509687038,0.1504759390238182,(-536414.8181843683-973670.6913180018j),32.30998509687038,0.13978134829768177,(1071422.7583499264+0j),32.30998509687038,2.410129505714729e-07,(1406.8780188099288+0j)
3.7143740886394663,32.30998509687038,0.0278218491291907,(-1163689.1482528667+2194295.790796345j),32.30998509687038,0.0278218491291907,(-1163689.1482528667-2194295.790796345j),32.30998509687038,0.02420744328559527,(2316821.6242416934+0j),32.30998509687038,5.025945845585883e-07,(10556.67226404322+0j)
3.7320690444723748,32.31098852405013,0.0278218491291907,(-1163689.1482528667+2194295.790796345j),32.31098852405013,0.0278218491291907,(-1163689.1482528667-2194295.790796345j),32.31122121232398,0.02420744328559527,(2316821.6242416934+0j),42.291584641521794,5.025945845585883e-07,(10556.67226404322+0j)
3.7497640003052832,32.313993708182444,0.0278218491291907,(-1163689.1482528667+2194295.790796345j),32.313993708182444,0.0278218491291907,(-1163689.1482528667-2194295.790796345j),32.314922343348016,0.02420744328559527,(2316821.6242416934+0j),42.57308193678581,5.025945845585883e-07,(10556.67226404322+0j)
3.7674589561381913,32.3189930249918,0.0278218491291907,(-1163689.1482528667+2194295.790796345j),32.3189930249918,0.0278218491291907,(-1163689.1482528667-2194295.790796345j),32.32107770244735,0.02420744328559527,(2316821.6242416934+0j),42.66956479440457,5.025945845585883e-07,(10556.67226404322+0j)
3.7851539119710997,32.32597887921739,0.0278218491291907,(-1163689.1482528667+2194295.790796345j),32.32597887921739,0.0278218491291907,(-1163689.1482528667-2194295.790796345j),32.3296765492896,0.02420744328559527,(2316821.6242416934+0j),42.71831722914797,5.025945845585883e-07,(10556.67226404322+0j)
3.802848867804008,32.33494370449047,0.0278218491291907,(-1163689.1482528667+2194295.790796345j),32.33494370449047,0.0278218491291907,(-1163689.1482528667-2194295.790796345j),32.340708190476214,0.02420744328559527,(2316821.6242416934+0j),42.74773406131892,5.025945845585883e-07,(10556.67226404322+0j)
3.8205438236369167,32.34587996321243,0.0278218491291907,(-1163689.1482528667+2194295.790796345j),32.34587996321243,0.0278218491291907,(-1163689.1482528667-2194295.790796345j),32.35416197931477,0.02420744328559527,(2316821.6242416934+0j),42.767414620639855,5.025945845585883e-07,(10556.67226404322+0j)
3.8382387794698247,32.358780146433276,0.0278218491291907,(-1163689.1482528667+2194295.790796345j),32.358780146433276,0.0278218491291907,(-1163689.1482528667-2194295.790796345j),32.370027315592566,0.02420744328559527,(2316821.6242416934+0j),42.78150626172552,5.025945845585883e-07,(10556.67226404322+0j)
3.8559337353027328,32.37363677373078,0.0278218491291907,(-1163689.1482528667+2194295.790796345j),32.37363677373078,0.0278218491291907,(-1163689.1482528667-2194295.790796345j),32.3882936453514,0.02420744328559527,(2316821.6242416934+0j),42.79209369306876,5.025945845585883e-07,(10556.67226404322+0j)
3.8736286911356412,32.390442393090225,0.0278218491291907,(-1163689.1482528667+2194295.790796345j),32.390442393090225,0.0278218491291907,(-1163689.1482528667-2194295.790796345j),32.40895046066364,0.02420744328559527,(2316821.6242416934+0j),42.80033946693394,5.025945845585883e-07,(10556.67226404322+0j)
3.8913236469685497,32.40918958078465,0.0278218491291907,(-1163689.1482528667+2194295.790796345j),32.40918958078465,0.0278218491291907,(-1163689.1482528667-2194295.790796345j),32.4319872994094,0.02420744328559527,(2316821.6242416934+0j),42.80694309352801,5.025945845585883e-07,(10556.67226404322+0j)
3.909018602801458,32.4298709412557,0.0278218491291907,(-1163689.1482528667+2194295.790796345j),32.4298709412557,0.0278218491291907,(-1163689.1482528667-2194295.790796345j),32.45739374505506,0.02420744328559527,(2316821.6242416934+0j),42.81235069976749,5.025945845585883e-07,(10556.67226404322+0j)
3.926713558634366,32.45247910699507,0.0278218491291907,(-1163689.1482528667+2194295.790796345j),32.45247910699507,0.0278218491291907,(-1163689.1482528667-2194295.790796345j),32.48515942643289,0.02420744328559527,(2316821.6242416934+0j),42.81686023097846,5.025945845585883e-07,(10556.67226404322+0j)
3.944408514467275,32.47700673842643,0.0278218491291907,(-1163689.1482528667+2194295.790796345j),32.47700673842643,0.0278218491291907,(-1163689.1482528667-2194295.790796345j),32.515274017521925,0.02420744328559527,(2316821.6242416934+0j),42.82067825712443,5.025945845585883e-07,(10556.67226404322+0j)
3.962103470300183,32.503446523787986,0.0278218491291907,(-1163689.1482528667+2194295.790796345j),32.503446523787986,0.0278218491291907,(-1163689.1482528667-2194295.790796345j),32.54772723723,0.02420744328559527,(2316821.6242416934+0j),42.82395250760286,5.025945845585883e-07,(10556.67226404322+0j)
3.979798426133091,32.531791179015556,0.0278218491291907,(-1163689.1482528667+2194295.790796345j),32.531791179015556,0.0278218491291907,(-1163689.1482528667-2194295.790796345j),32.582508849177,0.02420744328559527,(2316821.6242416934+0j),42.82679142908733,5.025945845585883e-07,(10556.67226404322+0j)
3.997493381966,32.562033447626206,0.0278218491291907,(-1163689.1482528667+2194295.790796345j),32.562033447626206,0.0278218491291907,(-1163689.1482528667-2194295.790796345j),32.61960866147924,0.02420744328559527,(2316821.6242416934+0j),42.82927642870742,5.025945845585883e-07,(10556.67226404322+0j)
4.015188337798908,32.594166100602436,0.0278218491291907,(-1163689.1482528667+2194295.790796345j),32.594166100602436,0.0278218491291907,(-1163689.1482528667-2194295.790796345j),32.65901652653507,0.02420744328559527,(2316821.6242416934+0j),42.83146980693502,5.025945845585883e-07,(10556.67226404322+0j)
4.032883293631816,32.62818193627691,0.0278218491291907,(-1163689.1482528667+2194295.790796345j),32.62818193627691,0.0278218491291907,(-1163689.1482528667-2194295.790796345j),32.70072234081155,0.02420744328559527,(2316821.6242416934+0j),42.83342005243328,5.025945845585883e-07,(10556.67226404322+0j)
4.050578249464725,32.66407378021777,0.0278218491291907,(-1163689.1482528667+2194295.790796345j),32.66407378021777,0.0278218491291907,(-1163689.1482528667-2194295.790796345j),32.744716044632426,0.02420744328559527,(2316821.6242416934+0j),42.83516546859693,5.025945845585883e-07,(10556.67226404322+0j)
4.068273205297633,32.7018344851144,0.0278218491291907,(-1163689.1482528667+2194295.790796345j),32.7018344851144,0.0278218491291907,(-1163689.1482528667-2194295.790796345j),32.79098762196707,0.02420744328559527,(2316821.6242416934+0j),42.83673671444772,5.025945845585883e-07,(10556.67226404322+0j)
4.085968161130542,32.74145693066378,0.0278218491291907,(-1163689.1482528667+2194295.790796345j),32.74145693066378,0.0278218491291907,(-1163689.1482528667-2194295.790796345j),32.83952710022072,0.02420744328559527,(2316821.6242416934+0j),42.83815862103242,5.025945845585883e-07,(10556.67226404322+0j)
4.10366311696345,32.78293402345746,0.0278218491291907,(-1163689.1482528667+2194295.790796345j),32.78293402345746,0.0278218491291907,(-1163689.1482528667-2194295.790796345j),32.89032455002578,0.02420744328559527,(2316821.6242416934+0j),42.83945151339867,5.025945845585883e-07,(10556.67226404322+0j)
4.121358072796358,32.82625869686887,0.0278218491291907,(-1163689.1482528667+2194295.790796345j),32.82625869686887,0.0278218491291907,(-1163689.1482528667-2194295.790796345j),32.94337008503423,0.02420744328559527,(2316821.6242416934+0j),42.840632188346326,5.025945845585883e-07,(10556.67226404322+0j)
4.139053028629267,32.871423910941346,0.0278218491291907,(-1163689.1482528667+2194295.790796345j),32.871423910941346,0.0278218491291907,(-1163689.1482528667-2194295.790796345j),32.99865386171118,0.02420744328559527,(2316821.6242416934+0j),42.84171464817477,5.025945845585883e-07,(10556.67226404322+0j)
4.156747984462175,32.918422652276604,0.0278218491291907,(-1163689.1482528667+2194295.790796345j),32.918422652276604,0.0278218491291907,(-1163689.1482528667-2194295.790796345j),33.056166079129554,0.02420744328559527,(2316821.6242416934+0j),42.842710658630956,5.025945845585883e-07,(10556.67226404322+0j)
4.174442940295084,32.967247933923694,0.0278218491291907,(-1163689.1482528667+2194295.790796345j),32.967247933923694,0.0278218491291907,(-1163689.1482528667-2194295.790796345j),33.11589697876587,0.02420744328559527,(2316821.6242416934+0j),42.843630178311145,5.025945845585883e-07,(10556.67226404322+0j)
4.192137896127991,33.017892795268594,0.0278218491291907,(-1163689.1482528667+2194295.790796345j),33.017892795268594,0.0278218491291907,(-1163689.1482528667-2194295.790796345j),33.177836844297076,0.02420744328559527,(2316821.6242416934+0j),42.84448169279057,5.025945845585883e-07,(10556.67226404322+0j)
4.2098328519609,33.07035030192418,0.0278218491291907,(-1163689.1482528667+2194295.790796345j),33.07035030192418,0.0278218491291907,(-1163689.1482528667-2194295.790796345j),33.24197600139854,0.02420744328559527,(2316821.6242416934+0j),42.84527247726287,5.025945845585883e-07,(10556.67226404322+0j)
4.227527807793808,33.12461354562082,0.0278218491291907,(-1163689.1482528667+2194295.790796345j),33.12461354562082,0.0278218491291907,(-1163689.1482528667-2194295.790796345j),33.30830481754312,0.02420744328559527,(2316821.6242416934+0j),42.84600880492002,5.025945845585883e-07,(10556.67226404322+0j)
4.245222763626717,33.180675644097484,0.0278218491291907,(-1163689.1482528667+2194295.790796345j),33.180675644097484,0.0278218491291907,(-1163689.1482528667-2194295.790796345j),33.37681370180122,0.02420744328559527,(2316821.6242416934+0j),42.84669611371563,5.025945845585883e-07,(10556.67226404322+0j)
4.262917719459625,33.23852974099323,0.0278218491291907,(-1163689.1482528667+2194295.790796345j),33.23852974099323,0.0278218491291907,(-1163689.1482528667-2194295.790796345j),33.44749310464209,0.02420744328559527,(2316821.6242416934+0j),42.84733914089565,5.025945845585883e-07,(10556.67226404322+0j)
4.2806126752925335,33.29816900573939,0.0278218491291907,(-1163689.1482528667+2194295.790796345j),33.29816900573939,0.0278218491291907,(-1163689.1482528667-2194295.790796345j),33.520333517736006,0.02420744328559527,(2316821.6242416934+0j),42.84794203233829,5.025945845585883e-07,(10556.67226404322+0j)
4.298307631125441,33.359586633452075,0.0278218491291907,(-1163689.1482528667+2194295.790796345j),33.359586633452075,0.0278218491291907,(-1163689.1482528667-2194295.790796345j),33.595325473757676,0.02420744328559527,(2316821.6242416934+0j),42.84850843203948,5.025945845585883e-07,(10556.67226404322+0j)
4.3160025869583505,33.42277584482536,0.0278218491291907,(-1163689.1482528667+2194295.790796345j),33.42277584482536,0.0278218491291907,(-1163689.1482528667-2194295.790796345j),33.67245954619056,0.02420744328559527,(2316821.6242416934+0j),42.84904155582673,5.025945845585883e-07,(10556.67226404322+0j)
4.333697542791258,33.48772988602479,0.0278218491291907,(-1163689.1482528667+2194295.790796345j),33.48772988602479,0.0278218491291907,(-1163689.1482528667-2194295.790796345j),33.75172634913236,0.02420744328559527,(2316821.6242416934+0j),42.8495442524515,5.025945845585883e-07,(10556.67226404322+0j)
4.351392498624167,33.55444202858154,0.0278218491291907,(-1163689.1482528667+2194295.790796345j),33.55444202858154,0.0278218491291907,(-1163689.1482528667-2194295.790796345j),33.83311653710142,0.02420744328559527,(2316821.6242416934+0j),42.85001905451179,5.025945845585883e-07,(10556.67226404322+0j)
4.369087454457075,33.62290556928698,0.0278218491291907,(-1163689.1482528667+2194295.790796345j),33.62290556928698,0.0278218491291907,(-1163689.1482528667-2194295.790796345j),33.91662080484432,0.02420744328559527,(2316821.6242416934+0j),42.8504682211263,5.025945845585883e-07,(10556.67226404322+0j)
4.3867824102899835,33.69311383008773,0.0278218491291907,(-1163689.1482528667+2194295.790796345j),33.69311383008773,0.0278218491291907,(-1163689.1482528667-2194295.790796345j),34.00222988714435,0.02420744328559527,(2316821.6242416934+0j),42.850893773878276,5.025945845585883e-07,(10556.67226404322+0j)
4.404477366122892,33.76506015798128,0.0278218491291907,(-1163689.1482528667+2194295.790796345j),33.76506015798128,0.0278218491291907,(-1163689.1482528667-2194295.790796345j),34.08993455863107,0.02420744328559527,(2316821.6242416934+0j),42.8512975272355,5.025945845585883e-07,(10556.67226404322+0j)
4.4221723219558,33.83873792491196,0.0278218491291907,(-1163689.1482528667+2194295.790796345j),33.83873792491196,0.0278218491291907,(-1163689.1482528667-2194295.790796345j),34.179725633590934,0.02420744328559527,(2316821.6242416934+0j),42.85168111441215,5.025945845585883e-07,(10556.67226404322+0j)
4.439867277788709,33.91414052766758,0.0278218491291907,(-1163689.1482528667+2194295.790796345j),33.91414052766758,0.0278218491291907,(-1163689.1482528667-2194295.790796345j),34.271593965778834,0.02420744328559527,(2316821.6242416934+0j),42.85204600944993,5.025945845585883e-07,(10556.67226404322+0j)
4.4575622336216165,33.99126138777638,0.0278218491291907,(-1163689.1482528667+2194295.790796345j),33.99126138777638,0.0278218491291907,(-1163689.1482528667-2194295.790796345j),34.365530448230686,0.02420744328559527,(2316821.6242416934+0j),42.85239354614797,5.025945845585883e-07,(10556.67226404322+0j)
4.475257189454525,34.07009395140455,0.0278218491291907,(-1163689.1482528667+2194295.790796345j),34.07009395140455,0.0278218491291907,(-1163689.1482528667-2194295.790796345j),34.461526013077076,0.02420744328559527,(2316821.6242416934+0j),42.85272493435396,5.025945845585883e-07,(10556.67226404322+0j)
4.4929521452874335,34.15063168925421,0.0278218491291907,(-1163689.1482528667+2194295.790796345j),34.15063168925421,0.0278218491291907,(-1163689.1482528667-2194295.790796345j),34.559571631357755,0.02420744328559527,(2316821.6242416934+0j),42.85304127403588,5.025945845585883e-07,(10556.67226404322+0j)
4.510647101120342,34.23286809646185,0.0278218491291907,(-1163689.1482528667+2194295.790796345j),34.23286809646185,0.0278218491291907,(-1163689.1482528667-2194295.790796345j),34.6596583128373,0.02420744328559527,(2316821.6242416934+0j),42.853343567479314,5.025945845585883e-07,(10556.67226404322+0j)
4.52834205695325,34.31679669249725,0.0278218491291907,(-1163689.1482528667+2194295.790796345j),34.31679669249725,0.0278218491291907,(-1163689.1482528667-2194295.790796345j),34.76177710582159,0.02420744328559527,(2316821.6242416934+0j),42.85363272989526,5.025945845585883e-07,(10556.67226404322+0j)
4.546037012786159,34.4024110210629,0.0278218491291907,(-1163689.1482528667+2194295.790796345j),34.4024110210629,0.0278218491291907,(-1163689.1482528667-2194295.790796345j),34.865919096975354,0.02420744328559527,(2316821.6242416934+0j),42.853909598675024,5.025945845585883e-07,(10556.67226404322+0j)
4.5637319686190665,34.48970464999383,0.0278218491291907,(-1163689.1482528667+2194295.790796345j),34.48970464999383,0.0278218491291907,(-1163689.1482528667-2194295.790796345j),34.97207541114071,0.02420744328559527,(2316821.6242416934+0j),42.8541749414892,5.025945845585883e-07,(10556.67226404322+0j)
4.581426924451976,34.57867117115793,0.0278218491291907,(-1163689.1482528667+2194295.790796345j),34.57867117115793,0.0278218491291907,(-1163689.1482528667-2194295.790796345j),35.080237211156536,0.02420744328559527,(2316821.6242416934+0j),42.854429463395846,5.025945845585883e-07,(10556.67226404322+0j)
4.5991218802848834,34.66930420035675,0.0278218491291907,(-1163689.1482528667+2194295.790796345j),34.66930420035675,0.0278218491291907,(-1163689.1482528667-2194295.790796345j),35.19039569767896,0.02420744328559527,(2316821.6242416934+0j),42.854673813096475,5.025945845585883e-07,(10556.67226404322+0j)
4.616816836117791,34.76159737722672,0.0278218491291907,(-1163689.1482528667+2194295.790796345j),34.76159737722672,0.0278218491291907,(-1163689.1482528667-2194295.790796345j),35.30254210900269,0.02420744328559527,(2316821.6242416934+0j),42.854908588456475,5.025945845585883e-07,(10556.67226404322+0j)
4.6345117919507,34.855544365140915,0.0278218491291907,(-1163689.1482528667+2194295.790796345j),34.855544365140915,0.0278218491291907,(-1163689.1482528667-2194295.790796345j),35.416667720883325,0.02420744328559527,(2316821.6242416934+0j),42.8551343413893,5.025945845585883e-07,(10556.67226404322+0j)
4.652206747783608,34.95113885111112,0.0278218491291907,(-1163689.1482528667+2194295.790796345j),34.95113885111112,0.0278218491291907,(-1163689.1482528667-2194295.790796345j),35.53276384636065,0.02420744328559527,(2316821.6242416934+0j),42.855351582188014,5.025945845585883e-07,(10556.67226404322+0j)
4.669901703616517,35.048374545690486,0.0278218491291907,(-1163689.1482528667+2194295.790796345j),35.048374545690486,0.0278218491291907,(-1163689.1482528667-2194295.790796345j),35.650821835582754,0.02420744328559527,(2316821.6242416934+0j),42.85556078337601,5.025945845585883e-07,(10556.67226404322+0j)
4.687596659449425,35.1472451828766,0.0278218491291907,(-1163689.1482528667+2194295.790796345j),35.1472451828766,0.0278218491291907,(-1163689.1482528667-2194295.790796345j),35.770833075631224,0.02420744328559527,(2316821.6242416934+0j),42.85576238313796,5.025945845585883e-07,(10556.67226404322+0j)
4.705291615282334,35.247744520015,0.0278218491291907,(-1163689.1482528667+2194295.790796345j),35.247744520015,0.0278218491291907,(-1163689.1482528667-2194295.790796345j),35.892788990347135,0.02420744328559527,(2316821.6242416934+0j),42.85595678838342,5.025945845585883e-07,(10556.67226404322+0j)
4.722986571115242,35.34986633770305,0.0278218491291907,(-1163689.1482528667+2194295.790796345j),35.34986633770305,0.0278218491291907,(-1163689.1482528667-2194295.790796345j),36.01668104015803,0.02420744328559527,(2316821.6242416934+0j),42.85614437748825,5.025945845585883e-07,(10556.67226404322+0j)
4.74068152694815,35.453604439694416,0.0278218491291907,(-1163689.1482528667+2194295.790796345j),35.453604439694416,0.0278218491291907,(-1163689.1482528667-2194295.790796345j),36.142500721905826,0.02420744328559527,(2316821.6242416934+0j),42.85632550275257,5.025945845585883e-07,(10556.67226404322+0j)
4.758376482781058,35.5589526528039,0.0278218491291907,(-1163689.1482528667+2194295.790796345j),35.5589526528039,0.0278218491291907,(-1163689.1482528667-2194295.790796345j),36.270239568675514,0.02420744328559527,(2316821.6242416934+0j),42.85650049260898,5.025945845585883e-07,(10556.67226404322+0j)
4.776071438613967,35.665904826812664,0.0278218491291907,(-1163689.1482528667+2194295.790796345j),35.665904826812664,0.0278218491291907,(-1163689.1482528667-2194295.790796345j),36.39988914962494,0.02420744328559527,(2316821.6242416934+0j),42.85666965361015,5.025945845585883e-07,(10556.67226404322+0j)
4.793766394446875,35.77445483437397,0.0278218491291907,(-1163689.1482528667+2194295.790796345j),35.77445483437397,0.0278218491291907,(-1163689.1482528667-2194295.790796345j),36.53144106981534,0.02420744328559527,(2316821.6242416934+0j),42.856833272220925,5.025945845585883e-07,(10556.67226404322+0j)
4.811461350279784,35.884596570919314,0.0278218491291907,(-1163689.1482528667+2194295.790796345j),35.884596570919314,0.0278218491291907,(-1163689.1482528667-2194295.790796345j),36.664886970042794,0.02420744328559527,(2316821.6242416934+0j),42.85699161643728,5.025945845585883e-07,(10556.67226404322+0j)
4.829156306112692,35.99632395456503,0.0278218491291907,(-1163689.1482528667+2194295.790796345j),35.99632395456503,0.0278218491291907,(-1163689.1482528667-2194295.790796345j),36.80021852667065,0.02420744328559527,(2316821.6242416934+0j),42.857144937251064,5.025945845585883e-07,(10556.67226404322+0j)
4.8468512619455995,36.10963092601928,0.0278218491291907,(-1163689.1482528667+2194295.790796345j),36.10963092601928,0.0278218491291907,(-1163689.1482528667-2194295.790796345j),36.9374274514627,0.02420744328559527,(2316821.6242416934+0j),42.85729346997756,5.025945845585883e-07,(10556.67226404322+0j)
4.864546217778509,36.22451144848948,0.0278218491291907,(-1163689.1482528667+2194295.790796345j),36.22451144848948,0.0278218491291907,(-1163689.1482528667-2194295.790796345j),37.076505491417365,0.02420744328559527,(2316821.6242416934+0j),42.857437435460646,5.025945845585883e-07,(10556.67226404322+0j)
4.882241173611416,36.34095950759018,0.0278218491291907,(-1163689.1482528667+2194295.790796345j),36.34095950759018,0.0278218491291907,(-1163689.1482528667-2194295.790796345j),37.21744442860262,0.02420744328559527,(2316821.6242416934+0j),42.857577041168305,5.025945845585883e-07,(10556.67226404322+0j)
4.899936129444326,36.45896911125129,0.0278218491291907,(-1163689.1482528667+2194295.790796345j),36.45896911125129,0.0278218491291907,(-1163689.1482528667-2194295.790796345j),37.360236079991886,0.02420744328559527,(2316821.6242416934+0j),42.85771248219027,5.025945845585883e-07,(10556.67226404322+0j)
4.917631085277233,36.578534289626916,0.0278218491291907,(-1163689.1482528667+2194295.790796345j),36.578534289626916,0.0278218491291907,(-1163689.1482528667-2194295.790796345j),37.504872297300764,0.02420744328559527,(2316821.6242416934+0j),42.85784394214762,5.025945845585883e-07,(10556.67226404322+0j)
4.935326041110142,36.69964909500431,0.0278218491291907,(-1163689.1482528667+2194295.790796345j),36.69964909500431,0.0278218491291907,(-1163689.1482528667-2194295.790796345j),37.65134496682456,0.02420744328559527,(2316821.6242416934+0j),42.85797159402325,5.025945845585883e-07,(10556.67226404322+0j)
4.95302099694305,36.82230760171353,0.0278218491291907,(-1163689.1482528667+2194295.790796345j),36.82230760171353,0.0278218491291907,(-1163689.1482528667-2194295.790796345j),37.79964600927676,0.02420744328559527,(2316821.6242416934+0j),42.85809560092137,5.025945845585883e-07,(10556.67226404322+0j)
4.970715952775959,36.94650390603736,0.0278218491291907,(-1163689.1482528667+2194295.790796345j),36.94650390603736,0.0278218491291907,(-1163689.1482528667-2194295.790796345j),37.949767379628284,0.02420744328559527,(2316821.6242416934+0j),42.85821611676273,5.025945845585883e-07,(10556.67226404322+0j)
4.988410908608867,37.072232126121676,0.0278218491291907,(-1163689.1482528667+2194295.790796345j),37.072232126121676,0.0278218491291907,(-1163689.1482528667-2194295.790796345j),38.101701066947555,0.02420744328559527,(2316821.6242416934+0j),42.85833328692199,5.025945845585883e-07,(10556.67226404322+0j)
5.006105864441776,37.19948640188621,0.0278218491291907,(-1163689.1482528667+2194295.790796345j),37.19948640188621,0.0278218491291907,(-1163689.1482528667-2194295.790796345j),38.25543909424152,0.02420744328559527,(2316821.6242416934+0j),42.85844724881271,5.025945845585883e-07,(10556.67226404322+0j)
5.023800820274683,37.32826089493575,0.0278218491291907,(-1163689.1482528667+2194295.790796345j),37.32826089493575,0.0278218491291907,(-1163689.1482528667-2194295.790796345j),38.41097351829737,0.02420744328559527,(2316821.6242416934+0j),42.85855813242497,5.025945845585883e-07,(10556.67226404322+0j)
5.041495776107593,37.458549788471736,0.0278218491291907,(-1163689.1482528667+2194295.790796345j),37.458549788471736,0.0278218491291907,(-1163689.1482528667-2194295.790796345j),38.56829642952518,0.02420744328559527,(2316821.6242416934+0j),42.85866606081997,5.025945845585883e-07,(10556.67226404322+0j)
5.0591907319405,37.59034728720422,0.0278218491291907,(-1163689.1482528667+2194295.790796345j),37.59034728720422,0.0278218491291907,(-1163689.1482528667-2194295.790796345j),38.727399951801296,0.02420744328559527,(2316821.6242416934+0j),42.85877115058567,5.025945845585883e-07,(10556.67226404322+0j)
5.076885687773409,37.72364761726431,0.0278218491291907,(-1163689.1482528667+2194295.790796345j),37.72364761726431,0.0278218491291907,(-1163689.1482528667-2194295.790796345j),38.888276242312635,0.02420744328559527,(2316821.6242416934+0j),42.85887351225682,5.025945845585883e-07,(10556.67226404322+0j)
5.094580643606317,37.85844502611694,0.0278218491291907,(-1163689.1482528667+2194295.790796345j),37.85844502611694,0.0278218491291907,(-1163689.1482528667-2194295.790796345j),39.05091749140171,0.02420744328559527,(2316821.6242416934+0j),42.85897325070285,5.025945845585883e-07,(10556.67226404322+0j)
5.112275599439225,37.99473378247405,0.0278218491291907,(-1163689.1482528667+2194295.790796345j),37.99473378247405,0.0278218491291907,(-1163689.1482528667-2194295.790796345j),39.215315922412465,0.02420744328559527,(2316821.6242416934+0j),42.859070465486205,5.025945845585883e-07,(10556.67226404322+0j)
5.129970555272134,38.132508176208226,0.0278218491291907,(-1163689.1482528667+2194295.790796345j),38.132508176208226,0.0278218491291907,(-1163689.1482528667-2194295.790796345j),39.38146379153699,0.02420744328559527,(2316821.6242416934+0j),42.85916525119384,5.025945845585883e-07,(10556.67226404322+0j)
5.147665511105042,38.271762518266605,0.0278218491291907,(-1163689.1482528667+2194295.790796345j),38.271762518266605,0.0278218491291907,(-1163689.1482528667-2194295.790796345j),39.54935338766295,0.02420744328559527,(2316821.6242416934+0j),42.85925769774421,5.025945845585883e-07,(10556.67226404322+0j)
5.165360466937951,38.41249114058536,0.0278218491291907,(-1163689.1482528667+2194295.790796345j),38.41249114058536,0.0278218491291907,(-1163689.1482528667-2194295.790796345j),39.718977032221844,0.02420744328559527,(2316821.6242416934+0j),42.85934789067179,5.025945845585883e-07,(10556.67226404322+0j)
5.183055422770859,38.554688396004344,0.0278218491291907,(-1163689.1482528667+2194295.790796345j),38.554688396004344,0.0278218491291907,(-1163689.1482528667-2194295.790796345j),39.89032707903809,0.02420744328559527,(2316821.6242416934+0j),42.85943591139104,5.025945845585883e-07,(10556.67226404322+0j)
5.200750378603767,38.698348658182326,0.0278218491291907,(-1163689.1482528667+2194295.790796345j),38.698348658182326,0.0278218491291907,(-1163689.1482528667-2194295.790796345j),40.06339591417876,0.02420744328559527,(2316821.6242416934+0j),42.85952183744148,5.025945845585883e-07,(10556.67226404322+0j)
5.218445334436676,38.84346632151251,0.0278218491291907,(-1163689.1482528667+2194295.790796345j),38.84346632151251,0.0278218491291907,(-1163689.1482528667-2194295.790796345j),40.23817595580434,0.02420744328559527,(2316821.6242416934+0j),42.85960574271554,5.025945845585883e-07,(10556.67226404322+0j)
5.236140290269584,38.99003580103845,0.0278218491291907,(-1163689.1482528667+2194295.790796345j),38.99003580103845,0.0278218491291907,(-1163689.1482528667-2194295.790796345j),40.41465965401992,0.02420744328559527,(2316821.6242416934+0j),42.85968769767052,5.025945845585883e-07,(10556.67226404322+0j)
5.253835246102493,39.13805153237036,0.0278218491291907,(-1163689.1482528667+2194295.790796345j),39.13805153237036,0.0278218491291907,(-1163689.1482528667-2194295.790796345j),40.59283949072754,0.02420744328559527,(2316821.6242416934+0j),42.85976776952588,5.025945845585883e-07,(10556.67226404322+0j)
5.2715302019354,39.28750797160179,0.0278218491291907,(-1163689.1482528667+2194295.790796345j),39.28750797160179,0.0278218491291907,(-1163689.1482528667-2194295.790796345j),40.77270797947896,0.02420744328559527,(2316821.6242416934+0j),42.85984602244712,5.025945845585883e-07,(10556.67226404322+0j)
5.289225157768309,39.43839959522672,0.0278218491291907,(-1163689.1482528667+2194295.790796345j),39.43839959522672,0.0278218491291907,(-1163689.1482528667-2194295.790796345j),40.954257665329436,0.02420744328559527,(2316821.6242416934+0j),42.85992251771728,5.025945845585883e-07,(10556.67226404322+0j)
5.306920113601217,39.590720900056944,0.0278218491291907,(-1163689.1482528667+2194295.790796345j),39.590720900056944,0.0278218491291907,(-1163689.1482528667-2194295.790796345j),41.137481124692094,0.02420744328559527,(2316821.6242416934+0j),42.859997313897004,5.025945845585883e-07,(10556.67226404322+0j)
5.324615069434126,39.74446640313994,0.0278218491291907,(-1163689.1482528667+2194295.790796345j),39.74446640313994,0.0278218491291907,(-1163689.1482528667-2194295.790796345j),41.32237096519319,0.02420744328559527,(2316821.6242416934+0j),42.860070466974044,5.025945845585883e-07,(10556.67226404322+0j)
5.342310025267034,39.89963064167701,0.0278218491291907,(-1163689.1482528667+2194295.790796345j),39.89963064167701,0.0278218491291907,(-1163689.1482528667-2194295.790796345j),41.50891982552796,0.02420744328559527,(2316821.6242416934+0j),42.860142030503035,5.025945845585883e-07,(10556.67226404322+0j)
5.360004981099943,40.056208172941886,0.0278218491291907,(-1163689.1482528667+2194295.790796345j),40.056208172941886,0.0278218491291907,(-1163689.1482528667-2194295.790796345j),41.697120375317404,0.02420744328559527,(2316821.6242416934+0j),42.86021205573622,5.025945845585883e-07,(10556.67226404322+0j)
5.37769993693285,40.214193574199605,0.0278218491291907,(-1163689.1482528667+2194295.790796345j),40.214193574199605,0.0278218491291907,(-1163689.1482528667-2194295.790796345j),41.88696531496564,0.02420744328559527,(2316821.6242416934+0j),42.86028059174592,5.025945845585883e-07,(10556.67226404322+0j)
5.395394892765759,40.37358144262582,0.0278218491291907,(-1163689.1482528667+2194295.790796345j),40.37358144262582,0.0278218491291907,(-1163689.1482528667-2194295.790796345j),42.07844737551809,0.02420744328559527,(2316821.6242416934+0j),42.860347685539146,5.025945845585883e-07,(10556.67226404322+0j)
5.413089848598667,40.534366395226485,0.0278218491291907,(-1163689.1482528667+2194295.790796345j),40.534366395226485,0.0278218491291907,(-1163689.1482528667-2194295.790796345j),42.27155931852034,0.02420744328559527,(2316821.6242416934+0j),42.86041338216518,5.025945845585883e-07,(10556.67226404322+0j)
5.4307848044315765,40.696543068757805,0.0278218491291907,(-1163689.1482528667+2194295.790796345j),40.696543068757805,0.0278218491291907,(-1163689.1482528667-2194295.790796345j),42.46629393587781,0.02420744328559527,(2316821.6242416934+0j),42.860477724816384,5.025945845585883e-07,(10556.67226404322+0j)
5.448479760264484,40.86010611964669,0.0278218491291907,(-1163689.1482528667+2194295.790796345j),40.86010611964669,0.0278218491291907,(-1163689.1482528667-2194295.790796345j),42.662644049716064,0.02420744328559527,(2316821.6242416934+0j),42.860540754922965,5.025945845585883e-07,(10556.67226404322+0j)
5.466174716097393,41.02505022391146,0.0278218491291907,(-1163689.1482528667+2194295.790796345j),41.02505022391146,0.0278218491291907,(-1163689.1482528667-2194295.790796345j),42.86060251224187,0.02420744328559527,(2316821.6242416934+0j),42.86060251224188,5.025945845585883e-07,(10556.67226404322+0j)
