r (mm),uz_root1 (km/s),cbt_root1 (m),uz0_root1 (m/s),uz_root2 (km/s),cbt_root2 (m),uz0_root2 (m/s),uz_root3 (km/s),cbt_root3 (m),uz0_root3 (m/s),uz_root4 (km/s),cbt_root4 (m),uz0_root4 (m/s)
-17.891166983341442,90.8092847650138,0.03207304762753489,(-1260564.535298129+2350048.3810585137j),90.8092847650138,0.03207304762753489,(-1260564.535298129-2350048.3810585137j),92.09681711730892,0.028473443091474565,(2512685.478022703+0j),92.09681711730892,3.215276048984602e-07,(8443.592573555234+0j)
-17.873472027508534,90.67284956852876,0.03207304762753489,(-1260564.535298129+2350048.3810585137j),90.67284956852876,0.03207304762753489,(-1260564.535298129-2350048.3810585137j),91.93685588674703,0.028473443091474565,(2512685.478022703+0j),92.0967855073125,3.215276048984602e-07,(8443.592573555234+0j)
-17.855777071675625,90.53758727716472,0.03207304762753489,(-1260564.535298129+2350048.3810585137j),90.53758727716472,0.03207304762753489,(-1260564.535298129-2350048.3810585137j),91.77824013390105,0.028473443091474565,(2512685.478022703+0j),92.09675324574671,3.215276048984602e-07,(8443.592573555234+0j)
-17.83808211584272,90.40350180393379,0.03207304762753489,(-1260564.535298129+2350048.3810585137j),90.40350180393379,0.03207304762753489,(-1260564.535298129-2350048.3810585137j),91.62097492472878,0.028473443091474565,(2512685.478022703+0j),92.09672031225575,3.215276048984602e-07,(8443.592573555234+0j)
-17.820387160009812,90.27059707439494,0.03207304762753489,(-1260564.535298129+2350048.3810585137j),90.27059707439494,0.03207304762753489,(-1260564.535298129-2350048.3810585137j),91.46506534341731,0.028473443091474565,(2512685.478022703+0j),92.096686685627,3.215276048984602e-07,(8443.592573555234+0j)
-17.802692204176903,90.13887702669835,0.03207304762753489,(-1260564.535298129+2350048.3810585137j),90.13887702669835,0.03207304762753489,(-1260564.535298129-2350048.3810585137j),91.31051649245516,0.028473443091474565,(2512685.478022703+0j),92.0966523437455,3.215276048984602e-07,(8443.592573555234+0j)
-17.784997248343995,90.00834561162978,0.03207304762753489,(-1260564.535298129+2350048.3810585137j),90.00834561162978,0.03207304762753489,(-1260564.535298129-2350048.3810585137j),91.15733349270478,0.028473443091474565,(2512685.478022703+0j),92.0966172635453,3.215276048984602e-07,(8443.592573555234+0j)
-17.767302292511086,89.87900679265528,0.03207304762753489,(-1260564.535298129+2350048.3810585137j),89.87900679265528,0.03207304762753489,(-1260564.535298129-2350048.3810585137j),91.00552148347525,0.028473443091474565,(2512685.478022703+0j),92.09658142095795,3.215276048984602e-07,(8443.592573555234+0j)
-17.749607336678178,89.75086454596604,0.03207304762753489,(-1260564.535298129+2350048.3810585137j),89.75086454596604,0.03207304762753489,(-1260564.535298129-2350048.3810585137j),90.85508562259551,0.028473443091474565,(2512685.478022703+0j),92.09654479085731,3.215276048984602e-07,(8443.592573555234+0j)
-17.73191238084527,89.62392286052331,0.03207304762753489,(-1260564.535298129+2350048.3810585137j),89.62392286052331,0.03207304762753489,(-1260564.535298129-2350048.3810585137j),90.7060310864876,0.028473443091474565,(2512685.478022703+0j),92.09650734700091,3.215276048984602e-07,(8443.592573555234+0j)
-17.714217425012365,89.49818573810367,0.03207304762753489,(-1260564.535298129+2350048.3810585137j),89.49818573810367,0.03207304762753489,(-1260564.535298129-2350048.3810585137j),90.55836307024056,0.028473443091474565,(2512685.478022703+0j),92.09646906196716,3.215276048984602e-07,(8443.592573555234+0j)
-17.696522469179452,89.37365719334434,0.03207304762753489,(-1260564.535298129+2350048.3810585137j),89.37365719334434,0.03207304762753489,(-1260564.535298129-2350048.3810585137j),90.41208678768452,0.028473443091474565,(2512685.478022703+0j),92.09642990708845,3.215276048984602e-07,(8443.592573555234+0j)
-17.678827513346544,89.25034125378873,0.03207304762753489,(-1260564.535298129+2350048.3810585137j),89.25034125378873,0.03207304762753489,(-1260564.535298129-2350048.3810585137j),90.26720747146493,0.028473443091474565,(2512685.478022703+0j),92.09638985237952,3.215276048984602e-07,(8443.592573555234+0j)
-17.661132557513636,89.12824195993215,0.03207304762753489,(-1260564.535298129+2350048.3810585137j),89.12824195993215,0.03207304762753489,(-1260564.535298129-2350048.3810585137j),90.12373037311755,0.028473443091474565,(2512685.478022703+0j),92.09634886646089,3.215276048984602e-07,(8443.592573555234+0j)
-17.643437601680727,89.00736336526775,0.03207304762753489,(-1260564.535298129+2350048.3810585137j),89.00736336526775,0.03207304762753489,(-1260564.535298129-2350048.3810585137j),89.98166076314331,0.028473443091474565,(2512685.478022703+0j),92.09630691647686,3.215276048984602e-07,(8443.592573555234+0j)
-17.62574264584782,88.88770953633255,0.03207304762753489,(-1260564.535298129+2350048.3810585137j),88.88770953633255,0.03207304762753489,(-1260564.535298129-2350048.3810585137j),89.84100393108385,0.028473443091474565,(2512685.478022703+0j),92.09626396800773,3.215276048984602e-07,(8443.592573555234+0j)
-17.60804769001491,88.76928455275377,0.03207304762753489,(-1260564.535298129+2350048.3810585137j),88.76928455275377,0.03207304762753489,(-1260564.535298129-2350048.3810585137j),89.70176518559718,0.028473443091474565,(2512685.478022703+0j),92.09621998497546,3.215276048984602e-07,(8443.592573555234+0j)
-17.590352734182005,88.65209250729522,0.03207304762753489,(-1260564.535298129+2350048.3810585137j),88.65209250729522,0.03207304762753489,(-1260564.535298129-2350048.3810585137j),89.56394985453385,0.028473443091474565,(2512685.478022703+0j),92.09617492954284,3.215276048984602e-07,(8443.592573555234+0j)
-17.572657778349097,88.536137505904,0.03207304762753489,(-1260564.535298129+2350048.3810585137j),88.536137505904,0.03207304762753489,(-1260564.535298129-2350048.3810585137j),89.42756328501324,0.028473443091474565,(2512685.478022703+0j),92.09612876200464,3.215276048984602e-07,(8443.592573555234+0j)
-17.55496282251619,88.4214236677573,0.03207304762753489,(-1260564.535298129+2350048.3810585137j),88.4214236677573,0.03207304762753489,(-1260564.535298129-2350048.3810585137j),89.29261084350051,0.028473443091474565,(2512685.478022703+0j),92.09608144067113,3.215276048984602e-07,(8443.592573555234+0j)
-17.53726786668328,88.30795512530933,0.03207304762753489,(-1260564.535298129+2350048.3810585137j),88.30795512530933,0.03207304762753489,(-1260564.535298129-2350048.3810585137j),89.15909791588352,0.028473443091474565,(2512685.478022703+0j),92.09603292174239,3.215276048984602e-07,(8443.592573555234+0j)
-17.51957291085037,88.19573602433873,0.03207304762753489,(-1260564.535298129+2350048.3810585137j),88.19573602433873,0.03207304762753489,(-1260564.535298129-2350048.3810585137j),89.02702990755039,0.028473443091474565,(2512685.478022703+0j),92.09598315917319,3.215276048984602e-07,(8443.592573555234+0j)
-17.501877955017463,88.08477052399566,0.03207304762753489,(-1260564.535298129+2350048.3810585137j),88.08477052399566,0.03207304762753489,(-1260564.535298129-2350048.3810585137j),88.89641224346727,0.028473443091474565,(2512685.478022703+0j),92.09593210452714,3.215276048984602e-07,(8443.592573555234+0j)
-17.484182999184554,87.97506279684966,0.03207304762753489,(-1260564.535298129+2350048.3810585137j),87.97506279684966,0.03207304762753489,(-1260564.535298129-2350048.3810585137j),88.76725036825646,0.028473443091474565,(2512685.478022703+0j),92.09587970681949,3.215276048984602e-07,(8443.592573555234+0j)
-17.466488043351646,87.8666170289372,0.03207304762753489,(-1260564.535298129+2350048.3810585137j),87.8666170289372,0.03207304762753489,(-1260564.535298129-2350048.3810585137j),88.63954974627497,0.028473443091474565,(2512685.478022703+0j),92.09582591234728,3.215276048984602e-07,(8443.592573555234+0j)
-17.44879308751874,87.75943741980979,0.03207304762753489,(-1260564.535298129+2350048.3810585137j),87.75943741980979,0.03207304762753489,(-1260564.535298129-2350048.3810585137j),88.51331586169326,0.028473443091474565,(2512685.478022703+0j),92.0957706645058,3.215276048984602e-07,(8443.592573555234+0j)
-17.431098131685832,87.653528182582,0.03207304762753489,(-1260564.535298129+2350048.3810585137j),87.653528182582,0.03207304762753489,(-1260564.535298129-2350048.3810585137j),88.38855421857457,0.028473443091474565,(2512685.478022703+0j),92.09571390358984,3.215276048984602e-07,(8443.592573555234+0j)
-17.413403175852924,87.54889354397993,0.03207304762753489,(-1260564.535298129+2350048.3810585137j),87.54889354397993,0.03207304762753489,(-1260564.535298129-2350048.3810585137j),88.26527034095436,0.028473443091474565,(2512685.478022703+0j),92.09565556657849,3.215276048984602e-07,(8443.592573555234+0j)
-17.395708220020015,87.4455377443896,0.03207304762753489,(-1260564.535298129+2350048.3810585137j),87.4455377443896,0.03207304762753489,(-1260564.535298129-2350048.3810585137j),88.14346977292031,0.028473443091474565,(2512685.478022703+0j),92.0955955869017,3.215276048984602e-07,(8443.592573555234+0j)
-17.378013264187107,87.34346503790579,0.03207304762753489,(-1260564.535298129+2350048.3810585137j),87.34346503790579,0.03207304762753489,(-1260564.535298129-2350048.3810585137j),88.02315807869252,0.028473443091474565,(2512685.478022703+0j),92.09553389418696,3.215276048984602e-07,(8443.592573555234+0j)
-17.360318308354195,87.24267969238095,0.03207304762753489,(-1260564.535298129+2350048.3810585137j),87.24267969238095,0.03207304762753489,(-1260564.535298129-2350048.3810585137j),87.90434084270419,0.028473443091474565,(2512685.478022703+0j),92.09547041398375,3.215276048984602e-07,(8443.592573555234+0j)
-17.342623352521287,87.1431859894742,0.03207304762753489,(-1260564.535298129+2350048.3810585137j),87.1431859894742,0.03207304762753489,(-1260564.535298129-2350048.3810585137j),87.78702366968257,0.028473443091474565,(2512685.478022703+0j),92.0954050674639,3.215276048984602e-07,(8443.592573555234+0j)
-17.32492839668838,87.04498822470087,0.03207304762753489,(-1260564.535298129+2350048.3810585137j),87.04498822470087,0.03207304762753489,(-1260564.535298129-2350048.3810585137j),87.6712121847304,0.028473443091474565,(2512685.478022703+0j),92.09533777109499,3.215276048984602e-07,(8443.592573555234+0j)
-17.307233440855473,86.94809070748178,0.03207304762753489,(-1260564.535298129+2350048.3810585137j),86.94809070748178,0.03207304762753489,(-1260564.535298129-2350048.3810585137j),87.55691203340751,0.028473443091474565,(2512685.478022703+0j),92.0952684362841,3.215276048984602e-07,(8443.592573555234+0j)
-17.289538485022565,86.85249776119308,0.03207304762753489,(-1260564.535298129+2350048.3810585137j),86.85249776119308,0.03207304762753489,(-1260564.535298129-2350048.3810585137j),87.44412888181304,0.028473443091474565,(2512685.478022703+0j),92.09519696898872,3.215276048984602e-07,(8443.592573555234+0j)
-17.271843529189656,86.75821372321614,0.03207304762753489,(-1260564.535298129+2350048.3810585137j),86.75821372321614,0.03207304762753489,(-1260564.535298129-2350048.3810585137j),87.33286841666781,0.028473443091474565,(2512685.478022703+0j),92.09512326929122,3.215276048984602e-07,(8443.592573555234+0j)
-17.254148573356748,86.66524294498765,0.03207304762753489,(-1260564.535298129+2350048.3810585137j),86.66524294498765,0.03207304762753489,(-1260564.535298129-2350048.3810585137j),87.2231363453972,0.028473443091474565,(2512685.478022703+0j),92.09504723093269,3.215276048984602e-07,(8443.592573555234+0j)
-17.23645361752384,86.57358979204994,0.03207304762753489,(-1260564.535298129+2350048.3810585137j),86.57358979204994,0.03207304762753489,(-1260564.535298129-2350048.3810585137j),87.11493839621433,0.028473443091474565,(2512685.478022703+0j),92.09496874080187,3.215276048984602e-07,(8443.592573555234+0j)
-17.21875866169093,86.48325864410151,0.03207304762753489,(-1260564.535298129+2350048.3810585137j),86.48325864410151,0.03207304762753489,(-1260564.535298129-2350048.3810585137j),87.00828031820367,0.028473443091474565,(2512685.478022703+0j),92.09488767837368,3.215276048984602e-07,(8443.592573555234+0j)
-17.201063705858022,86.39425389504768,0.03207304762753489,(-1260564.535298129+2350048.3810585137j),86.39425389504768,0.03207304762753489,(-1260564.535298129-2350048.3810585137j),86.90316788140497,0.028473443091474565,(2512685.478022703+0j),92.09480391509162,3.215276048984602e-07,(8443.592573555234+0j)
-17.183368750025117,86.30657995305165,0.03207304762753489,(-1260564.535298129+2350048.3810585137j),86.30657995305165,0.03207304762753489,(-1260564.535298129-2350048.3810585137j),86.79960687689761,0.028473443091474565,(2512685.478022703+0j),92.09471731368758,3.215276048984602e-07,(8443.592573555234+0j)
-17.16567379419221,86.22024124058545,0.03207304762753489,(-1260564.535298129+2350048.3810585137j),86.22024124058545,0.03207304762753489,(-1260564.535298129-2350048.3810585137j),86.69760311688533,0.028473443091474565,(2512685.478022703+0j),92.09462772743112,3.215276048984602e-07,(8443.592573555234+0j)
-17.1479788383593,86.13524219448144,0.03207304762753489,(-1260564.535298129+2350048.3810585137j),86.13524219448144,0.03207304762753489,(-1260564.535298129-2350048.3810585137j),86.59716243478132,0.028473443091474565,(2512685.478022703+0j),92.09453499929981,3.215276048984602e-07,(8443.592573555234+0j)
-17.130283882526392,86.0515872659837,0.03207304762753489,(-1260564.535298129+2350048.3810585137j),86.0515872659837,0.03207304762753489,(-1260564.535298129-2350048.3810585137j),86.49829068529371,0.028473443091474565,(2512685.478022703+0j),92.09443896106087,3.215276048984602e-07,(8443.592573555234+0j)
-17.112588926693483,85.96928092079993,0.03207304762753489,(-1260564.535298129+2350048.3810585137j),85.96928092079993,0.03207304762753489,(-1260564.535298129-2350048.3810585137j),86.40099374451147,0.028473443091474565,(2512685.478022703+0j),92.09433943225241,3.215276048984602e-07,(8443.592573555234+0j)
-17.094893970860575,85.88832763915329,0.03207304762753489,(-1260564.535298129+2350048.3810585137j),85.88832763915329,0.03207304762753489,(-1260564.535298129-2350048.3810585137j),86.30527750999059,0.028473443091474565,(2512685.478022703+0j),92.09423621905174,3.215276048984602e-07,(8443.592573555234+0j)
-17.077199015027666,85.80873191583458,0.03207304762753489,(-1260564.535298129+2350048.3810585137j),85.80873191583458,0.03207304762753489,(-1260564.535298129-2350048.3810585137j),86.21114790084083,0.028473443091474565,(2512685.478022703+0j),92.09412911301557,3.215276048984602e-07,(8443.592573555234+0j)
-17.05950405919476,85.73049826025468,0.03207304762753489,(-1260564.535298129+2350048.3810585137j),85.73049826025468,0.03207304762753489,(-1260564.535298129-2350048.3810585137j),86.11861085781275,0.028473443091474565,(2512685.478022703+0j),92.09401788967494,3.215276048984602e-07,(8443.592573555234+0j)
-17.041809103361853,85.65363119649712,0.03207304762753489,(-1260564.535298129+2350048.3810585137j),85.65363119649712,0.03207304762753489,(-1260564.535298129-2350048.3810585137j),86.0276723433851,0.028473443091474565,(2512685.478022703+0j),92.09390230696485,3.215276048984602e-07,(8443.592573555234+0j)
-17.024114147528945,85.57813526337077,0.03207304762753489,(-1260564.535298129+2350048.3810585137j),85.57813526337077,0.03207304762753489,(-1260564.535298129-2350048.3810585137j),85.93833834185268,0.028473443091474565,(2512685.478022703+0j),92.0937821034657,3.215276048984602e-07,(8443.592573555234+0j)
-17.006419191696036,85.50401501446305,0.03207304762753489,(-1260564.535298129+2350048.3810585137j),85.50401501446305,0.03207304762753489,(-1260564.535298129-2350048.3810585137j),85.8506148594146,0.028473443091474565,(2512685.478022703+0j),92.09365699642932,3.215276048984602e-07,(8443.592573555234+0j)
-16.988724235863124,85.43127501819298,0.03207304762753489,(-1260564.535298129+2350048.3810585137j),85.43127501819298,0.03207304762753489,(-1260564.535298129-2350048.3810585137j),85.76450792426293,0.028473443091474565,(2512685.478022703+0j),92.0935266795586,3.215276048984602e-07,(8443.592573555234+0j)
-16.971029280030216,85.35991985786472,0.03207304762753489,(-1260564.535298129+2350048.3810585137j),85.35991985786472,0.03207304762753489,(-1260564.535298129-2350048.3810585137j),85.68002358667165,0.028473443091474565,(2512685.478022703+0j),92.09339082050371,3.215276048984602e-07,(8443.592573555234+0j)
-16.953334324197307,85.28995413172122,0.03207304762753489,(-1260564.535298129+2350048.3810585137j),85.28995413172122,0.03207304762753489,(-1260564.535298129-2350048.3810585137j),85.5971679190862,0.028473443091474565,(2512685.478022703+0j),92.09324905803197,3.215276048984602e-07,(8443.592573555234+0j)
-16.9356393683644,85.22138245299806,0.03207304762753489,(-1260564.535298129+2350048.3810585137j),85.22138245299806,0.03207304762753489,(-1260564.535298129-2350048.3810585137j),85.5159470162133,0.028473443091474565,(2512685.478022703+0j),92.09310099882052,3.215276048984602e-07,(8443.592573555234+0j)
-16.917944412531494,85.15420944997759,0.03207304762753489,(-1260564.535298129+2350048.3810585137j),85.15420944997759,0.03207304762753489,(-1260564.535298129-2350048.3810585137j),85.4363669951112,0.028473443091474565,(2512685.478022703+0j),92.09294621381206,3.215276048984602e-07,(8443.592573555234+0j)
-16.900249456698585,85.0884397660432,0.03207304762753489,(-1260564.535298129+2350048.3810585137j),85.0884397660432,0.03207304762753489,(-1260564.535298129-2350048.3810585137j),85.3584339952803,0.028473443091474565,(2512685.478022703+0j),92.09278423406228,3.215276048984602e-07,(8443.592573555234+0j)
-16.882554500865677,85.02407805973391,0.03207304762753489,(-1260564.535298129+2350048.3810585137j),85.02407805973391,0.03207304762753489,(-1260564.535298129-2350048.3810585137j),85.28215417875438,0.028473443091474565,(2512685.478022703+0j),92.09261454599442,3.215276048984602e-07,(8443.592573555234+0j)
-16.86485954503277,84.96112900479906,0.03207304762753489,(-1260564.535298129+2350048.3810585137j),84.96112900479906,0.03207304762753489,(-1260564.535298129-2350048.3810585137j),85.20753373019197,0.028473443091474565,(2512685.478022703+0j),92.09243658596004,3.215276048984602e-07,(8443.592573555234+0j)
-16.84716458919986,84.89959729025337,0.03207304762753489,(-1260564.535298129+2350048.3810585137j),84.89959729025337,0.03207304762753489,(-1260564.535298129-2350048.3810585137j),85.13457885696829,0.028473443091474565,(2512685.478022703+0j),92.09224973398425,3.215276048984602e-07,(8443.592573555234+0j)
-16.82946963336695,84.83948762043205,0.03207304762753489,(-1260564.535298129+2350048.3810585137j),84.83948762043205,0.03207304762753489,(-1260564.535298129-2350048.3810585137j),85.06329578926764,0.028473443091474565,(2512685.478022703+0j),92.09205330654935,3.215276048984602e-07,(8443.592573555234+0j)
-16.811774677534043,84.78080471504632,0.03207304762753489,(-1260564.535298129+2350048.3810585137j),84.78080471504632,0.03207304762753489,(-1260564.535298129-2350048.3810585137j),84.99369078017612,0.028473443091474565,(2512685.478022703+0j),92.09184654824006,3.215276048984602e-07,(8443.592573555234+0j)
-16.794079721701138,84.72355330923898,0.03207304762753489,(-1260564.535298129+2350048.3810585137j),84.72355330923898,0.03207304762753489,(-1260564.535298129-2350048.3810585137j),84.92577010577484,0.028473443091474565,(2512685.478022703+0j),92.09162862203466,3.215276048984602e-07,(8443.592573555234+0j)
-16.77638476586823,84.66773815364036,0.03207304762753489,(-1260564.535298129+2350048.3810585137j),84.66773815364036,0.03207304762753489,(-1260564.535298129-2350048.3810585137j),84.8595400652335,0.028473443091474565,(2512685.478022703+0j),92.09139859797949,3.215276048984602e-07,(8443.592573555234+0j)
-16.75868981003532,84.61336401442432,0.03207304762753489,(-1260564.535298129+2350048.3810585137j),84.61336401442432,0.03207304762753489,(-1260564.535298129-2350048.3810585137j),84.79500698090443,0.028473443091474565,(2512685.478022703+0j),92.09115543992316,3.215276048984602e-07,(8443.592573555234+0j)
-16.740994854202413,84.56043567336478,0.03207304762753489,(-1260564.535298129+2350048.3810585137j),84.56043567336478,0.03207304762753489,(-1260564.535298129-2350048.3810585137j),84.73217719841709,0.028473443091474565,(2512685.478022703+0j),92.09089798991175,3.215276048984602e-07,(8443.592573555234+0j)
-16.723299898369504,84.50895792789201,0.03207304762753489,(-1260564.535298129+2350048.3810585137j),84.50895792789201,0.03207304762753489,(-1260564.535298129-2350048.3810585137j),84.67105708677296,0.028473443091474565,(2512685.478022703+0j),92.09062494974926,3.215276048984602e-07,(8443.592573555234+0j)
-16.705604942536596,84.4589355911497,0.03207304762753489,(-1260564.535298129+2350048.3810585137j),84.4589355911497,0.03207304762753489,(-1260564.535298129-2350048.3810585137j),84.61165303844083,0.028473443091474565,(2512685.478022703+0j),92.09033485910328,3.215276048984602e-07,(8443.592573555234+0j)
-16.687909986703687,84.41037349205178,0.03207304762753489,(-1260564.535298129+2350048.3810585137j),84.41037349205178,0.03207304762753489,(-1260564.535298129-2350048.3810585137j),84.55397146945266,0.028473443091474565,(2512685.478022703+0j),92.09002606937709,3.215276048984602e-07,(8443.592573555234+0j)
-16.67021503087078,84.36327647533976,0.03207304762753489,(-1260564.535298129+2350048.3810585137j),84.36327647533976,0.03207304762753489,(-1260564.535298129-2350048.3810585137j),84.4980188194997,0.028473443091474565,(2512685.478022703+0j),92.08969671236059,3.215276048984602e-07,(8443.592573555234+0j)
-16.65252007503787,84.31764940164027,0.03207304762753489,(-1260564.535298129+2350048.3810585137j),84.31764940164027,0.03207304762753489,(-1260564.535298129-2350048.3810585137j),84.44380155202924,0.028473443091474565,(2512685.478022703+0j),92.0893446624017,3.215276048984602e-07,(8443.592573555234+0j)
-16.63482511920496,84.27349714752269,0.03207304762753489,(-1260564.535298129+2350048.3810585137j),84.27349714752269,0.03207304762753489,(-1260564.535298129-2350048.3810585137j),84.39132615434158,0.028473443091474565,(2512685.478022703+0j),92.08896749047915,3.215276048984602e-07,(8443.592573555234+0j)
-16.617130163372053,84.23082460555717,0.03207304762753489,(-1260564.535298129+2350048.3810585137j),84.23082460555717,0.03207304762753489,(-1260564.535298129-2350048.3810585137j),84.34059913768773,0.028473443091474565,(2512685.478022703+0j),92.0885624080798,3.215276048984602e-07,(8443.592573555234+0j)
-16.599435207539145,84.18963668437284,0.03207304762753489,(-1260564.535298129+2350048.3810585137j),84.18963668437284,0.03207304762753489,(-1260564.535298129-2350048.3810585137j),84.2916270373673,0.028473443091474565,(2512685.478022703+0j),92.08812619813799,3.215276048984602e-07,(8443.592573555234+0j)
-16.581740251706236,84.1499383087162,0.03207304762753489,(-1260564.535298129+2350048.3810585137j),84.1499383087162,0.03207304762753489,(-1260564.535298129-2350048.3810585137j),84.24441641282692,0.028473443091474565,(2512685.478022703+0j),92.08765512941837,3.215276048984602e-07,(8443.592573555234+0j)
-16.564045295873328,84.11173441950982,0.03207304762753489,(-1260564.535298129+2350048.3810585137j),84.11173441950982,0.03207304762753489,(-1260564.535298129-2350048.3810585137j),84.19897384775923,0.028473443091474565,(2512685.478022703+0j),92.08714484951892,3.215276048984602e-07,(8443.592573555234+0j)
-16.54635034004042,84.07502997391126,0.03207304762753489,(-1260564.535298129+2350048.3810585137j),84.07502997391126,0.03207304762753489,(-1260564.535298129-2350048.3810585137j),84.15530595020219,0.028473443091474565,(2512685.478022703+0j),92.08659024999467,3.215276048984602e-07,(8443.592573555234+0j)
-16.528655384207514,84.03982994537225,0.03207304762753489,(-1260564.535298129+2350048.3810585137j),84.03982994537225,0.03207304762753489,(-1260564.535298129-2350048.3810585137j),84.11341935263886,0.028473443091474565,(2512685.478022703+0j),92.0859852947424,3.215276048984602e-07,(8443.592573555234+0j)
-16.510960428374606,84.00613932369805,0.03207304762753489,(-1260564.535298129+2350048.3810585137j),84.00613932369805,0.03207304762753489,(-1260564.535298129-2350048.3810585137j),84.07332071209768,0.028473443091474565,(2512685.478022703+0j),92.08532279941626,3.215276048984602e-07,(8443.592573555234+0j)
-16.493265472541697,83.97396311510714,0.03207304762753489,(-1260564.535298129+2350048.3810585137j),83.97396311510714,0.03207304762753489,(-1260564.535298129-2350048.3810585137j),84.03501671025326,0.028473443091474565,(2512685.478022703+0j),92.0845941447581,3.215276048984602e-07,(8443.592573555234+0j)
-16.47557051670879,83.94330634229104,0.03207304762753489,(-1260564.535298129+2350048.3810585137j),83.94330634229104,0.03207304762753489,(-1260564.535298129-2350048.3810585137j),83.99851405352751,0.028473443091474565,(2512685.478022703+0j),92.08378889953029,3.215276048984602e-07,(8443.592573555234+0j)
-16.45787556087588,83.91417404447449,0.03207304762753489,(-1260564.535298129+2350048.3810585137j),83.91417404447449,0.03207304762753489,(-1260564.535298129-2350048.3810585137j),83.96381947319131,0.028473443091474565,(2512685.478022703+0j),92.0828943179498,3.215276048984602e-07,(8443.592573555234+0j)
-16.440180605042972,83.88657127747587,0.03207304762753489,(-1260564.535298129+2350048.3810585137j),83.88657127747587,0.03207304762753489,(-1260564.535298129-2350048.3810585137j),83.93093972546669,0.028473443091474565,(2512685.478022703+0j),92.08189466003017,3.215276048984602e-07,(8443.592573555234+0j)
-16.422485649210063,83.86050311376776,0.03207304762753489,(-1260564.535298129+2350048.3810585137j),83.86050311376776,0.03207304762753489,(-1260564.535298129-2350048.3810585137j),83.8998815916294,0.028473443091474565,(2512685.478022703+0j),92.08077025748594,3.215276048984602e-07,(8443.592573555234+0j)
-16.404790693377155,83.83597464253782,0.03207304762753489,(-1260564.535298129+2350048.3810585137j),83.83597464253782,0.03207304762753489,(-1260564.535298129-2350048.3810585137j),83.87065187811199,0.028473443091474565,(2512685.478022703+0j),92.07949620667696,3.215276048984602e-07,(8443.592573555234+0j)
-16.38709573754425,83.81299096975002,0.03207304762753489,(-1260564.535298129+2350048.3810585137j),83.81299096975002,0.03207304762753489,(-1260564.535298129-2350048.3810585137j),83.84325741660736,0.028473443091474565,(2512685.478022703+0j),92.07804050247603,3.215276048984602e-07,(8443.592573555234+0j)
-16.36940078171134,83.79155721820584,0.03207304762753489,(-1260564.535298129+2350048.3810585137j),83.79155721820584,0.03207304762753489,(-1260564.535298129-2350048.3810585137j),83.81770506417287,0.028473443091474565,(2512685.478022703+0j),92.07636131264911,3.215276048984602e-07,(8443.592573555234+0j)
-16.351705825878433,83.7716785276061,0.03207304762753489,(-1260564.535298129+2350048.3810585137j),83.7716785276061,0.03207304762753489,(-1260564.535298129-2350048.3810585137j),83.79400170333474,0.028473443091474565,(2512685.478022703+0j),92.0744028925184,3.215276048984602e-07,(8443.592573555234+0j)
-16.334010870045525,83.75336005461271,0.03207304762753489,(-1260564.535298129+2350048.3810585137j),83.75336005461271,0.03207304762753489,(-1260564.535298129-2350048.3810585137j),83.77215424219314,0.028473443091474565,(2512685.478022703+0j),92.07208927677618,3.215276048984602e-07,(8443.592573555234+0j)
-16.316315914212616,83.73660697291089,0.03207304762753489,(-1260564.535298129+2350048.3810585137j),83.73660697291089,0.03207304762753489,(-1260564.535298129-2350048.3810585137j),83.75216961452767,0.028473443091474565,(2512685.478022703+0j),92.06931419669216,3.215276048984602e-07,(8443.592573555234+0j)
-16.298620958379704,83.72142447327145,0.03207304762753489,(-1260564.535298129+2350048.3810585137j),83.72142447327145,0.03207304762753489,(-1260564.535298129-2350048.3810585137j),83.73405477990332,0.028473443091474565,(2512685.478022703+0j),92.06592429579136,3.215276048984602e-07,(8443.592573555234+0j)
-16.280926002546796,83.70781776361366,0.03207304762753489,(-1260564.535298129+2350048.3810585137j),83.70781776361366,0.03207304762753489,(-1260564.535298129-2350048.3810585137j),83.71781672377693,0.028473443091474565,(2512685.478022703+0j),92.06168980011789,3.215276048984602e-07,(8443.592573555234+0j)
-16.26323104671389,83.69579206906795,0.03207304762753489,(-1260564.535298129+2350048.3810585137j),83.69579206906795,0.03207304762753489,(-1260564.535298129-2350048.3810585137j),83.70346245760422,0.028473443091474565,(2512685.478022703+0j),92.05625014644774,3.215276048984602e-07,(8443.592573555234+0j)
-16.245536090880982,83.68535263203916,0.03207304762753489,(-1260564.535298129+2350048.3810585137j),83.68535263203916,0.03207304762753489,(-1260564.535298129-2350048.3810585137j),83.69099901894714,0.028473443091474565,(2512685.478022703+0j),92.04900548519979,3.215276048984602e-07,(8443.592573555234+0j)
-16.227841135048074,83.67650471227002,0.03207304762753489,(-1260564.535298129+2350048.3810585137j),83.67650471227002,0.03207304762753489,(-1260564.535298129-2350048.3810585137j),83.68043347158199,0.028473443091474565,(2512685.478022703+0j),92.03887869471932,3.215276048984602e-07,(8443.592573555234+0j)
-16.210146179215165,83.6692535869048,0.03207304762753489,(-1260564.535298129+2350048.3810585137j),83.6692535869048,0.03207304762753489,(-1260564.535298129-2350048.3810585137j),83.67177290560772,0.028473443091474565,(2512685.478022703+0j),92.02372284098104,3.215276048984602e-07,(8443.592573555234+0j)
-16.192451223382257,83.66360455055326,0.03207304762753489,(-1260564.535298129+2350048.3810585137j),83.66360455055326,0.03207304762753489,(-1260564.535298129-2350048.3810585137j),83.66502443755505,0.028473443091474565,(2512685.478022703+0j),91.99855426946317,3.215276048984602e-07,(8443.592573555234+0j)
-16.17475626754935,83.65956291535491,0.03207304762753489,(-1260564.535298129+2350048.3810585137j),83.65956291535491,0.03207304762753489,(-1260564.535298129-2350048.3810585137j),83.66019521049584,0.028473443091474565,(2512685.478022703+0j),91.9485566088068,3.215276048984602e-07,(8443.592573555234+0j)
-16.15706131171644,83.6571340110435,0.03207304762753489,(-1260564.535298129+2350048.3810585137j),83.6571340110435,0.03207304762753489,(-1260564.535298129-2350048.3810585137j),83.65729239415316,0.028473443091474565,(2512685.478022703+0j),91.80123115603014,3.215276048984602e-07,(8443.592573555234+0j)
-16.13936635588353,83.54711314128872,0.1306774568764764,(-926063.2472475106+1662646.8266707882j),83.54711314128872,0.1306774568764764,(-926063.2472475106-1662646.8266707882j),83.6563231850117,0.12357624769605352,(1850719.68816617+0j),83.6563231850117,7.14039670264055e-08,(1406.806328849753+0j)
-16.13936635588353,83.6563231850117,0.03207304762753489,(-1260564.535298129+2350048.3810585137j),83.6563231850117,0.03207304762753489,(-1260564.535298129-2350048.3810585137j),83.6563231850117,0.028473443091474565,(2512685.478022703+0j),83.6563231850117,3.215276048984602e-07,(8443.592573555234+0j)
-16.103976444217718,83.521703574995,0.1306774568764764,(-926063.2472475106+1662646.8266707882j),83.521703574995,0.1306774568764764,(-926063.2472475106-1662646.8266707882j),83.62881563556506,0.12357624769605352,(1850719.68816617+0j),83.65632259992637,7.14039670264055e-08,(1406.806328849753+0j)
-16.0685865325519,83.4965320598765,0.1306774568764764,(-926063.2472475106+1662646.8266707882j),83.4965320598765,0.1306774568764764,(-926063.2472475106-1662646.8266707882j),83.60156458687663,0.12357624769605352,(1850719.68816617+0j),83.65632200277778,7.14039670264055e-08,(1406.806328849753+0j)
-16.033196620886084,83.47159898361576,0.1306774568764764,(-926063.2472475106+1662646.8266707882j),83.47159898361576,0.1306774568764764,(-926063.2472475106-1662646.8266707882j),83.57457048077659,0.12357624769605352,(1850719.68816617+0j),83.65632139318902,7.14039670264055e-08,(1406.806328849753+0j)
-15.997806709220269,83.4469047345152,0.1306774568764764,(-926063.2472475106+1662646.8266707882j),83.4469047345152,0.1306774568764764,(-926063.2472475106-1662646.8266707882j),83.54783375984145,0.12357624769605352,(1850719.68816617+0j),83.6563207707672,7.14039670264055e-08,(1406.806328849753+0j)
-15.96241679755445,83.42244970149815,0.1306774568764764,(-926063.2472475106+1662646.8266707882j),83.42244970149815,0.1306774568764764,(-926063.2472475106-1662646.8266707882j),83.52135486739546,0.12357624769605352,(1850719.68816617+0j),83.6563201351028,7.14039670264055e-08,(1406.806328849753+0j)
-15.927026885888633,83.39823427410997,0.1306774568764764,(-926063.2472475106+1662646.8266707882j),83.39823427410997,0.1306774568764764,(-926063.2472475106-1662646.8266707882j),83.49513424751197,0.12357624769605352,(1850719.68816617+0j),83.65631948576863,7.14039670264055e-08,(1406.806328849753+0j)
-15.891636974222818,83.37425884251917,0.1306774568764764,(-926063.2472475106+1662646.8266707882j),83.37425884251917,0.1306774568764764,(-926063.2472475106-1662646.8266707882j),83.46917234501491,0.12357624769605352,(1850719.68816617+0j),83.65631882231897,7.14039670264055e-08,(1406.806328849753+0j)
-15.856247062557001,83.3505237975185,0.1306774568764764,(-926063.2472475106+1662646.8266707882j),83.3505237975185,0.1306774568764764,(-926063.2472475106-1662646.8266707882j),83.44346960548009,0.12357624769605352,(1850719.68816617+0j),83.65631814428848,7.14039670264055e-08,(1406.806328849753+0j)
-15.820857150891186,83.32702953052603,0.1306774568764764,(-926063.2472475106+1662646.8266707882j),83.32702953052603,0.1306774568764764,(-926063.2472475106-1662646.8266707882j),83.41802647523667,0.12357624769605352,(1850719.68816617+0j),83.65631745119116,7.14039670264055e-08,(1406.806328849753+0j)
-15.785467239225369,83.30377643358635,0.1306774568764764,(-926063.2472475106+1662646.8266707882j),83.30377643358635,0.1306774568764764,(-926063.2472475106-1662646.8266707882j),83.3928434013686,0.12357624769605352,(1850719.68816617+0j),83.65631674251915,7.14039670264055e-08,(1406.806328849753+0j)
-15.750077327559554,83.28076489937152,0.1306774568764764,(-926063.2472475106+1662646.8266707882j),83.28076489937152,0.1306774568764764,(-926063.2472475106-1662646.8266707882j),83.3679208317159,0.12357624769605352,(1850719.68816617+0j),83.6563160177415,7.14039670264055e-08,(1406.806328849753+0j)
-15.714687415893733,83.25799532118232,0.1306774568764764,(-926063.2472475106+1662646.8266707882j),83.25799532118232,0.1306774568764764,(-926063.2472475106-1662646.8266707882j),83.34325921487627,0.12357624769605352,(1850719.68816617+0j),83.65631527630288,7.14039670264055e-08,(1406.806328849753+0j)
-15.679297504227918,83.23546809294932,0.1306774568764764,(-926063.2472475106+1662646.8266707882j),83.23546809294932,0.1306774568764764,(-926063.2472475106-1662646.8266707882j),83.31885900020632,0.12357624769605352,(1850719.68816617+0j),83.65631451762212,7.14039670264055e-08,(1406.806328849753+0j)
-15.643907592562103,83.21318360923398,0.1306774568764764,(-926063.2472475106+1662646.8266707882j),83.21318360923398,0.1306774568764764,(-926063.2472475106-1662646.8266707882j),83.2947206378231,0.12357624769605352,(1850719.68816617+0j),83.65631374109067,7.14039670264055e-08,(1406.806328849753+0j)
-15.608517680896286,83.1911422652298,0.1306774568764764,(-926063.2472475106+1662646.8266707882j),83.1911422652298,0.1306774568764764,(-926063.2472475106-1662646.8266707882j),83.27084457860553,0.12357624769605352,(1850719.68816617+0j),83.65631294607104,7.14039670264055e-08,(1406.806328849753+0j)
-15.57312776923047,83.16934445676341,0.1306774568764764,(-926063.2472475106+1662646.8266707882j),83.16934445676341,0.1306774568764764,(-926063.2472475106-1662646.8266707882j),83.24723127419574,0.12357624769605352,(1850719.68816617+0j),83.65631213189502,7.14039670264055e-08,(1406.806328849753+0j)
-15.537737857564654,83.14779058029568,0.1306774568764764,(-926063.2472475106+1662646.8266707882j),83.14779058029568,0.1306774568764764,(-926063.2472475106-1662646.8266707882j),83.22388117700058,0.12357624769605352,(1850719.68816617+0j),83.65631129786178,7.14039670264055e-08,(1406.806328849753+0j)
-15.502347945898839,83.12648103292292,0.1306774568764764,(-926063.2472475106+1662646.8266707882j),83.12648103292292,0.1306774568764764,(-926063.2472475106-1662646.8266707882j),83.20079474019305,0.12357624769605352,(1850719.68816617+0j),83.65631044323588,7.14039670264055e-08,(1406.806328849753+0j)
-15.46695803423302,83.10541621237792,0.1306774568764764,(-926063.2472475106+1662646.8266707882j),83.10541621237792,0.1306774568764764,(-926063.2472475106-1662646.8266707882j),83.17797241771365,0.12357624769605352,(1850719.68816617+0j),83.65630956724515,7.14039670264055e-08,(1406.806328849753+0j)
-15.431568122567205,83.08459651703114,0.1306774568764764,(-926063.2472475106+1662646.8266707882j),83.08459651703114,0.1306774568764764,(-926063.2472475106-1662646.8266707882j),83.15541466427194,0.12357624769605352,(1850719.68816617+0j),83.6563086690783,7.14039670264055e-08,(1406.806328849753+0j)
-15.396178210901388,83.06402234589179,0.1306774568764764,(-926063.2472475106+1662646.8266707882j),83.06402234589179,0.1306774568764764,(-926063.2472475106-1662646.8266707882j),83.1331219353479,0.12357624769605352,(1850719.68816617+0j),83.65630774788241,7.14039670264055e-08,(1406.806328849753+0j)
-15.36078829923557,83.04369409860902,0.1306774568764764,(-926063.2472475106+1662646.8266707882j),83.04369409860902,0.1306774568764764,(-926063.2472475106-1662646.8266707882j),83.11109468719341,0.12357624769605352,(1850719.68816617+0j),83.6563068027603,7.14039670264055e-08,(1406.806328849753+0j)
-15.325398387569754,83.02361217547303,0.1306774568764764,(-926063.2472475106+1662646.8266707882j),83.02361217547303,0.1306774568764764,(-926063.2472475106-1662646.8266707882j),83.08933337683368,0.12357624769605352,(1850719.68816617+0j),83.65630583276754,7.14039670264055e-08,(1406.806328849753+0j)
-15.290008475903939,83.00377697741617,0.1306774568764764,(-926063.2472475106+1662646.8266707882j),83.00377697741617,0.1306774568764764,(-926063.2472475106-1662646.8266707882j),83.06783846206868,0.12357624769605352,(1850719.68816617+0j),83.65630483690936,7.14039670264055e-08,(1406.806328849753+0j)
-15.254618564238122,82.98418890601417,0.1306774568764764,(-926063.2472475106+1662646.8266707882j),82.98418890601417,0.1306774568764764,(-926063.2472475106-1662646.8266707882j),83.0466104014747,0.12357624769605352,(1850719.68816617+0j),83.65630381413719,7.14039670264055e-08,(1406.806328849753+0j)
-15.219228652572307,82.96484836348719,0.1306774568764764,(-926063.2472475106+1662646.8266707882j),82.96484836348719,0.1306774568764764,(-926063.2472475106-1662646.8266707882j),83.02564965440564,0.12357624769605352,(1850719.68816617+0j),83.65630276334502,7.14039670264055e-08,(1406.806328849753+0j)
-15.18383874090649,82.94575575270105,0.1306774568764764,(-926063.2472475106+1662646.8266707882j),82.94575575270105,0.1306774568764764,(-926063.2472475106-1662646.8266707882j),83.00495668099464,0.12357624769605352,(1850719.68816617+0j),83.65630168336543,7.14039670264055e-08,(1406.806328849753+0j)
-15.148448829240673,82.9269114771683,0.1306774568764764,(-926063.2472475106+1662646.8266707882j),82.9269114771683,0.1306774568764764,(-926063.2472475106-1662646.8266707882j),82.98453194215539,0.12357624769605352,(1850719.68816617+0j),83.65630057296515,7.14039670264055e-08,(1406.806328849753+0j)
-15.113058917574858,82.90831594104941,0.1306774568764764,(-926063.2472475106+1662646.8266707882j),82.90831594104941,0.1306774568764764,(-926063.2472475106-1662646.8266707882j),82.96437589958371,0.12357624769605352,(1850719.68816617+0j),83.65629943084053,7.14039670264055e-08,(1406.806328849753+0j)
-15.077669005909039,82.88996954915395,0.1306774568764764,(-926063.2472475106+1662646.8266707882j),82.88996954915395,0.1306774568764764,(-926063.2472475106-1662646.8266707882j),82.944489015759,0.12357624769605352,(1850719.68816617+0j),83.6562982556123,7.14039670264055e-08,(1406.806328849753+0j)
-15.042279094243224,82.87187270694163,0.1306774568764764,(-926063.2472475106+1662646.8266707882j),82.87187270694163,0.1306774568764764,(-926063.2472475106-1662646.8266707882j),82.92487175394565,0.12357624769605352,(1850719.68816617+0j),83.65629704582007,7.14039670264055e-08,(1406.806328849753+0j)
-15.006889182577407,82.85402582052366,0.1306774568764764,(-926063.2472475106+1662646.8266707882j),82.85402582052366,0.1306774568764764,(-926063.2472475106-1662646.8266707882j),82.90552457819459,0.12357624769605352,(1850719.68816617+0j),83.65629579991628,7.14039670264055e-08,(1406.806328849753+0j)
-14.971499270911591,82.83642929666368,0.1306774568764764,(-926063.2472475106+1662646.8266707882j),82.83642929666368,0.1306774568764764,(-926063.2472475106-1662646.8266707882j),82.8864479533447,0.12357624769605352,(1850719.68816617+0j),83.65629451625954,7.14039670264055e-08,(1406.806328849753+0j)
-14.936109359245775,82.8190835427791,0.1306774568764764,(-926063.2472475106+1662646.8266707882j),82.8190835427791,0.1306774568764764,(-926063.2472475106-1662646.8266707882j),82.8676423450244,0.12357624769605352,(1850719.68816617+0j),83.65629319310753,7.14039670264055e-08,(1406.806328849753+0j)
-14.900719447579958,82.80198896694215,0.1306774568764764,(-926063.2472475106+1662646.8266707882j),82.80198896694215,0.1306774568764764,(-926063.2472475106-1662646.8266707882j),82.84910821965296,0.12357624769605352,(1850719.68816617+0j),83.65629182860896,7.14039670264055e-08,(1406.806328849753+0j)
-14.86532953591414,82.78514597788113,0.1306774568764764,(-926063.2472475106+1662646.8266707882j),82.78514597788113,0.1306774568764764,(-926063.2472475106-1662646.8266707882j),82.8308460444422,0.12357624769605352,(1850719.68816617+0j),83.65629042079506,7.14039670264055e-08,(1406.806328849753+0j)
-14.829939624248325,82.7685549849815,0.1306774568764764,(-926063.2472475106+1662646.8266707882j),82.7685549849815,0.1306774568764764,(-926063.2472475106-1662646.8266707882j),82.81285628739779,0.12357624769605352,(1850719.68816617+0j),83.65628896757003,7.14039670264055e-08,(1406.806328849753+0j)
-14.794549712582507,82.7522163982871,0.1306774568764764,(-926063.2472475106+1662646.8266707882j),82.7522163982871,0.1306774568764764,(-926063.2472475106-1662646.8266707882j),82.79513941732091,0.12357624769605352,(1850719.68816617+0j),83.65628746670065,7.14039670264055e-08,(1406.806328849753+0j)
-14.759159800916692,82.73613062850133,0.1306774568764764,(-926063.2472475106+1662646.8266707882j),82.73613062850133,0.1306774568764764,(-926063.2472475106-1662646.8266707882j),82.77769590380962,0.12357624769605352,(1850719.68816617+0j),83.65628591580479,7.14039670264055e-08,(1406.806328849753+0j)
-14.723769889250875,82.7202980869883,0.1306774568764764,(-926063.2472475106+1662646.8266707882j),82.7202980869883,0.1306774568764764,(-926063.2472475106-1662646.8266707882j),82.76052621726036,0.12357624769605352,(1850719.68816617+0j),83.6562843123389,7.14039670264055e-08,(1406.806328849753+0j)
-14.68837997758506,82.70471918577401,0.1306774568764764,(-926063.2472475106+1662646.8266707882j),82.70471918577401,0.1306774568764764,(-926063.2472475106-1662646.8266707882j),82.74363082886963,0.12357624769605352,(1850719.68816617+0j),83.65628265358396,7.14039670264055e-08,(1406.806328849753+0j)
-14.652990065919244,82.68939433754754,0.1306774568764764,(-926063.2472475106+1662646.8266707882j),82.68939433754754,0.1306774568764764,(-926063.2472475106-1662646.8266707882j),82.72701021063524,0.12357624769605352,(1850719.68816617+0j),83.6562809366302,7.14039670264055e-08,(1406.806328849753+0j)
-14.617600154253426,82.67432395566223,0.1306774568764764,(-926063.2472475106+1662646.8266707882j),82.67432395566223,0.1306774568764764,(-926063.2472475106-1662646.8266707882j),82.71066483535805,0.12357624769605352,(1850719.68816617+0j),83.65627915835996,7.14039670264055e-08,(1406.806328849753+0j)
-14.58221024258761,82.65950845413687,0.1306774568764764,(-926063.2472475106+1662646.8266707882j),82.65950845413687,0.1306774568764764,(-926063.2472475106-1662646.8266707882j),82.6945951766433,0.12357624769605352,(1850719.68816617+0j),83.65627731542891,7.14039670264055e-08,(1406.806328849753+0j)
-14.546820330921793,82.64494824765688,0.1306774568764764,(-926063.2472475106+1662646.8266707882j),82.64494824765688,0.1306774568764764,(-926063.2472475106-1662646.8266707882j),82.67880170890227,0.12357624769605352,(1850719.68816617+0j),83.65627540424498,7.14039670264055e-08,(1406.806328849753+0j)
-14.511430419255976,82.63064375157549,0.1306774568764764,(-926063.2472475106+1662646.8266707882j),82.63064375157549,0.1306774568764764,(-926063.2472475106-1662646.8266707882j),82.66328490735374,0.12357624769605352,(1850719.68816617+0j),83.65627342094501,7.14039670264055e-08,(1406.806328849753+0j)
-14.47604050759016,82.61659538191496,0.1306774568764764,(-926063.2472475106+1662646.8266707882j),82.61659538191496,0.1306774568764764,(-926063.2472475106-1662646.8266707882j),82.64804524802547,0.12357624769605352,(1850719.68816617+0j),83.65627136136872,7.14039670264055e-08,(1406.806328849753+0j)
-14.440650595924344,82.60280355536776,0.1306774568764764,(-926063.2472475106+1662646.8266707882j),82.60280355536776,0.1306774568764764,(-926063.2472475106-1662646.8266707882j),82.63308320775583,0.12357624769605352,(1850719.68816617+0j),83.65626922102953,7.14039670264055e-08,(1406.806328849753+0j)
-14.405260684258527,82.58926868929774,0.1306774568764764,(-926063.2472475106+1662646.8266707882j),82.58926868929774,0.1306774568764764,(-926063.2472475106-1662646.8266707882j),82.61839926419522,0.12357624769605352,(1850719.68816617+0j),83.65626699508195,7.14039670264055e-08,(1406.806328849753+0j)
-14.369870772592712,82.57599120174136,0.1306774568764764,(-926063.2472475106+1662646.8266707882j),82.57599120174136,0.1306774568764764,(-926063.2472475106-1662646.8266707882j),82.60399389580769,0.12357624769605352,(1850719.68816617+0j),83.656264678285,7.14039670264055e-08,(1406.806328849753+0j)
-14.334480860926893,82.56297151140893,0.1306774568764764,(-926063.2472475106+1662646.8266707882j),82.56297151140893,0.1306774568764764,(-926063.2472475106-1662646.8266707882j),82.58986758187244,0.12357624769605352,(1850719.68816617+0j),83.6562622649609,7.14039670264055e-08,(1406.806328849753+0j)
-14.299090949261078,82.55021003768574,0.1306774568764764,(-926063.2472475106+1662646.8266707882j),82.55021003768574,0.1306774568764764,(-926063.2472475106-1662646.8266707882j),82.57602080248532,0.12357624769605352,(1850719.68816617+0j),83.65625974894878,7.14039670264055e-08,(1406.806328849753+0j)
-14.263701037595261,82.53770720063328,0.1306774568764764,(-926063.2472475106+1662646.8266707882j),82.53770720063328,0.1306774568764764,(-926063.2472475106-1662646.8266707882j),82.56245403856046,0.12357624769605352,(1850719.68816617+0j),83.65625712355201,7.14039670264055e-08,(1406.806328849753+0j)
-14.228311125929444,82.52546342099048,0.1306774568764764,(-926063.2472475106+1662646.8266707882j),82.52546342099048,0.1306774568764764,(-926063.2472475106-1662646.8266707882j),82.54916777183175,0.12357624769605352,(1850719.68816617+0j),83.6562543814788,7.14039670264055e-08,(1406.806328849753+0j)
-14.19292121426363,82.51347912017492,0.1306774568764764,(-926063.2472475106+1662646.8266707882j),82.51347912017492,0.1306774568764764,(-926063.2472475106-1662646.8266707882j),82.5361624848544,0.12357624769605352,(1850719.68816617+0j),83.65625151477448,7.14039670264055e-08,(1406.806328849753+0j)
-14.157531302597812,82.50175472028403,0.1306774568764764,(-926063.2472475106+1662646.8266707882j),82.50175472028403,0.1306774568764764,(-926063.2472475106-1662646.8266707882j),82.52343866100654,0.12357624769605352,(1850719.68816617+0j),83.65624851474445,7.14039670264055e-08,(1406.806328849753+0j)
-14.122141390931997,82.49029064409628,0.1306774568764764,(-926063.2472475106+1662646.8266707882j),82.49029064409628,0.1306774568764764,(-926063.2472475106-1662646.8266707882j),82.51099678449069,0.12357624769605352,(1850719.68816617+0j),83.65624537186616,7.14039670264055e-08,(1406.806328849753+0j)
-14.086751479266178,82.47908731507249,0.1306774568764764,(-926063.2472475106+1662646.8266707882j),82.47908731507249,0.1306774568764764,(-926063.2472475106-1662646.8266707882j),82.4988373403354,0.12357624769605352,(1850719.68816617+0j),83.65624207568803,7.14039670264055e-08,(1406.806328849753+0j)
-14.051361567600363,82.46814515735691,0.1306774568764764,(-926063.2472475106+1662646.8266707882j),82.46814515735691,0.1306774568764764,(-926063.2472475106-1662646.8266707882j),82.48696081439677,0.12357624769605352,(1850719.68816617+0j),83.65623861471346,7.14039670264055e-08,(1406.806328849753+0j)
-14.015971655934546,82.45746459577862,0.1306774568764764,(-926063.2472475106+1662646.8266707882j),82.45746459577862,0.1306774568764764,(-926063.2472475106-1662646.8266707882j),82.47536769336001,0.12357624769605352,(1850719.68816617+0j),83.65623497626679,7.14039670264055e-08,(1406.806328849753+0j)
-13.980581744268731,82.44704605585252,0.1306774568764764,(-926063.2472475106+1662646.8266707882j),82.44704605585252,0.1306774568764764,(-926063.2472475106-1662646.8266707882j),82.46405846474107,0.12357624769605352,(1850719.68816617+0j),83.65623114633817,7.14039670264055e-08,(1406.806328849753+0j)
-13.945191832602912,82.43688996378081,0.1306774568764764,(-926063.2472475106+1662646.8266707882j),82.43688996378081,0.1306774568764764,(-926063.2472475106-1662646.8266707882j),82.45303361688812,0.12357624769605352,(1850719.68816617+0j),83.65622710940333,7.14039670264055e-08,(1406.806328849753+0j)
-13.909801920937097,82.42699674645411,0.1306774568764764,(-926063.2472475106+1662646.8266707882j),82.42699674645411,0.1306774568764764,(-926063.2472475106-1662646.8266707882j),82.44229363898319,0.12357624769605352,(1850719.68816617+0j),83.65622284821319,7.14039670264055e-08,(1406.806328849753+0j)
-13.87441200927128,82.41736683145261,0.1306774568764764,(-926063.2472475106+1662646.8266707882j),82.41736683145261,0.1306774568764764,(-926063.2472475106-1662646.8266707882j),82.43183902104377,0.12357624769605352,(1850719.68816617+0j),83.65621834354752,7.14039670264055e-08,(1406.806328849753+0j)
-13.839022097605465,82.40800064704746,0.1306774568764764,(-926063.2472475106+1662646.8266707882j),82.40800064704746,0.1306774568764764,(-926063.2472475106-1662646.8266707882j),82.42167025392429,0.12357624769605352,(1850719.68816617+0j),83.65621357392509,7.14039670264055e-08,(1406.806328849753+0j)
-13.803632185939646,82.39889862220191,0.1306774568764764,(-926063.2472475106+1662646.8266707882j),82.39889862220191,0.1306774568764764,(-926063.2472475106-1662646.8266707882j),82.4117878293178,0.12357624769605352,(1850719.68816617+0j),83.65620851526114,7.14039670264055e-08,(1406.806328849753+0j)
-13.768242274273831,82.39006118657257,0.1306774568764764,(-926063.2472475106+1662646.8266707882j),82.39006118657257,0.1306774568764764,(-926063.2472475106-1662646.8266707882j),82.4021922397576,0.12357624769605352,(1850719.68816617+0j),83.6562031404606,7.14039670264055e-08,(1406.806328849753+0j)
-13.732852362608016,82.38148877051067,0.1306774568764764,(-926063.2472475106+1662646.8266707882j),82.38148877051067,0.1306774568764764,(-926063.2472475106-1662646.8266707882j),82.39288397861864,0.12357624769605352,(1850719.68816617+0j),83.65619741893259,7.14039670264055e-08,(1406.806328849753+0j)
-13.697462450942199,82.3731818050633,0.1306774568764764,(-926063.2472475106+1662646.8266707882j),82.3731818050633,0.1306774568764764,(-926063.2472475106-1662646.8266707882j),82.38386354011935,0.12357624769605352,(1850719.68816617+0j),83.65619131600785,7.14039670264055e-08,(1406.806328849753+0j)
-13.662072539276382,82.36514072197465,0.1306774568764764,(-926063.2472475106+1662646.8266707882j),82.36514072197465,0.1306774568764764,(-926063.2472475106-1662646.8266707882j),82.37513141932307,0.12357624769605352,(1850719.68816617+0j),83.65618479223568,7.14039670264055e-08,(1406.806328849753+0j)
-13.626682627610565,82.3573659536873,0.1306774568764764,(-926063.2472475106+1662646.8266707882j),82.3573659536873,0.1306774568764764,(-926063.2472475106-1662646.8266707882j),82.36668811213971,0.12357624769605352,(1850719.68816617+0j),83.65617780253015,7.14039670264055e-08,(1406.806328849753+0j)
-13.59129271594475,82.34985793334337,0.1306774568764764,(-926063.2472475106+1662646.8266707882j),82.34985793334337,0.1306774568764764,(-926063.2472475106-1662646.8266707882j),82.35853411532742,0.12357624769605352,(1850719.68816617+0j),83.65617029512667,7.14039670264055e-08,(1406.806328849753+0j)
-13.555902804278933,82.34261709478592,0.1306774568764764,(-926063.2472475106+1662646.8266707882j),82.34261709478592,0.1306774568764764,(-926063.2472475106-1662646.8266707882j),82.35066992649409,0.12357624769605352,(1850719.68816617+0j),83.65616221029785,7.14039670264055e-08,(1406.806328849753+0j)
-13.520512892613116,82.33564387256008,0.1306774568764764,(-926063.2472475106+1662646.8266707882j),82.33564387256008,0.1306774568764764,(-926063.2472475106-1662646.8266707882j),82.34309604409903,0.12357624769605352,(1850719.68816617+0j),83.656153478761,7.14039670264055e-08,(1406.806328849753+0j)
-13.485122980947299,82.32893870191442,0.1306774568764764,(-926063.2472475106+1662646.8266707882j),82.32893870191442,0.1306774568764764,(-926063.2472475106-1662646.8266707882j),82.33581296745456,0.12357624769605352,(1850719.68816617+0j),83.65614401968783,7.14039670264055e-08,(1406.806328849753+0j)
-13.449733069281484,82.32250201880211,0.1306774568764764,(-926063.2472475106+1662646.8266707882j),82.32250201880211,0.1306774568764764,(-926063.2472475106-1662646.8266707882j),82.32882119672765,0.12357624769605352,(1850719.68816617+0j),83.65613373819478,7.14039670264055e-08,(1406.806328849753+0j)
-13.414343157615667,82.31633425988228,0.1306774568764764,(-926063.2472475106+1662646.8266707882j),82.31633425988228,0.1306774568764764,(-926063.2472475106-1662646.8266707882j),82.32212123294154,0.12357624769605352,(1850719.68816617+0j),83.65612252214912,7.14039670264055e-08,(1406.806328849753+0j)
-13.37895324594985,82.3104358625212,0.1306774568764764,(-926063.2472475106+1662646.8266707882j),82.3104358625212,0.1306774568764764,(-926063.2472475106-1662646.8266707882j),82.31571357797735,0.12357624769605352,(1850719.68816617+0j),83.65611023806255,7.14039670264055e-08,(1406.806328849753+0j)
-13.343563334284033,82.30480726479365,0.1306774568764764,(-926063.2472475106+1662646.8266707882j),82.30480726479365,0.1306774568764764,(-926063.2472475106-1662646.8266707882j),82.30959873457576,0.12357624769605352,(1850719.68816617+0j),83.6560967257532,7.14039670264055e-08,(1406.806328849753+0j)
-13.308173422618218,82.29944890548408,0.1306774568764764,(-926063.2472475106+1662646.8266707882j),82.29944890548408,0.1306774568764764,(-926063.2472475106-1662646.8266707882j),82.30377720633854,0.12357624769605352,(1850719.68816617+0j),83.65608179132204,7.14039670264055e-08,(1406.806328849753+0j)
-13.2727835109524,82.29436122408804,0.1306774568764764,(-926063.2472475106+1662646.8266707882j),82.29436122408804,0.1306774568764764,(-926063.2472475106-1662646.8266707882j),82.2982494977303,0.12357624769605352,(1850719.68816617+0j),83.65606519778862,7.14039670264055e-08,(1406.806328849753+0j)
-13.237393599286584,82.28954466081325,0.1306774568764764,(-926063.2472475106+1662646.8266707882j),82.28954466081325,0.1306774568764764,(-926063.2472475106-1662646.8266707882j),82.29301611408007,0.12357624769605352,(1850719.68816617+0j),83.65604665242228,7.14039670264055e-08,(1406.806328849753+0j)
-13.202003687620769,82.28499965658109,0.1306774568764764,(-926063.2472475106+1662646.8266707882j),82.28499965658109,0.1306774568764764,(-926063.2472475106-1662646.8266707882j),82.28807756158302,0.12357624769605352,(1850719.68816617+0j),83.65602578932356,7.14039670264055e-08,(1406.806328849753+0j)
-13.166613775954952,82.28072665302776,0.1306774568764764,(-926063.2472475106+1662646.8266707882j),82.28072665302776,0.1306774568764764,(-926063.2472475106-1662646.8266707882j),82.28343434730193,0.12357624769605352,(1850719.68816617+0j),83.65600214503954,7.14039670264055e-08,(1406.806328849753+0j)
-13.131223864289137,82.2767260925056,0.1306774568764764,(-926063.2472475106+1662646.8266707882j),82.2767260925056,0.1306774568764764,(-926063.2472475106-1662646.8266707882j),82.2790869791691,0.12357624769605352,(1850719.68816617+0j),83.65597512373076,7.14039670264055e-08,(1406.806328849753+0j)
-13.095833952623318,82.2729984180844,0.1306774568764764,(-926063.2472475106+1662646.8266707882j),82.2729984180844,0.1306774568764764,(-926063.2472475106-1662646.8266707882j),82.27503596598771,0.12357624769605352,(1850719.68816617+0j),83.65594394626517,7.14039670264055e-08,(1406.806328849753+0j)
-13.060444040957503,82.26954407355267,0.1306774568764764,(-926063.2472475106+1662646.8266707882j),82.26954407355267,0.1306774568764764,(-926063.2472475106-1662646.8266707882j),82.2712818174338,0.12357624769605352,(1850719.68816617+0j),83.65590757386559,7.14039670264055e-08,(1406.806328849753+0j)
-13.025054129291686,82.26636350341887,0.1306774568764764,(-926063.2472475106+1662646.8266707882j),82.26636350341887,0.1306774568764764,(-926063.2472475106-1662646.8266707882j),82.26782504405763,0.12357624769605352,(1850719.68816617+0j),83.65586459012162,7.14039670264055e-08,(1406.806328849753+0j)
-12.98966421762587,82.26345715291289,0.1306774568764764,(-926063.2472475106+1662646.8266707882j),82.26345715291289,0.1306774568764764,(-926063.2472475106-1662646.8266707882j),82.26466615728557,0.12357624769605352,(1850719.68816617+0j),83.65581301223008,7.14039670264055e-08,(1406.806328849753+0j)
-12.954274305960052,82.26082546798715,0.1306774568764764,(-926063.2472475106+1662646.8266707882j),82.26082546798715,0.1306774568764764,(-926063.2472475106-1662646.8266707882j),82.26180566942166,0.12357624769605352,(1850719.68816617+0j),83.65574997643822,7.14039670264055e-08,(1406.806328849753+0j)
-12.918884394294237,82.258468895318,0.1306774568764764,(-926063.2472475106+1662646.8266707882j),82.258468895318,0.1306774568764764,(-926063.2472475106-1662646.8266707882j),82.25924409364929,0.12357624769605352,(1850719.68816617+0j),83.65567118765853,7.14039670264055e-08,(1406.806328849753+0j)
-12.88349448262842,82.25638788230705,0.1306774568764764,(-926063.2472475106+1662646.8266707882j),82.25638788230705,0.1306774568764764,(-926063.2472475106-1662646.8266707882j),82.25698194403289,0.12357624769605352,(1850719.68816617+0j),83.65556989752865,7.14039670264055e-08,(1406.806328849753+0j)
-12.848104570962604,82.25458287708241,0.1306774568764764,(-926063.2472475106+1662646.8266707882j),82.25458287708241,0.1306774568764764,(-926063.2472475106-1662646.8266707882j),82.25501973551962,0.12357624769605352,(1850719.68816617+0j),83.6554348610466,7.14039670264055e-08,(1406.806328849753+0j)
-12.812714659296788,82.25305432850006,0.1306774568764764,(-926063.2472475106+1662646.8266707882j),82.25305432850006,0.1306774568764764,(-926063.2472475106-1662646.8266707882j),82.25335798394109,0.12357624769605352,(1850719.68816617+0j),83.65524584265208,7.14039670264055e-08,(1406.806328849753+0j)
-12.77732474763097,82.25180268614508,0.1306774568764764,(-926063.2472475106+1662646.8266707882j),82.25180268614508,0.1306774568764764,(-926063.2472475106-1662646.8266707882j),82.25199720601493,0.12357624769605352,(1850719.68816617+0j),83.65496238652797,7.14039670264055e-08,(1406.806328849753+0j)
-12.741934835965155,82.25082840033306,0.1306774568764764,(-926063.2472475106+1662646.8266707882j),82.25082840033306,0.1306774568764764,(-926063.2472475106-1662646.8266707882j),82.2509379193466,0.12357624769605352,(1850719.68816617+0j),83.6544901501496,7.14039670264055e-08,(1406.806328849753+0j)
-12.706544924299338,82.25013192211141,0.1306774568764764,(-926063.2472475106+1662646.8266707882j),82.25013192211141,0.1306774568764764,(-926063.2472475106-1662646.8266707882j),82.25018064243103,0.12357624769605352,(1850719.68816617+0j),83.65354639117365,7.14039670264055e-08,(1406.806328849753+0j)
-12.671155012633522,82.24971370326058,0.1306774568764764,(-926063.2472475106+1662646.8266707882j),82.24971370326058,0.1306774568764764,(-926063.2472475106-1662646.8266707882j),82.24972589465435,0.12357624769605352,(1850719.68816617+0j),83.65072081299797,7.14039670264055e-08,(1406.806328849753+0j)
-12.635765100967705,82.24957419629553,0.1306774568764764,(-926063.2472475106+1662646.8266707882j),82.24957419629553,0.1306774568764764,(-926063.2472475106-1662646.8266707882j),82.24957419629553,0.12357624769605352,(1850719.68816617+0j),82.24957419629553,7.14039670264055e-08,(1406.806328849753+0j)
-12.635765100967705,83.26600231258654,0.05341243205050811,(-568459.2877313527+1075772.5765119542j),83.26600231258654,0.05341243205050811,(-568459.2877313527-1075772.5765119542j),82.24957419629553,0.046174266115482476,(1131287.9046816835+0j),82.24957419629553,1.1438629272063106e-06,(5630.670781021538+0j)
-12.60037518930189,83.3530510556127,0.05341243205050811,(-568459.2877313527+1075772.5765119542j),83.3530510556127,0.05341243205050811,(-568459.2877313527-1075772.5765119542j),82.35481229286694,0.046174266115482476,(1131287.9046816835+0j),82.24961167597762,1.1438629272063106e-06,(5630.670781021538+0j)
-12.56498527763607,83.4393770338108,0.05341243205050811,(-568459.2877313527+1075772.5765119542j),83.4393770338108,0.05341243205050811,(-568459.2877313527-1075772.5765119542j),82.45920500513601,0.046174266115482476,(1131287.9046816835+0j),82.24964992805056,1.1438629272063106e-06,(5630.670781021538+0j)
-12.529595365970255,83.52497734215883,0.05341243205050811,(-568459.2877313527+1075772.5765119542j),83.52497734215883,0.05341243205050811,(-568459.2877313527-1075772.5765119542j),82.56274838879992,0.046174266115482476,(1131287.9046816835+0j),82.24968897663936,1.1438629272063106e-06,(5630.670781021538+0j)
-12.494205454304439,83.60984906451363,0.05341243205050811,(-568459.2877313527+1075772.5765119542j),83.60984906451363,0.05341243205050811,(-568459.2877313527-1075772.5765119542j),82.66543848218227,0.046174266115482476,(1131287.9046816835+0j),82.24972884688431,1.1438629272063106e-06,(5630.670781021538+0j)
-12.458815542638623,83.69398927356418,0.05341243205050811,(-568459.2877313527+1075772.5765119542j),83.69398927356418,0.05341243205050811,(-568459.2877313527-1075772.5765119542j),82.76727130614934,0.046174266115482476,(1131287.9046816835+0j),82.24976956499495,1.1438629272063106e-06,(5630.670781021538+0j)
-12.423425630972805,83.77739503078466,0.05341243205050811,(-568459.2877313527+1075772.5765119542j),83.77739503078466,0.05341243205050811,(-568459.2877313527-1075772.5765119542j),82.86824286402565,0.046174266115482476,(1131287.9046816835+0j),82.24981115830755,1.1438629272063106e-06,(5630.670781021538+0j)
-12.38803571930699,83.86006338638705,0.05341243205050811,(-568459.2877313527+1075772.5765119542j),83.86006338638705,0.05341243205050811,(-568459.2877313527-1075772.5765119542j),82.96834914150902,0.046174266115482476,(1131287.9046816835+0j),82.24985365534627,1.1438629272063106e-06,(5630.670781021538+0j)
-12.352645807641172,83.94199137927389,0.05341243205050811,(-568459.2877313527+1075772.5765119542j),83.94199137927389,0.05341243205050811,(-568459.2877313527-1075772.5765119542j),83.06758610658547,0.046174266115482476,(1131287.9046816835+0j),82.2498970858884,1.1438629272063106e-06,(5630.670781021538+0j)
-12.317255895975356,84.02317603699038,0.05341243205050811,(-568459.2877313527+1075772.5765119542j),84.02317603699038,0.05341243205050811,(-568459.2877313527-1075772.5765119542j),83.16594970944323,0.046174266115482476,(1131287.9046816835+0j),82.249941481034,1.1438629272063106e-06,(5630.670781021538+0j)
-12.28186598430954,84.1036143756767,0.05341243205050811,(-568459.2877313527+1075772.5765119542j),84.1036143756767,0.05341243205050811,(-568459.2877313527-1075772.5765119542j),83.26343588238663,0.046174266115482476,(1131287.9046816835+0j),82.24998687328002,1.1438629272063106e-06,(5630.670781021538+0j)
-12.246476072643723,84.18330340001975,0.05341243205050811,(-568459.2877313527+1075772.5765119542j),84.18330340001975,0.05341243205050811,(-568459.2877313527-1075772.5765119542j),83.36004053974945,0.046174266115482476,(1131287.9046816835+0j),82.25003329659985,1.1438629272063106e-06,(5630.670781021538+0j)
-12.211086160977908,84.26224010320482,0.05341243205050811,(-568459.2877313527+1075772.5765119542j),84.26224010320482,0.05341243205050811,(-568459.2877313527-1075772.5765119542j),83.45575957780761,0.046174266115482476,(1131287.9046816835+0j),82.25008078652793,1.1438629272063106e-06,(5630.670781021538+0j)
-12.175696249312091,84.34042146686706,0.05341243205050811,(-568459.2877313527+1075772.5765119542j),84.34042146686706,0.05341243205050811,(-568459.2877313527-1075772.5765119542j),83.55058887469163,0.046174266115482476,(1131287.9046816835+0j),82.25012938025057,1.1438629272063106e-06,(5630.670781021538+0j)
-12.140306337646274,84.4178444610426,0.05341243205050811,(-568459.2877313527+1075772.5765119542j),84.4178444610426,0.05341243205050811,(-568459.2877313527-1075772.5765119542j),83.6445242902985,0.046174266115482476,(1131287.9046816835+0j),82.25017911670298,1.1438629272063106e-06,(5630.670781021538+0j)
-12.104916425980457,84.49450604411956,0.05341243205050811,(-568459.2877313527+1075772.5765119542j),84.49450604411956,0.05341243205050811,(-568459.2877313527-1075772.5765119542j),83.73756166620305,0.046174266115482476,(1131287.9046816835+0j),82.25023003667344,1.1438629272063106e-06,(5630.670781021538+0j)
-12.069526514314642,84.57040316278876,0.05341243205050811,(-568459.2877313527+1075772.5765119542j),84.57040316278876,0.05341243205050811,(-568459.2877313527-1075772.5765119542j),83.8296968255689,0.046174266115482476,(1131287.9046816835+0j),82.25028218291469,1.1438629272063106e-06,(5630.670781021538+0j)
-12.034136602648823,84.64553275199417,0.05341243205050811,(-568459.2877313527+1075772.5765119542j),84.64553275199417,0.05341243205050811,(-568459.2877313527-1075772.5765119542j),83.92092557305887,0.046174266115482476,(1131287.9046816835+0j),82.25033560026378,1.1438629272063106e-06,(5630.670781021538+0j)
-11.998746690983008,84.71989173488325,0.05341243205050811,(-568459.2877313527+1075772.5765119542j),84.71989173488325,0.05341243205050811,(-568459.2877313527-1075772.5765119542j),84.01124369474493,0.046174266115482476,(1131287.9046816835+0j),82.25039033577065,1.1438629272063106e-06,(5630.670781021538+0j)
-11.963356779317191,84.79347702275687,0.05341243205050811,(-568459.2877313527+1075772.5765119542j),84.79347702275687,0.05341243205050811,(-568459.2877313527-1075772.5765119542j),84.10064695801765,0.046174266115482476,(1131287.9046816835+0j),82.25044643883622,1.1438629272063106e-06,(5630.670781021538+0j)
-11.927966867651376,84.86628551501923,0.05341243205050811,(-568459.2877313527+1075772.5765119542j),84.86628551501923,0.05341243205050811,(-568459.2877313527-1075772.5765119542j),84.18913111149521,0.046174266115482476,(1131287.9046816835+0j),82.25050396136128,1.1438629272063106e-06,(5630.670781021538+0j)
-11.89257695598556,84.93831409912725,0.05341243205050811,(-568459.2877313527+1075772.5765119542j),84.93831409912725,0.05341243205050811,(-568459.2877313527-1075772.5765119542j),84.27669188493178,0.046174266115482476,(1131287.9046816835+0j),82.25056295790647,1.1438629272063106e-06,(5630.670781021538+0j)
-11.857187044319742,85.00955965053994,0.05341243205050811,(-568459.2877313527+1075772.5765119542j),85.00955965053994,0.05341243205050811,(-568459.2877313527-1075772.5765119542j),84.36332498912554,0.046174266115482476,(1131287.9046816835+0j),82.25062348586502,1.1438629272063106e-06,(5630.670781021538+0j)
-11.821797132653927,85.08001903266754,0.05341243205050811,(-568459.2877313527+1075772.5765119542j),85.08001903266754,0.05341243205050811,(-568459.2877313527-1075772.5765119542j),84.44902611582613,0.046174266115482476,(1131287.9046816835+0j),82.25068560564888,1.1438629272063106e-06,(5630.670781021538+0j)
-11.78640722098811,85.14968909682018,0.05341243205050811,(-568459.2877313527+1075772.5765119542j),85.14968909682018,0.05341243205050811,(-568459.2877313527-1075772.5765119542j),84.5337909376416,0.046174266115482476,(1131287.9046816835+0j),82.25074938088994,1.1438629272063106e-06,(5630.670781021538+0j)
-11.751017309322293,85.2185666821566,0.05341243205050811,(-568459.2877313527+1075772.5765119542j),85.2185666821566,0.05341243205050811,(-568459.2877313527-1075772.5765119542j),84.6176151079448,0.046174266115482476,(1131287.9046816835+0j),82.25081487865741,1.1438629272063106e-06,(5630.670781021538+0j)
-11.715627397656476,85.28664861563244,0.05341243205050811,(-568459.2877313527+1075772.5765119542j),85.28664861563244,0.05341243205050811,(-568459.2877313527-1075772.5765119542j),84.70049426077945,0.046174266115482476,(1131287.9046816835+0j),82.25088216969297,1.1438629272063106e-06,(5630.670781021538+0j)
-11.680237485990661,85.35393171194826,0.05341243205050811,(-568459.2877313527+1075772.5765119542j),85.35393171194826,0.05341243205050811,(-568459.2877313527-1075772.5765119542j),84.78242401076541,0.046174266115482476,(1131287.9046816835+0j),82.25095132866589,1.1438629272063106e-06,(5630.670781021538+0j)
-11.644847574324844,85.42041277349746,0.05341243205050811,(-568459.2877313527+1075772.5765119542j),85.42041277349746,0.05341243205050811,(-568459.2877313527-1075772.5765119542j),84.86339995300361,0.046174266115482476,(1131287.9046816835+0j),82.2510224344492,1.1438629272063106e-06,(5630.670781021538+0j)
-11.609457662659027,85.48608859031384,0.05341243205050811,(-568459.2877313527+1075772.5765119542j),85.48608859031384,0.05341243205050811,(-568459.2877313527-1075772.5765119542j),84.9434176629805,0.046174266115482476,(1131287.9046816835+0j),82.25109557041989,1.1438629272063106e-06,(5630.670781021538+0j)
-11.57406775099321,85.55095594001892,0.05341243205050811,(-568459.2877313527+1075772.5765119542j),85.55095594001892,0.05341243205050811,(-568459.2877313527-1075772.5765119542j),85.0224726964718,0.046174266115482476,(1131287.9046816835+0j),82.25117082478495,1.1438629272063106e-06,(5630.670781021538+0j)
-11.538677839327395,85.61501158776905,0.05341243205050811,(-568459.2877313527+1075772.5765119542j),85.61501158776905,0.05341243205050811,(-568459.2877313527-1075772.5765119542j),85.1005605894459,0.046174266115482476,(1131287.9046816835+0j),82.25124829093636,1.1438629272063106e-06,(5630.670781021538+0j)
-11.503287927661576,85.6782522862022,0.05341243205050811,(-568459.2877313527+1075772.5765119542j),85.6782522862022,0.05341243205050811,(-568459.2877313527-1075772.5765119542j),85.17767685796657,0.046174266115482476,(1131287.9046816835+0j),82.2513280678377,1.1438629272063106e-06,(5630.670781021538+0j)
-11.467898015995761,85.74067477538468,0.05341243205050811,(-568459.2877313527+1075772.5765119542j),85.74067477538468,0.05341243205050811,(-568459.2877313527-1075772.5765119542j),85.25381699809533,0.046174266115482476,(1131287.9046816835+0j),82.25141026044594,1.1438629272063106e-06,(5630.670781021538+0j)
-11.432508104329944,85.80227578275719,0.05341243205050811,(-568459.2877313527+1075772.5765119542j),85.80227578275719,0.05341243205050811,(-568459.2877313527-1075772.5765119542j),85.32897648579296,0.046174266115482476,(1131287.9046816835+0j),82.25149498017208,1.1438629272063106e-06,(5630.670781021538+0j)
-11.397118192664129,85.86305202308121,0.05341243205050811,(-568459.2877313527+1075772.5765119542j),85.86305202308121,0.05341243205050811,(-568459.2877313527-1075772.5765119542j),85.40315077682095,0.046174266115482476,(1131287.9046816835+0j),82.25158234538512,1.1438629272063106e-06,(5630.670781021538+0j)
-11.361728280998314,85.92300019838456,0.05341243205050811,(-568459.2877313527+1075772.5765119542j),85.92300019838456,0.05341243205050811,(-568459.2877313527-1075772.5765119542j),85.47633530664186,0.046174266115482476,(1131287.9046816835+0j),82.25167248196371,1.1438629272063106e-06,(5630.670781021538+0j)
-11.326338369332495,85.98211699790703,0.05341243205050811,(-568459.2877313527+1075772.5765119542j),85.98211699790703,0.05341243205050811,(-568459.2877313527-1075772.5765119542j),85.5485254903196,0.046174266115482476,(1131287.9046816835+0j),82.25176552390134,1.1438629272063106e-06,(5630.670781021538+0j)
-11.29094845766668,86.04039909804571,0.05341243205050811,(-568459.2877313527+1075772.5765119542j),86.04039909804571,0.05341243205050811,(-568459.2877313527-1075772.5765119542j),85.61971672241883,0.046174266115482476,(1131287.9046816835+0j),82.25186161397103,1.1438629272063106e-06,(5630.670781021538+0j)
-11.255558546000863,86.09784316229997,0.05341243205050811,(-568459.2877313527+1075772.5765119542j),86.09784316229997,0.05341243205050811,(-568459.2877313527-1075772.5765119542j),85.689904376904,0.046174266115482476,(1131287.9046816835+0j),82.2519609044563,1.1438629272063106e-06,(5630.670781021538+0j)
-11.220168634335046,86.15444584121619,0.05341243205050811,(-568459.2877313527+1075772.5765119542j),86.15444584121619,0.05341243205050811,(-568459.2877313527-1075772.5765119542j),85.75908380703774,0.046174266115482476,(1131287.9046816835+0j),82.25206355795646,1.1438629272063106e-06,(5630.670781021538+0j)
-11.184778722669229,86.2102037723323,0.05341243205050811,(-568459.2877313527+1075772.5765119542j),86.2102037723323,0.05341243205050811,(-568459.2877313527-1075772.5765119542j),85.8272503452787,0.046174266115482476,(1131287.9046816835+0j),82.25216974827522,1.1438629272063106e-06,(5630.670781021538+0j)
-11.149388811003414,86.26511358012202,0.05341243205050811,(-568459.2877313527+1075772.5765119542j),86.26511358012202,0.05341243205050811,(-568459.2877313527-1075772.5765119542j),85.8943993031789,0.046174266115482476,(1131287.9046816835+0j),82.25227966140267,1.1438629272063106e-06,(5630.670781021538+0j)
-11.113998899337597,86.31917187593875,0.05341243205050811,(-568459.2877313527+1075772.5765119542j),86.31917187593875,0.05341243205050811,(-568459.2877313527-1075772.5765119542j),85.96052597128033,0.046174266115482476,(1131287.9046816835+0j),82.25239349660244,1.1438629272063106e-06,(5630.670781021538+0j)
-11.07860898767178,86.37237525795932,0.05341243205050811,(-568459.2877313527+1075772.5765119542j),86.37237525795932,0.05341243205050811,(-568459.2877313527-1075772.5765119542j),86.02562561901122,0.046174266115482476,(1131287.9046816835+0j),82.25251146761724,1.1438629272063106e-06,(5630.670781021538+0j)
-11.043219076005963,86.42472031112736,0.05341243205050811,(-568459.2877313527+1075772.5765119542j),86.42472031112736,0.05341243205050811,(-568459.2877313527-1075772.5765119542j),86.08969349458151,0.046174266115482476,(1131287.9046816835+0j),82.25263380400837,1.1438629272063106e-06,(5630.670781021538+0j)
-11.007829164340148,86.4762036070965,0.05341243205050811,(-568459.2877313527+1075772.5765119542j),86.4762036070965,0.05341243205050811,(-568459.2877313527-1075772.5765119542j),86.15272482487792,0.046174266115482476,(1131287.9046816835+0j),82.25276075264671,1.1438629272063106e-06,(5630.670781021538+0j)
-10.97243925267433,86.5268217041732,0.05341243205050811,(-568459.2877313527+1075772.5765119542j),86.5268217041732,0.05341243205050811,(-568459.2877313527-1075772.5765119542j),86.21471481535828,0.046174266115482476,(1131287.9046816835+0j),82.25289257937547,1.1438629272063106e-06,(5630.670781021538+0j)
-10.937049341008514,86.57657114725934,0.05341243205050811,(-568459.2877313527+1075772.5765119542j),86.57657114725934,0.05341243205050811,(-568459.2877313527-1075772.5765119542j),86.27565864994538,0.046174266115482476,(1131287.9046816835+0j),82.25302957086852,1.1438629272063106e-06,(5630.670781021538+0j)
-10.901659429342699,86.62544846779454,0.05341243205050811,(-568459.2877313527+1075772.5765119542j),86.62544846779454,0.05341243205050811,(-568459.2877313527-1075772.5765119542j),86.33555149092027,0.046174266115482476,(1131287.9046816835+0j),82.25317203671139,1.1438629272063106e-06,(5630.670781021538+0j)
-10.866269517676882,86.67345018369822,0.05341243205050811,(-568459.2877313527+1075772.5765119542j),86.67345018369822,0.05341243205050811,(-568459.2877313527-1075772.5765119542j),86.3943884788147,0.046174266115482476,(1131287.9046816835+0j),82.25332031173693,1.1438629272063106e-06,(5630.670781021538+0j)
-10.830879606011067,86.72057279931136,0.05341243205050811,(-568459.2877313527+1075772.5765119542j),86.72057279931136,0.05341243205050811,(-568459.2877313527-1075772.5765119542j),86.45216473230343,0.046174266115482476,(1131287.9046816835+0j),82.25347475865253,1.1438629272063106e-06,(5630.670781021538+0j)
-10.795489694345248,86.76681280533792,0.05341243205050811,(-568459.2877313527+1075772.5765119542j),86.76681280533792,0.05341243205050811,(-568459.2877313527-1075772.5765119542j),86.50887534809539,0.046174266115482476,(1131287.9046816835+0j),82.2536357710025,1.1438629272063106e-06,(5630.670781021538+0j)
-10.760099782679433,86.81216667878608,0.05341243205050811,(-568459.2877313527+1075772.5765119542j),86.81216667878608,0.05341243205050811,(-568459.2877313527-1075772.5765119542j),86.56451540082469,0.046174266115482476,(1131287.9046816835+0j),82.25380377651629,1.1438629272063106e-06,(5630.670781021538+0j)
-10.724709871013616,86.85663088290917,0.05341243205050811,(-568459.2877313527+1075772.5765119542j),86.85663088290917,0.05341243205050811,(-568459.2877313527-1075772.5765119542j),86.61907994294076,0.046174266115482476,(1131287.9046816835+0j),82.25397924090286,1.1438629272063106e-06,(5630.670781021538+0j)
-10.689319959347799,86.90020186714622,0.05341243205050811,(-568459.2877313527+1075772.5765119542j),86.90020186714622,0.05341243205050811,(-568459.2877313527-1075772.5765119542j),86.67256400459802,0.046174266115482476,(1131287.9046816835+0j),82.25416267216171,1.1438629272063106e-06,(5630.670781021538+0j)
-10.653930047681982,86.94287606706237,0.05341243205050811,(-568459.2877313527+1075772.5765119542j),86.94287606706237,0.05341243205050811,(-568459.2877313527-1075772.5765119542j),86.72496259354476,0.046174266115482476,(1131287.9046816835+0j),82.25435462549481,1.1438629272063106e-06,(5630.670781021538+0j)
-10.618540136016167,86.98464990428884,0.05341243205050811,(-568459.2877313527+1075772.5765119542j),86.98464990428884,0.05341243205050811,(-568459.2877313527-1075772.5765119542j),86.77627069501163,0.046174266115482476,(1131287.9046816835+0j),82.25455570891958,1.1438629272063106e-06,(5630.670781021538+0j)
-10.58315022435035,87.02551978646277,0.05341243205050811,(-568459.2877313527+1075772.5765119542j),87.02551978646277,0.05341243205050811,(-568459.2877313527-1075772.5765119542j),86.82648327159929,0.046174266115482476,(1131287.9046816835+0j),82.25476658970203,1.1438629272063106e-06,(5630.670781021538+0j)
-10.547760312684535,87.06548210716655,0.05341243205050811,(-568459.2877313527+1075772.5765119542j),87.06548210716655,0.05341243205050811,(-568459.2877313527-1075772.5765119542j),86.87559526316558,0.046174266115482476,(1131287.9046816835+0j),82.254988001754,1.1438629272063106e-06,(5630.670781021538+0j)
-10.512370401018716,87.10453324586713,0.05341243205050811,(-568459.2877313527+1075772.5765119542j),87.10453324586713,0.05341243205050811,(-568459.2877313527-1075772.5765119542j),86.923601586712,0.046174266115482476,(1131287.9046816835+0j),82.25522075416677,1.1438629272063106e-06,(5630.670781021538+0j)
-10.4769804893529,87.14266956785482,0.05341243205050811,(-568459.2877313527+1075772.5765119542j),87.14266956785482,0.05341243205050811,(-568459.2877313527-1075772.5765119542j),86.97049713626951,0.046174266115482476,(1131287.9046816835+0j),82.25546574109056,1.1438629272063106e-06,(5630.670781021538+0j)
-10.441590577687084,87.17988742418187,0.05341243205050811,(-568459.2877313527+1075772.5765119542j),87.17988742418187,0.05341243205050811,(-568459.2877313527-1075772.5765119542j),87.01627678278382,0.046174266115482476,(1131287.9046816835+0j),82.2557239532139,1.1438629272063106e-06,(5630.670781021538+0j)
-10.406200666021267,87.21618315160069,0.05341243205050811,(-568459.2877313527+1075772.5765119542j),87.21618315160069,0.05341243205050811,(-568459.2877313527-1075772.5765119542j),87.06093537399984,0.046174266115482476,(1131287.9046816835+0j),82.25599649115364,1.1438629272063106e-06,(5630.670781021538+0j)
-10.370810754355452,87.25155307250195,0.05341243205050811,(-568459.2877313527+1075772.5765119542j),87.25155307250195,0.05341243205050811,(-568459.2877313527-1075772.5765119542j),87.10446773434568,0.046174266115482476,(1131287.9046816835+0j),82.2562845811373,1.1438629272063106e-06,(5630.670781021538+0j)
-10.335420842689635,87.28599349485212,0.05341243205050811,(-568459.2877313527+1075772.5765119542j),87.28599349485212,0.05341243205050811,(-568459.2877313527-1075772.5765119542j),87.14686866481586,0.046174266115482476,(1131287.9046816835+0j),82.25658959344888,1.1438629272063106e-06,(5630.670781021538+0j)
-10.30003093102382,87.31950071213092,0.05341243205050811,(-568459.2877313527+1075772.5765119542j),87.31950071213092,0.05341243205050811,(-568459.2877313527-1075772.5765119542j),87.188132942854,0.046174266115482476,(1131287.9046816835+0j),82.25691306422361,1.1438629272063106e-06,(5630.670781021538+0j)
-10.264641019358,87.35207100326832,0.05341243205050811,(-568459.2877313527+1075772.5765119542j),87.35207100326832,0.05341243205050811,(-568459.2877313527-1075772.5765119542j),87.2282553222346,0.046174266115482476,(1131287.9046816835+0j),82.25725672132286,1.1438629272063106e-06,(5630.670781021538+0j)
-10.229251107692185,87.38370063258138,0.05341243205050811,(-568459.2877313527+1075772.5765119542j),87.38370063258138,0.05341243205050811,(-568459.2877313527-1075772.5765119542j),87.26723053294452,0.046174266115482476,(1131287.9046816835+0j),82.25762251520942,1.1438629272063106e-06,(5630.670781021538+0j)
-10.193861196026369,87.4143858497106,0.05341243205050811,(-568459.2877313527+1075772.5765119542j),87.4143858497106,0.05341243205050811,(-568459.2877313527-1075772.5765119542j),87.30505328106341,0.046174266115482476,(1131287.9046816835+0j),82.25801265598788,1.1438629272063106e-06,(5630.670781021538+0j)
-10.158471284360553,87.4441228895561,0.05341243205050811,(-568459.2877313527+1075772.5765119542j),87.4441228895561,0.05341243205050811,(-568459.2877313527-1075772.5765119542j),87.34171824864374,0.046174266115482476,(1131287.9046816835+0j),82.25842965809558,1.1438629272063106e-06,(5630.670781021538+0j)
-10.123081372694735,87.47290797221343,0.05341243205050811,(-568459.2877313527+1075772.5765119542j),87.47290797221343,0.05341243205050811,(-568459.2877313527-1075772.5765119542j),87.37722009359005,0.046174266115482476,(1131287.9046816835+0j),82.25887639455374,1.1438629272063106e-06,(5630.670781021538+0j)
-10.08769146102892,87.5007373029091,0.05341243205050811,(-568459.2877313527+1075772.5765119542j),87.5007373029091,0.05341243205050811,(-568459.2877313527-1075772.5765119542j),87.4115534495375,0.046174266115482476,(1131287.9046816835+0j),82.25935616325273,1.1438629272063106e-06,(5630.670781021538+0j)
-10.052301549363102,87.52760707193575,0.05341243205050811,(-568459.2877313527+1075772.5765119542j),87.52760707193575,0.05341243205050811,(-568459.2877313527-1075772.5765119542j),87.44471292572973,0.046174266115482476,(1131287.9046816835+0j),82.25987276850539,1.1438629272063106e-06,(5630.670781021538+0j)
-10.016911637697287,87.55351345458702,0.05341243205050811,(-568459.2877313527+1075772.5765119542j),87.55351345458702,0.05341243205050811,(-568459.2877313527-1075772.5765119542j),87.47669310689622,0.046174266115482476,(1131287.9046816835+0j),82.26043062213536,1.1438629272063106e-06,(5630.670781021538+0j)
-9.981521726031469,87.57845261109213,0.05341243205050811,(-568459.2877313527+1075772.5765119542j),87.57845261109213,0.05341243205050811,(-568459.2877313527-1075772.5765119542j),87.50748855312854,0.046174266115482476,(1131287.9046816835+0j),82.2610348697862,1.1438629272063106e-06,(5630.670781021538+0j)
-9.946131814365653,87.60242068655008,0.05341243205050811,(-568459.2877313527+1075772.5765119542j),87.60242068655008,0.05341243205050811,(-568459.2877313527-1075772.5765119542j),87.53709379975636,0.046174266115482476,(1131287.9046816835+0j),82.26169155011165,1.1438629272063106e-06,(5630.670781021538+0j)
-9.910741902699838,87.62541381086355,0.05341243205050811,(-568459.2877313527+1075772.5765119542j),87.62541381086355,0.05341243205050811,(-568459.2877313527-1075772.5765119542j),87.56550335722247,0.046174266115482476,(1131287.9046816835+0j),82.26240779728539,1.1438629272063106e-06,(5630.670781021538+0j)
-9.87535199103402,87.64742809867259,0.05341243205050811,(-568459.2877313527+1075772.5765119542j),87.64742809867259,0.05341243205050811,(-568459.2877313527-1075772.5765119542j),87.59271171095715,0.046174266115482476,(1131287.9046816835+0j),82.26319210123769,1.1438629272063106e-06,(5630.670781021538+0j)
-9.839962079368204,87.66845964928774,0.05341243205050811,(-568459.2877313527+1075772.5765119542j),87.66845964928774,0.05341243205050811,(-568459.2877313527-1075772.5765119542j),87.61871332125187,0.046174266115482476,(1131287.9046816835+0j),82.26405464577367,1.1438629272063106e-06,(5630.670781021538+0j)
-9.804572167702387,87.68850454662307,0.05341243205050811,(-568459.2877313527+1075772.5765119542j),87.68850454662307,0.05341243205050811,(-568459.2877313527-1075772.5765119542j),87.64350262313235,0.046174266115482476,(1131287.9046816835+0j),82.26500775319347,1.1438629272063106e-06,(5630.670781021538+0j)
-9.769182256036572,87.70755885912867,0.05341243205050811,(-568459.2877313527+1075772.5765119542j),87.70755885912867,0.05341243205050811,(-568459.2877313527-1075772.5765119542j),87.6670740262306,0.046174266115482476,(1131287.9046816835+0j),82.2660664767205,1.1438629272063106e-06,(5630.670781021538+0j)
-9.733792344370753,87.72561863972305,0.05341243205050811,(-568459.2877313527+1075772.5765119542j),87.72561863972305,0.05341243205050811,(-568459.2877313527-1075772.5765119542j),87.68942191465659,0.046174266115482476,(1131287.9046816835+0j),82.26724940142621,1.1438629272063106e-06,(5630.670781021538+0j)
-9.698402432704938,87.74267992572499,0.05341243205050811,(-568459.2877313527+1075772.5765119542j),87.74267992572499,0.05341243205050811,(-568459.2877313527-1075772.5765119542j),87.71054064686899,0.046174266115482476,(1131287.9046816835+0j),82.26857974459237,1.1438629272063106e-06,(5630.670781021538+0j)
-9.663012521039121,87.75873873878514,0.05341243205050811,(-568459.2877313527+1075772.5765119542j),87.75873873878514,0.05341243205050811,(-568459.2877313527-1075772.5765119542j),87.73042455554523,0.046174266115482476,(1131287.9046816835+0j),82.2700868947972,1.1438629272063106e-06,(5630.670781021538+0j)
-9.627622609373306,87.77379108481736,0.05341243205050811,(-568459.2877313527+1075772.5765119542j),87.77379108481736,0.05341243205050811,(-568459.2877313527-1075772.5765119542j),87.74906794745073,0.046174266115482476,(1131287.9046816835+0j),82.2718086083286,1.1438629272063106e-06,(5630.670781021538+0j)
-9.592232697707487,87.78783295392957,0.05341243205050811,(-568459.2877313527+1075772.5765119542j),87.78783295392957,0.05341243205050811,(-568459.2877313527-1075772.5765119542j),87.76646510330755,0.046174266115482476,(1131287.9046816835+0j),82.27379421555064,1.1438629272063106e-06,(5630.670781021538+0j)
-9.556842786041672,87.8008603203543,0.05341243205050811,(-568459.2877313527+1075772.5765119542j),87.8008603203543,0.05341243205050811,(-568459.2877313527-1075772.5765119542j),87.78261027766219,0.046174266115482476,(1131287.9046816835+0j),82.27610942398569,1.1438629272063106e-06,(5630.670781021538+0j)
-9.521452874375855,87.81286914237909,0.05341243205050811,(-568459.2877313527+1075772.5765119542j),87.81286914237909,0.05341243205050811,(-568459.2877313527-1075772.5765119542j),87.79749769875261,0.046174266115482476,(1131287.9046816835+0j),82.2788437297317,1.1438629272063106e-06,(5630.670781021538+0j)
-9.48606296271004,87.82385536227616,0.05341243205050811,(-568459.2877313527+1075772.5765119542j),87.82385536227616,0.05341243205050811,(-568459.2877313527-1075772.5765119542j),87.81112156837452,0.046174266115482476,(1131287.9046816835+0j),82.28212225421018,1.1438629272063106e-06,(5630.670781021538+0j)
-9.450673051044223,87.83381490623219,0.05341243205050811,(-568459.2877313527+1075772.5765119542j),87.83381490623219,0.05341243205050811,(-568459.2877313527-1075772.5765119542j),87.82347606174694,0.046174266115482476,(1131287.9046816835+0j),82.28612542966117,1.1438629272063106e-06,(5630.670781021538+0j)
-9.415283139378406,87.84274368427734,0.05341243205050811,(-568459.2877313527+1075772.5765119542j),87.84274368427734,0.05341243205050811,(-568459.2877313527-1075772.5765119542j),87.83455532737699,0.046174266115482476,(1131287.9046816835+0j),82.29112335950707,1.1438629272063106e-06,(5630.670781021538+0j)
-9.379893227712591,87.85063759021418,0.05341243205050811,(-568459.2877313527+1075772.5765119542j),87.85063759021418,0.05341243205050811,(-568459.2877313527-1075772.5765119542j),87.84435348692382,0.046174266115482476,(1131287.9046816835+0j),82.29753942707669,1.1438629272063106e-06,(5630.670781021538+0j)
-9.344503316046774,87.85749250154616,0.05341243205050811,(-568459.2877313527+1075772.5765119542j),87.85749250154616,0.05341243205050811,(-568459.2877313527-1075772.5765119542j),87.85286463506185,0.046174266115482476,(1131287.9046816835+0j),82.30607700093302,1.1438629272063106e-06,(5630.670781021538+0j)
-9.309113404380957,87.86330427940584,0.05341243205050811,(-568459.2877313527+1075772.5765119542j),87.86330427940584,0.05341243205050811,(-568459.2877313527-1075772.5765119542j),87.86008283934318,0.046174266115482476,(1131287.9046816835+0j),82.31799671905915,1.1438629272063106e-06,(5630.670781021538+0j)
-9.27372349271514,87.8680687684825,0.05341243205050811,(-568459.2877313527+1075772.5765119542j),87.8680687684825,0.05341243205050811,(-568459.2877313527-1075772.5765119542j),87.86600214005924,0.046174266115482476,(1131287.9046816835+0j),82.33580468899903,1.1438629272063106e-06,(5630.670781021538+0j)
-9.238333581049325,87.87178179694975,0.05341243205050811,(-568459.2877313527+1075772.5765119542j),87.87178179694975,0.05341243205050811,(-568459.2877313527-1075772.5765119542j),87.8706165501016,0.046174266115482476,(1131287.9046816835+0j),82.36529504176568,1.1438629272063106e-06,(5630.670781021538+0j)
-9.202943669383508,87.87443917639247,0.05341243205050811,(-568459.2877313527+1075772.5765119542j),87.87443917639247,0.05341243205050811,(-568459.2877313527-1075772.5765119542j),87.8739200548221,0.046174266115482476,(1131287.9046816835+0j),82.42357378682723,1.1438629272063106e-06,(5630.670781021538+0j)
-9.167553757717691,87.87603670173357,0.05341243205050811,(-568459.2877313527+1075772.5765119542j),87.87603670173357,0.05341243205050811,(-568459.2877313527-1075772.5765119542j),87.87590661189198,0.046174266115482476,(1131287.9046816835+0j),82.59296928407437,1.1438629272063106e-06,(5630.670781021538+0j)
-9.132163846051874,84.79434852226933,0.035400868987236274,(-408987.2237390118+816712.4503846805j),84.79434852226933,0.035400868987236274,(-408987.2237390118-816712.4503846805j),87.87657015116032,0.02761262474063363,(806687.5320947544+0j),87.87657015116034,5.405645231390576e-06,(11286.915383269876+0j)
-9.132163846051874,87.87657015116034,0.05341243205050811,(-568459.2877313527+1075772.5765119542j),87.87657015116034,0.05341243205050811,(-568459.2877313527-1075772.5765119542j),87.87657015116034,0.046174266115482476,(1131287.9046816835+0j),87.87657015116034,1.1438629272063106e-06,(5630.670781021538+0j)
-9.0948078281824,84.64541904072209,0.035400868987236274,(-408987.2237390118+816712.4503846805j),84.64541904072209,0.035400868987236274,(-408987.2237390118-816712.4503846805j),87.67672600819158,0.02761262474063363,(806687.5320947544+0j),87.87623494016775,5.405645231390576e-06,(11286.915383269876+0j)
-9.057451810312928,84.49757798985382,0.035400868987236274,(-408987.2237390118+816712.4503846805j),84.49757798985382,0.035400868987236274,(-408987.2237390118-816712.4503846805j),87.47820060730815,0.02761262474063363,(806687.5320947544+0j),87.87589283305132,5.405645231390576e-06,(11286.915383269876+0j)
-9.020095792443456,84.3508324504134,0.035400868987236274,(-408987.2237390118+816712.4503846805j),84.3508324504134,0.035400868987236274,(-408987.2237390118-816712.4503846805j),87.28100514723828,0.02761262474063363,(806687.5320947544+0j),87.87554361479383,5.405645231390576e-06,(11286.915383269876+0j)
-8.982739774573982,84.20518954548984,0.035400868987236274,(-408987.2237390118+816712.4503846805j),84.20518954548984,0.035400868987236274,(-408987.2237390118-816712.4503846805j),87.08515091143192,0.02761262474063363,(806687.5320947544+0j),87.87518706134537,5.405645231390576e-06,(11286.915383269876+0j)
-8.94538375670451,84.06065644078839,0.035400868987236274,(-408987.2237390118+816712.4503846805j),84.06065644078839,0.035400868987236274,(-408987.2237390118-816712.4503846805j),86.89064926875575,0.02761262474063363,(806687.5320947544+0j),87.87482293914394,5.405645231390576e-06,(11286.915383269876+0j)
-8.908027738835036,83.91724034490866,0.035400868987236274,(-408987.2237390118+816712.4503846805j),83.91724034490866,0.035400868987236274,(-408987.2237390118-816712.4503846805j),86.69751167419415,0.02761262474063363,(806687.5320947544+0j),87.87445100460536,5.405645231390576e-06,(11286.915383269876+0j)
-8.870671720965564,83.77494850962492,0.035400868987236274,(-408987.2237390118+816712.4503846805j),83.77494850962492,0.035400868987236274,(-408987.2237390118-816712.4503846805j),86.50574966955698,0.02761262474063363,(806687.5320947544+0j),87.87407100357973,5.405645231390576e-06,(11286.915383269876+0j)
-8.833315703096092,83.63378823016825,0.035400868987236274,(-408987.2237390118+816712.4503846805j),83.63378823016825,0.035400868987236274,(-408987.2237390118-816712.4503846805j),86.31537488419355,0.02761262474063363,(806687.5320947544+0j),87.87368267077235,5.405645231390576e-06,(11286.915383269876+0j)
-8.795959685226618,83.49376684551088,0.035400868987236274,(-408987.2237390118+816712.4503846805j),83.49376684551088,0.035400868987236274,(-408987.2237390118-816712.4503846805j),86.12639903571328,0.02761262474063363,(806687.5320947544+0j),87.87328572912608,5.405645231390576e-06,(11286.915383269876+0j)
-8.758603667357146,83.3548917386525,0.035400868987236274,(-408987.2237390118+816712.4503846805j),83.3548917386525,0.035400868987236274,(-408987.2237390118-816712.4503846805j),85.93883393071292,0.02761262474063363,(806687.5320947544+0j),87.8728798891621,5.405645231390576e-06,(11286.915383269876+0j)
-8.721247649487673,83.21717033690885,0.035400868987236274,(-408987.2237390118+816712.4503846805j),83.21717033690885,0.035400868987236274,(-408987.2237390118-816712.4503846805j),85.75269146551058,0.02761262474063363,(806687.5320947544+0j),87.8724648482759,5.405645231390576e-06,(11286.915383269876+0j)
-8.683891631618202,83.08061011220222,0.035400868987236274,(-408987.2237390118+816712.4503846805j),83.08061011220222,0.035400868987236274,(-408987.2237390118-816712.4503846805j),85.56798362688635,0.02761262474063363,(806687.5320947544+0j),87.87204028998471,5.405645231390576e-06,(11286.915383269876+0j)
-8.646535613748728,82.94521858135418,0.035400868987236274,(-408987.2237390118+816712.4503846805j),82.94521858135418,0.035400868987236274,(-408987.2237390118-816712.4503846805j),85.38472249282977,0.02761262474063363,(806687.5320947544+0j),87.87160588312283,5.405645231390576e-06,(11286.915383269876+0j)
-8.609179595879256,82.8110033063805,0.035400868987236274,(-408987.2237390118+816712.4503846805j),82.8110033063805,0.035400868987236274,(-408987.2237390118-816712.4503846805j),85.20292023329439,0.02761262474063363,(806687.5320947544+0j),87.87116128097999,5.405645231390576e-06,(11286.915383269876+0j)
-8.571823578009782,82.6779718947881,0.035400868987236274,(-408987.2237390118+816712.4503846805j),82.6779718947881,0.035400868987236274,(-408987.2237390118-816712.4503846805j),85.02258911095902,0.02761262474063363,(806687.5320947544+0j),87.87070612037856,5.405645231390576e-06,(11286.915383269876+0j)
-8.53446756014031,82.54613199987438,0.035400868987236274,(-408987.2237390118+816712.4503846805j),82.54613199987438,0.035400868987236274,(-408987.2237390118-816712.4503846805j),84.8437414819962,0.02761262474063363,(806687.5320947544+0j),87.87024002068407,5.405645231390576e-06,(11286.915383269876+0j)
-8.497111542270838,82.41549132102845,0.035400868987236274,(-408987.2237390118+816712.4503846805j),82.41549132102845,0.035400868987236274,(-408987.2237390118-816712.4503846805j),84.66638979684772,0.02761262474063363,(806687.5320947544+0j),87.86976258274358,5.405645231390576e-06,(11286.915383269876+0j)
-8.459755524401364,82.28605760403505,0.035400868987236274,(-408987.2237390118+816712.4503846805j),82.28605760403505,0.035400868987236274,(-408987.2237390118-816712.4503846805j),84.49054660100735,0.02761262474063363,(806687.5320947544+0j),87.8692733877457,5.405645231390576e-06,(11286.915383269876+0j)
-8.422399506531892,82.15783864138015,0.035400868987236274,(-408987.2237390118+816712.4503846805j),82.15783864138015,0.035400868987236274,(-408987.2237390118-816712.4503846805j),84.3162245358108,0.02761262474063363,(806687.5320947544+0j),87.86877199599516,5.405645231390576e-06,(11286.915383269876+0j)
-8.385043488662419,82.03084227255924,0.035400868987236274,(-408987.2237390118+816712.4503846805j),82.03084227255924,0.035400868987236274,(-408987.2237390118-816712.4503846805j),84.14343633923299,0.02761262474063363,(806687.5320947544+0j),87.86825794559482,5.405645231390576e-06,(11286.915383269876+0j)
-8.347687470792946,81.9050763843877,0.035400868987236274,(-408987.2237390118+816712.4503846805j),81.9050763843877,0.035400868987236274,(-408987.2237390118-816712.4503846805j),83.97219484669284,0.02761262474063363,(806687.5320947544+0j),87.86773075102622,5.405645231390576e-06,(11286.915383269876+0j)
-8.310331452923474,81.78054891131349,0.035400868987236274,(-408987.2237390118+816712.4503846805j),81.78054891131349,0.035400868987236274,(-408987.2237390118-816712.4503846805j),83.8025129918654,0.02761262474063363,(806687.5320947544+0j),87.86718990162026,5.405645231390576e-06,(11286.915383269876+0j)
-8.272975435054,81.65726783573216,0.035400868987236274,(-408987.2237390118+816712.4503846805j),81.65726783573216,0.035400868987236274,(-408987.2237390118-816712.4503846805j),83.63440380750166,0.02761262474063363,(806687.5320947544+0j),87.86663485990718,5.405645231390576e-06,(11286.915383269876+0j)
-8.235619417184529,81.53524118830425,0.035400868987236274,(-408987.2237390118+816712.4503846805j),81.53524118830425,0.035400868987236274,(-408987.2237390118-816712.4503846805j),83.46788042625592,0.02761262474063363,(806687.5320947544+0j),87.86606505983494,5.405645231390576e-06,(11286.915383269876+0j)
-8.198263399315055,81.41447704827493,0.035400868987236274,(-408987.2237390118+816712.4503846805j),81.41447704827493,0.035400868987236274,(-408987.2237390118-816712.4503846805j),83.30295608152095,0.02761262474063363,(806687.5320947544+0j),87.86547990484378,5.405645231390576e-06,(11286.915383269876+0j)
-8.160907381445583,81.29498354379609,0.035400868987236274,(-408987.2237390118+816712.4503846805j),81.29498354379609,0.035400868987236274,(-408987.2237390118-816712.4503846805j),83.13964410827094,0.02761262474063363,(806687.5320947544+0j),87.86487876578283,5.405645231390576e-06,(11286.915383269876+0j)
-8.12355136357611,81.17676885225075,0.035400868987236274,(-408987.2237390118+816712.4503846805j),81.17676885225075,0.035400868987236274,(-408987.2237390118-816712.4503846805j),82.9779579439123,0.02761262474063363,(806687.5320947544+0j),87.86426097865353,5.405645231390576e-06,(11286.915383269876+0j)
-8.086195345706637,81.05984120058004,0.035400868987236274,(-408987.2237390118+816712.4503846805j),81.05984120058004,0.035400868987236274,(-408987.2237390118-816712.4503846805j),82.8179111291424,0.02761262474063363,(806687.5320947544+0j),87.86362584216323,5.405645231390576e-06,(11286.915383269876+0j)
-8.048839327837163,80.9442088656124,0.035400868987236274,(-408987.2237390118+816712.4503846805j),80.9442088656124,0.035400868987236274,(-408987.2237390118-816712.4503846805j),82.65951730881649,0.02761262474063363,(806687.5320947544+0j),87.8629726150695,5.405645231390576e-06,(11286.915383269876+0j)
-8.01148330996769,80.82988017439534,0.035400868987236274,(-408987.2237390118+816712.4503846805j),80.82988017439534,0.035400868987236274,(-408987.2237390118-816712.4503846805j),82.5027902328226,0.02761262474063363,(806687.5320947544+0j),87.86230051329422,5.405645231390576e-06,(11286.915383269876+0j)
-7.974127292098218,80.71686350452973,0.035400868987236274,(-408987.2237390118+816712.4503846805j),80.71686350452973,0.035400868987236274,(-408987.2237390118-816712.4503846805j),82.34774375696479,0.02761262474063363,(806687.5320947544+0j),87.86160870678415,5.405645231390576e-06,(11286.915383269876+0j)
-7.936771274228744,80.60516728450644,0.035400868987236274,(-408987.2237390118+816712.4503846805j),80.60516728450644,0.035400868987236274,(-408987.2237390118-816712.4503846805j),82.1943918438546,0.02761262474063363,(806687.5320947544+0j),87.8608963160909,5.405645231390576e-06,(11286.915383269876+0j)
-7.899415256359272,80.49479999404555,0.035400868987236274,(-408987.2237390118+816712.4503846805j),80.49479999404555,0.035400868987236274,(-408987.2237390118-816712.4503846805j),82.04274856381097,0.02761262474063363,(806687.5320947544+0j),87.86016240864119,5.405645231390576e-06,(11286.915383269876+0j)
-7.862059238489798,80.38577016443818,0.035400868987236274,(-408987.2237390118+816712.4503846805j),80.38577016443818,0.035400868987236274,(-408987.2237390118-816712.4503846805j),81.8928280957686,0.02761262474063363,(806687.5320947544+0j),87.85940599466396,5.405645231390576e-06,(11286.915383269876+0j)
-7.824703220620326,80.27808637889078,0.035400868987236274,(-408987.2237390118+816712.4503846805j),80.27808637889078,0.035400868987236274,(-408987.2237390118-816712.4503846805j),81.7446447281949,0.02761262474063363,(806687.5320947544+0j),87.85862602273697,5.405645231390576e-06,(11286.915383269876+0j)
-7.787347202750853,80.17175727287193,0.035400868987236274,(-408987.2237390118+816712.4503846805j),80.17175727287193,0.035400868987236274,(-408987.2237390118-816712.4503846805j),81.59821286001556,0.02761262474063363,(806687.5320947544+0j),87.85782137491061,5.405645231390576e-06,(11286.915383269876+0j)
-7.749991184881381,80.06679153446194,0.035400868987236274,(-408987.2237390118+816712.4503846805j),80.06679153446194,0.035400868987236274,(-408987.2237390118-816712.4503846805j),81.45354700154898,0.02761262474063363,(806687.5320947544+0j),87.85699086136162,5.405645231390576e-06,(11286.915383269876+0j)
-7.712635167011909,79.96319790470488,0.035400868987236274,(-408987.2237390118+816712.4503846805j),79.96319790470488,0.035400868987236274,(-408987.2237390118-816712.4503846805j),81.31066177544943,0.02761262474063363,(806687.5320947544+0j),87.85613321452271,5.405645231390576e-06,(11286.915383269876+0j)
-7.675279149142435,79.86098517796337,0.035400868987236274,(-408987.2237390118+816712.4503846805j),79.86098517796337,0.035400868987236274,(-408987.2237390118-816712.4503846805j),81.1695719176592,0.02761262474063363,(806687.5320947544+0j),87.85524708262732,5.405645231390576e-06,(11286.915383269876+0j)
-7.637923131272963,79.76016220227592,0.035400868987236274,(-408987.2237390118+816712.4503846805j),79.76016220227592,0.035400868987236274,(-408987.2237390118-816712.4503846805j),81.03029227836973,0.02761262474063363,(806687.5320947544+0j),87.85433102260023,5.405645231390576e-06,(11286.915383269876+0j)
-7.60056711340349,79.6607378797171,0.035400868987236274,(-408987.2237390118+816712.4503846805j),79.6607378797171,0.035400868987236274,(-408987.2237390118-816712.4503846805j),80.892837822992,0.02761262474063363,(806687.5320947544+0j),87.85338349221566,5.405645231390576e-06,(11286.915383269876+0j)
-7.563211095534017,79.56272116676024,0.035400868987236274,(-408987.2237390118+816712.4503846805j),79.56272116676024,0.035400868987236274,(-408987.2237390118-816712.4503846805j),80.75722363313606,0.02761262474063363,(806687.5320947544+0j),87.85240284143282,5.405645231390576e-06,(11286.915383269876+0j)
-7.525855077664544,79.46612107464307,0.035400868987236274,(-408987.2237390118+816712.4503846805j),79.46612107464307,0.035400868987236274,(-408987.2237390118-816712.4503846805j),80.6234649075998,0.02761262474063363,(806687.5320947544+0j),87.85138730280693,5.405645231390576e-06,(11286.915383269876+0j)
-7.488499059795071,79.37094666973593,0.035400868987236274,(-408987.2237390118+816712.4503846805j),79.37094666973593,0.035400868987236274,(-408987.2237390118-816712.4503846805j),80.49157696336731,0.02761262474063363,(806687.5320947544+0j),87.8503349808581,5.405645231390576e-06,(11286.915383269876+0j)
-7.451143041925599,79.27720707391283,0.035400868987236274,(-408987.2237390118+816712.4503846805j),79.27720707391283,0.035400868987236274,(-408987.2237390118-816712.4503846805j),80.36157523661664,0.02761262474063363,(806687.5320947544+0j),87.84924384026387,5.405645231390576e-06,(11286.915383269876+0j)
-7.413787024056125,79.18491146492536,0.035400868987236274,(-408987.2237390118+816712.4503846805j),79.18491146492536,0.035400868987236274,(-408987.2237390118-816712.4503846805j),80.2334752837373,0.02761262474063363,(806687.5320947544+0j),87.84811169272044,5.405645231390576e-06,(11286.915383269876+0j)
-7.376431006186653,79.09406907677929,0.035400868987236274,(-408987.2237390118+816712.4503846805j),79.09406907677929,0.035400868987236274,(-408987.2237390118-816712.4503846805j),80.10729278235738,0.02761262474063363,(806687.5320947544+0j),87.84693618229424,5.405645231390576e-06,(11286.915383269876+0j)
-7.33907498831718,79.00468920011423,0.035400868987236274,(-408987.2237390118+816712.4503846805j),79.00468920011423,0.035400868987236274,(-408987.2237390118-816712.4503846805j),79.9830435323805,0.02761262474063363,(806687.5320947544+0j),87.84571476905751,5.405645231390576e-06,(11286.915383269876+0j)
-7.301718970447707,78.91678118258585,0.035400868987236274,(-408987.2237390118+816712.4503846805j),78.91678118258585,0.035400868987236274,(-408987.2237390118-816712.4503846805j),79.86074345703283,0.02761262474063363,(806687.5320947544+0j),87.84444471076853,5.405645231390576e-06,(11286.915383269876+0j)
-7.264362952578234,78.83035442925136,0.035400868987236274,(-408987.2237390118+816712.4503846805j),78.83035442925136,0.035400868987236274,(-408987.2237390118-816712.4503846805j),79.74040860391999,0.02761262474063363,(806687.5320947544+0j),87.84312304231877,5.405645231390576e-06,(11286.915383269876+0j)
-7.227006934708761,78.74541840295761,0.035400868987236274,(-408987.2237390118+816712.4503846805j),78.74541840295761,0.035400868987236274,(-408987.2237390118-816712.4503846805j),79.6220551460943,0.02761262474063363,(806687.5320947544+0j),87.8417465526223,5.405645231390576e-06,(11286.915383269876+0j)
-7.189650916839289,78.66198262473233,0.035400868987236274,(-408987.2237390118+816712.4503846805j),78.66198262473233,0.035400868987236274,(-408987.2237390118-816712.4503846805j),79.50569938313197,0.02761262474063363,(806687.5320947544+0j),87.84031175856872,5.405645231390576e-06,(11286.915383269876+0j)
-7.152294898969815,78.58005667417821,0.035400868987236274,(-408987.2237390118+816712.4503846805j),78.58005667417821,0.035400868987236274,(-408987.2237390118-816712.4503846805j),79.39135774222109,0.02761262474063363,(806687.5320947544+0j),87.83881487559448,5.405645231390576e-06,(11286.915383269876+0j)
-7.114938881100343,78.49965018987005,0.035400868987236274,(-408987.2237390118+816712.4503846805j),78.49965018987005,0.035400868987236274,(-408987.2237390118-816712.4503846805j),79.27904677925972,0.02761262474063363,(806687.5320947544+0j),87.83725178434946,5.405645231390576e-06,(11286.915383269876+0j)
-7.07758286323087,78.4207728697549,0.035400868987236274,(-408987.2237390118+816712.4503846805j),78.4207728697549,0.035400868987236274,(-408987.2237390118-816712.4503846805j),79.1687831799648,0.02761262474063363,(806687.5320947544+0j),87.83561799284024,5.405645231390576e-06,(11286.915383269876+0j)
-7.040226845361397,78.34343447155533,0.035400868987236274,(-408987.2237390118+816712.4503846805j),78.34343447155533,0.035400868987236274,(-408987.2237390118-816712.4503846805j),79.0605837609917,0.02761262474063363,(806687.5320947544+0j),87.83390859331794,5.405645231390576e-06,(11286.915383269876+0j)
-7.0028708274919245,78.26764481317558,0.035400868987236274,(-408987.2237390118+816712.4503846805j),78.26764481317558,0.035400868987236274,(-408987.2237390118-816712.4503846805j),78.95446547106461,0.02761262474063363,(806687.5320947544+0j),87.8321182130388,5.405645231390576e-06,(11286.915383269876+0j)
-6.9655148096224515,78.193413773111,0.035400868987236274,(-408987.2237390118+816712.4503846805j),78.193413773111,0.035400868987236274,(-408987.2237390118-816712.4503846805j),78.85044539211783,0.02761262474063363,(806687.5320947544+0j),87.83024095785703,5.405645231390576e-06,(11286.915383269876+0j)
-6.928158791752979,78.1207512908606,0.035400868987236274,(-408987.2237390118+816712.4503846805j),78.1207512908606,0.035400868987236274,(-408987.2237390118-816712.4503846805j),78.74854074044818,0.02761262474063363,(806687.5320947544+0j),87.82827034740264,5.405645231390576e-06,(11286.915383269876+0j)
-6.890802773883506,78.04966736734258,0.035400868987236274,(-408987.2237390118+816712.4503846805j),78.04966736734258,0.035400868987236274,(-408987.2237390118-816712.4503846805j),78.64876886787862,0.02761262474063363,(806687.5320947544+0j),87.82619924034186,5.405645231390576e-06,(11286.915383269876+0j)
-6.8534467560140335,77.98017206531325,0.035400868987236274,(-408987.2237390118+816712.4503846805j),77.98017206531325,0.035400868987236274,(-408987.2237390118-816712.4503846805j),78.55114726293306,0.02761262474063363,(806687.5320947544+0j),87.82401974790396,5.405645231390576e-06,(11286.915383269876+0j)
-6.816090738144561,77.912275509789,0.035400868987236274,(-408987.2237390118+816712.4503846805j),77.912275509789,0.035400868987236274,(-408987.2237390118-816712.4503846805j),78.45569355202267,0.02761262474063363,(806687.5320947544+0j),87.82172313346747,5.405645231390576e-06,(11286.915383269876+0j)
-6.778734720275088,77.84598788847164,0.035400868987236274,(-408987.2237390118+816712.4503846805j),77.84598788847164,0.035400868987236274,(-408987.2237390118-816712.4503846805j),78.3624255006438,0.02761262474063363,(806687.5320947544+0j),87.81929969551165,5.405645231390576e-06,(11286.915383269876+0j)
-6.741378702405615,77.78131945217686,0.035400868987236274,(-408987.2237390118+816712.4503846805j),77.78131945217686,0.035400868987236274,(-408987.2237390118-816712.4503846805j),78.27136101458741,0.02761262474063363,(806687.5320947544+0j),87.81673863062645,5.405645231390576e-06,(11286.915383269876+0j)
-6.704022684536142,77.71828051526609,0.035400868987236274,(-408987.2237390118+816712.4503846805j),77.71828051526609,0.035400868987236274,(-408987.2237390118-816712.4503846805j),78.18251814116051,0.02761262474063363,(806687.5320947544+0j),87.81402787250218,5.405645231390576e-06,(11286.915383269876+0j)
-6.666666666666669,77.65688145608159,0.035400868987236274,(-408987.2237390118+816712.4503846805j),77.65688145608159,0.035400868987236274,(-408987.2237390118-816712.4503846805j),78.0959150704194,0.02761262474063363,(806687.5320947544+0j),87.81115390183642,5.405645231390576e-06,(11286.915383269876+0j)
-6.629310648797196,77.59713271738502,0.035400868987236274,(-408987.2237390118+816712.4503846805j),77.59713271738502,0.035400868987236274,(-408987.2237390118-816712.4503846805j),78.01157013641493,0.02761262474063363,(806687.5320947544+0j),87.80810152084001,5.405645231390576e-06,(11286.915383269876+0j)
-6.591954630927724,77.53904480679924,0.035400868987236274,(-408987.2237390118+816712.4503846805j),77.53904480679924,0.035400868987236274,(-408987.2237390118-816712.4503846805j),77.92950181845012,0.02761262474063363,(806687.5320947544+0j),87.80485358440397,5.405645231390576e-06,(11286.915383269876+0j)
-6.554598613058251,77.48262829725354,0.035400868987236274,(-408987.2237390118+816712.4503846805j),77.48262829725354,0.035400868987236274,(-408987.2237390118-816712.4503846805j),77.84972874235002,0.02761262474063363,(806687.5320947544+0j),87.80139067788797,5.405645231390576e-06,(11286.915383269876+0j)
-6.517242595188778,77.42789382743238,0.035400868987236274,(-408987.2237390118+816712.4503846805j),77.42789382743238,0.035400868987236274,(-408987.2237390118-816712.4503846805j),77.772269681744,0.02761262474063363,(806687.5320947544+0j),87.79769072874221,5.405645231390576e-06,(11286.915383269876+0j)
-6.479886577319305,77.3748521022276,0.035400868987236274,(-408987.2237390118+816712.4503846805j),77.3748521022276,0.035400868987236274,(-408987.2237390118-816712.4503846805j),77.69714355936065,0.02761262474063363,(806687.5320947544+0j),87.79372853554935,5.405645231390576e-06,(11286.915383269876+0j)
-6.442530559449832,77.32351389319399,0.035400868987236274,(-408987.2237390118+816712.4503846805j),77.32351389319399,0.035400868987236274,(-408987.2237390118-816712.4503846805j),77.62436944833556,0.02761262474063363,(806687.5320947544+0j),87.78947519324818,5.405645231390576e-06,(11286.915383269876+0j)
-6.405174541580359,77.27389003900844,0.035400868987236274,(-408987.2237390118+816712.4503846805j),77.27389003900844,0.035400868987236274,(-408987.2237390118-816712.4503846805j),77.55396657353172,0.02761262474063363,(806687.5320947544+0j),87.78489738682138,5.405645231390576e-06,(11286.915383269876+0j)
-6.367818523710886,77.2259914459328,0.035400868987236274,(-408987.2237390118+816712.4503846805j),77.2259914459328,0.035400868987236274,(-408987.2237390118-816712.4503846805j),77.48595431287329,0.02761262474063363,(806687.5320947544+0j),87.77995651693645,5.405645231390576e-06,(11286.915383269876+0j)
-6.330462505841414,77.17982908828009,0.035400868987236274,(-408987.2237390118+816712.4503846805j),77.17982908828009,0.035400868987236274,(-408987.2237390118-816712.4503846805j),77.42035219869213,0.02761262474063363,(806687.5320947544+0j),87.77460760896821,5.405645231390576e-06,(11286.915383269876+0j)
-6.293106487971941,77.13541400888448,0.035400868987236274,(-408987.2237390118+816712.4503846805j),77.13541400888448,0.035400868987236274,(-408987.2237390118-816712.4503846805j),77.35717991908801,0.02761262474063363,(806687.5320947544+0j),87.76879794009706,5.405645231390576e-06,(11286.915383269876+0j)
-6.255750470102468,77.09275731957486,0.035400868987236274,(-408987.2237390118+816712.4503846805j),77.09275731957486,0.035400868987236274,(-408987.2237390118-816712.4503846805j),77.29645731930208,0.02761262474063363,(806687.5320947544+0j),87.76246529566222,5.405645231390576e-06,(11286.915383269876+0j)
-6.218394452232995,77.05187020165202,0.035400868987236274,(-408987.2237390118+816712.4503846805j),77.05187020165202,0.035400868987236274,(-408987.2237390118-816712.4503846805j),77.23820440310396,0.02761262474063363,(806687.5320947544+0j),87.75553573246347,5.405645231390576e-06,(11286.915383269876+0j)
-6.181038434363522,77.01276390636978,0.035400868987236274,(-408987.2237390118+816712.4503846805j),77.01276390636978,0.035400868987236274,(-408987.2237390118-816712.4503846805j),77.18244133419273,0.02761262474063363,(806687.5320947544+0j),87.74792067831093,5.405645231390576e-06,(11286.915383269876+0j)
-6.143682416494049,76.97544975541956,0.035400868987236274,(-408987.2237390118+816712.4503846805j),76.97544975541956,0.035400868987236274,(-408987.2237390118-816712.4503846805j),77.12918843761156,0.02761262474063363,(806687.5320947544+0j),87.73951312606953,5.405645231390576e-06,(11286.915383269876+0j)
-6.106326398624576,76.93993914141892,0.035400868987236274,(-408987.2237390118+816712.4503846805j),76.93993914141892,0.035400868987236274,(-408987.2237390118-816712.4503846805j),77.07846620117677,0.02761262474063363,(806687.5320947544+0j),87.73018257429071,5.405645231390576e-06,(11286.915383269876+0j)
-6.068970380755104,76.90624352840386,0.035400868987236274,(-408987.2237390118+816712.4503846805j),76.90624352840386,0.035400868987236274,(-408987.2237390118-816712.4503846805j),77.03029527692078,0.02761262474063363,(806687.5320947544+0j),87.71976820489047,5.405645231390576e-06,(11286.915383269876+0j)
-6.031614362885631,76.874374452325,0.035400868987236274,(-408987.2237390118+816712.4503846805j),76.874374452325,0.035400868987236274,(-408987.2237390118-816712.4503846805j),76.98469648254968,0.02761262474063363,(806687.5320947544+0j),87.70806953700851,5.405645231390576e-06,(11286.915383269876+0j)
-5.994258345016158,76.84434352154749,0.035400868987236274,(-408987.2237390118+816712.4503846805j),76.84434352154749,0.035400868987236274,(-408987.2237390118-816712.4503846805j),76.9416908029152,0.02761262474063363,(806687.5320947544+0j),87.69483339624702,5.405645231390576e-06,(11286.915383269876+0j)
-5.956902327146685,76.816162417355,0.035400868987236274,(-408987.2237390118+816712.4503846805j),76.816162417355,0.035400868987236274,(-408987.2237390118-816712.4503846805j),76.90129939150147,0.02761262474063363,(806687.5320947544+0j),87.67973538542434,5.405645231390576e-06,(11286.915383269876+0j)
-5.919546309277212,76.78984289445766,0.035400868987236274,(-408987.2237390118+816712.4503846805j),76.78984289445766,0.035400868987236274,(-408987.2237390118-816712.4503846805j),76.86354357192657,0.02761262474063363,(806687.5320947544+0j),87.66235294533034,5.405645231390576e-06,(11286.915383269876+0j)
-5.88219029140774,76.76539678150371,0.035400868987236274,(-408987.2237390118+816712.4503846805j),76.76539678150371,0.035400868987236274,(-408987.2237390118-816712.4503846805j),76.82844483945924,0.02761262474063363,(806687.5320947544+0j),87.6421251879335,5.405645231390576e-06,(11286.915383269876+0j)
-5.844834273538267,76.74283598159559,0.035400868987236274,(-408987.2237390118+816712.4503846805j),76.74283598159559,0.035400868987236274,(-408987.2237390118-816712.4503846805j),76.7960248625507,0.02761262474063363,(806687.5320947544+0j),87.6182912496444,5.405645231390576e-06,(11286.915383269876+0j)
-5.807478255668795,76.72217247280972,0.035400868987236274,(-408987.2237390118+816712.4503846805j),76.72217247280972,0.035400868987236274,(-408987.2237390118-816712.4503846805j),76.76630548438185,0.02761262474063363,(806687.5320947544+0j),87.58979245286896,5.405645231390576e-06,(11286.915383269876+0j)
-5.770122237799322,76.70341830872046,0.035400868987236274,(-408987.2237390118+816712.4503846805j),76.70341830872046,0.035400868987236274,(-408987.2237390118-816712.4503846805j),76.73930872442605,0.02761262474063363,(806687.5320947544+0j),87.5551108003732,5.405645231390576e-06,(11286.915383269876+0j)
-5.732766219929849,76.68658561892835,0.035400868987236274,(-408987.2237390118+816712.4503846805j),76.68658561892835,0.035400868987236274,(-408987.2237390118-816712.4503846805j),76.71505678002771,0.02761262474063363,(806687.5320947544+0j),87.51198959131804,5.405645231390576e-06,(11286.915383269876+0j)
-5.695410202060376,76.67168660959229,0.035400868987236274,(-408987.2237390118+816712.4503846805j),76.67168660959229,0.035400868987236274,(-408987.2237390118-816712.4503846805j),76.69357202799655,0.02761262474063363,(806687.5320947544+0j),87.45692189532696,5.405645231390576e-06,(11286.915383269876+0j)
-5.658054184190903,76.65873356396601,0.035400868987236274,(-408987.2237390118+816712.4503846805j),76.65873356396601,0.035400868987236274,(-408987.2237390118-816712.4503846805j),76.6748770262182,0.02761262474063363,(806687.5320947544+0j),87.38414571506486,5.405645231390576e-06,(11286.915383269876+0j)
-5.62069816632143,76.64773884293882,0.035400868987236274,(-408987.2237390118+816712.4503846805j),76.64773884293882,0.035400868987236274,(-408987.2237390118-816712.4503846805j),76.6589945152809,0.02761262474063363,(806687.5320947544+0j),87.28348465070809,5.405645231390576e-06,(11286.915383269876+0j)
-5.583342148451957,76.63871488558053,0.035400868987236274,(-408987.2237390118+816712.4503846805j),76.63871488558053,0.035400868987236274,(-408987.2237390118-816712.4503846805j),76.64594742011873,0.02761262474063363,(806687.5320947544+0j),87.13512069084148,5.405645231390576e-06,(11286.915383269876+0j)
-5.545986130582485,76.63167420969069,0.035400868987236274,(-408987.2237390118+816712.4503846805j),76.63167420969069,0.035400868987236274,(-408987.2237390118-816712.4503846805j),76.63575885167144,0.02761262474063363,(806687.5320947544+0j),86.89464044860257,5.405645231390576e-06,(11286.915383269876+0j)
-5.508630112713012,76.62662941235224,0.035400868987236274,(-408987.2237390118+816712.4503846805j),76.62662941235224,0.035400868987236274,(-408987.2237390118-816712.4503846805j),76.62845210856113,0.02761262474063363,(806687.5320947544+0j),86.43778990285124,5.405645231390576e-06,(11286.915383269876+0j)
-5.471274094843539,76.62359317048953,0.035400868987236274,(-408987.2237390118+816712.4503846805j),76.62359317048953,0.035400868987236274,(-408987.2237390118-816712.4503846805j),76.62405067878589,0.02761262474063363,(806687.5320947544+0j),85.23622867686615,5.405645231390576e-06,(11286.915383269876+0j)
-5.4339180769740665,76.62257824143072,0.035400868987236274,(-408987.2237390118+816712.4503846805j),76.62257824143072,0.035400868987236274,(-408987.2237390118-816712.4503846805j),76.62257824143072,0.02761262474063363,(806687.5320947544+0j),76.62257824143072,5.405645231390576e-06,(11286.915383269876+0j)
-5.4339180769740665,78.79651912795586,0.039395577861128184,(-476010.77748562244+930237.1379664001j),78.79651912795586,0.039395577861128184,(-476010.77748562244-930237.1379664001j),76.6225782414307,0.03207375951775573,(942861.879643596+0j),76.62257824143072,3.0270101271578158e-06,(9159.67532764738+0j)
-5.39852816530825,78.92533202649646,0.039395577861128184,(-476010.77748562244+930237.1379664001j),78.92533202649646,0.039395577861128184,(-476010.77748562244-930237.1379664001j),76.78851753419248,0.03207375951775573,(942861.879643596+0j),76.62273932538976,3.0270101271578158e-06,(9159.67532764738+0j)
-5.3631382536424335,79.05315338719545,0.039395577861128184,(-476010.77748562244+930237.1379664001j),79.05315338719545,0.039395577861128184,(-476010.77748562244-930237.1379664001j),76.95326354886313,0.03207375951775573,(942861.879643596+0j),76.6229037262784,3.0270101271578158e-06,(9159.67532764738+0j)
-5.327748341976617,79.17997775939868,0.039395577861128184,(-476010.77748562244+930237.1379664001j),79.17997775939868,0.039395577861128184,(-476010.77748562244-930237.1379664001j),77.11680814753836,0.03207375951775573,(942861.879643596+0j),76.62307154761226,3.0270101271578158e-06,(9159.67532764738+0j)
-5.2923584303108,79.30579966449679,0.039395577861128184,(-476010.77748562244+930237.1379664001j),79.30579966449679,0.039395577861128184,(-476010.77748562244-930237.1379664001j),77.2791431415447,0.03207375951775573,(942861.879643596+0j),76.62324289725964,3.0270101271578158e-06,(9159.67532764738+0j)
-5.2569685186449835,79.43061359576839,0.039395577861128184,(-476010.77748562244+930237.1379664001j),79.43061359576839,0.039395577861128184,(-476010.77748562244-930237.1379664001j),77.44026029109443,0.03207375951775573,(942861.879643596+0j),76.62341788767272,3.0270101271578158e-06,(9159.67532764738+0j)
-5.221578606979167,79.55441401822216,0.039395577861128184,(-476010.77748562244+930237.1379664001j),79.55441401822216,0.039395577861128184,(-476010.77748562244-930237.1379664001j),77.60015130493782,0.03207375951775573,(942861.879643596+0j),76.62359663613363,3.0270101271578158e-06,(9159.67532764738+0j)
-5.1861886953133505,79.67719536843808,0.039395577861128184,(-476010.77748562244+930237.1379664001j),79.67719536843808,0.039395577861128184,(-476010.77748562244-930237.1379664001j),77.75880784001278,0.03207375951775573,(942861.879643596+0j),76.6237792650167,3.0270101271578158e-06,(9159.67532764738+0j)
-5.150798783647534,79.7989520544075,0.039395577861128184,(-476010.77748562244+930237.1379664001j),79.7989520544075,0.039395577861128184,(-476010.77748562244-930237.1379664001j),77.91622150109173,0.03207375951775573,(942861.879643596+0j),76.62396590206767,3.0270101271578158e-06,(9159.67532764738+0j)
-5.1154088719817175,79.91967845537236,0.039395577861128184,(-476010.77748562244+930237.1379664001j),79.91967845537236,0.039395577861128184,(-476010.77748562244-930237.1379664001j),78.07238384042584,0.03207375951775573,(942861.879643596+0j),76.62415668070183,3.0270101271578158e-06,(9159.67532764738+0j)
-5.080018960315902,80.03936892166335,0.039395577861128184,(-476010.77748562244+930237.1379664001j),80.03936892166335,0.039395577861128184,(-476010.77748562244-930237.1379664001j),78.22728635738662,0.03207375951775573,(942861.879643596+0j),76.62435174032204,3.0270101271578158e-06,(9159.67532764738+0j)
-5.044629048650085,80.15801777453693,0.039395577861128184,(-476010.77748562244+930237.1379664001j),80.15801777453693,0.039395577861128184,(-476010.77748562244-930237.1379664001j),78.38092049810471,0.03207375951775573,(942861.879643596+0j),76.6245512266584,3.0270101271578158e-06,(9159.67532764738+0j)
-5.009239136984269,80.27561930601155,0.039395577861128184,(-476010.77748562244+930237.1379664001j),80.27561930601155,0.039395577861128184,(-476010.77748562244-930237.1379664001j),78.53327765510589,0.03207375951775573,(942861.879643596+0j),76.62475529213138,3.0270101271578158e-06,(9159.67532764738+0j)
-4.973849225318452,80.39216777870263,0.039395577861128184,(-476010.77748562244+930237.1379664001j),80.39216777870263,0.039395577861128184,(-476010.77748562244-930237.1379664001j),78.68434916694437,0.03207375951775573,(942861.879643596+0j),76.62496409624018,3.0270101271578158e-06,(9159.67532764738+0j)
-4.938459313652636,80.50765742565657,0.039395577861128184,(-476010.77748562244+930237.1379664001j),80.50765742565657,0.039395577861128184,(-476010.77748562244-930237.1379664001j),78.83412631783325,0.03207375951775573,(942861.879643596+0j),76.62517780597855,3.0270101271578158e-06,(9159.67532764738+0j)
-4.903069401986819,80.62208245018385,0.039395577861128184,(-476010.77748562244+930237.1379664001j),80.62208245018385,0.039395577861128184,(-476010.77748562244-930237.1379664001j),78.98260033727212,0.03207375951775573,(942861.879643596+0j),76.62539659628018,3.0270101271578158e-06,(9159.67532764738+0j)
-4.867679490321003,80.73543702569076,0.039395577861128184,(-476010.77748562244+930237.1379664001j),80.73543702569076,0.039395577861128184,(-476010.77748562244-930237.1379664001j),79.12976239967185,0.03207375951775573,(942861.879643596+0j),76.62562065049629,3.0270101271578158e-06,(9159.67532764738+0j)
-4.832289578655186,80.84771529551034,0.039395577861128184,(-476010.77748562244+930237.1379664001j),80.84771529551034,0.039395577861128184,(-476010.77748562244-930237.1379664001j),79.27560362397648,0.03207375951775573,(942861.879643596+0j),76.62585016090804,3.0270101271578158e-06,(9159.67532764738+0j)
-4.79689966698937,80.9589113727322,0.039395577861128184,(-476010.77748562244+930237.1379664001j),80.9589113727322,0.039395577861128184,(-476010.77748562244-930237.1379664001j),79.42011507328228,0.03207375951775573,(942861.879643596+0j),76.62608532927695,3.0270101271578158e-06,(9159.67532764738+0j)
-4.761509755323553,81.06901934003118,0.039395577861128184,(-476010.77748562244+930237.1379664001j),81.06901934003118,0.039395577861128184,(-476010.77748562244-930237.1379664001j),79.56328775445364,0.03207375951775573,(942861.879643596+0j),76.62632636743646,3.0270101271578158e-06,(9159.67532764738+0j)
-4.726119843657737,81.17803324949487,0.039395577861128184,(-476010.77748562244+930237.1379664001j),81.17803324949487,0.039395577861128184,(-476010.77748562244-930237.1379664001j),79.70511261773645,0.03207375951775573,(942861.879643596+0j),76.62657349792832,3.0270101271578158e-06,(9159.67532764738+0j)
-4.69072993199192,81.28594712245035,0.039395577861128184,(-476010.77748562244+930237.1379664001j),81.28594712245035,0.039395577861128184,(-476010.77748562244-930237.1379664001j),79.84558055636796,0.03207375951775573,(942861.879643596+0j),76.62682695468794,3.0270101271578158e-06,(9159.67532764738+0j)
-4.655340020326104,81.39275494928938,0.039395577861128184,(-476010.77748562244+930237.1379664001j),81.39275494928938,0.039395577861128184,(-476010.77748562244-930237.1379664001j),79.98468240618409,0.03207375951775573,(942861.879643596+0j),76.62708698378302,3.0270101271578158e-06,(9159.67532764738+0j)
-4.619950108660287,81.49845068929285,0.039395577861128184,(-476010.77748562244+930237.1379664001j),81.49845068929285,0.039395577861128184,(-476010.77748562244-930237.1379664001j),80.12240894522351,0.03207375951775573,(942861.879643596+0j),76.62735384421025,3.0270101271578158e-06,(9159.67532764738+0j)
-4.584560196994472,81.6030282704539,0.039395577861128184,(-476010.77748562244+930237.1379664001j),81.6030282704539,0.039395577861128184,(-476010.77748562244-930237.1379664001j),80.25875089332858,0.03207375951775573,(942861.879643596+0j),76.62762780875595,3.0270101271578158e-06,(9159.67532764738+0j)
-4.549170285328655,81.7064815893,0.039395577861128184,(-476010.77748562244+930237.1379664001j),81.7064815893,0.039395577861128184,(-476010.77748562244-930237.1379664001j),80.3936989117435,0.03207375951775573,(942861.879643596+0j),76.62790916492607,3.0270101271578158e-06,(9159.67532764738+0j)
-4.513780373662839,81.8088045107139,0.039395577861128184,(-476010.77748562244+930237.1379664001j),81.8088045107139,0.039395577861128184,(-476010.77748562244-930237.1379664001j),80.52724360270898,0.03207375951775573,(942861.879643596+0j),76.62819821595264,3.0270101271578158e-06,(9159.67532764738+0j)
-4.478390461997022,81.90999086775341,0.039395577861128184,(-476010.77748562244+930237.1379664001j),81.90999086775341,0.039395577861128184,(-476010.77748562244-930237.1379664001j),80.65937550905404,0.03207375951775573,(942861.879643596+0j),76.62849528188394,3.0270101271578158e-06,(9159.67532764738+0j)
-4.443000550331206,82.01003446147003,0.039395577861128184,(-476010.77748562244+930237.1379664001j),82.01003446147003,0.039395577861128184,(-476010.77748562244-930237.1379664001j),80.79008511378468,0.03207375951775573,(942861.879643596+0j),76.62880070076658,3.0270101271578158e-06,(9159.67532764738+0j)
-4.407610638665389,82.1089290607264,0.039395577861128184,(-476010.77748562244+930237.1379664001j),82.1089290607264,0.039395577861128184,(-476010.77748562244-930237.1379664001j),80.91936283966905,0.03207375951775573,(942861.879643596+0j),76.62911482992871,3.0270101271578158e-06,(9159.67532764738+0j)
-4.372220726999573,82.20666840201268,0.039395577861128184,(-476010.77748562244+930237.1379664001j),82.20666840201268,0.039395577861128184,(-476010.77748562244-930237.1379664001j),81.04719904881969,0.03207375951775573,(942861.879643596+0j),76.62943804737473,3.0270101271578158e-06,(9159.67532764738+0j)
-4.336830815333756,82.30324618926164,0.039395577861128184,(-476010.77748562244+930237.1379664001j),82.30324618926164,0.039395577861128184,(-476010.77748562244-930237.1379664001j),81.17358404227248,0.03207375951775573,(942861.879643596+0j),76.62977075330261,3.0270101271578158e-06,(9159.67532764738+0j)
-4.30144090366794,82.39865609366265,0.039395577861128184,(-476010.77748562244+930237.1379664001j),82.39865609366265,0.039395577861128184,(-476010.77748562244-930237.1379664001j),81.29850805956227,0.03207375951775573,(942861.879643596+0j),76.63011337175708,3.0270101271578158e-06,(9159.67532764738+0j)
-4.266050992002123,82.49289175347437,0.039395577861128184,(-476010.77748562244+930237.1379664001j),82.49289175347437,0.039395577861128184,(-476010.77748562244-930237.1379664001j),81.42196127829511,0.03207375951775573,(942861.879643596+0j),76.63046635243262,3.0270101271578158e-06,(9159.67532764738+0j)
-4.230661080336307,82.58594677383641,0.039395577861128184,(-476010.77748562244+930237.1379664001j),82.58594677383641,0.039395577861128184,(-476010.77748562244-930237.1379664001j),81.54393381371736,0.03207375951775573,(942861.879643596+0j),76.6308301726426,3.0270101271578158e-06,(9159.67532764738+0j)
-4.19527116867049,82.67781472657965,0.039395577861128184,(-476010.77748562244+930237.1379664001j),82.67781472657965,0.039395577861128184,(-476010.77748562244-930237.1379664001j),81.66441571828129,0.03207375951775573,(942861.879643596+0j),76.6312053394728,3.0270101271578158e-06,(9159.67532764738+0j)
-4.159881257004674,82.76848915003532,0.039395577861128184,(-476010.77748562244+930237.1379664001j),82.76848915003532,0.039395577861128184,(-476010.77748562244-930237.1379664001j),81.7833969812073,0.03207375951775573,(942861.879643596+0j),76.63159239213937,3.0270101271578158e-06,(9159.67532764738+0j)
-4.124491345338858,82.85796354884302,0.039395577861128184,(-476010.77748562244+930237.1379664001j),82.85796354884302,0.039395577861128184,(-476010.77748562244-930237.1379664001j),81.90086752804284,0.03207375951775573,(942861.879643596+0j),76.63199190457468,3.0270101271578158e-06,(9159.67532764738+0j)
-4.089101433673042,82.94623139375727,0.039395577861128184,(-476010.77748562244+930237.1379664001j),82.94623139375727,0.039395577861128184,(-476010.77748562244-930237.1379664001j),82.0168172202177,0.03207375951775573,(942861.879643596+0j),76.63240448826696,3.0270101271578158e-06,(9159.67532764738+0j)
-4.053711522007225,83.03328612145307,0.039395577861128184,(-476010.77748562244+930237.1379664001j),83.03328612145307,0.039395577861128184,(-476010.77748562244-930237.1379664001j),82.131235854596,0.03207375951775573,(942861.879643596+0j),76.6328307953832,3.0270101271578158e-06,(9159.67532764738+0j)
-4.018321610341409,83.11912113432996,0.039395577861128184,(-476010.77748562244+930237.1379664001j),83.11912113432996,0.039395577861128184,(-476010.77748562244-930237.1379664001j),82.24411316302448,0.03207375951775573,(942861.879643596+0j),76.63327152220906,3.0270101271578158e-06,(9159.67532764738+0j)
-3.982931698675592,83.20372980031505,0.039395577861128184,(-476010.77748562244+930237.1379664001j),83.20372980031505,0.039395577861128184,(-476010.77748562244-930237.1379664001j),82.35543881187748,0.03207375951775573,(942861.879643596+0j),76.63372741294381,3.0270101271578158e-06,(9159.67532764738+0j)
-3.9475417870097758,83.28710545266458,0.039395577861128184,(-476010.77748562244+930237.1379664001j),83.28710545266458,0.039395577861128184,(-476010.77748562244-930237.1379664001j),82.46520240159818,0.03207375951775573,(942861.879643596+0j),76.63419926389378,3.0270101271578158e-06,(9159.67532764738+0j)
-3.912151875343959,83.3692413897643,0.039395577861128184,(-476010.77748562244+930237.1379664001j),83.3692413897643,0.039395577861128184,(-476010.77748562244-930237.1379664001j),82.5733934662362,0.03207375951775573,(942861.879643596+0j),76.63468792811415,3.0270101271578158e-06,(9159.67532764738+0j)
-3.8767619636781427,83.4501308749286,0.039395577861128184,(-476010.77748562244+930237.1379664001j),83.4501308749286,0.039395577861128184,(-476010.77748562244-930237.1379664001j),82.6800014729818,0.03207375951775573,(942861.879643596+0j),76.63519432055591,3.0270101271578158e-06,(9159.67532764738+0j)
-3.841372052012326,83.52976713619826,0.039395577861128184,(-476010.77748562244+930237.1379664001j),83.52976713619826,0.039395577861128184,(-476010.77748562244-930237.1379664001j),82.78501582169619,0.03207375951775573,(942861.879643596+0j),76.63571942378334,3.0270101271578158e-06,(9159.67532764738+0j)
-3.8059821403465097,83.60814336613686,0.039395577861128184,(-476010.77748562244+930237.1379664001j),83.60814336613686,0.039395577861128184,(-476010.77748562244-930237.1379664001j),82.88842584443819,0.03207375951775573,(942861.879643596+0j),76.63626429433724,3.0270101271578158e-06,(9159.67532764738+0j)
-3.770592228680693,83.68525272162603,0.039395577861128184,(-476010.77748562244+930237.1379664001j),83.68525272162603,0.039395577861128184,(-476010.77748562244-930237.1379664001j),82.99022080498722,0.03207375951775573,(942861.879643596+0j),76.63683006983042,3.0270101271578158e-06,(9159.67532764738+0j)
-3.735202317014877,83.76108832365922,0.039395577861128184,(-476010.77748562244+930237.1379664001j),83.76108832365922,0.039395577861128184,(-476010.77748562244-930237.1379664001j),83.0903898983625,0.03207375951775573,(942861.879643596+0j),76.63741797687611,3.0270101271578158e-06,(9159.67532764738+0j)
-3.69981240534906,83.8356432571342,0.039395577861128184,(-476010.77748562244+930237.1379664001j),83.8356432571342,0.039395577861128184,(-476010.77748562244-930237.1379664001j),83.18892225033844,0.03207375951775573,(942861.879643596+0j),76.63802933996503,3.0270101271578158e-06,(9159.67532764738+0j)
-3.664422493683244,83.90891057064418,0.039395577861128184,(-476010.77748562244+930237.1379664001j),83.90891057064418,0.039395577861128184,(-476010.77748562244-930237.1379664001j),83.2858069169562,0.03207375951775573,(942861.879643596+0j),76.63866559142684,3.0270101271578158e-06,(9159.67532764738+0j)
-3.629032582017427,83.98088327626765,0.039395577861128184,(-476010.77748562244+930237.1379664001j),83.98088327626765,0.039395577861128184,(-476010.77748562244-930237.1379664001j),83.38103288403143,0.03207375951775573,(942861.879643596+0j),76.63932828263343,3.0270101271578158e-06,(9159.67532764738+0j)
-3.5936426703516107,84.05155434935675,0.039395577861128184,(-476010.77748562244+930237.1379664001j),84.05155434935675,0.039395577861128184,(-476010.77748562244-930237.1379664001j),83.47458906665798,0.03207375951775573,(942861.879643596+0j),76.6400190966283,3.0270101271578158e-06,(9159.67532764738+0j)
-3.558252758685794,84.12091672832435,0.039395577861128184,(-476010.77748562244+930237.1379664001j),84.12091672832435,0.039395577861128184,(-476010.77748562244-930237.1379664001j),83.56646430870789,0.03207375951775573,(942861.879643596+0j),76.64073986239892,3.0270101271578158e-06,(9159.67532764738+0j)
-3.522862847019978,84.18896331442964,0.039395577861128184,(-476010.77748562244+930237.1379664001j),84.18896331442964,0.039395577861128184,(-476010.77748562244-930237.1379664001j),83.65664738232721,0.03207375951775573,(942861.879643596+0j),76.64149257104651,3.0270101271578158e-06,(9159.67532764738+0j)
-3.4874729353541616,84.25568697156251,0.039395577861128184,(-476010.77748562244+930237.1379664001j),84.25568697156251,0.039395577861128184,(-476010.77748562244-930237.1379664001j),83.74512698742794,0.03207375951775573,(942861.879643596+0j),76.64227939415449,3.0270101271578158e-06,(9159.67532764738+0j)
-3.452083023688345,84.3210805260263,0.039395577861128184,(-476010.77748562244+930237.1379664001j),84.3210805260263,0.039395577861128184,(-476010.77748562244-930237.1379664001j),83.83189175117587,0.03207375951775573,(942861.879643596+0j),76.64310270471199,3.0270101271578158e-06,(9159.67532764738+0j)
-3.4166931120225286,84.38513676631923,0.039395577861128184,(-476010.77748562244+930237.1379664001j),84.38513676631923,0.039395577861128184,(-476010.77748562244-930237.1379664001j),83.91693022747442,0.03207375951775573,(942861.879643596+0j),76.64396510101786,3.0270101271578158e-06,(9159.67532764738+0j)
-3.381303200356712,84.44784844291458,0.039395577861128184,(-476010.77748562244+930237.1379664001j),84.44784844291458,0.039395577861128184,(-476010.77748562244-930237.1379664001j),84.00023089644425,0.03207375951775573,(942861.879643596+0j),76.64486943407135,3.0270101271578158e-06,(9159.67532764738+0j)
-3.3459132886908955,84.50920826803902,0.039395577861128184,(-476010.77748562244+930237.1379664001j),84.50920826803902,0.039395577861128184,(-476010.77748562244-930237.1379664001j),84.0817821638988,0.03207375951775573,(942861.879643596+0j),76.64581883905862,3.0270101271578158e-06,(9159.67532764738+0j)
-3.310523377025079,84.56920891544992,0.039395577861128184,(-476010.77748562244+930237.1379664001j),84.56920891544992,0.039395577861128184,(-476010.77748562244-930237.1379664001j),84.16157236081568,0.03207375951775573,(942861.879643596+0j),76.64681677166713,3.0270101271578158e-06,(9159.67532764738+0j)
-3.275133465359263,84.62784302021097,0.039395577861128184,(-476010.77748562244+930237.1379664001j),84.62784302021097,0.039395577861128184,(-476010.77748562244-930237.1379664001j),84.2395897428038,0.03207375951775573,(942861.879643596+0j),76.64786705011473,3.0270101271578158e-06,(9159.67532764738+0j)
-3.2397435536934465,84.68510317846632,0.039395577861128184,(-476010.77748562244+930237.1379664001j),84.68510317846632,0.039395577861128184,(-476010.77748562244-930237.1379664001j),84.31582248956617,0.03207375951775573,(942861.879643596+0j),76.64897390397056,3.0270101271578158e-06,(9159.67532764738+0j)
-3.20435364202763,84.74098194721337,0.039395577861128184,(-476010.77748562244+930237.1379664001j),84.74098194721337,0.039395577861128184,(-476010.77748562244-930237.1379664001j),84.39025870435849,0.03207375951775573,(942861.879643596+0j),76.6501420310839,3.0270101271578158e-06,(9159.67532764738+0j)
-3.1689637303618134,84.795471844074,0.039395577861128184,(-476010.77748562244+930237.1379664001j),84.795471844074,0.039395577861128184,(-476010.77748562244-930237.1379664001j),84.46288641344344,0.03207375951775573,(942861.879643596+0j),76.65137666423631,3.0270101271578158e-06,(9159.67532764738+0j)
-3.133573818695997,84.84856534706421,0.039395577861128184,(-476010.77748562244+930237.1379664001j),84.84856534706421,0.039395577861128184,(-476010.77748562244-930237.1379664001j),84.53369356554045,0.03207375951775573,(942861.879643596+0j),76.65268364951181,3.0270101271578158e-06,(9159.67532764738+0j)
-3.0981839070301804,84.90025489436248,0.039395577861128184,(-476010.77748562244+930237.1379664001j),84.90025489436248,0.039395577861128184,(-476010.77748562244-930237.1379664001j),84.60266803127122,0.03207375951775573,(942861.879643596+0j),76.65406953886082,3.0270101271578158e-06,(9159.67532764738+0j)
-3.062793995364364,84.9505328840763,0.039395577861128184,(-476010.77748562244+930237.1379664001j),84.9505328840763,0.039395577861128184,(-476010.77748562244-930237.1379664001j),84.66979760260067,0.03207375951775573,(942861.879643596+0j),76.65554169995006,3.0270101271578158e-06,(9159.67532764738+0j)
-3.027404083698548,84.99939167400747,0.039395577861128184,(-476010.77748562244+930237.1379664001j),84.99939167400747,0.039395577861128184,(-476010.77748562244-930237.1379664001j),84.73506999227342,0.03207375951775573,(942861.879643596+0j),76.65710844718619,3.0270101271578158e-06,(9159.67532764738+0j)
-2.9920141720327313,85.04682358141557,0.039395577861128184,(-476010.77748562244+930237.1379664001j),85.04682358141557,0.039395577861128184,(-476010.77748562244-930237.1379664001j),84.79847283324577,0.03207375951775573,(942861.879643596+0j),76.65877919883198,3.0270101271578158e-06,(9159.67532764738+0j)
-2.956624260366915,85.09282088278015,0.039395577861128184,(-476010.77748562244+930237.1379664001j),85.09282088278015,0.039395577861128184,(-476010.77748562244-930237.1379664001j),84.85999367811313,0.03207375951775573,(942861.879643596+0j),76.66056466648587,3.0270101271578158e-06,(9159.67532764738+0j)
-2.9212343487010983,85.13737581356109,0.039395577861128184,(-476010.77748562244+930237.1379664001j),85.13737581356109,0.039395577861128184,(-476010.77748562244-930237.1379664001j),84.91961999853268,0.03207375951775573,(942861.879643596+0j),76.66247708497828,3.0270101271578158e-06,(9159.67532764738+0j)
-2.885844437035282,85.18048056795763,0.039395577861128184,(-476010.77748562244+930237.1379664001j),85.18048056795763,0.039395577861128184,(-476010.77748562244-930237.1379664001j),84.97733918464161,0.03207375951775573,(942861.879643596+0j),76.66453049311369,3.0270101271578158e-06,(9159.67532764738+0j)
-2.8504545253694653,85.2221272986655,0.039395577861128184,(-476010.77748562244+930237.1379664001j),85.2221272986655,0.039395577861128184,(-476010.77748562244-930237.1379664001j),85.03313854447043,0.03207375951775573,(942861.879643596+0j),76.6667410788801,3.0270101271578158e-06,(9159.67532764738+0j)
-2.8150646137036492,85.26230811663282,0.039395577861128184,(-476010.77748562244+930237.1379664001j),85.26230811663282,0.039395577861128184,(-476010.77748562244-930237.1379664001j),85.0870053033517,0.03207375951775573,(942861.879643596+0j),76.66912760708418,3.0270101271578158e-06,(9159.67532764738+0j)
-2.7796747020378327,85.30101509081403,0.039395577861128184,(-476010.77748562244+930237.1379664001j),85.30101509081403,0.039395577861128184,(-476010.77748562244-930237.1379664001j),85.13892660332387,0.03207375951775573,(942861.879643596+0j),76.67171195332473,3.0270101271578158e-06,(9159.67532764738+0j)
-2.7442847903720162,85.33824024792249,0.039395577861128184,(-476010.77748562244+930237.1379664001j),85.33824024792249,0.039395577861128184,(-476010.77748562244-930237.1379664001j),85.18888950253036,0.03207375951775573,(942861.879643596+0j),76.67451977648773,3.0270101271578158e-06,(9159.67532764738+0j)
-2.7088948787061997,85.37397557218114,0.039395577861128184,(-476010.77748562244+930237.1379664001j),85.37397557218114,0.039395577861128184,(-476010.77748562244-930237.1379664001j),85.23688097461375,0.03207375951775573,(942861.879643596+0j),76.67758137358142,3.0270101271578158e-06,(9159.67532764738+0j)
-2.673504967040383,85.40821300507181,0.039395577861128184,(-476010.77748562244+930237.1379664001j),85.40821300507181,0.039395577861128184,(-476010.77748562244-930237.1379664001j),85.28288790810502,0.03207375951775573,(942861.879643596+0j),76.68093277732083,3.0270101271578158e-06,(9159.67532764738+0j)
-2.6381150553745667,85.44094444508265,0.039395577861128184,(-476010.77748562244+930237.1379664001j),85.44094444508265,0.039395577861128184,(-476010.77748562244-930237.1379664001j),85.32689710580787,0.03207375951775573,(942861.879643596+0j),76.68461718087946,3.0270101271578158e-06,(9159.67532764738+0j)
-2.60272514370875,85.47216174745397,0.039395577861128184,(-476010.77748562244+930237.1379664001j),85.47216174745397,0.039395577861128184,(-476010.77748562244-930237.1379664001j),85.36889528417801,0.03207375951775573,(942861.879643596+0j),76.68868680953092,3.0270101271578158e-06,(9159.67532764738+0j)
-2.567335232042934,85.50185672392236,0.039395577861128184,(-476010.77748562244+930237.1379664001j),85.50185672392236,0.039395577861128184,(-476010.77748562244-930237.1379664001j),85.40886907269737,0.03207375951775573,(942861.879643596+0j),76.69320541173454,3.0270101271578158e-06,(9159.67532764738+0j)
-2.5319453203771176,85.53002114246316,0.039395577861128184,(-476010.77748562244+930237.1379664001j),85.53002114246316,0.039395577861128184,(-476010.77748562244-930237.1379664001j),85.44680501324329,0.03207375951775573,(942861.879643596+0j),76.6982516228087,3.0270101271578158e-06,(9159.67532764738+0j)
-2.496555408711301,85.55664672703115,0.039395577861128184,(-476010.77748562244+930237.1379664001j),85.55664672703115,0.039395577861128184,(-476010.77748562244-930237.1379664001j),85.48268955945255,0.03207375951775573,(942861.879643596+0j),76.70392357989395,3.0270101271578158e-06,(9159.67532764738+0j)
-2.4611654970454846,85.58172515729954,0.039395577861128184,(-476010.77748562244+930237.1379664001j),85.58172515729954,0.039395577861128184,(-476010.77748562244-930237.1379664001j),85.51650907608008,0.03207375951775573,(942861.879643596+0j),76.71034536715766,3.0270101271578158e-06,(9159.67532764738+0j)
-2.425775585379668,85.60524806839726,0.039395577861128184,(-476010.77748562244+930237.1379664001j),85.60524806839726,0.039395577861128184,(-476010.77748562244-930237.1379664001j),85.54824983835258,0.03207375951775573,(942861.879643596+0j),76.71767619799573,3.0270101271578158e-06,(9159.67532764738+0j)
-2.3903856737138516,85.62720705064437,0.039395577861128184,(-476010.77748562244+930237.1379664001j),85.62720705064437,0.039395577861128184,(-476010.77748562244-930237.1379664001j),85.57789803131683,0.03207375951775573,(942861.879643596+0j),76.72612379349351,3.0270101271578158e-06,(9159.67532764738+0j)
-2.354995762048035,85.6475936492859,0.039395577861128184,(-476010.77748562244+930237.1379664001j),85.6475936492859,0.039395577861128184,(-476010.77748562244-930237.1379664001j),85.60543974918258,0.03207375951775573,(942861.879643596+0j),76.73596437887382,3.0270101271578158e-06,(9159.67532764738+0j)
-2.319605850382219,85.6663993642237,0.039395577861128184,(-476010.77748562244+930237.1379664001j),85.6663993642237,0.039395577861128184,(-476010.77748562244-930237.1379664001j),85.63086099466015,0.03207375951775573,(942861.879643596+0j),76.74757346042932,3.0270101271578158e-06,(9159.67532764738+0j)
-2.2842159387164025,85.68361564974668,0.039395577861128184,(-476010.77748562244+930237.1379664001j),85.68361564974668,0.039395577861128184,(-476010.77748562244-930237.1379664001j),85.65414767829252,0.03207375951775573,(942861.879643596+0j),76.76147483284814,3.0270101271578158e-06,(9159.67532764738+0j)
-2.248826027050586,85.69923391425914,0.039395577861128184,(-476010.77748562244+930237.1379664001j),85.69923391425914,0.039395577861128184,(-476010.77748562244-930237.1379664001j),85.67528561778198,0.03207375951775573,(942861.879643596+0j),76.77842179494004,3.0270101271578158e-06,(9159.67532764738+0j)
-2.2134361153847695,85.71324552000722,0.039395577861128184,(-476010.77748562244+930237.1379664001j),85.71324552000722,0.039395577861128184,(-476010.77748562244-930237.1379664001j),85.69426053731127,0.03207375951775573,(942861.879643596+0j),76.7995383066416,3.0270101271578158e-06,(9159.67532764738+0j)
-2.178046203718953,85.7256417828037,0.039395577861128184,(-476010.77748562244+930237.1379664001j),85.7256417828037,0.039395577861128184,(-476010.77748562244-930237.1379664001j),85.71105806685904,0.03207375951775573,(942861.879643596+0j),76.82657893730098,3.0270101271578158e-06,(9159.67532764738+0j)
-2.1426562920531365,85.73641397175085,0.039395577861128184,(-476010.77748562244+930237.1379664001j),85.73641397175085,0.039395577861128184,(-476010.77748562244-930237.1379664001j),85.72566374150978,0.03207375951775573,(942861.879643596+0j),76.86244325624808,3.0270101271578158e-06,(9159.67532764738+0j)
-2.10726638038732,85.7455533089613,0.039395577861128184,(-476010.77748562244+930237.1379664001j),85.7455533089613,0.039395577861128184,(-476010.77748562244-930237.1379664001j),85.73806300075802,0.03207375951775573,(942861.879643596+0j),76.9122918425408,3.0270101271578158e-06,(9159.67532764738+0j)
-2.071876468721504,85.75305096927728,0.039395577861128184,(-476010.77748562244+930237.1379664001j),85.75305096927728,0.039395577861128184,(-476010.77748562244-930237.1379664001j),85.7482411878067,0.03207375951775573,(942861.879643596+0j),76.98628347107524,3.0270101271578158e-06,(9159.67532764738+0j)
-2.0364865570556874,85.75889807998776,0.039395577861128184,(-476010.77748562244+930237.1379664001j),85.75889807998776,0.039395577861128184,(-476010.77748562244-930237.1379664001j),85.75618354885991,0.03207375951775573,(942861.879643596+0j),77.10755791487655,3.0270101271578158e-06,(9159.67532764738+0j)
-2.001096645389871,85.76308572054384,0.039395577861128184,(-476010.77748562244+930237.1379664001j),85.76308572054384,0.039395577861128184,(-476010.77748562244-930237.1379664001j),85.76187523240966,0.03207375951775573,(942861.879643596+0j),77.34268865910768,3.0270101271578158e-06,(9159.67532764738+0j)
-1.9657067337240544,85.76560492227209,0.039395577861128184,(-476010.77748562244+930237.1379664001j),85.76560492227209,0.039395577861128184,(-476010.77748562244-930237.1379664001j),85.76530128851684,0.03207375951775573,(942861.879643596+0j),77.99335283606602,3.0270101271578158e-06,(9159.67532764738+0j)
-1.9303168220582376,85.76644666808602,0.039395577861128184,(-476010.77748562244+930237.1379664001j),85.76644666808602,0.039395577861128184,(-476010.77748562244-930237.1379664001j),85.76644666808602,0.03207375951775573,(942861.879643596+0j),85.76644666808602,3.0270101271578158e-06,(9159.67532764738+0j)
-1.9303168220582376,79.32369933615767,0.055486568645687656,(-71722.01628227605+170500.95160520825j),79.32369933615767,0.055486568645687656,(-71722.01628227605-170500.95160520825j),85.76644666808603,0.027490774446378295,(130198.3339758098+0j),85.76644666808602,0.00028452855423441556,(13245.698588742089+0j)
-1.8044860250242216,79.2213488877615,0.055486568645687656,(-71722.01628227605+170500.95160520825j),79.2213488877615,0.055486568645687656,(-71722.01628227605-170500.95160520825j),85.59049277068367,0.027490774446378295,(130198.3339758098+0j),85.76067886448195,0.00028452855423441556,(13245.698588742089+0j)
-1.6786552279902076,79.11947203769726,0.055486568645687656,(-71722.01628227605+170500.95160520825j),79.11947203769726,0.055486568645687656,(-71722.01628227605-170500.95160520825j),85.41466635683847,0.027490774446378295,(130198.3339758098+0j),85.7547962003019,0.00028452855423441556,(13245.698588742089+0j)
-1.5528244309561938,79.01807621274699,0.055486568645687656,(-71722.01628227605+170500.95160520825j),79.01807621274699,0.055486568645687656,(-71722.01628227605-170500.95160520825j),85.23898053804123,0.027490774446378295,(130198.3339758098+0j),85.74879521051473,0.00028452855423441556,(13245.698588742089+0j)
-1.4269936339221818,78.91716893086705,0.055486568645687656,(-71722.01628227605+170500.95160520825j),78.91716893086705,0.055486568645687656,(-71722.01628227605-170500.95160520825j),85.06344874535961,0.027490774446378295,(130198.3339758098+0j),85.74267228932038,0.00028452855423441556,(13245.698588742089+0j)
-1.301162836888168,78.81675780237507,0.055486568645687656,(-71722.01628227605+170500.95160520825j),78.81675780237507,0.055486568645687656,(-71722.01628227605-170500.95160520825j),84.88808473699605,0.027490774446378295,(130198.3339758098+0j),85.73642368292904,0.00028452855423441556,(13245.698588742089+0j)
-1.175332039854154,78.71685053115395,0.055486568645687656,(-71722.01628227605+170500.95160520825j),78.71685053115395,0.055486568645687656,(-71722.01628227605-170500.95160520825j),84.71290260603872,0.027490774446378295,(130198.3339758098+0j),85.73004548189145,0.00028452855423441556,(13245.698588742089+0j)
-1.0495012428201402,78.61745491587321,0.055486568645687656,(-71722.01628227605+170500.95160520825j),78.61745491587321,0.055486568645687656,(-71722.01628227605-170500.95160520825j),84.5379167884105,0.027490774446378295,(130198.3339758098+0j),85.7235336129472,0.00028452855423441556,(13245.698588742089+0j)
-0.9236704457861264,78.51857885122807,0.055486568645687656,(-71722.01628227605+170500.95160520825j),78.51857885122807,0.055486568645687656,(-71722.01628227605-170500.95160520825j),84.36314207102187,0.027490774446378295,(130198.3339758098+0j),85.71688383035546,0.00028452855423441556,(13245.698588742089+0j)
-0.7978396487521127,78.42023032919631,0.055486568645687656,(-71722.01628227605+170500.95160520825j),78.42023032919631,0.055486568645687656,(-71722.01628227605-170500.95160520825j),84.1885936001334,0.027490774446378295,(130198.3339758098+0j),85.71009170666932,0.00028452855423441556,(13245.698588742089+0j)
-0.6720088517180988,78.32241744031364,0.055486568645687656,(-71722.01628227605+170500.95160520825j),78.32241744031364,0.055486568645687656,(-71722.01628227605-170500.95160520825j),84.01428688993381,0.027490774446378295,(130198.3339758098+0j),85.70315262291187,0.00028452855423441556,(13245.698588742089+0j)
-0.546178054684085,78.22514837496723,0.055486568645687656,(-71722.01628227605+170500.95160520825j),78.22514837496723,0.055486568645687656,(-71722.01628227605-170500.95160520825j),83.84023783133956,0.027490774446378295,(130198.3339758098+0j),85.69606175810772,0.00028452855423441556,(13245.698588742089+0j)
-0.42034725765007114,78.12843142470848,0.055486568645687656,(-71722.01628227605+170500.95160520825j),78.12843142470848,0.055486568645687656,(-71722.01628227605-170500.95160520825j),83.66646270102241,0.027490774446378295,(130198.3339758098+0j),85.68881407812074,0.00028452855423441556,(13245.698588742089+0j)
-0.2945164606160573,78.0322749835845,0.055486568645687656,(-71722.01628227605+170500.95160520825j),78.0322749835845,0.055486568645687656,(-71722.01628227605-170500.95160520825j),83.49297817067158,0.027490774446378295,(130198.3339758098+0j),85.6814043237434,0.00028452855423441556,(13245.698588742089+0j)
-0.1686856635820435,77.93668754948943,0.055486568645687656,(-71722.01628227605+170500.95160520825j),77.93668754948943,0.055486568645687656,(-71722.01628227605-170500.95160520825j),83.31980131649698,0.027490774446378295,(130198.3339758098+0j),85.6738269979786,0.00028452855423441556,(13245.698588742089+0j)
-0.04285486654802967,77.84167772553518,0.055486568645687656,(-71722.01628227605+170500.95160520825j),77.84167772553518,0.055486568645687656,(-71722.01628227605-170500.95160520825j),83.14694962898052,0.027490774446378295,(130198.3339758098+0j),85.66607635244942,0.00028452855423441556,(13245.698588742089+0j)
0.08297593048598416,77.74725422144246,0.055486568645687656,(-71722.01628227605+170500.95160520825j),77.74725422144246,0.055486568645687656,(-71722.01628227605-170500.95160520825j),82.97444102288287,0.027490774446378295,(130198.3339758098+0j),85.65814637286627,0.00028452855423441556,(13245.698588742089+0j)
0.208806727519998,77.65342585495212,0.055486568645687656,(-71722.01628227605+170500.95160520825j),77.65342585495212,0.055486568645687656,(-71722.01628227605-170500.95160520825j),82.80229384751267,0.027490774446378295,(130198.3339758098+0j),85.65003076347415,0.00028452855423441556,(13245.698588742089+0j)
0.3346375245540118,77.5602015532573,0.055486568645687656,(-71722.01628227605+170500.95160520825j),77.5602015532573,0.055486568645687656,(-71722.01628227605-170500.95160520825j),82.63052689726605,0.027490774446378295,(130198.3339758098+0j),85.64172293039577,0.00028452855423441556,(13245.698588742089+0j)
0.46046832158802564,77.46759035445658,0.055486568645687656,(-71722.01628227605+170500.95160520825j),77.46759035445658,0.055486568645687656,(-71722.01628227605-170500.95160520825j),82.45915942244437,0.027490774446378295,(130198.3339758098+0j),85.6332159637778,0.00028452855423441556,(13245.698588742089+0j)
0.5862991186220394,77.37560140902859,0.055486568645687656,(-71722.01628227605+170500.95160520825j),77.37560140902859,0.055486568645687656,(-71722.01628227605-170500.95160520825j),82.288211140358,0.027490774446378295,(130198.3339758098+0j),85.62450261863877,0.00028452855423441556,(13245.698588742089+0j)
0.7121299156560533,77.28424398132846,0.055486568645687656,(-71722.01628227605+170500.95160520825j),77.28424398132846,0.055486568645687656,(-71722.01628227605-170500.95160520825j),82.11770224672489,0.027490774446378295,(130198.3339758098+0j),85.61557529430739,0.00028452855423441556,(13245.698588742089+0j)
0.8379607126900671,77.19352745110623,0.055486568645687656,(-71722.01628227605+170500.95160520825j),77.19352745110623,0.055486568645687656,(-71722.01628227605-170500.95160520825j),81.94765342737216,0.027490774446378295,(130198.3339758098+0j),85.60642601232824,0.00028452855423441556,(13245.698588742089+0j)
0.963791509724081,77.10346131504801,0.055486568645687656,(-71722.01628227605+170500.95160520825j),77.10346131504801,0.055486568645687656,(-71722.01628227605-170500.95160520825j),81.77808587025007,0.027490774446378295,(130198.3339758098+0j),85.59704639270055,0.00028452855423441556,(13245.698588742089+0j)
1.0896223067580948,77.01405518833975,0.055486568645687656,(-71722.01628227605+170500.95160520825j),77.01405518833975,0.055486568645687656,(-71722.01628227605-170500.95160520825j),81.60902127776708,0.027490774446378295,(130198.3339758098+0j),85.58742762830097,0.00028452855423441556,(13245.698588742089+0j)
1.2154531037921086,76.9253188062545,0.055486568645687656,(-71722.01628227605+170500.95160520825j),76.9253188062545,0.055486568645687656,(-71722.01628227605-170500.95160520825j),81.44048187945607,0.027490774446378295,(130198.3339758098+0j),85.5775604573268,0.00028452855423441556,(13245.698588742089+0j)
1.3412839008261224,76.83726202576307,0.055486568645687656,(-71722.01628227605+170500.95160520825j),76.83726202576307,0.055486568645687656,(-71722.01628227605-170500.95160520825j),81.27249044498106,0.027490774446378295,(130198.3339758098+0j),85.56743513357824,0.00028452855423441556,(13245.698588742089+0j)
1.4671146978601364,76.74989482716893,0.055486568645687656,(-71722.01628227605+170500.95160520825j),76.74989482716893,0.055486568645687656,(-71722.01628227605-170500.95160520825j),81.10507029749478,0.027490774446378295,(130198.3339758098+0j),85.5570413943799,0.00028452855423441556,(13245.698588742089+0j)
1.5929454948941502,76.6632273157674,0.055486568645687656,(-71722.01628227605+170500.95160520825j),76.6632273157674,0.055486568645687656,(-71722.01628227605-170500.95160520825j),80.93824532735763,0.027490774446378295,(130198.3339758098+0j),85.54636842591924,0.00028452855423441556,(13245.698588742089+0j)
1.718776291928164,76.57726972352978,0.055486568645687656,(-71722.01628227605+170500.95160520825j),76.57726972352978,0.055486568645687656,(-71722.01628227605-170500.95160520825j),80.77204000622879,0.027490774446378295,(130198.3339758098+0j),85.53540482575674,0.00028452855423441556,(13245.698588742089+0j)
1.8446070889621777,76.49203241081254,0.055486568645687656,(-71722.01628227605+170500.95160520825j),76.49203241081254,0.055486568645687656,(-71722.01628227605-170500.95160520825j),80.6064794015405,0.027490774446378295,(130198.3339758098+0j),85.52413856223454,0.00028452855423441556,(13245.698588742089+0j)
1.9704378859961915,76.4075258680924,0.055486568645687656,(-71722.01628227605+170500.95160520825j),76.4075258680924,0.055486568645687656,(-71722.01628227605-170500.95160520825j),80.44158919136734,0.027490774446378295,(130198.3339758098+0j),85.51255693048006,0.00028452855423441556,(13245.698588742089+0j)
2.0962686830302055,76.32376071772742,0.055486568645687656,(-71722.01628227605+170500.95160520825j),76.32376071772742,0.055486568645687656,(-71722.01628227605-170500.95160520825j),80.27739567970241,0.027490774446378295,(130198.3339758098+0j),85.500646504667,0.00028452855423441556,(13245.698588742089+0j)
2.222099480064219,76.2407477157446,0.055486568645687656,(-71722.01628227605+170500.95160520825j),76.2407477157446,0.055486568645687656,(-71722.01628227605-170500.95160520825j),80.11392581215239,0.027490774446378295,(130198.3339758098+0j),85.48839308615703,0.00028452855423441556,(13245.698588742089+0j)
2.347930277098233,76.15849775365444,0.055486568645687656,(-71722.01628227605+170500.95160520825j),76.15849775365444,0.055486568645687656,(-71722.01628227605-170500.95160520825j),79.95120719206477,0.027490774446378295,(130198.3339758098+0j),85.47578164710127,0.00028452855423441556,(13245.698588742089+0j)
2.4737610741322467,76.07702186029313,0.055486568645687656,(-71722.01628227605+170500.95160520825j),76.07702186029313,0.055486568645687656,(-71722.01628227605-170500.95160520825j),79.78926809710003,0.027490774446378295,(130198.3339758098+0j),85.46279626903161,0.00028452855423441556,(13245.698588742089+0j)
2.5995918711662607,75.99633120369229,0.055486568645687656,(-71722.01628227605+170500.95160520825j),75.99633120369229,0.055486568645687656,(-71722.01628227605-170500.95160520825j),79.62813749626258,0.027490774446378295,(130198.3339758098+0j),85.44942007591462,0.00028452855423441556,(13245.698588742089+0j)
2.7254226682002747,75.91643709297749,0.055486568645687656,(-71722.01628227605+170500.95160520825j),75.91643709297749,0.055486568645687656,(-71722.01628227605-170500.95160520825j),79.46784506740448,0.027490774446378295,(130198.3339758098+0j),85.4356351610769,0.00028452855423441556,(13245.698588742089+0j)
2.8512534652342882,75.83735098029534,0.055486568645687656,(-71722.01628227605+170500.95160520825j),75.83735098029534,0.055486568645687656,(-71722.01628227605-170500.95160520825j),79.3084212152166,0.027490774446378295,(130198.3339758098+0j),85.4214225073379,0.00028452855423441556,(13245.698588742089+0j)
2.9770842622683023,75.75908446276993,0.055486568645687656,(-71722.01628227605+170500.95160520825j),75.75908446276993,0.055486568645687656,(-71722.01628227605-170500.95160520825j),79.1498970897221,0.027490774446378295,(130198.3339758098+0j),85.40676189960145,0.00028452855423441556,(13245.698588742089+0j)
3.102915059302316,75.68164928448942,0.055486568645687656,(-71722.01628227605+170500.95160520825j),75.68164928448942,0.055486568645687656,(-71722.01628227605-170500.95160520825j),78.99230460528807,0.027490774446378295,(130198.3339758098+0j),85.39163182906337,0.00028452855423441556,(13245.698588742089+0j)
3.22874585633633,75.60505733852247,0.055486568645687656,(-71722.01628227605+170500.95160520825j),75.60505733852247,0.055486568645687656,(-71722.01628227605-170500.95160520825j),78.83567646017119,0.027490774446378295,(130198.3339758098+0j),85.37600938808123,0.00028452855423441556,(13245.698588742089+0j)
3.354576653370344,75.529320668966,0.055486568645687656,(-71722.01628227605+170500.95160520825j),75.529320668966,0.055486568645687656,(-71722.01628227605-170500.95160520825j),78.68004615661432,0.027490774446378295,(130198.3339758098+0j),85.35987015462804,0.00028452855423441556,(13245.698588742089+0j)
3.4804074504043574,75.45445147302415,0.055486568645687656,(-71722.01628227605+170500.95160520825j),75.45445147302415,0.055486568645687656,(-71722.01628227605-170500.95160520825j),78.52544802151107,0.027490774446378295,(130198.3339758098+0j),85.3431880651056,0.00028452855423441556,(13245.698588742089+0j)
3.6062382474383714,75.38046210311911,0.055486568645687656,(-71722.01628227605+170500.95160520825j),75.38046210311911,0.055486568645687656,(-71722.01628227605-170500.95160520825j),78.37191722765624,0.027490774446378295,(130198.3339758098+0j),85.32593527412737,0.00028452855423441556,(13245.698588742089+0j)
3.732069044472385,75.3073650690346,0.055486568645687656,(-71722.01628227605+170500.95160520825j),75.3073650690346,0.055486568645687656,(-71722.01628227605-170500.95160520825j),78.21948981560085,0.027490774446378295,(130198.3339758098+0j),85.30808199968668,0.00028452855423441556,(13245.698588742089+0j)
3.857899841506399,75.23517304009218,0.055486568645687656,(-71722.01628227605+170500.95160520825j),75.23517304009218,0.055486568645687656,(-71722.01628227605-170500.95160520825j),78.06820271613039,0.027490774446378295,(130198.3339758098+0j),85.2895963519028,0.00028452855423441556,(13245.698588742089+0j)
3.983730638540413,75.16389884736141,0.055486568645687656,(-71722.01628227605+170500.95160520825j),75.16389884736141,0.055486568645687656,(-71722.01628227605-170500.95160520825j),77.9180937733865,0.027490774446378295,(130198.3339758098+0j),85.27044414327783,0.00028452855423441556,(13245.698588742089+0j)
4.1095614355744265,75.09355548590398,0.055486568645687656,(-71722.01628227605+170500.95160520825j),75.09355548590398,0.055486568645687656,(-71722.01628227605-170500.95160520825j),77.76920176865245,0.027490774446378295,(130198.3339758098+0j),85.25058867809365,0.00028452855423441556,(13245.698588742089+0j)
4.23539223260844,75.02415611705274,0.055486568645687656,(-71722.01628227605+170500.95160520825j),75.02415611705274,0.055486568645687656,(-71722.01628227605-170500.95160520825j),77.62156644482349,0.027490774446378295,(130198.3339758098+0j),85.22999051822582,0.00028452855423441556,(13245.698588742089+0j)
4.361223029642455,74.95571407072607,0.055486568645687656,(-71722.01628227605+170500.95160520825j),74.95571407072607,0.055486568645687656,(-71722.01628227605-170500.95160520825j),77.47522853158422,0.027490774446378295,(130198.3339758098+0j),85.20860722223647,0.00028452855423441556,(13245.698588742089+0j)
4.487053826676468,74.88824284777827,0.055486568645687656,(-71722.01628227605+170500.95160520825j),74.88824284777827,0.055486568645687656,(-71722.01628227605-170500.95160520825j),77.33022977131543,0.027490774446378295,(130198.3339758098+0j),85.18639305412312,0.00028452855423441556,(13245.698588742089+0j)
4.612884623710481,74.8217561223865,0.055486568645687656,(-71722.01628227605+170500.95160520825j),74.8217561223865,0.055486568645687656,(-71722.01628227605-170500.95160520825j),77.18661294575443,0.027490774446378295,(130198.3339758098+0j),85.16329865752759,0.00028452855423441556,(13245.698588742089+0j)
4.738715420744495,74.75626774447511,0.055486568645687656,(-71722.01628227605+170500.95160520825j),74.75626774447511,0.055486568645687656,(-71722.01628227605-170500.95160520825j),77.04442190343275,0.027490774446378295,(130198.3339758098+0j),85.13927069053358,0.00028452855423441556,(13245.698588742089+0j)
4.864546217778509,74.69179174217771,0.055486568645687656,(-71722.01628227605+170500.95160520825j),74.69179174217771,0.055486568645687656,(-71722.01628227605-170500.95160520825j),76.90370158791677,0.027490774446378295,(130198.3339758098+0j),85.11425141538078,0.00028452855423441556,(13245.698588742089+0j)
4.990377014812522,74.62834232433792,0.055486568645687656,(-71722.01628227605+170500.95160520825j),74.62834232433792,0.055486568645687656,(-71722.01628227605-170500.95160520825j),76.76449806687744,0.027490774446378295,(130198.3339758098+0j),85.08817823647152,0.00028452855423441556,(13245.698588742089+0j)
5.116207811846537,74.56593388304934,0.055486568645687656,(-71722.01628227605+170500.95160520825j),74.56593388304934,0.055486568645687656,(-71722.01628227605-170500.95160520825j),76.62685856201604,0.027490774446378295,(130198.3339758098+0j),85.06098317891147,0.00028452855423441556,(13245.698588742089+0j)
5.24203860888055,74.50458099623549,0.055486568645687656,(-71722.01628227605+170500.95160520825j),74.50458099623549,0.055486568645687656,(-71722.01628227605-170500.95160520825j),76.49083147987447,0.027490774446378295,(130198.3339758098+0j),85.03259229846664,0.00028452855423441556,(13245.698588742089+0j)
5.367869405914564,74.44429843027022,0.055486568645687656,(-71722.01628227605+170500.95160520825j),74.44429843027022,0.055486568645687656,(-71722.01628227605-170500.95160520825j),76.35646644355857,0.027490774446378295,(130198.3339758098+0j),85.00292501218817,0.00028452855423441556,(13245.698588742089+0j)
5.4937002029485775,74.38510114263975,0.055486568645687656,(-71722.01628227605+170500.95160520825j),74.38510114263975,0.055486568645687656,(-71722.01628227605-170500.95160520825j),76.22381432540544,0.027490774446378295,(130198.3339758098+0j),84.97189333698876,0.00028452855423441556,(13245.698588742089+0j)
5.619530999982592,74.32700428464656,0.055486568645687656,(-71722.01628227605+170500.95160520825j),74.32700428464656,0.055486568645687656,(-71722.01628227605-170500.95160520825j),76.0929272806254,0.027490774446378295,(130198.3339758098+0j),84.93940102107325,0.00028452855423441556,(13245.698588742089+0j)
5.7453617970166055,74.27002320415612,0.055486568645687656,(-71722.01628227605+170500.95160520825j),74.27002320415612,0.055486568645687656,(-71722.01628227605-170500.95160520825j),75.96385878195153,0.027490774446378295,(130198.3339758098+0j),84.90534255023218,0.00028452855423441556,(13245.698588742089+0j)
5.871192594050619,74.21417344838736,0.055486568645687656,(-71722.01628227605+170500.95160520825j),74.21417344838736,0.055486568645687656,(-71722.01628227605-170500.95160520825j),75.83666365533006,0.027490774446378295,(130198.3339758098+0j),84.86960200747353,0.00028452855423441556,(13245.698588742089+0j)
5.997023391084634,74.15947076674736,0.055486568645687656,(-71722.01628227605+170500.95160520825j),74.15947076674736,0.055486568645687656,(-71722.01628227605-170500.95160520825j),75.71139811668696,0.027490774446378295,(130198.3339758098+0j),84.83205176013686,0.00028452855423441556,(13245.698588742089+0j)
6.122854188118647,74.10593111371116,0.055486568645687656,(-71722.01628227605+170500.95160520825j),74.10593111371116,0.055486568645687656,(-71722.01628227605-170500.95160520825j),75.58811980980649,0.027490774446378295,(130198.3339758098+0j),84.79255094329757,0.00028452855423441556,(13245.698588742089+0j)
6.248684985152661,74.05357065174773,0.055486568645687656,(-71722.01628227605+170500.95160520825j),74.05357065174773,0.055486568645687656,(-71722.01628227605-170500.95160520825j),75.46688784535961,0.027490774446378295,(130198.3339758098+0j),84.75094370166302,0.00028452855423441556,(13245.698588742089+0j)
6.374515782186674,74.0024057542924,0.055486568645687656,(-71722.01628227605+170500.95160520825j),74.0024057542924,0.055486568645687656,(-71722.01628227605-170500.95160520825j),75.34776284112111,0.027490774446378295,(130198.3339758098+0j),84.70705714394408,0.00028452855423441556,(13245.698588742089+0j)
6.500346579220689,73.9524530087671,0.055486568645687656,(-71722.01628227605+170500.95160520825j),73.9524530087671,0.055486568645687656,(-71722.01628227605-170500.95160520825j),75.23080696341584,0.027490774446378295,(130198.3339758098+0j),84.6606989534022,0.00028452855423441556,(13245.698588742089+0j)
6.626177376254702,73.9037292196491,0.055486568645687656,(-71722.01628227605+170500.95160520825j),73.9037292196491,0.055486568645687656,(-71722.01628227605-170500.95160520825j),75.11608396983621,0.027490774446378295,(130198.3339758098+0j),84.61165458533813,0.00028452855423441556,(13245.698588742089+0j)
6.752008173288716,73.85625141158887,0.055486568645687656,(-71722.01628227605+170500.95160520825j),73.85625141158887,0.055486568645687656,(-71722.01628227605-170500.95160520825j),75.00365925327425,0.027490774446378295,(130198.3339758098+0j),84.5596839659185,0.00028452855423441556,(13245.698588742089+0j)
6.87783897032273,73.81003683257838,0.055486568645687656,(-71722.01628227605+170500.95160520825j),73.81003683257838,0.055486568645687656,(-71722.01628227605-170500.95160520825j),74.8935998873138,0.027490774446378295,(130198.3339758098+0j),84.50451758589179,0.00028452855423441556,(13245.698588742089+0j)
7.003669767356744,73.76510295717036,0.055486568645687656,(-71722.01628227605+170500.95160520825j),73.76510295717036,0.055486568645687656,(-71722.01628227605-170500.95160520825j),74.78597467302941,0.027490774446378295,(130198.3339758098+0j),84.4458518560276,0.00028452855423441556,(13245.698588742089+0j)
7.129500564390757,73.72146748974966,0.055486568645687656,(-71722.01628227605+170500.95160520825j),73.72146748974966,0.055486568645687656,(-71722.01628227605-170500.95160520825j),74.68085418724111,0.027490774446378295,(130198.3339758098+0j),84.38334355662984,0.00028452855423441556,(13245.698588742089+0j)
7.255331361424772,73.67914836785768,0.055486568645687656,(-71722.01628227605+170500.95160520825j),73.67914836785768,0.055486568645687656,(-71722.01628227605-170500.95160520825j),74.57831083227535,0.027490774446378295,(130198.3339758098+0j),84.31660316864564,0.00028452855423441556,(13245.698588742089+0j)
7.381162158458785,73.63816376557058,0.055486568645687656,(-71722.01628227605+170500.95160520825j),73.63816376557058,0.055486568645687656,(-71722.01628227605-170500.95160520825j),74.47841888728495,0.027490774446378295,(130198.3339758098+0j),84.24518681516084,0.00028452855423441556,(13245.698588742089+0j)
7.506992955492799,73.59853209693259,0.055486568645687656,(-71722.01628227605+170500.95160520825j),73.59853209693259,0.055486568645687656,(-71722.01628227605-170500.95160520825j),74.38125456118257,0.027490774446378295,(130198.3339758098+0j),84.16858646450491,0.00028452855423441556,(13245.698588742089+0j)
7.632823752526812,73.56027201944507,0.055486568645687656,(-71722.01628227605+170500.95160520825j),73.56027201944507,0.055486568645687656,(-71722.01628227605-170500.95160520825j),74.28689604724458,0.027490774446378295,(130198.3339758098+0j),84.08621794285318,0.00028452855423441556,(13245.698588742089+0j)
7.758654549560826,73.52340243761276,0.055486568645687656,(-71722.01628227605+170500.95160520825j),73.52340243761276,0.055486568645687656,(-71722.01628227605-170500.95160520825j),74.19542357944421,0.027490774446378295,(130198.3339758098+0j),83.99740616529787,0.00028452855423441556,(13245.698588742089+0j)
7.88448534659484,73.48794250654774,0.055486568645687656,(-71722.01628227605+170500.95160520825j),73.48794250654774,0.055486568645687656,(-71722.01628227605-170500.95160520825j),74.10691949057544,0.027490774446378295,(130198.3339758098+0j),83.90136680579529,0.00028452855423441556,(13245.698588742089+0j)
8.010316143628854,73.45391163563266,0.055486568645687656,(-71722.01628227605+170500.95160520825j),73.45391163563266,0.055486568645687656,(-71722.01628227605-170500.95160520825j),74.02146827223129,0.027490774446378295,(130198.3339758098+0j),83.79718336780962,0.00028452855423441556,(13245.698588742089+0j)
8.136146940662867,73.42132949224404,0.055486568645687656,(-71722.01628227605+170500.95160520825j),73.42132949224404,0.055486568645687656,(-71722.01628227605-170500.95160520825j),73.93915663670269,0.027490774446378295,(130198.3339758098+0j),83.68377825898791,0.00028452855423441556,(13245.698588742089+0j)
8.261977737696881,73.39021600553667,0.055486568645687656,(-71722.01628227605+170500.95160520825j),73.39021600553667,0.055486568645687656,(-71722.01628227605-170500.95160520825j),73.86007358086715,0.027490774446378295,(130198.3339758098+0j),83.55987597046173,0.00028452855423441556,(13245.698588742089+0j)
8.387808534730896,73.36059137029068,0.055486568645687656,(-71722.01628227605+170500.95160520825j),73.36059137029068,0.055486568645687656,(-71722.01628227605-170500.95160520825j),73.7843104521384,0.027490774446378295,(130198.3339758098+0j),83.42395574767318,0.00028452855423441556,(13245.698588742089+0j)
8.513639331764908,73.33247605082187,0.055486568645687656,(-71722.01628227605+170500.95160520825j),73.33247605082187,0.055486568645687656,(-71722.01628227605-170500.95160520825j),73.711961016552,0.027490774446378295,(130198.3339758098+0j),83.27419011327282,0.00028452855423441556,(13245.698588742089+0j)
8.639470128798923,73.30589078495682,0.055486568645687656,(-71722.01628227605+170500.95160520825j),73.30589078495682,0.055486568645687656,(-71722.01628227605-170500.95160520825j),73.64312152906419,0.027490774446378295,(130198.3339758098+0j),83.108364106469,0.00028452855423441556,(13245.698588742089+0j)
8.765300925832937,73.28085658807397,0.055486568645687656,(-71722.01628227605+170500.95160520825j),73.28085658807397,0.055486568645687656,(-71722.01628227605-170500.95160520825j),73.57789080614455,0.027490774446378295,(130198.3339758098+0j),82.92376789093906,0.00028452855423441556,(13245.698588742089+0j)
8.89113172286695,73.25739475721167,0.055486568645687656,(-71722.01628227605+170500.95160520825j),73.25739475721167,0.055486568645687656,(-71722.01628227605-170500.95160520825j),73.51637030074686,0.027490774446378295,(130198.3339758098+0j),82.71705206399736,0.00028452855423441556,(13245.698588742089+0j)
9.016962519900964,73.23552687524477,0.055486568645687656,(-71722.01628227605+170500.95160520825j),73.23552687524477,0.055486568645687656,(-71722.01628227605-170500.95160520825j),73.45866417974486,0.027490774446378295,(130198.3339758098+0j),82.4840299450093,0.00028452855423441556,(13245.698588742089+0j)
9.142793316934979,73.21527481513073,0.055486568645687656,(-71722.01628227605+170500.95160520825j),73.21527481513073,0.055486568645687656,(-71722.01628227605-170500.95160520825j),73.40487940392445,0.027490774446378295,(130198.3339758098+0j),82.21940331406651,0.00028452855423441556,(13245.698588742089+0j)
9.268624113968992,73.19666074422675,0.055486568645687656,(-71722.01628227605+170500.95160520825j),73.19666074422675,0.055486568645687656,(-71722.01628227605-170500.95160520825j),73.35512581062666,0.027490774446378295,(130198.3339758098+0j),81.9163758662482,0.00028452855423441556,(13245.698588742089+0j)
9.394454911003006,73.1797071286791,0.055486568645687656,(-71722.01628227605+170500.95160520825j),73.1797071286791,0.055486568645687656,(-71722.01628227605-170500.95160520825j),73.30951619914005,0.027490774446378295,(130198.3339758098+0j),81.56609942395512,0.00028452855423441556,(13245.698588742089+0j)
9.520285708037019,73.16443673788623,0.055486568645687656,(-71722.01628227605+170500.95160520825j),73.16443673788623,0.055486568645687656,(-71722.01628227605-170500.95160520825j),73.2681664189452,0.027490774446378295,(130198.3339758098+0j),81.15686779930056,0.00028452855423441556,(13245.698588742089+0j)
9.646116505071033,73.15087264903676,0.055486568645687656,(-71722.01628227605+170500.95160520825j),73.15087264903676,0.055486568645687656,(-71722.01628227605-170500.95160520825j),73.23119546091824,0.027490774446378295,(130198.3339758098+0j),80.67292741841347,0.00028452855423441556,(13245.698588742089+0j)
9.771947302105048,73.1390382517239,0.055486568645687656,(-71722.01628227605+170500.95160520825j),73.1390382517239,0.055486568645687656,(-71722.01628227605-170500.95160520825j),73.19872555160495,0.027490774446378295,(130198.3339758098+0j),80.09271204138004,0.00028452855423441556,(13245.698588742089+0j)
9.89777809913906,73.1289572526379,0.055486568645687656,(-71722.01628227605+170500.95160520825j),73.1289572526379,0.055486568645687656,(-71722.01628227605-170500.95160520825j),73.1708822506811,0.027490774446378295,(130198.3339758098+0j),79.38626218212758,0.00028452855423441556,(13245.698588742089+0j)
10.023608896173075,73.12065368033767,0.055486568645687656,(-71722.01628227605+170500.95160520825j),73.12065368033767,0.055486568645687656,(-71722.01628227605-170500.95160520825j),73.14779455172065,0.027490774446378295,(130198.3339758098+0j),78.51175188831911,0.00028452855423441556,(13245.698588742089+0j)
10.14943969320709,73.11415189010339,0.055486568645687656,(-71722.01628227605+170500.95160520825j),73.11415189010339,0.055486568645687656,(-71722.01628227605-170500.95160520825j),73.12959498639728,0.027490774446378295,(130198.3339758098+0j),77.41243742578963,0.00028452855423441556,(13245.698588742089+0j)
10.275270490241102,73.10947656887144,0.055486568645687656,(-71722.01628227605+170500.95160520825j),73.10947656887144,0.055486568645687656,(-71722.01628227605-170500.95160520825j),73.11641973225102,0.027490774446378295,(130198.3339758098+0j),76.0236104069196,0.00028452855423441556,(13245.698588742089+0j)
10.401101287275116,73.10665274025334,0.055486568645687656,(-71722.01628227605+170500.95160520825j),73.10665274025334,0.055486568645687656,(-71722.01628227605-170500.95160520825j),73.10840872415719,0.027490774446378295,(130198.3339758098+0j),74.3511379815604,0.00028452855423441556,(13245.698588742089+0j)
10.52693208430913,73.1057057696402,0.055486568645687656,(-71722.01628227605+170500.95160520825j),73.1057057696402,0.055486568645687656,(-71722.01628227605-170500.95160520825j),73.1057057696402,0.027490774446378295,(130198.3339758098+0j),73.1057057696402,0.00028452855423441556,(13245.698588742089+0j)
10.52693208430913,73.1057057696402,0.03606483232986723,(-451338.10901258147+892133.9680442107j),73.1057057696402,0.03606483232986723,(-451338.10901258147-892133.9680442107j),73.1057057696402,0.028713229724044498,(892101.2868567969+0j),73.1057057696402,4.034677370200783e-06,(10574.931168366133+0j)
10.562321995974946,73.10666661679385,0.03606483232986723,(-451338.10901258147+892133.9680442107j),73.10666661679385,0.03606483232986723,(-451338.10901258147-892133.9680442107j),73.10705765271028,0.028713229724044498,(892101.2868567969+0j),81.62693319925816,4.034677370200783e-06,(10574.931168366133+0j)
10.597711907640763,73.10954163378955,0.03606483232986723,(-451338.10901258147+892133.9680442107j),73.10954163378955,0.03606483232986723,(-451338.10901258147-892133.9680442107j),73.11110001298364,0.028713229724044498,(892101.2868567969+0j),82.57079982807356,4.034677370200783e-06,(10574.931168366133+0j)
10.63310181930658,73.11431958359854,0.03606483232986723,(-451338.10901258147+892133.9680442107j),73.11431958359854,0.03606483232986723,(-451338.10901258147-892133.9680442107j),73.11781302713824,0.028713229724044498,(892101.2868567969+0j),82.92049662581691,4.034677370200783e-06,(10574.931168366133+0j)
10.668491730972395,73.12098929507235,0.03606483232986723,(-451338.10901258147+892133.9680442107j),73.12098929507235,0.03606483232986723,(-451338.10901258147-892133.9680442107j),73.12717701767038,0.028713229724044498,(892101.2868567969+0j),83.10265761919234,4.034677370200783e-06,(10574.931168366133+0j)
10.703881642638212,73.12953966251415,0.03606483232986723,(-451338.10901258147+892133.9680442107j),73.12953966251415,0.03606483232986723,(-451338.10901258147-892133.9680442107j),73.13917245170445,0.028713229724044498,(892101.2868567969+0j),83.21439904292106,4.034677370200783e-06,(10574.931168366133+0j)
10.739271554304027,73.13995964525313,0.03606483232986723,(-451338.10901258147+892133.9680442107j),73.13995964525313,0.03606483232986723,(-451338.10901258147-892133.9680442107j),73.15377993981369,0.028713229724044498,(892101.2868567969+0j),83.28993739701798,4.034677370200783e-06,(10574.931168366133+0j)
10.774661465969846,73.15223826722212,0.03606483232986723,(-451338.10901258147+892133.9680442107j),73.15223826722212,0.03606483232986723,(-451338.10901258147-892133.9680442107j),73.17098023485157,0.028713229724044498,(892101.2868567969+0j),83.34441295584223,4.034677370200783e-06,(10574.931168366133+0j)
10.810051377635661,73.16636461653812,0.03606483232986723,(-451338.10901258147+892133.9680442107j),73.16636461653812,0.03606483232986723,(-451338.10901258147-892133.9680442107j),73.19075423079406,0.028713229724044498,(892101.2868567969+0j),83.38555697463711,4.034677370200783e-06,(10574.931168366133+0j)
10.845441289301478,73.18232784508605,0.03606483232986723,(-451338.10901258147+892133.9680442107j),73.18232784508605,0.03606483232986723,(-451338.10901258147-892133.9680442107j),73.21308296159238,0.028713229724044498,(892101.2868567969+0j),83.41772958080489,4.034677370200783e-06,(10574.931168366133+0j)
10.880831200967293,73.20011716810545,0.03606483232986723,(-451338.10901258147+892133.9680442107j),73.20011716810545,0.03606483232986723,(-451338.10901258147-892133.9680442107j),73.23794760003624,0.028713229724044498,(892101.2868567969+0j),83.4435765356957,4.034677370200783e-06,(10574.931168366133+0j)
10.91622111263311,73.21972186378021,0.03606483232986723,(-451338.10901258147+892133.9680442107j),73.21972186378021,0.03606483232986723,(-451338.10901258147-892133.9680442107j),73.26532945662748,0.028713229724044498,(892101.2868567969+0j),83.46479639378191,4.034677370200783e-06,(10574.931168366133+0j)
10.951611024298927,73.24113127283128,0.03606483232986723,(-451338.10901258147+892133.9680442107j),73.24113127283128,0.03606483232986723,(-451338.10901258147-892133.9680442107j),73.29520997846393,0.028713229724044498,(892101.2868567969+0j),83.48252955731367,4.034677370200783e-06,(10574.931168366133+0j)
10.987000935964744,73.2643347981123,0.03606483232986723,(-451338.10901258147+892133.9680442107j),73.2643347981123,0.03606483232986723,(-451338.10901258147-892133.9680442107j),73.32757074813343,0.028713229724044498,(892101.2868567969+0j),83.49757013158359,4.034677370200783e-06,(10574.931168366133+0j)
11.02239084763056,73.28932190420831,0.03606483232986723,(-451338.10901258147+892133.9680442107j),73.28932190420831,0.03606483232986723,(-451338.10901258147-892133.9680442107j),73.36239348261795,0.028713229724044498,(892101.2868567969+0j),83.51048809466843,4.034677370200783e-06,(10574.931168366133+0j)
11.057780759296376,73.31608211703715,0.03606483232986723,(-451338.10901258147+892133.9680442107j),73.31608211703715,0.03606483232986723,(-451338.10901258147-892133.9680442107j),73.39966003220762,0.028713229724044498,(892101.2868567969+0j),83.52170315648543,4.034677370200783e-06,(10574.931168366133+0j)
11.093170670962193,73.34460502345397,0.03606483232986723,(-451338.10901258147+892133.9680442107j),73.34460502345397,0.03606483232986723,(-451338.10901258147-892133.9680442107j),73.43935237942465,0.028713229724044498,(892101.2868567969+0j),83.53153121670903,4.034677370200783e-06,(10574.931168366133+0j)
11.12856058262801,73.37488027085847,0.03606483232986723,(-451338.10901258147+892133.9680442107j),73.37488027085847,0.03606483232986723,(-451338.10901258147-892133.9680442107j),73.48145263795689,0.028713229724044498,(892101.2868567969+0j),83.54021459067742,4.034677370200783e-06,(10574.931168366133+0j)
11.163950494293825,73.40689756680499,0.03606483232986723,(-451338.10901258147+892133.9680442107j),73.40689756680499,0.03606483232986723,(-451338.10901258147-892133.9680442107j),73.52594305160125,0.028713229724044498,(892101.2868567969+0j),83.54794225568146,4.034677370200783e-06,(10574.931168366133+0j)
11.19934040595964,73.44064667861547,0.03606483232986723,(-451338.10901258147+892133.9680442107j),73.44064667861547,0.03606483232986723,(-451338.10901258147-892133.9680442107j),73.57280599321648,0.028713229724044498,(892101.2868567969+0j),83.55486376120693,4.034677370200783e-06,(10574.931168366133+0j)
11.234730317625457,73.47611743299521,0.03606483232986723,(-451338.10901258147+892133.9680442107j),73.47611743299521,0.03606483232986723,(-451338.10901258147-892133.9680442107j),73.62202396368546,0.028713229724044498,(892101.2868567969+0j),83.56109900176634,4.034677370200783e-06,(10574.931168366133+0j)
11.270120229291274,73.51329971565133,0.03606483232986723,(-451338.10901258147+892133.9680442107j),73.51329971565133,0.03606483232986723,(-451338.10901258147-892133.9680442107j),73.67357959088697,0.028713229724044498,(892101.2868567969+0j),83.56674522021778,4.034677370200783e-06,(10574.931168366133+0j)
11.305510140957091,73.55218347091407,0.03606483232986723,(-451338.10901258147+892133.9680442107j),73.55218347091407,0.03606483232986723,(-451338.10901258147-892133.9680442107j),73.72745562867652,0.028713229724044498,(892101.2868567969+0j),83.57188211592481,4.034677370200783e-06,(10574.931168366133+0j)
11.340900052622906,73.59275870136074,0.03606483232986723,(-451338.10901258147+892133.9680442107j),73.59275870136074,0.03606483232986723,(-451338.10901258147-892133.9680442107j),73.78363495587655,0.028713229724044498,(892101.2868567969+0j),83.57657563025434,4.034677370200783e-06,(10574.931168366133+0j)
11.376289964288723,73.63501546744247,0.03606483232986723,(-451338.10901258147+892133.9680442107j),73.63501546744247,0.03606483232986723,(-451338.10901258147-892133.9680442107j),73.84210057527558,0.028713229724044498,(892101.2868567969+0j),83.58088079243862,4.034677370200783e-06,(10574.931168366133+0j)
11.41167987595454,73.67894388711352,0.03606483232986723,(-451338.10901258147+892133.9680442107j),73.67894388711352,0.03606483232986723,(-451338.10901258147-892133.9680442107j),73.90283561263641,0.028713229724044498,(892101.2868567969+0j),83.5848438870991,4.034677370200783e-06,(10574.931168366133+0j)
11.447069787620357,73.72453413546339,0.03606483232986723,(-451338.10901258147+892133.9680442107j),73.72453413546339,0.03606483232986723,(-451338.10901258147-892133.9680442107j),73.96582331571327,0.028713229724044498,(892101.2868567969+0j),83.58850412486018,4.034677370200783e-06,(10574.931168366133+0j)
11.482459699286172,73.77177644435147,0.03606483232986723,(-451338.10901258147+892133.9680442107j),73.77177644435147,0.03606483232986723,(-451338.10901258147-892133.9680442107j),74.03104705327763,0.028713229724044498,(892101.2868567969+0j),83.59189494406505,4.034677370200783e-06,(10574.931168366133+0j)
11.51784961095199,73.82066110204437,0.03606483232986723,(-451338.10901258147+892133.9680442107j),73.82066110204437,0.03606483232986723,(-451338.10901258147-892133.9680442107j),74.09849031415293,0.028713229724044498,(892101.2868567969+0j),83.59504503525484,4.034677370200783e-06,(10574.931168366133+0j)
11.553239522617806,73.87117845285579,0.03606483232986723,(-451338.10901258147+892133.9680442107j),73.87117845285579,0.03606483232986723,(-451338.10901258147-892133.9680442107j),74.1681367062577,0.028713229724044498,(892101.2868567969+0j),83.59797915493556,4.034677370200783e-06,(10574.931168366133+0j)
11.588629434283623,73.92331889678907,0.03606483232986723,(-451338.10901258147+892133.9680442107j),73.92331889678907,0.03606483232986723,(-451338.10901258147-892133.9680442107j),74.23996995565756,0.028713229724044498,(892101.2868567969+0j),83.60071877751884,4.034677370200783e-06,(10574.931168366133+0j)
11.624019345949439,73.97707288918221,0.03606483232986723,(-451338.10901258147+892133.9680442107j),73.97707288918221,0.03606483232986723,(-451338.10901258147-892133.9680442107j),74.31397390562533,0.028713229724044498,(892101.2868567969+0j),83.60328262177596,4.034677370200783e-06,(10574.931168366133+0j)
11.659409257615254,74.03243094035541,0.03606483232986723,(-451338.10901258147+892133.9680442107j),74.03243094035541,0.03606483232986723,(-451338.10901258147-892133.9680442107j),74.39013251570981,0.028713229724044498,(892101.2868567969+0j),83.60568707910913,4.034677370200783e-06,(10574.931168366133+0j)
11.69479916928107,74.08938361526126,0.03606483232986723,(-451338.10901258147+892133.9680442107j),74.08938361526126,0.03606483232986723,(-451338.10901258147-892133.9680442107j),74.46842986081263,0.028713229724044498,(892101.2868567969+0j),83.60794656435831,4.034677370200783e-06,(10574.931168366133+0j)
11.730189080946888,74.14792153313724,0.03606483232986723,(-451338.10901258147+892133.9680442107j),74.14792153313724,0.03606483232986723,(-451338.10901258147-892133.9680442107j),74.54885013027355,0.028713229724044498,(892101.2868567969+0j),83.61007380501214,4.034677370200783e-06,(10574.931168366133+0j)
11.765578992612705,74.20803536716092,0.03606483232986723,(-451338.10901258147+892133.9680442107j),74.20803536716092,0.03606483232986723,(-451338.10901258147-892133.9680442107j),74.63137762696358,0.028713229724044498,(892101.2868567969+0j),83.61208008108203,4.034677370200783e-06,(10574.931168366133+0j)
11.80096890427852,74.2697158441074,0.03606483232986723,(-451338.10901258147+892133.9680442107j),74.2697158441074,0.03606483232986723,(-451338.10901258147-892133.9680442107j),74.71599676638652,0.028713229724044498,(892101.2868567969+0j),83.61397542518691,4.034677370200783e-06,(10574.931168366133+0j)
11.836358815944337,74.3329537440093,0.03606483232986723,(-451338.10901258147+892133.9680442107j),74.3329537440093,0.03606483232986723,(-451338.10901258147-892133.9680442107j),74.80269207578814,0.028713229724044498,(892101.2868567969+0j),83.61576879034165,4.034677370200783e-06,(10574.931168366133+0j)
11.871748727610154,74.39773989981921,0.03606483232986723,(-451338.10901258147+892133.9680442107j),74.39773989981921,0.03606483232986723,(-451338.10901258147-892133.9680442107j),74.89144819327349,0.028713229724044498,(892101.2868567969+0j),83.61746819137188,4.034677370200783e-06,(10574.931168366133+0j)
11.90713863927597,74.46406519707442,0.03606483232986723,(-451338.10901258147+892133.9680442107j),74.46406519707442,0.03606483232986723,(-451338.10901258147-892133.9680442107j),74.9822498669319,0.028713229724044498,(892101.2868567969+0j),83.61908082466776,4.034677370200783e-06,(10574.931168366133+0j)
11.942528550941786,74.53192057356416,0.03606483232986723,(-451338.10901258147+892133.9680442107j),74.53192057356416,0.03606483232986723,(-451338.10901258147-892133.9680442107j),75.07508195396966,0.028713229724044498,(892101.2868567969+0j),83.62061317005168,4.034677370200783e-06,(10574.931168366133+0j)
11.977918462607603,74.60129701899906,0.03606483232986723,(-451338.10901258147+892133.9680442107j),74.60129701899906,0.03606483232986723,(-451338.10901258147-892133.9680442107j),75.16992941985062,0.028713229724044498,(892101.2868567969+0j),83.62207107780047,4.034677370200783e-06,(10574.931168366133+0j)
12.013308374273418,74.6721855746831,0.03606483232986723,(-451338.10901258147+892133.9680442107j),74.6721855746831,0.03606483232986723,(-451338.10901258147-892133.9680442107j),75.2667773374441,0.028713229724044498,(892101.2868567969+0j),83.6234598432865,4.034677370200783e-06,(10574.931168366133+0j)
12.048698285939237,74.74457733318779,0.03606483232986723,(-451338.10901258147+892133.9680442107j),74.74457733318779,0.03606483232986723,(-451338.10901258147-892133.9680442107j),75.3656108861804,0.028713229724044498,(892101.2868567969+0j),83.62478427124518,4.034677370200783e-06,(10574.931168366133+0j)
12.084088197605052,74.81846343802867,0.03606483232986723,(-451338.10901258147+892133.9680442107j),74.81846343802867,0.03606483232986723,(-451338.10901258147-892133.9680442107j),75.4664153512138,0.028713229724044498,(892101.2868567969+0j),83.62604873131268,4.034677370200783e-06,(10574.931168366133+0j)
12.119478109270869,74.89383508334414,0.03606483232986723,(-451338.10901258147+892133.9680442107j),74.89383508334414,0.03606483232986723,(-451338.10901258147-892133.9680442107j),75.56917612259285,0.028713229724044498,(892101.2868567969+0j),83.62725720618677,4.034677370200783e-06,(10574.931168366133+0j)
12.154868020936684,74.9706835135765,0.03606483232986723,(-451338.10901258147+892133.9680442107j),74.9706835135765,0.03606483232986723,(-451338.10901258147-892133.9680442107j),75.67387869443805,0.028713229724044498,(892101.2868567969+0j),83.62841333352915,4.034677370200783e-06,(10574.931168366133+0j)
12.190257932602501,75.0490000231553,0.03606483232986723,(-451338.10901258147+892133.9680442107j),75.0490000231553,0.03606483232986723,(-451338.10901258147-892133.9680442107j),75.78050866412659,0.028713229724044498,(892101.2868567969+0j),83.62952044253808,4.034677370200783e-06,(10574.931168366133+0j)
12.225647844268318,75.12877595618286,0.03606483232986723,(-451338.10901258147+892133.9680442107j),75.12877595618286,0.03606483232986723,(-451338.10901258147-892133.9680442107j),75.88905173148439,0.028713229724044498,(892101.2868567969+0j),83.6305815859655,4.034677370200783e-06,(10574.931168366133+0j)
12.261037755934133,75.21000270612205,0.03606483232986723,(-451338.10901258147+892133.9680442107j),75.21000270612205,0.03606483232986723,(-451338.10901258147-892133.9680442107j),75.99949369798519,0.028713229724044498,(892101.2868567969+0j),83.63159956822757,4.034677370200783e-06,(10574.931168366133+0j)
12.29642766759995,75.29267171548638,0.03606483232986723,(-451338.10901258147+892133.9680442107j),75.29267171548638,0.03606483232986723,(-451338.10901258147-892133.9680442107j),76.11182046595655,0.028713229724044498,(892101.2868567969+0j),83.63257697015345,4.034677370200783e-06,(10574.931168366133+0j)
12.331817579265765,75.3767744755319,0.03606483232986723,(-451338.10901258147+892133.9680442107j),75.3767744755319,0.03606483232986723,(-451338.10901258147-892133.9680442107j),76.22601803779291,0.028713229724044498,(892101.2868567969+0j),83.63351617083202,4.034677370200783e-06,(10574.931168366133+0j)
12.367207490931584,75.46230252595176,0.03606483232986723,(-451338.10901258147+892133.9680442107j),75.46230252595176,0.03606483232986723,(-451338.10901258147-892133.9680442107j),76.34207251517545,0.028713229724044498,(892101.2868567969+0j),83.6344193669464,4.034677370200783e-06,(10574.931168366133+0j)
12.402597402597399,75.5492474545726,0.03606483232986723,(-451338.10901258147+892133.9680442107j),75.5492474545726,0.03606483232986723,(-451338.10901258147-892133.9680442107j),76.45997009829878,0.028713229724044498,(892101.2868567969+0j),83.63528858992647,4.034677370200783e-06,(10574.931168366133+0j)
12.437987314263216,75.63760089705306,0.03606483232986723,(-451338.10901258147+892133.9680442107j),75.63760089705306,0.03606483232986723,(-451338.10901258147-892133.9680442107j),76.57969708510441,0.028713229724044498,(892101.2868567969+0j),83.63612572120176,4.034677370200783e-06,(10574.931168366133+0j)
12.473377225929031,75.72735453658466,0.03606483232986723,(-451338.10901258147+892133.9680442107j),75.72735453658466,0.03606483232986723,(-451338.10901258147-892133.9680442107j),76.70123987052082,0.028713229724044498,(892101.2868567969+0j),83.6369325057954,4.034677370200783e-06,(10574.931168366133+0j)
12.50876713759485,75.81850010359442,0.03606483232986723,(-451338.10901258147+892133.9680442107j),75.81850010359442,0.03606483232986723,(-451338.10901258147-892133.9680442107j),76.82458494571013,0.028713229724044498,(892101.2868567969+0j),83.63771056446619,4.034677370200783e-06,(10574.931168366133+0j)
12.544157049260665,75.9110293754499,0.03606483232986723,(-451338.10901258147+892133.9680442107j),75.9110293754499,0.03606483232986723,(-451338.10901258147-892133.9680442107j),76.94971889732147,0.028713229724044498,(892101.2868567969+0j),83.63846140457625,4.034677370200783e-06,(10574.931168366133+0j)
12.579546960926482,76.00493417616607,0.03606483232986723,(-451338.10901258147+892133.9680442107j),76.00493417616607,0.03606483232986723,(-451338.10901258147-892133.9680442107j),77.07662840675064,0.028713229724044498,(892101.2868567969+0j),83.63918642983784,4.034677370200783e-06,(10574.931168366133+0j)
12.614936872592297,76.1002063761144,0.03606483232986723,(-451338.10901258147+892133.9680442107j),76.1002063761144,0.03606483232986723,(-451338.10901258147-892133.9680442107j),77.20530024940626,0.028713229724044498,(892101.2868567969+0j),83.63988694907174,4.034677370200783e-06,(10574.931168366133+0j)
12.650326784258112,76.19683789173376,0.03606483232986723,(-451338.10901258147+892133.9680442107j),76.19683789173376,0.03606483232986723,(-451338.10901258147-892133.9680442107j),77.33572129398237,0.028713229724044498,(892101.2868567969+0j),83.64056418409245,4.034677370200783e-06,(10574.931168366133+0j)
12.68571669592393,76.29482068524361,0.03606483232986723,(-451338.10901258147+892133.9680442107j),76.29482068524361,0.03606483232986723,(-451338.10901258147-892133.9680442107j),77.46787850173716,0.028713229724044498,(892101.2868567969+0j),83.64121927681981,4.034677370200783e-06,(10574.931168366133+0j)
12.721106607589746,76.39414676435898,0.03606483232986723,(-451338.10901258147+892133.9680442107j),76.39414676435898,0.03606483232986723,(-451338.10901258147-892133.9680442107j),77.60175892577801,0.028713229724044498,(892101.2868567969+0j),83.6418532957044,4.034677370200783e-06,(10574.931168366133+0j)
12.756496519255563,76.49480818200752,0.03606483232986723,(-451338.10901258147+892133.9680442107j),76.49480818200752,0.03606483232986723,(-451338.10901258147-892133.9680442107j),77.73734971035282,0.028713229724044498,(892101.2868567969+0j),83.64246724154255,4.034677370200783e-06,(10574.931168366133+0j)
12.791886430921378,76.59679703604851,0.03606483232986723,(-451338.10901258147+892133.9680442107j),76.59679703604851,0.03606483232986723,(-451338.10901258147-892133.9680442107j),77.8746380901472,0.028713229724044498,(892101.2868567969+0j),83.6430620527478,4.034677370200783e-06,(10574.931168366133+0j)
12.827276342587197,76.70010546899388,0.03606483232986723,(-451338.10901258147+892133.9680442107j),76.70010546899388,0.03606483232986723,(-451338.10901258147-892133.9680442107j),78.01361138958798,0.028713229724044498,(892101.2868567969+0j),83.6436386101369,4.034677370200783e-06,(10574.931168366133+0j)
12.862666254253012,76.80472566773099,0.03606483232986723,(-451338.10901258147+892133.9680442107j),76.80472566773099,0.03606483232986723,(-451338.10901258147-892133.9680442107j),78.15425702215254,0.028713229724044498,(892101.2868567969+0j),83.64419774128197,4.034677370200783e-06,(10574.931168366133+0j)
12.89805616591883,76.91064986324761,0.03606483232986723,(-451338.10901258147+892133.9680442107j),76.91064986324761,0.03606483232986723,(-451338.10901258147-892133.9680442107j),78.29656248968413,0.028713229724044498,(892101.2868567969+0j),83.6447402244738,4.034677370200783e-06,(10574.931168366133+0j)
12.933446077584644,77.01787033035855,0.03606483232986723,(-451338.10901258147+892133.9680442107j),77.01787033035855,0.03606483232986723,(-451338.10901258147-892133.9680442107j),78.44051538171317,0.028713229724044498,(892101.2868567969+0j),83.64526679233632,4.034677370200783e-06,(10574.931168366133+0j)
12.968835989250461,77.12637938743431,0.03606483232986723,(-451338.10901258147+892133.9680442107j),77.12637938743431,0.03606483232986723,(-451338.10901258147-892133.9680442107j),78.58610337478413,0.028713229724044498,(892101.2868567969+0j),83.64577813512776,4.034677370200783e-06,(10574.931168366133+0j)
13.004225900916277,77.23616939613167,0.03606483232986723,(-451338.10901258147+892133.9680442107j),77.23616939613167,0.03606483232986723,(-451338.10901258147-892133.9680442107j),78.73331423178851,0.028713229724044498,(892101.2868567969+0j),83.64627490375919,4.034677370200783e-06,(10574.931168366133+0j)
13.039615812582095,77.34723276112595,0.03606483232986723,(-451338.10901258147+892133.9680442107j),77.34723276112595,0.03606483232986723,(-451338.10901258147-892133.9680442107j),78.88213580130328,0.028713229724044498,(892101.2868567969+0j),83.6467577125589,4.034677370200783e-06,(10574.931168366133+0j)
13.07500572424791,77.45956192984535,0.03606483232986723,(-451338.10901258147+892133.9680442107j),77.45956192984535,0.03606483232986723,(-451338.10901258147-892133.9680442107j),79.03255601693505,0.028713229724044498,(892101.2868567969+0j),83.64722714180684,4.034677370200783e-06,(10574.931168366133+0j)
13.110395635913726,77.57314939220691,0.03606483232986723,(-451338.10901258147+892133.9680442107j),77.57314939220691,0.03606483232986723,(-451338.10901258147-892133.9680442107j),79.18456289666993,0.028713229724044498,(892101.2868567969+0j),83.64768374006117,4.034677370200783e-06,(10574.931168366133+0j)
13.145785547579544,77.68798768035455,0.03606483232986723,(-451338.10901258147+892133.9680442107j),77.68798768035455,0.03606483232986723,(-451338.10901258147-892133.9680442107j),79.33814454222882,0.028713229724044498,(892101.2868567969+0j),83.64812802629672,4.034677370200783e-06,(10574.931168366133+0j)
13.18117545924536,77.80406936839859,0.03606483232986723,(-451338.10901258147+892133.9680442107j),77.80406936839859,0.03606483232986723,(-451338.10901258147-892133.9680442107j),79.49328913842828,0.028713229724044498,(892101.2868567969+0j),83.64856049187273,4.034677370200783e-06,(10574.931168366133+0j)
13.216565370911177,77.92138707215736,0.03606483232986723,(-451338.10901258147+892133.9680442107j),77.92138707215736,0.03606483232986723,(-451338.10901258147-892133.9680442107j),79.64998495254683,0.028713229724044498,(892101.2868567969+0j),83.64898160234554,4.034677370200783e-06,(10574.931168366133+0j)
13.251955282576992,78.0399334489005,0.03606483232986723,(-451338.10901258147+892133.9680442107j),78.0399334489005,0.03606483232986723,(-451338.10901258147-892133.9680442107j),79.80822033369668,0.028713229724044498,(892101.2868567969+0j),83.64939179914045,4.034677370200783e-06,(10574.931168366133+0j)
13.287345194242809,78.15970119709385,0.03606483232986723,(-451338.10901258147+892133.9680442107j),78.15970119709385,0.03606483232986723,(-451338.10901258147-892133.9680442107j),79.96798371220065,0.028713229724044498,(892101.2868567969+0j),83.64979150109505,4.034677370200783e-06,(10574.931168366133+0j)
13.322735105908624,78.28068305614642,0.03606483232986723,(-451338.10901258147+892133.9680442107j),78.28068305614642,0.03606483232986723,(-451338.10901258147-892133.9680442107j),80.12926359897463,0.028713229724044498,(892101.2868567969+0j),83.65018110588596,4.034677370200783e-06,(10574.931168366133+0j)
13.358125017574443,78.40287180615883,0.03606483232986723,(-451338.10901258147+892133.9680442107j),78.40287180615883,0.03606483232986723,(-451338.10901258147-892133.9680442107j),80.29204858491516,0.028713229724044498,(892101.2868567969+0j),83.65056099134831,4.034677370200783e-06,(10574.931168366133+0j)
13.393514929240258,78.52626026767358,0.03606483232986723,(-451338.10901258147+892133.9680442107j),78.52626026767358,0.03606483232986723,(-451338.10901258147-892133.9680442107j),80.45632734029205,0.028713229724044498,(892101.2868567969+0j),83.65093151669817,4.034677370200783e-06,(10574.931168366133+0j)
13.428904840906075,78.65084130142705,0.03606483232986723,(-451338.10901258147+892133.9680442107j),78.65084130142705,0.03606483232986723,(-451338.10901258147-892133.9680442107j),80.62208861414649,0.028713229724044498,(892101.2868567969+0j),83.6512930236653,4.034677370200783e-06,(10574.931168366133+0j)
13.464294752571892,78.77660780810315,0.03606483232986723,(-451338.10901258147+892133.9680442107j),78.77660780810315,0.03606483232986723,(-451338.10901258147-892133.9680442107j),80.78932123369393,0.028713229724044498,(892101.2868567969+0j),83.65164583754449,4.034677370200783e-06,(10574.931168366133+0j)
13.499684664237709,78.90355272808871,0.03606483232986723,(-451338.10901258147+892133.9680442107j),78.90355272808871,0.03606483232986723,(-451338.10901258147-892133.9680442107j),80.9580141037322,0.028713229724044498,(892101.2868567969+0j),83.65199026817184,4.034677370200783e-06,(10574.931168366133+0j)
13.535074575903524,79.0316690412305,0.03606483232986723,(-451338.10901258147+892133.9680442107j),79.0316690412305,0.03606483232986723,(-451338.10901258147-892133.9680442107j),81.12815620605458,0.028713229724044498,(892101.2868567969+0j),83.65232661083219,4.034677370200783e-06,(10574.931168366133+0j)
13.57046448756934,79.16094976659394,0.03606483232986723,(-451338.10901258147+892133.9680442107j),79.16094976659394,0.03606483232986723,(-451338.10901258147-892133.9680442107j),81.29973659886778,0.028713229724044498,(892101.2868567969+0j),83.65265514710349,4.034677370200783e-06,(10574.931168366133+0j)
13.605854399235156,79.29138796222345,0.03606483232986723,(-451338.10901258147+892133.9680442107j),79.29138796222345,0.03606483232986723,(-451338.10901258147-892133.9680442107j),81.47274441621492,0.028713229724044498,(892101.2868567969+0j),83.65297614564302,4.034677370200783e-06,(10574.931168366133+0j)
13.641244310900971,79.42297672490442,0.03606483232986723,(-451338.10901258147+892133.9680442107j),79.42297672490442,0.03606483232986723,(-451338.10901258147-892133.9680442107j),81.64716886740327,0.028713229724044498,(892101.2868567969+0j),83.65328986292012,4.034677370200783e-06,(10574.931168366133+0j)
13.67663422256679,79.55570918992683,0.03606483232986723,(-451338.10901258147+892133.9680442107j),79.55570918992683,0.03606483232986723,(-451338.10901258147-892133.9680442107j),81.82299923643687,0.028713229724044498,(892101.2868567969+0j),83.65359654389945,4.034677370200783e-06,(10574.931168366133+0j)
13.712024134232605,79.6895785308505,0.03606483232986723,(-451338.10901258147+892133.9680442107j),79.6895785308505,0.03606483232986723,(-451338.10901258147-892133.9680442107j),82.00022488145393,0.028713229724044498,(892101.2868567969+0j),83.65389642267913,4.034677370200783e-06,(10574.931168366133+0j)
13.747414045898422,79.82457795927185,0.03606483232986723,(-451338.10901258147+892133.9680442107j),79.82457795927185,0.03606483232986723,(-451338.10901258147-892133.9680442107j),82.1788352341689,0.028713229724044498,(892101.2868567969+0j),83.65418972308646,4.034677370200783e-06,(10574.931168366133+0j)
13.782803957564239,79.96070072459237,0.03606483232986723,(-451338.10901258147+892133.9680442107j),79.96070072459237,0.03606483232986723,(-451338.10901258147-892133.9680442107j),82.35881979931926,0.028713229724044498,(892101.2868567969+0j),83.65447665923529,4.034677370200783e-06,(10574.931168366133+0j)
13.818193869230056,80.09794011378855,0.03606483232986723,(-451338.10901258147+892133.9680442107j),80.09794011378855,0.03606483232986723,(-451338.10901258147-892133.9680442107j),82.54016815411694,0.028713229724044498,(892101.2868567969+0j),83.65475743604715,4.034677370200783e-06,(10574.931168366133+0j)
13.853583780895871,80.23628945118351,0.03606483232986723,(-451338.10901258147+892133.9680442107j),80.23628945118351,0.03606483232986723,(-451338.10901258147-892133.9680442107j),82.72286994770431,0.028713229724044498,(892101.2868567969+0j),83.65503224973935,4.034677370200783e-06,(10574.931168366133+0j)
13.888973692561688,80.37574209821994,0.03606483232986723,(-451338.10901258147+892133.9680442107j),80.37574209821994,0.03606483232986723,(-451338.10901258147-892133.9680442107j),82.90691490061482,0.028713229724044498,(892101.2868567969+0j),83.65530128828229,4.034677370200783e-06,(10574.931168366133+0j)
13.924363604227503,80.51629145323494,0.03606483232986723,(-451338.10901258147+892133.9680442107j),80.51629145323494,0.03606483232986723,(-451338.10901258147-892133.9680442107j),83.092292804238,0.028713229724044498,(892101.2868567969+0j),83.65556473182825,4.034677370200783e-06,(10574.931168366133+0j)
13.95975351589332,80.65793095123603,0.03606483232986723,(-451338.10901258147+892133.9680442107j),80.65793095123603,0.03606483232986723,(-451338.10901258147-892133.9680442107j),83.278993520289,0.028713229724044498,(892101.2868567969+0j),83.65582275311355,4.034677370200783e-06,(10574.931168366133+0j)
13.995143427559137,80.8006540636789,0.03606483232986723,(-451338.10901258147+892133.9680442107j),80.8006540636789,0.03606483232986723,(-451338.10901258147-892133.9680442107j),83.46700698028265,0.028713229724044498,(892101.2868567969+0j),83.6560755178364,4.034677370200783e-06,(10574.931168366133+0j)
14.030533339224954,83.6563231850117,0.10299853181339931,(-2348841.0830907584+4161902.376997573j),83.6563231850117,0.10299853181339931,(-2348841.0830907584-4161902.376997573j),83.6563231850117,0.09946512698127646,(4696275.402858757+0j),83.6563231850117,8.924950181612354e-09,(1406.76332276362+0j)
14.030533339224954,80.94445429824658,0.03606483232986723,(-451338.10901258147+892133.9680442107j),80.94445429824658,0.03606483232986723,(-451338.10901258147-892133.9680442107j),83.65632318501169,0.028713229724044498,(892101.2868567969+0j),83.6563231850117,4.034677370200783e-06,(10574.931168366133+0j)
14.04822829505786,83.65646418573553,0.10299853181339931,(-2348841.0830907584+4161902.376997573j),83.65646418573553,0.10299853181339931,(-2348841.0830907584-4161902.376997573j),83.65647176363542,0.09946512698127646,(4696275.402858757+0j),85.06166849914604,8.924950181612354e-09,(1406.76332276362+0j)
14.06592325089077,83.65688699420095,0.10299853181339931,(-2348841.0830907584+4161902.376997573j),83.65688699420095,0.10299853181339931,(-2348841.0830907584-4161902.376997573j),83.65691728814217,0.09946512698127646,(4696275.402858757+0j),85.06237723532355,8.924950181612354e-09,(1406.76332276362+0j)
14.083618206723678,83.65759132007328,0.10299853181339931,(-2348841.0830907584+4161902.376997573j),83.65759132007328,0.10299853181339931,(-2348841.0830907584-4161902.376997573j),83.657659441739,0.09946512698127646,(4696275.402858757+0j),85.06261359986141,8.924950181612354e-09,(1406.76332276362+0j)
14.101313162556584,83.65857687331692,0.10299853181339931,(-2348841.0830907584+4161902.376997573j),83.65857687331692,0.10299853181339931,(-2348841.0830907584-4161902.376997573j),83.65869790797088,0.09946512698127646,(4696275.402858757+0j),85.06273180448136,8.924950181612354e-09,(1406.76332276362+0j)
14.119008118389495,83.65984336419501,0.10299853181339931,(-2348841.0830907584+4161902.376997573j),83.65984336419501,0.10299853181339931,(-2348841.0830907584-4161902.376997573j),83.66003237072017,0.09946512698127646,(4696275.402858757+0j),85.06280273440709,8.924950181612354e-09,(1406.76332276362+0j)
14.136703074222403,83.661390503269,0.10299853181339931,(-2348841.0830907584+4161902.376997573j),83.661390503269,0.10299853181339931,(-2348841.0830907584-4161902.376997573j),83.66166251420644,0.09946512698127646,(4696275.402858757+0j),85.06285002400531,8.924950181612354e-09,(1406.76332276362+0j)
14.154398030055312,83.66321800139843,0.10299853181339931,(-2348841.0830907584+4161902.376997573j),83.66321800139843,0.10299853181339931,(-2348841.0830907584-4161902.376997573j),83.66358802298586,0.09946512698127646,(4696275.402858757+0j),85.06288380374998,8.924950181612354e-09,(1406.76332276362+0j)
14.172092985888218,83.66532556974043,0.10299853181339931,(-2348841.0830907584+4161902.376997573j),83.66532556974043,0.10299853181339931,(-2348841.0830907584-4161902.376997573j),83.66580858195093,0.09946512698127646,(4696275.402858757+0j),85.06290913935709,8.924950181612354e-09,(1406.76332276362+0j)
14.189787941721127,83.66771291974959,0.10299853181339931,(-2348841.0830907584+4161902.376997573j),83.66771291974959,0.10299853181339931,(-2348841.0830907584-4161902.376997573j),83.66832387633002,0.09946512698127646,(4696275.402858757+0j),85.06292884530254,8.924950181612354e-09,(1406.76332276362+0j)
14.207482897554035,83.67037976317744,0.10299853181339931,(-2348841.0830907584+4161902.376997573j),83.67037976317744,0.10299853181339931,(-2348841.0830907584-4161902.376997573j),83.67113359168698,0.09946512698127646,(4696275.402858757+0j),85.06294461035706,8.924950181612354e-09,(1406.76332276362+0j)
14.225177853386944,83.67332581207215,0.10299853181339931,(-2348841.0830907584+4161902.376997573j),83.67332581207215,0.10299853181339931,(-2348841.0830907584-4161902.376997573j),83.6742374139208,0.09946512698127646,(4696275.402858757+0j),85.06295750923518,8.924950181612354e-09,(1406.76332276362+0j)
14.24287280921985,83.67655077877825,0.10299853181339931,(-2348841.0830907584+4161902.376997573j),83.67655077877825,0.10299853181339931,(-2348841.0830907584-4161902.376997573j),83.67763502926515,0.09946512698127646,(4696275.402858757+0j),85.0629682584358,8.924950181612354e-09,(1406.76332276362+0j)
14.260567765052759,83.6800543759363,0.10299853181339931,(-2348841.0830907584+4161902.376997573j),83.6800543759363,0.10299853181339931,(-2348841.0830907584-4161902.376997573j),83.68132612428795,0.09946512698127646,(4696275.402858757+0j),85.06297735400949,8.924950181612354e-09,(1406.76332276362+0j)
14.27826272088567,83.68383631648241,0.10299853181339931,(-2348841.0830907584+4161902.376997573j),83.68383631648241,0.10299853181339931,(-2348841.0830907584-4161902.376997573j),83.6853103858911,0.09946512698127646,(4696275.402858757+0j),85.06298515028574,8.924950181612354e-09,(1406.76332276362+0j)
14.295957676718578,83.68789631364808,0.10299853181339931,(-2348841.0830907584+4161902.376997573j),83.68789631364808,0.10299853181339931,(-2348841.0830907584-4161902.376997573j),83.68958750131,0.09946512698127646,(4696275.402858757+0j),85.0629919071109,8.924950181612354e-09,(1406.76332276362+0j)
14.313652632551484,83.69223408095978,0.10299853181339931,(-2348841.0830907584+4161902.376997573j),83.69223408095978,0.10299853181339931,(-2348841.0830907584-4161902.376997573j),83.69415715811313,0.09946512698127646,(4696275.402858757+0j),85.06299781937285,8.924950181612354e-09,(1406.76332276362+0j)
14.331347588384393,83.69684933223857,0.10299853181339931,(-2348841.0830907584+4161902.376997573j),83.69684933223857,0.10299853181339931,(-2348841.0830907584-4161902.376997573j),83.6990190442017,0.09946512698127646,(4696275.402858757+0j),85.06300303610554,8.924950181612354e-09,(1406.76332276362+0j)
14.349042544217301,83.70174178159985,0.10299853181339931,(-2348841.0830907584+4161902.376997573j),83.70174178159985,0.10299853181339931,(-2348841.0830907584-4161902.376997573j),83.70417284780929,0.09946512698127646,(4696275.402858757+0j),85.06300767322563,8.924950181612354e-09,(1406.76332276362+0j)
14.366737500050208,83.70691114345294,0.10299853181339931,(-2348841.0830907584+4161902.376997573j),83.70691114345294,0.10299853181339931,(-2348841.0830907584-4161902.376997573j),83.70961825750136,0.09946512698127646,(4696275.402858757+0j),85.06301182224723,8.924950181612354e-09,(1406.76332276362+0j)
14.384432455883116,83.71235713250086,0.10299853181339931,(-2348841.0830907584+4161902.376997573j),83.71235713250086,0.10299853181339931,(-2348841.0830907584-4161902.376997573j),83.71535496217497,0.09946512698127646,(4696275.402858757+0j),85.06301555638238,8.924950181612354e-09,(1406.76332276362+0j)
14.402127411716025,83.71807946373985,0.10299853181339931,(-2348841.0830907584+4161902.376997573j),83.71807946373985,0.10299853181339931,(-2348841.0830907584-4161902.376997573j),83.7213826510583,0.09946512698127646,(4696275.402858757+0j),85.06301893489842,8.924950181612354e-09,(1406.76332276362+0j)
14.419822367548933,83.72407785245917,0.10299853181339931,(-2348841.0830907584+4161902.376997573j),83.72407785245917,0.10299853181339931,(-2348841.0830907584-4161902.376997573j),83.7277010137103,0.09946512698127646,(4696275.402858757+0j),85.06302200628721,8.924950181612354e-09,(1406.76332276362+0j)
14.437517323381842,83.73035201424065,0.10299853181339931,(-2348841.0830907584+4161902.376997573j),83.73035201424065,0.10299853181339931,(-2348841.0830907584-4161902.376997573j),83.7343097400203,0.09946512698127646,(4696275.402858757+0j),85.06302481060749,8.924950181612354e-09,(1406.76332276362+0j)
14.45521227921475,83.73690166495845,0.10299853181339931,(-2348841.0830907584+4161902.376997573j),83.73690166495845,0.10299853181339931,(-2348841.0830907584-4161902.376997573j),83.74120852020756,0.09946512698127646,(4696275.402858757+0j),85.06302738124177,8.924950181612354e-09,(1406.76332276362+0j)
14.472907235047659,83.74372652077865,0.10299853181339931,(-2348841.0830907584+4161902.376997573j),83.74372652077865,0.10299853181339931,(-2348841.0830907584-4161902.376997573j),83.748397044821,0.09946512698127646,(4696275.402858757+0j),85.06302974623155,8.924950181612354e-09,(1406.76332276362+0j)
14.490602190880567,83.75082629815901,0.10299853181339931,(-2348841.0830907584+4161902.376997573j),83.75082629815901,0.10299853181339931,(-2348841.0830907584-4161902.376997573j),83.75587500473871,0.09946512698127646,(4696275.402858757+0j),85.06303192930432,8.924950181612354e-09,(1406.76332276362+0j)
14.508297146713474,83.75820071384854,0.10299853181339931,(-2348841.0830907584+4161902.376997573j),83.75820071384854,0.10299853181339931,(-2348841.0830907584-4161902.376997573j),83.76364209116758,0.09946512698127646,(4696275.402858757+0j),85.06303395067253,8.924950181612354e-09,(1406.76332276362+0j)
14.525992102546383,83.76584948488718,0.10299853181339931,(-2348841.0830907584+4161902.376997573j),83.76584948488718,0.10299853181339931,(-2348841.0830907584-4161902.376997573j),83.77169799564292,0.09946512698127646,(4696275.402858757+0j),85.0630358276612,8.924950181612354e-09,(1406.76332276362+0j)
14.543687058379291,83.77377232860556,0.10299853181339931,(-2348841.0830907584+4161902.376997573j),83.77377232860556,0.10299853181339931,(-2348841.0830907584-4161902.376997573j),83.78004241002813,0.09946512698127646,(4696275.402858757+0j),85.06303757520574,8.924950181612354e-09,(1406.76332276362+0j)
14.5613820142122,83.78196896262457,0.10299853181339931,(-2348841.0830907584+4161902.376997573j),83.78196896262457,0.10299853181339931,(-2348841.0830907584-4161902.376997573j),83.78867502651418,0.09946512698127646,(4696275.402858757+0j),85.06303920625027,8.924950181612354e-09,(1406.76332276362+0j)
14.579076970045106,83.7904391048551,0.10299853181339931,(-2348841.0830907584+4161902.376997573j),83.7904391048551,0.10299853181339931,(-2348841.0830907584-4161902.376997573j),83.79759553761937,0.09946512698127646,(4696275.402858757+0j),85.06304073206869,8.924950181612354e-09,(1406.76332276362+0j)
14.596771925878016,83.7991824734976,0.10299853181339931,(-2348841.0830907584+4161902.376997573j),83.7991824734976,0.10299853181339931,(-2348841.0830907584-4161902.376997573j),83.80680363618883,0.09946512698127646,(4696275.402858757+0j),85.06304216252569,8.924950181612354e-09,(1406.76332276362+0j)
14.614466881710925,83.8081987870419,0.10299853181339931,(-2348841.0830907584+4161902.376997573j),83.8081987870419,0.10299853181339931,(-2348841.0830907584-4161902.376997573j),83.81629901539421,0.09946512698127646,(4696275.402858757+0j),85.06304350629033,8.924950181612354e-09,(1406.76332276362+0j)
14.632161837543832,83.81748776426677,0.10299853181339931,(-2348841.0830907584+4161902.376997573j),83.81748776426677,0.10299853181339931,(-2348841.0830907584-4161902.376997573j),83.82608136873323,0.09946512698127646,(4696275.402858757+0j),85.06304477101175,8.924950181612354e-09,(1406.76332276362+0j)
14.64985679337674,83.82704912423962,0.10299853181339931,(-2348841.0830907584+4161902.376997573j),83.82704912423962,0.10299853181339931,(-2348841.0830907584-4161902.376997573j),83.83615039002937,0.09946512698127646,(4696275.402858757+0j),85.06304596346493,8.924950181612354e-09,(1406.76332276362+0j)
14.667551749209649,83.83688258631622,0.10299853181339931,(-2348841.0830907584+4161902.376997573j),83.83688258631622,0.10299853181339931,(-2348841.0830907584-4161902.376997573j),83.84650577343143,0.09946512698127646,(4696275.402858757+0j),85.0630470896721,8.924950181612354e-09,(1406.76332276362+0j)
14.685246705042557,83.84698787014025,0.10299853181339931,(-2348841.0830907584+4161902.376997573j),83.84698787014025,0.10299853181339931,(-2348841.0830907584-4161902.376997573j),83.85714721341314,0.09946512698127646,(4696275.402858757+0j),85.06304815500447,8.924950181612354e-09,(1406.76332276362+0j)
14.702941660875464,83.85736469564313,0.10299853181339931,(-2348841.0830907584+4161902.376997573j),83.85736469564313,0.10299853181339931,(-2348841.0830907584-4161902.376997573j),83.86807440477286,0.09946512698127646,(4696275.402858757+0j),85.06304916426781,8.924950181612354e-09,(1406.76332276362+0j)
14.720636616708372,83.86801278304355,0.10299853181339931,(-2348841.0830907584+4161902.376997573j),83.86801278304355,0.10299853181339931,(-2348841.0830907584-4161902.376997573j),83.87928704263304,0.09946512698127646,(4696275.402858757+0j),85.06305012177508,8.924950181612354e-09,(1406.76332276362+0j)
14.73833157254128,83.87893185284724,0.10299853181339931,(-2348841.0830907584+4161902.376997573j),83.87893185284724,0.10299853181339931,(-2348841.0830907584-4161902.376997573j),83.89078482244003,0.09946512698127646,(4696275.402858757+0j),85.06305103140787,8.924950181612354e-09,(1406.76332276362+0j)
14.756026528374191,83.89012162584663,0.10299853181339931,(-2348841.0830907584+4161902.376997573j),83.89012162584663,0.10299853181339931,(-2348841.0830907584-4161902.376997573j),83.90256743996355,0.09946512698127646,(4696275.402858757+0j),85.06305189666917,8.924950181612354e-09,(1406.76332276362+0j)
14.773721484207098,83.90158182312044,0.10299853181339931,(-2348841.0830907584+4161902.376997573j),83.90158182312044,0.10299853181339931,(-2348841.0830907584-4161902.376997573j),83.91463459129638,0.09946512698127646,(4696275.402858757+0j),85.06305272072827,8.924950181612354e-09,(1406.76332276362+0j)
14.791416440040006,83.91331216603344,0.10299853181339931,(-2348841.0830907584+4161902.376997573j),83.91331216603344,0.10299853181339931,(-2348841.0830907584-4161902.376997573j),83.92698597285394,0.09946512698127646,(4696275.402858757+0j),85.06305350645972,8.924950181612354e-09,(1406.76332276362+0j)
14.809111395872915,83.92531237623612,0.10299853181339931,(-2348841.0830907584+4161902.376997573j),83.92531237623612,0.10299853181339931,(-2348841.0830907584-4161902.376997573j),83.93962128137397,0.09946512698127646,(4696275.402858757+0j),85.06305425647672,8.924950181612354e-09,(1406.76332276362+0j)
14.826806351705821,83.93758217566436,0.10299853181339931,(-2348841.0830907584+4161902.376997573j),83.93758217566436,0.10299853181339931,(-2348841.0830907584-4161902.376997573j),83.95254021391607,0.09946512698127646,(4696275.402858757+0j),85.0630549731602,8.924950181612354e-09,(1406.76332276362+0j)
14.84450130753873,83.95012128653904,0.10299853181339931,(-2348841.0830907584+4161902.376997573j),83.95012128653904,0.10299853181339931,(-2348841.0830907584-4161902.376997573j),83.96574246786139,0.09946512698127646,(4696275.402858757+0j),85.06305565868404,8.924950181612354e-09,(1406.76332276362+0j)
14.862196263371638,83.96292943136581,0.10299853181339931,(-2348841.0830907584+4161902.376997573j),83.96292943136581,0.10299853181339931,(-2348841.0830907584-4161902.376997573j),83.97922774091221,0.09946512698127646,(4696275.402858757+0j),85.06305631503712,8.924950181612354e-09,(1406.76332276362+0j)
14.879891219204547,83.97600633293467,0.10299853181339931,(-2348841.0830907584+4161902.376997573j),83.97600633293467,0.10299853181339931,(-2348841.0830907584-4161902.376997573j),83.99299573109157,0.09946512698127646,(4696275.402858757+0j),85.06305694404259,8.924950181612354e-09,(1406.76332276362+0j)
14.897586175037453,83.9893517143198,0.10299853181339931,(-2348841.0830907584+4161902.376997573j),83.9893517143198,0.10299853181339931,(-2348841.0830907584-4161902.376997573j),84.00704613674291,0.09946512698127646,(4696275.402858757+0j),85.06305754737474,8.924950181612354e-09,(1406.76332276362+0j)
14.915281130870364,84.002965298879,0.10299853181339931,(-2348841.0830907584+4161902.376997573j),84.002965298879,0.10299853181339931,(-2348841.0830907584-4161902.376997573j),84.02137865652969,0.09946512698127646,(4696275.402858757+0j),85.063058126574,8.924950181612354e-09,(1406.76332276362+0j)
14.932976086703272,84.01684681025364,0.10299853181339931,(-2348841.0830907584+4161902.376997573j),84.01684681025364,0.10299853181339931,(-2348841.0830907584-4161902.376997573j),84.03599298943497,0.09946512698127646,(4696275.402858757+0j),85.0630586830599,8.924950181612354e-09,(1406.76332276362+0j)
14.95067104253618,84.0309959723681,0.10299853181339931,(-2348841.0830907584+4161902.376997573j),84.0309959723681,0.10299853181339931,(-2348841.0830907584-4161902.376997573j),84.05088883476111,0.09946512698127646,(4696275.402858757+0j),85.06305921814278,8.924950181612354e-09,(1406.76332276362+0j)
14.968365998369087,84.04541250942961,0.10299853181339931,(-2348841.0830907584+4161902.376997573j),84.04541250942961,0.10299853181339931,(-2348841.0830907584-4161902.376997573j),84.06606589212932,0.09946512698127646,(4696275.402858757+0j),85.06305973303415,8.924950181612354e-09,(1406.76332276362+0j)
14.986060954201996,84.06009614592783,0.10299853181339931,(-2348841.0830907584+4161902.376997573j),84.06009614592783,0.10299853181339931,(-2348841.0830907584-4161902.376997573j),84.08152386147933,0.09946512698127646,(4696275.402858757+0j),85.06306022885576,8.924950181612354e-09,(1406.76332276362+0j)
15.003755910034904,84.0750466066346,0.10299853181339931,(-2348841.0830907584+4161902.376997573j),84.0750466066346,0.10299853181339931,(-2348841.0830907584-4161902.376997573j),84.09726244306898,0.09946512698127646,(4696275.402858757+0j),85.06306070664772,8.924950181612354e-09,(1406.76332276362+0j)
15.021450865867813,84.09026361660355,0.10299853181339931,(-2348841.0830907584+4161902.376997573j),84.09026361660355,0.10299853181339931,(-2348841.0830907584-4161902.376997573j),84.11328133747394,0.09946512698127646,(4696275.402858757+0j),85.0630611673759,8.924950181612354e-09,(1406.76332276362+0j)
15.03914582170072,84.10574690116987,0.10299853181339931,(-2348841.0830907584+4161902.376997573j),84.10574690116987,0.10299853181339931,(-2348841.0830907584-4161902.376997573j),84.12958024558718,0.09946512698127646,(4696275.402858757+0j),85.06306161193842,8.924950181612354e-09,(1406.76332276362+0j)
15.05684077753363,84.12149618594991,0.10299853181339931,(-2348841.0830907584+4161902.376997573j),84.12149618594991,0.10299853181339931,(-2348841.0830907584-4161902.376997573j),84.1461588686187,0.09946512698127646,(4696275.402858757+0j),85.06306204117139,8.924950181612354e-09,(1406.76332276362+0j)
15.074535733366538,84.13751119684085,0.10299853181339931,(-2348841.0830907584+4161902.376997573j),84.13751119684085,0.10299853181339931,(-2348841.0830907584-4161902.376997573j),84.16301690809519,0.09946512698127646,(4696275.402858757+0j),85.06306245585428,8.924950181612354e-09,(1406.76332276362+0j)
15.092230689199445,84.15379166002047,0.10299853181339931,(-2348841.0830907584+4161902.376997573j),84.15379166002047,0.10299853181339931,(-2348841.0830907584-4161902.376997573j),84.18015406585957,0.09946512698127646,(4696275.402858757+0j),85.06306285671458,8.924950181612354e-09,(1406.76332276362+0j)
15.109925645032353,84.1703373019468,0.10299853181339931,(-2348841.0830907584+4161902.376997573j),84.1703373019468,0.10299853181339931,(-2348841.0830907584-4161902.376997573j),84.19757004407063,0.09946512698127646,(4696275.402858757+0j),85.06306324443207,8.924950181612354e-09,(1406.76332276362+0j)
15.127620600865262,84.1871478493577,0.10299853181339931,(-2348841.0830907584+4161902.376997573j),84.1871478493577,0.10299853181339931,(-2348841.0830907584-4161902.376997573j),84.21526454520271,0.09946512698127646,(4696275.402858757+0j),85.0630636196427,8.924950181612354e-09,(1406.76332276362+0j)
15.14531555669817,84.20422302927071,0.10299853181339931,(-2348841.0830907584+4161902.376997573j),84.20422302927071,0.10299853181339931,(-2348841.0830907584-4161902.376997573j),84.23323727204536,0.09946512698127646,(4696275.402858757+0j),85.06306398294204,8.924950181612354e-09,(1406.76332276362+0j)
15.163010512531077,84.22156256898259,0.10299853181339931,(-2348841.0830907584+4161902.376997573j),84.22156256898259,0.10299853181339931,(-2348841.0830907584-4161902.376997573j),84.2514879277028,0.09946512698127646,(4696275.402858757+0j),85.0630643348884,8.924950181612354e-09,(1406.76332276362+0j)
15.180705468363985,84.23916619606909,0.10299853181339931,(-2348841.0830907584+4161902.376997573j),84.23916619606909,0.10299853181339931,(-2348841.0830907584-4161902.376997573j),84.27001621559374,0.09946512698127646,(4696275.402858757+0j),85.06306467600575,8.924950181612354e-09,(1406.76332276362+0j)
15.198400424196894,84.25703363838461,0.10299853181339931,(-2348841.0830907584+4161902.376997573j),84.25703363838461,0.10299853181339931,(-2348841.0830907584-4161902.376997573j),84.28882183945092,0.09946512698127646,(4696275.402858757+0j),85.06306500678636,8.924950181612354e-09,(1406.76332276362+0j)
15.216095380029802,84.27516462406187,0.10299853181339931,(-2348841.0830907584+4161902.376997573j),84.27516462406187,0.10299853181339931,(-2348841.0830907584-4161902.376997573j),84.30790450332076,0.09946512698127646,(4696275.402858757+0j),85.06306532769302,8.924950181612354e-09,(1406.76332276362+0j)
15.233790335862711,84.29355888151157,0.10299853181339931,(-2348841.0830907584+4161902.376997573j),84.29355888151157,0.10299853181339931,(-2348841.0830907584-4161902.376997573j),84.32726391156294,0.09946512698127646,(4696275.402858757+0j),85.06306563916135,8.924950181612354e-09,(1406.76332276362+0j)
15.25148529169562,84.31221613942216,0.10299853181339931,(-2348841.0830907584+4161902.376997573j),84.31221613942216,0.10299853181339931,(-2348841.0830907584-4161902.376997573j),84.34689976885015,0.09946512698127646,(4696275.402858757+0j),85.06306594160172,8.924950181612354e-09,(1406.76332276362+0j)
15.269180247528528,84.33113612675946,0.10299853181339931,(-2348841.0830907584+4161902.376997573j),84.33113612675946,0.10299853181339931,(-2348841.0830907584-4161902.376997573j),84.36681178016764,0.09946512698127646,(4696275.402858757+0j),85.06306623540102,8.924950181612354e-09,(1406.76332276362+0j)
15.286875203361435,84.35031857276633,0.10299853181339931,(-2348841.0830907584+4161902.376997573j),84.35031857276633,0.10299853181339931,(-2348841.0830907584-4161902.376997573j),84.38699965081281,0.09946512698127646,(4696275.402858757+0j),85.06306652092438,8.924950181612354e-09,(1406.76332276362+0j)
15.304570159194343,84.36976320696239,0.10299853181339931,(-2348841.0830907584+4161902.376997573j),84.36976320696239,0.10299853181339931,(-2348841.0830907584-4161902.376997573j),84.40746308639494,0.09946512698127646,(4696275.402858757+0j),85.0630667985166,8.924950181612354e-09,(1406.76332276362+0j)
15.322265115027252,84.38946975914374,0.10299853181339931,(-2348841.0830907584+4161902.376997573j),84.38946975914374,0.10299853181339931,(-2348841.0830907584-4161902.376997573j),84.4282017928348,0.09946512698127646,(4696275.402858757+0j),85.06306706850366,8.924950181612354e-09,(1406.76332276362+0j)
15.33996007086016,84.40943795938257,0.10299853181339931,(-2348841.0830907584+4161902.376997573j),84.40943795938257,0.10299853181339931,(-2348841.0830907584-4161902.376997573j),84.4492154763642,0.09946512698127646,(4696275.402858757+0j),85.06306733119384,8.924950181612354e-09,(1406.76332276362+0j)
15.357655026693067,84.4296675380269,0.10299853181339931,(-2348841.0830907584+4161902.376997573j),84.4296675380269,0.10299853181339931,(-2348841.0830907584-4161902.376997573j),84.4705038435258,0.09946512698127646,(4696275.402858757+0j),85.06306758687901,8.924950181612354e-09,(1406.76332276362+0j)
15.375349982525977,84.45015822570025,0.10299853181339931,(-2348841.0830907584+4161902.376997573j),84.45015822570025,0.10299853181339931,(-2348841.0830907584-4161902.376997573j),84.49206660117254,0.09946512698127646,(4696275.402858757+0j),85.0630678358357,8.924950181612354e-09,(1406.76332276362+0j)
15.393044938358885,84.47090975330133,0.10299853181339931,(-2348841.0830907584+4161902.376997573j),84.47090975330133,0.10299853181339931,(-2348841.0830907584-4161902.376997573j),84.51390345646743,0.09946512698127646,(4696275.402858757+0j),85.06306807832603,8.924950181612354e-09,(1406.76332276362+0j)
15.410739894191794,84.49192185200371,0.10299853181339931,(-2348841.0830907584+4161902.376997573j),84.49192185200371,0.10299853181339931,(-2348841.0830907584-4161902.376997573j),84.53601411688312,0.09946512698127646,(4696275.402858757+0j),85.06306831459872,8.924950181612354e-09,(1406.76332276362+0j)
15.4284348500247,84.51319425325555,0.10299853181339931,(-2348841.0830907584+4161902.376997573j),84.51319425325555,0.10299853181339931,(-2348841.0830907584-4161902.376997573j),84.55839829020151,0.09946512698127646,(4696275.402858757+0j),85.0630685448899,8.924950181612354e-09,(1406.76332276362+0j)
15.446129805857609,84.53472668877927,0.10299853181339931,(-2348841.0830907584+4161902.376997573j),84.53472668877927,0.10299853181339931,(-2348841.0830907584-4161902.376997573j),84.5810556845135,0.09946512698127646,(4696275.402858757+0j),85.06306876942385,8.924950181612354e-09,(1406.76332276362+0j)
15.463824761690518,84.55651889057124,0.10299853181339931,(-2348841.0830907584+4161902.376997573j),84.55651889057124,0.10299853181339931,(-2348841.0830907584-4161902.376997573j),84.60398600821848,0.09946512698127646,(4696275.402858757+0j),85.0630689884138,8.924950181612354e-09,(1406.76332276362+0j)
15.481519717523426,84.57857059090142,0.10299853181339931,(-2348841.0830907584+4161902.376997573j),84.57857059090142,0.10299853181339931,(-2348841.0830907584-4161902.376997573j),84.62718897002412,0.09946512698127646,(4696275.402858757+0j),85.06306920206258,8.924950181612354e-09,(1406.76332276362+0j)
15.499214673356333,84.60088152231314,0.10299853181339931,(-2348841.0830907584+4161902.376997573j),84.60088152231314,0.10299853181339931,(-2348841.0830907584-4161902.376997573j),84.65066427894584,0.09946512698127646,(4696275.402858757+0j),85.06306941056323,8.924950181612354e-09,(1406.76332276362+0j)
15.516909629189241,84.62345141762273,0.10299853181339931,(-2348841.0830907584+4161902.376997573j),84.62345141762273,0.10299853181339931,(-2348841.0830907584-4161902.376997573j),84.67441164430662,0.09946512698127646,(4696275.402858757+0j),85.06306961409965,8.924950181612354e-09,(1406.76332276362+0j)
15.53460458502215,84.64628000991927,0.10299853181339931,(-2348841.0830907584+4161902.376997573j),84.64628000991927,0.10299853181339931,(-2348841.0830907584-4161902.376997573j),84.69843077573651,0.09946512698127646,(4696275.402858757+0j),85.06306981284699,8.924950181612354e-09,(1406.76332276362+0j)
15.552299540855058,84.66936703256415,0.10299853181339931,(-2348841.0830907584+4161902.376997573j),84.66936703256415,0.10299853181339931,(-2348841.0830907584-4161902.376997573j),84.72272138317237,0.09946512698127646,(4696275.402858757+0j),85.06307000697237,8.924950181612354e-09,(1406.76332276362+0j)
15.569994496687967,84.69271221919095,0.10299853181339931,(-2348841.0830907584+4161902.376997573j),84.69271221919095,0.10299853181339931,(-2348841.0830907584-4161902.376997573j),84.74728317685741,0.09946512698127646,(4696275.402858757+0j),85.06307019663512,8.924950181612354e-09,(1406.76332276362+0j)
15.587689452520875,84.71631530370496,0.10299853181339931,(-2348841.0830907584+4161902.376997573j),84.71631530370496,0.10299853181339931,(-2348841.0830907584-4161902.376997573j),84.77211586734091,0.09946512698127646,(4696275.402858757+0j),85.06307038198739,8.924950181612354e-09,(1406.76332276362+0j)
15.605384408353784,84.74017602028297,0.10299853181339931,(-2348841.0830907584+4161902.376997573j),84.74017602028297,0.10299853181339931,(-2348841.0830907584-4161902.376997573j),84.79721916547784,0.09946512698127646,(4696275.402858757+0j),85.06307056317448,8.924950181612354e-09,(1406.76332276362+0j)
15.62307936418669,84.76429410337298,0.10299853181339931,(-2348841.0830907584+4161902.376997573j),84.76429410337298,0.10299853181339931,(-2348841.0830907584-4161902.376997573j),84.82259278242849,0.09946512698127646,(4696275.402858757+0j),85.06307074033522,8.924950181612354e-09,(1406.76332276362+0j)
15.6407743200196,84.78866928769379,0.10299853181339931,(-2348841.0830907584+4161902.376997573j),84.78866928769379,0.10299853181339931,(-2348841.0830907584-4161902.376997573j),84.84823642965812,0.09946512698127646,(4696275.402858757+0j),85.06307091360235,8.924950181612354e-09,(1406.76332276362+0j)
15.658469275852509,84.81330130823477,0.10299853181339931,(-2348841.0830907584+4161902.376997573j),84.81330130823477,0.10299853181339931,(-2348841.0830907584-4161902.376997573j),84.87414981893662,0.09946512698127646,(4696275.402858757+0j),85.06307108310284,8.924950181612354e-09,(1406.76332276362+0j)
15.676164231685418,84.83818990025559,0.10299853181339931,(-2348841.0830907584+4161902.376997573j),84.83818990025559,0.10299853181339931,(-2348841.0830907584-4161902.376997573j),84.90033266233809,0.09946512698127646,(4696275.402858757+0j),85.06307124895818,8.924950181612354e-09,(1406.76332276362+0j)
15.693859187518324,84.86333479928582,0.10299853181339931,(-2348841.0830907584+4161902.376997573j),84.86333479928582,0.10299853181339931,(-2348841.0830907584-4161902.376997573j),84.92678467224059,0.09946512698127646,(4696275.402858757+0j),85.06307141128472,8.924950181612354e-09,(1406.76332276362+0j)
15.711554143351233,84.88873574112466,0.10299853181339931,(-2348841.0830907584+4161902.376997573j),84.88873574112466,0.10299853181339931,(-2348841.0830907584-4161902.376997573j),84.95350556132567,0.09946512698127646,(4696275.402858757+0j),85.06307157019387,8.924950181612354e-09,(1406.76332276362+0j)
15.729249099184141,84.91439246184069,0.10299853181339931,(-2348841.0830907584+4161902.376997573j),84.91439246184069,0.10299853181339931,(-2348841.0830907584-4161902.376997573j),84.98049504257814,0.09946512698127646,(4696275.402858757+0j),85.06307172579245,8.924950181612354e-09,(1406.76332276362+0j)
15.74694405501705,84.9403046977715,0.10299853181339931,(-2348841.0830907584+4161902.376997573j),84.9403046977715,0.10299853181339931,(-2348841.0830907584-4161902.376997573j),85.00775282928558,0.09946512698127646,(4696275.402858757+0j),85.06307187818285,8.924950181612354e-09,(1406.76332276362+0j)
15.764639010849956,84.9664721855234,0.10299853181339931,(-2348841.0830907584+4161902.376997573j),84.9664721855234,0.10299853181339931,(-2348841.0830907584-4161902.376997573j),85.03527863503811,0.09946512698127646,(4696275.402858757+0j),85.06307202746325,8.924950181612354e-09,(1406.76332276362+0j)
15.782333966682865,84.99289466197114,0.10299853181339931,(-2348841.0830907584+4161902.376997573j),84.99289466197114,0.10299853181339931,(-2348841.0830907584-4161902.376997573j),85.0630721737279,0.09946512698127646,(4696275.402858757+0j),85.0630721737279,8.924950181612354e-09,(1406.76332276362+0j)
