r (mm),uz_root1 (km/s),cbt_root1 (m),uz0_root1 (m/s),uz_root2 (km/s),cbt_root2 (m),uz0_root2 (m/s),uz_root3 (km/s),cbt_root3 (m),uz0_root3 (m/s),uz_root4 (km/s),cbt_root4 (m),uz0_root4 (m/s)
-17.501877955017463,62.29643949214923,0.0360501947935335,(-1344956.134320978+2486909.763581818j),62.29643949214923,0.0360501947935335,(-1344956.134320978-2486909.763581818j),63.25846284862678,0.032461244401182844,(2682876.7309558587+0j),63.25846284862678,2.2323295815232774e-07,(7035.53768609912+0j)
-17.484182999184554,62.17997190426235,0.0360501947935335,(-1344956.134320978+2486909.763581818j),62.17997190426235,0.0360501947935335,(-1344956.134320978-2486909.763581818j),63.124219633507124,0.032461244401182844,(2682876.7309558587+0j),63.25844455886761,2.2323295815232774e-07,(7035.53768609912+0j)
-17.466488043351646,62.06452464671813,0.0360501947935335,(-1344956.134320978+2486909.763581818j),62.06452464671813,0.0360501947935335,(-1344956.134320978-2486909.763581818j),62.99113285186529,0.032461244401182844,(2682876.7309558587+0j),63.25842589207357,2.2323295815232774e-07,(7035.53768609912+0j)
-17.44879308751874,61.950100743442015,0.0360501947935335,(-1344956.134320978+2486909.763581818j),61.950100743442015,0.0360501947935335,(-1344956.134320978-2486909.763581818j),62.859206314973434,0.032461244401182844,(2682876.7309558587+0j),63.25840683646463,2.2323295815232774e-07,(7035.53768609912+0j)
-17.431098131685832,61.836703227014404,0.0360501947935335,(-1344956.134320978+2486909.763581818j),61.836703227014404,0.0360501947935335,(-1344956.134320978-2486909.763581818j),62.72844384618251,0.032461244401182844,(2682876.7309558587+0j),63.258387379764876,2.2323295815232774e-07,(7035.53768609912+0j)
-17.413403175852924,61.72433513869785,0.0360501947935335,(-1344956.134320978+2486909.763581818j),61.72433513869785,0.0360501947935335,(-1344956.134320978-2486909.763581818j),62.59884928096442,0.032461244401182844,(2682876.7309558587+0j),63.25836750917612,2.2323295815232774e-07,(7035.53768609912+0j)
-17.395708220020015,61.61299952846456,0.0360501947935335,(-1344956.134320978+2486909.763581818j),61.61299952846456,0.0360501947935335,(-1344956.134320978-2486909.763581818j),62.47042646695435,0.032461244401182844,(2682876.7309558587+0j),63.25834721134981,2.2323295815232774e-07,(7035.53768609912+0j)
-17.378013264187107,61.50269945502381,0.0360501947935335,(-1344956.134320978+2486909.763581818j),61.50269945502381,0.0360501947935335,(-1344956.134320978-2486909.763581818j),62.343179263993186,0.032461244401182844,(2682876.7309558587+0j),63.258326472357155,2.2323295815232774e-07,(7035.53768609912+0j)
-17.3603183083542,61.39343798584958,0.0360501947935335,(-1344956.134320978+2486909.763581818j),61.39343798584958,0.0360501947935335,(-1344956.134320978-2486909.763581818j),62.21711154417025,0.032461244401182844,(2682876.7309558587+0j),63.25830527765723,2.2323295815232774e-07,(7035.53768609912+0j)
-17.34262335252129,61.28521819720826,0.0360501947935335,(-1344956.134320978+2486909.763581818j),61.28521819720826,0.0360501947935335,(-1344956.134320978-2486909.763581818j),62.09222719186608,0.032461244401182844,(2682876.7309558587+0j),63.258283612063,2.2323295815232774e-07,(7035.53768609912+0j)
-17.32492839668838,61.17804317418641,0.0360501947935335,(-1344956.134320978+2486909.763581818j),61.17804317418641,0.0360501947935335,(-1344956.134320978-2486909.763581818j),61.96853010379539,0.032461244401182844,(2682876.7309558587+0j),63.25826145970498,2.2323295815232774e-07,(7035.53768609912+0j)
-17.307233440855477,61.07191601071867,0.0360501947935335,(-1344956.134320978+2486909.763581818j),61.07191601071867,0.0360501947935335,(-1344956.134320978-2486909.763581818j),61.84602418905028,0.032461244401182844,(2682876.7309558587+0j),63.25823880399253,2.2323295815232774e-07,(7035.53768609912+0j)
-17.289538485022565,60.96683980961573,0.0360501947935335,(-1344956.134320978+2486909.763581818j),60.96683980961573,0.0360501947935335,(-1344956.134320978-2486909.763581818j),61.72471336914352,0.032461244401182844,(2682876.7309558587+0j),63.258215627572376,2.2323295815232774e-07,(7035.53768609912+0j)
-17.271843529189656,60.86281768259243,0.0360501947935335,(-1344956.134320978+2486909.763581818j),60.86281768259243,0.0360501947935335,(-1344956.134320978-2486909.763581818j),61.604601578052055,0.032461244401182844,(2682876.7309558587+0j),63.25819191228428,2.2323295815232774e-07,(7035.53768609912+0j)
-17.254148573356748,60.759852750295956,0.0360501947935335,(-1344956.134320978+2486909.763581818j),60.759852750295956,0.0360501947935335,(-1344956.134320978-2486909.763581818j),61.48569276226067,0.032461244401182844,(2682876.7309558587+0j),63.25816763911363,2.2323295815232774e-07,(7035.53768609912+0j)
-17.23645361752384,60.65794814233411,0.0360501947935335,(-1344956.134320978+2486909.763581818j),60.65794814233411,0.0360501947935335,(-1344956.134320978-2486909.763581818j),61.36799088080583,0.032461244401182844,(2682876.7309558587+0j),63.25814278814051,2.2323295815232774e-07,(7035.53768609912+0j)
-17.21875866169093,60.5571069973037,0.0360501947935335,(-1344956.134320978+2486909.763581818j),60.5571069973037,0.0360501947935335,(-1344956.134320978-2486909.763581818j),61.25149990531967,0.032461244401182844,(2682876.7309558587+0j),63.258117338485256,2.2323295815232774e-07,(7035.53768609912+0j)
-17.201063705858022,60.45733246281906,0.0360501947935335,(-1344956.134320978+2486909.763581818j),60.45733246281906,0.0360501947935335,(-1344956.134320978-2486909.763581818j),61.13622382007423,0.032461244401182844,(2682876.7309558587+0j),63.25809126824995,2.2323295815232774e-07,(7035.53768609912+0j)
-17.183368750025117,60.35862769554058,0.0360501947935335,(-1344956.134320978+2486909.763581818j),60.35862769554058,0.0360501947935335,(-1344956.134320978-2486909.763581818j),61.022166622025715,0.032461244401182844,(2682876.7309558587+0j),63.25806455445548,2.2323295815232774e-07,(7035.53768609912+0j)
-17.16567379419221,60.26099586120345,0.0360501947935335,(-1344956.134320978+2486909.763581818j),60.26099586120345,0.0360501947935335,(-1344956.134320978-2486909.763581818j),60.90933232085915,0.032461244401182844,(2682876.7309558587+0j),63.25803717297409,2.2323295815232774e-07,(7035.53768609912+0j)
-17.1479788383593,60.16444013464643,0.0360501947935335,(-1344956.134320978+2486909.763581818j),60.16444013464643,0.0360501947935335,(-1344956.134320978-2486909.763581818j),60.79772493903296,0.032461244401182844,(2682876.7309558587+0j),63.258009098456675,2.2323295815232774e-07,(7035.53768609912+0j)
-17.130283882526392,60.06896369984078,0.0360501947935335,(-1344956.134320978+2486909.763581818j),60.06896369984078,0.0360501947935335,(-1344956.134320978-2486909.763581818j),60.68734851182396,0.032461244401182844,(2682876.7309558587+0j),63.25798030425445,2.2323295815232774e-07,(7035.53768609912+0j)
-17.112588926693483,59.974569749919205,0.0360501947935335,(-1344956.134320978+2486909.763581818j),59.974569749919205,0.0360501947935335,(-1344956.134320978-2486909.763581818j),60.57820708737233,0.032461244401182844,(2682876.7309558587+0j),63.25795076233464,2.2323295815232774e-07,(7035.53768609912+0j)
-17.094893970860575,59.88126148720498,0.0360501947935335,(-1344956.134320978+2486909.763581818j),59.88126148720498,0.0360501947935335,(-1344956.134320978-2486909.763581818j),60.470304726726894,0.032461244401182844,(2682876.7309558587+0j),63.25792044318943,2.2323295815232774e-07,(7035.53768609912+0j)
-17.077199015027666,59.789042123241195,0.0360501947935335,(-1344956.134320978+2486909.763581818j),59.789042123241195,0.0360501947935335,(-1344956.134320978-2486909.763581818j),60.36364550389054,0.032461244401182844,(2682876.7309558587+0j),63.257889315737636,2.2323295815232774e-07,(7035.53768609912+0j)
-17.05950405919476,59.69791487882001,0.0360501947935335,(-1344956.134320978+2486909.763581818j),59.69791487882001,0.0360501947935335,(-1344956.134320978-2486909.763581818j),60.2582335058658,0.032461244401182844,(2682876.7309558587+0j),63.25785734721847,2.2323295815232774e-07,(7035.53768609912+0j)
-17.041809103361853,59.60788298401211,0.0360501947935335,(-1344956.134320978+2486909.763581818j),59.60788298401211,0.0360501947935335,(-1344956.134320978-2486909.763581818j),60.15407283270063,0.032461244401182844,(2682876.7309558587+0j),63.25782450307645,2.2323295815232774e-07,(7035.53768609912+0j)
-17.024114147528945,59.51894967819619,0.0360501947935335,(-1344956.134320978+2486909.763581818j),59.51894967819619,0.0360501947935335,(-1344956.134320978-2486909.763581818j),60.051167597534345,0.032461244401182844,(2682876.7309558587+0j),63.25779074683691,2.2323295815232774e-07,(7035.53768609912+0j)
-17.006419191696036,59.431118210088634,0.0360501947935335,(-1344956.134320978+2486909.763581818j),59.431118210088634,0.0360501947935335,(-1344956.134320978-2486909.763581818j),59.94952192664379,0.032461244401182844,(2682876.7309558587+0j),63.257756039970765,2.2323295815232774e-07,(7035.53768609912+0j)
-16.988724235863128,59.34439183777318,0.0360501947935335,(-1344956.134320978+2486909.763581818j),59.34439183777318,0.0360501947935335,(-1344956.134320978-2486909.763581818j),59.84913995948964,0.032461244401182844,(2682876.7309558587+0j),63.257720341747905,2.2323295815232774e-07,(7035.53768609912+0j)
-16.97102928003022,59.25877382873082,0.0360501947935335,(-1344956.134320978+2486909.763581818j),59.25877382873082,0.0360501947935335,(-1344956.134320978-2486909.763581818j),59.75002584876291,0.032461244401182844,(2682876.7309558587+0j),63.25768360907767,2.2323295815232774e-07,(7035.53768609912+0j)
-16.953334324197307,59.17426745986969,0.0360501947935335,(-1344956.134320978+2486909.763581818j),59.17426745986969,0.0360501947935335,(-1344956.134320978-2486909.763581818j),59.65218376043164,0.032461244401182844,(2682876.7309558587+0j),63.25764579633537,2.2323295815232774e-07,(7035.53768609912+0j)
-16.9356393683644,59.09087601755519,0.0360501947935335,(-1344956.134320978+2486909.763581818j),59.09087601755519,0.0360501947935335,(-1344956.134320978-2486909.763581818j),59.555617873787746,0.032461244401182844,(2682876.7309558587+0j),63.25760685517323,2.2323295815232774e-07,(7035.53768609912+0j)
-16.917944412531494,59.008602797640066,0.0360501947935335,(-1344956.134320978+2486909.763581818j),59.008602797640066,0.0360501947935335,(-1344956.134320978-2486909.763581818j),59.46033238149413,0.032461244401182844,(2682876.7309558587+0j),63.25756673431415,2.2323295815232774e-07,(7035.53768609912+0j)
-16.900249456698585,58.92745110549474,0.0360501947935335,(-1344956.134320978+2486909.763581818j),58.92745110549474,0.0360501947935335,(-1344956.134320978-2486909.763581818j),59.366331489631875,0.032461244401182844,(2682876.7309558587+0j),63.25752537932644,2.2323295815232774e-07,(7035.53768609912+0j)
-16.882554500865677,58.84742425603763,0.0360501947935335,(-1344956.134320978+2486909.763581818j),58.84742425603763,0.0360501947935335,(-1344956.134320978-2486909.763581818j),59.273619417747696,0.032461244401182844,(2682876.7309558587+0j),63.25748273237739,2.2323295815232774e-07,(7035.53768609912+0j)
-16.86485954503277,58.768525573765714,0.0360501947935335,(-1344956.134320978+2486909.763581818j),58.768525573765714,0.0360501947935335,(-1344956.134320978-2486909.763581818j),59.18220039890155,0.032461244401182844,(2682876.7309558587+0j),63.257438731963525,2.2323295815232774e-07,(7035.53768609912+0j)
-16.84716458919986,58.690758392785035,0.0360501947935335,(-1344956.134320978+2486909.763581818j),58.690758392785035,0.0360501947935335,(-1344956.134320978-2486909.763581818j),59.092078679714476,0.032461244401182844,(2682876.7309558587+0j),63.25739331261461,2.2323295815232774e-07,(7035.53768609912+0j)
-16.82946963336695,58.61412605684147,0.0360501947935335,(-1344956.134320978+2486909.763581818j),58.61412605684147,0.0360501947935335,(-1344956.134320978-2486909.763581818j),59.00325852041655,0.032461244401182844,(2682876.7309558587+0j),63.25734640456857,2.2323295815232774e-07,(7035.53768609912+0j)
-16.811774677534043,58.53863191935151,0.0360501947935335,(-1344956.134320978+2486909.763581818j),58.53863191935151,0.0360501947935335,(-1344956.134320978-2486909.763581818j),58.91574419489511,0.032461244401182844,(2682876.7309558587+0j),63.257297933414044,2.2323295815232774e-07,(7035.53768609912+0j)
-16.794079721701138,58.4642793434332,0.0360501947935335,(-1344956.134320978+2486909.763581818j),58.4642793434332,0.0360501947935335,(-1344956.134320978-2486909.763581818j),58.82953999074312,0.032461244401182844,(2682876.7309558587+0j),63.257247819696424,2.2323295815232774e-07,(7035.53768609912+0j)
-16.77638476586823,58.39107170193716,0.0360501947935335,(-1344956.134320978+2486909.763581818j),58.39107170193716,0.0360501947935335,(-1344956.134320978-2486909.763581818j),58.744650209307736,0.032461244401182844,(2682876.7309558587+0j),63.25719597848325,2.2323295815232774e-07,(7035.53768609912+0j)
-16.75868981003532,58.31901237747777,0.0360501947935335,(-1344956.134320978+2486909.763581818j),58.31901237747777,0.0360501947935335,(-1344956.134320978-2486909.763581818j),58.6610791657391,0.032461244401182844,(2682876.7309558587+0j),63.25714231888389,2.2323295815232774e-07,(7035.53768609912+0j)
-16.740994854202413,58.24810476246437,0.0360501947935335,(-1344956.134320978+2486909.763581818j),58.24810476246437,0.0360501947935335,(-1344956.134320978-2486909.763581818j),58.5788311890393,0.032461244401182844,(2682876.7309558587+0j),63.257086743517725,2.2323295815232774e-07,(7035.53768609912+0j)
-16.723299898369504,58.17835225913269,0.0360501947935335,(-1344956.134320978+2486909.763581818j),58.17835225913269,0.0360501947935335,(-1344956.134320978-2486909.763581818j),58.49791062211147,0.032461244401182844,(2682876.7309558587+0j),63.25702914792431,2.2323295815232774e-07,(7035.53768609912+0j)
-16.705604942536596,58.109758279576276,0.0360501947935335,(-1344956.134320978+2486909.763581818j),58.109758279576276,0.0360501947935335,(-1344956.134320978-2486909.763581818j),58.41832182180923,0.032461244401182844,(2682876.7309558587+0j),63.25696941990813,2.2323295815232774e-07,(7035.53768609912+0j)
-16.687909986703687,58.04232624577817,0.0360501947935335,(-1344956.134320978+2486909.763581818j),58.04232624577817,0.0360501947935335,(-1344956.134320978-2486909.763581818j),58.34006915898616,0.032461244401182844,(2682876.7309558587+0j),63.25690743880909,2.2323295815232774e-07,(7035.53768609912+0j)
-16.67021503087078,57.97605958964253,0.0360501947935335,(-1344956.134320978+2486909.763581818j),57.97605958964253,0.0360501947935335,(-1344956.134320978-2486909.763581818j),58.2631570185456,0.032461244401182844,(2682876.7309558587+0j),63.256843074688945,2.2323295815232774e-07,(7035.53768609912+0j)
-16.652520075037874,57.91096175302651,0.0360501947935335,(-1344956.134320978+2486909.763581818j),57.91096175302651,0.0360501947935335,(-1344956.134320978-2486909.763581818j),58.18758979949055,0.032461244401182844,(2682876.7309558587+0j),63.25677618742197,2.2323295815232774e-07,(7035.53768609912+0j)
-16.634825119204965,57.8470361877722,0.0360501947935335,(-1344956.134320978+2486909.763581818j),57.8470361877722,0.0360501947935335,(-1344956.134320978-2486909.763581818j),58.11337191497387,0.032461244401182844,(2682876.7309558587+0j),63.25670662567666,2.2323295815232774e-07,(7035.53768609912+0j)
-16.617130163372053,57.78428635573865,0.0360501947935335,(-1344956.134320978+2486909.763581818j),57.78428635573865,0.0360501947935335,(-1344956.134320978-2486909.763581818j),58.04050779234855,0.032461244401182844,(2682876.7309558587+0j),63.25663422577265,2.2323295815232774e-07,(7035.53768609912+0j)
-16.599435207539145,57.72271572883409,0.0360501947935335,(-1344956.134320978+2486909.763581818j),57.72271572883409,0.0360501947935335,(-1344956.134320978-2486909.763581818j),57.96900187321834,0.032461244401182844,(2682876.7309558587+0j),63.256558810394935,2.2323295815232774e-07,(7035.53768609912+0j)
-16.581740251706236,57.66232778904816,0.0360501947935335,(-1344956.134320978+2486909.763581818j),57.66232778904816,0.0360501947935335,(-1344956.134320978-2486909.763581818j),57.89885861348842,0.032461244401182844,(2682876.7309558587+0j),63.25648018714396,2.2323295815232774e-07,(7035.53768609912+0j)
-16.564045295873328,57.60312602848438,0.0360501947935335,(-1344956.134320978+2486909.763581818j),57.60312602848438,0.0360501947935335,(-1344956.134320978-2486909.763581818j),57.83008248341643,0.032461244401182844,(2682876.7309558587+0j),63.256398146896636,2.2323295815232774e-07,(7035.53768609912+0j)
-16.54635034004042,57.545113949392594,0.0360501947935335,(-1344956.134320978+2486909.763581818j),57.545113949392594,0.0360501947935335,(-1344956.134320978-2486909.763581818j),57.762677967663556,0.032461244401182844,(2682876.7309558587+0j),63.25631246194898,2.2323295815232774e-07,(7035.53768609912+0j)
-16.528655384207514,57.48829506420168,0.0360501947935335,(-1344956.134320978+2486909.763581818j),57.48829506420168,0.0360501947935335,(-1344956.134320978-2486909.763581818j),57.69664956534593,0.032461244401182844,(2682876.7309558587+0j),63.25622288390555,2.2323295815232774e-07,(7035.53768609912+0j)
-16.510960428374606,57.43267289555227,0.0360501947935335,(-1344956.134320978+2486909.763581818j),57.43267289555227,0.0360501947935335,(-1344956.134320978-2486909.763581818j),57.63200179008618,0.032461244401182844,(2682876.7309558587+0j),63.25612914127451,2.2323295815232774e-07,(7035.53768609912+0j)
-16.493265472541697,57.37825097632962,0.0360501947935335,(-1344956.134320978+2486909.763581818j),57.37825097632962,0.0360501947935335,(-1344956.134320978-2486909.763581818j),57.56873917006521,0.032461244401182844,(2682876.7309558587+0j),63.25603093671931,2.2323295815232774e-07,(7035.53768609912+0j)
-16.47557051670879,57.325032849696626,0.0360501947935335,(-1344956.134320978+2486909.763581818j),57.325032849696626,0.0360501947935335,(-1344956.134320978-2486909.763581818j),57.50686624807417,0.032461244401182844,(2682876.7309558587+0j),63.25592794390834,2.2323295815232774e-07,(7035.53768609912+0j)
-16.45787556087588,57.273022069126924,0.0360501947935335,(-1344956.134320978+2486909.763581818j),57.273022069126924,0.0360501947935335,(-1344956.134320978-2486909.763581818j),57.44638758156668,0.032461244401182844,(2682876.7309558587+0j),63.255819803892265,2.2323295815232774e-07,(7035.53768609912+0j)
-16.440180605042972,57.22222219843813,0.0360501947935335,(-1344956.134320978+2486909.763581818j),57.22222219843813,0.0360501947935335,(-1344956.134320978-2486909.763581818j),57.38730774271118,0.032461244401182844,(2682876.7309558587+0j),63.255706120924295,2.2323295815232774e-07,(7035.53768609912+0j)
-16.422485649210063,57.172636811825186,0.0360501947935335,(-1344956.134320978+2486909.763581818j),57.172636811825186,0.0360501947935335,(-1344956.134320978-2486909.763581818j),57.32963131844356,0.032461244401182844,(2682876.7309558587+0j),63.25558645762083,2.2323295815232774e-07,(7035.53768609912+0j)
-16.404790693377155,57.12426949389384,0.0360501947935335,(-1344956.134320978+2486909.763581818j),57.12426949389384,0.0360501947935335,(-1344956.134320978-2486909.763581818j),57.27336291051999,0.032461244401182844,(2682876.7309558587+0j),63.25546032933771,2.2323295815232774e-07,(7035.53768609912+0j)
-16.38709573754425,57.07712383969425,0.0360501947935335,(-1344956.134320978+2486909.763581818j),57.07712383969425,0.0360501947935335,(-1344956.134320978-2486909.763581818j),57.21850713556995,0.032461244401182844,(2682876.7309558587+0j),63.255327197609745,2.2323295815232774e-07,(7035.53768609912+0j)
-16.36940078171134,57.031203454754674,0.0360501947935335,(-1344956.134320978+2486909.763581818j),57.031203454754674,0.0360501947935335,(-1344956.134320978-2486909.763581818j),57.165068625149445,0.032461244401182844,(2682876.7309558587+0j),63.255186462466135,2.2323295815232774e-07,(7035.53768609912+0j)
-16.351705825878433,56.98651195511533,0.0360501947935335,(-1344956.134320978+2486909.763581818j),56.98651195511533,0.0360501947935335,(-1344956.134320978-2486909.763581818j),57.11305202579452,0.032461244401182844,(2682876.7309558587+0j),63.25503745339052,2.2323295815232774e-07,(7035.53768609912+0j)
-16.334010870045525,56.94305296736239,0.0360501947935335,(-1344956.134320978+2486909.763581818j),56.94305296736239,0.0360501947935335,(-1344956.134320978-2486909.763581818j),57.06246199907488,0.032461244401182844,(2682876.7309558587+0j),63.25487941863847,2.2323295815232774e-07,(7035.53768609912+0j)
-16.316315914212616,56.900830128661994,0.0360501947935335,(-1344956.134320978+2486909.763581818j),56.900830128661994,0.0360501947935335,(-1344956.134320978-2486909.763581818j),57.01330322164781,0.032461244401182844,(2682876.7309558587+0j),63.254711512553015,2.2323295815232774e-07,(7035.53768609912+0j)
-16.298620958379708,56.85984708679453,0.0360501947935335,(-1344956.134320978+2486909.763581818j),56.85984708679453,0.0360501947935335,(-1344956.134320978-2486909.763581818j),56.96558038531231,0.032461244401182844,(2682876.7309558587+0j),63.25453278042677,2.2323295815232774e-07,(7035.53768609912+0j)
-16.2809260025468,56.82010750018891,0.0360501947935335,(-1344956.134320978+2486909.763581818j),56.82010750018891,0.0360501947935335,(-1344956.134320978-2486909.763581818j),56.919298197063355,0.032461244401182844,(2682876.7309558587+0j),63.254342140338295,2.2323295815232774e-07,(7035.53768609912+0j)
-16.26323104671389,56.781615037957096,0.0360501947935335,(-1344956.134320978+2486909.763581818j),56.781615037957096,0.0360501947935335,(-1344956.134320978-2486909.763581818j),56.87446137914651,0.032461244401182844,(2682876.7309558587+0j),63.25413836123295,2.2323295815232774e-07,(7035.53768609912+0j)
-16.245536090880982,56.74437337992861,0.0360501947935335,(-1344956.134320978+2486909.763581818j),56.74437337992861,0.0360501947935335,(-1344956.134320978-2486909.763581818j),56.831074669112624,0.032461244401182844,(2682876.7309558587+0j),63.253920036309964,2.2323295815232774e-07,(7035.53768609912+0j)
-16.227841135048074,56.70838621668531,0.0360501947935335,(-1344956.134320978+2486909.763581818j),56.70838621668531,0.0360501947935335,(-1344956.134320978-2486909.763581818j),56.78914281987291,0.032461244401182844,(2682876.7309558587+0j),63.25368555049966,2.2323295815232774e-07,(7035.53768609912+0j)
-16.210146179215165,56.673657249596204,0.0360501947935335,(-1344956.134320978+2486909.763581818j),56.673657249596204,0.0360501947935335,(-1344956.134320978-2486909.763581818j),56.74867059975406,0.032461244401182844,(2682876.7309558587+0j),63.25343304044091,2.2323295815232774e-07,(7035.53768609912+0j)
-16.192451223382257,56.640190190852366,0.0360501947935335,(-1344956.134320978+2486909.763581818j),56.640190190852366,0.0360501947935335,(-1344956.134320978-2486909.763581818j),56.70966279255372,0.032461244401182844,(2682876.7309558587+0j),63.25316034486034,2.2323295815232774e-07,(7035.53768609912+0j)
-16.17475626754935,56.607988763502114,0.0360501947935335,(-1344956.134320978+2486909.763581818j),56.607988763502114,0.0360501947935335,(-1344956.134320978-2486909.763581818j),56.67212419759619,0.032461244401182844,(2682876.7309558587+0j),63.25286494255631,2.2323295815232774e-07,(7035.53768609912+0j)
-16.15706131171644,56.57705670148618,0.0360501947935335,(-1344956.134320978+2486909.763581818j),56.57705670148618,0.0360501947935335,(-1344956.134320978-2486909.763581818j),56.636059629788214,0.032461244401182844,(2682876.7309558587+0j),63.2525438742179,2.2323295815232774e-07,(7035.53768609912+0j)
-16.13936635588353,56.54739774967305,0.0360501947935335,(-1344956.134320978+2486909.763581818j),56.54739774967305,0.0360501947935335,(-1344956.134320978-2486909.763581818j),56.601473919675165,0.032461244401182844,(2682876.7309558587+0j),63.2521936429403,2.2323295815232774e-07,(7035.53768609912+0j)
-16.121671400050626,56.51901566389447,0.0360501947935335,(-1344956.134320978+2486909.763581818j),56.51901566389447,0.0360501947935335,(-1344956.134320978-2486909.763581818j),56.56837191349732,0.032461244401182844,(2682876.7309558587+0j),63.25181008634154,2.2323295815232774e-07,(7035.53768609912+0j)
-16.103976444217718,56.49191421098103,0.0360501947935335,(-1344956.134320978+2486909.763581818j),56.49191421098103,0.0360501947935335,(-1344956.134320978-2486909.763581818j),56.53675847324648,0.032461244401182844,(2682876.7309558587+0j),63.25138821035056,2.2323295815232774e-07,(7035.53768609912+0j)
-16.08628148838481,56.466097168797894,0.0360501947935335,(-1344956.134320978+2486909.763581818j),56.466097168797894,0.0360501947935335,(-1344956.134320978-2486909.763581818j),56.50663847672274,0.032461244401182844,(2682876.7309558587+0j),63.250921970559524,2.2323295815232774e-07,(7035.53768609912+0j)
-16.0685865325519,56.44156832628073,0.0360501947935335,(-1344956.134320978+2486909.763581818j),56.44156832628073,0.0360501947935335,(-1344956.134320978-2486909.763581818j),56.47801681759149,0.032461244401182844,(2682876.7309558587+0j),63.25040398077025,2.2323295815232774e-07,(7035.53768609912+0j)
-16.050891576718993,56.418331483471604,0.0360501947935335,(-1344956.134320978+2486909.763581818j),56.418331483471604,0.0360501947935335,(-1344956.134320978-2486909.763581818j),56.45089840544069,0.032461244401182844,(2682876.7309558587+0j),63.24982511878906,2.2323295815232774e-07,(7035.53768609912+0j)
-16.033196620886084,56.3963904515552,0.0360501947935335,(-1344956.134320978+2486909.763581818j),56.3963904515552,0.0360501947935335,(-1344956.134320978-2486909.763581818j),56.42528816583835,0.032461244401182844,(2682876.7309558587+0j),63.24917398456948,2.2323295815232774e-07,(7035.53768609912+0j)
-16.015501665053176,56.37574905289503,0.0360501947935335,(-1344956.134320978+2486909.763581818j),56.37574905289503,0.0360501947935335,(-1344956.134320978-2486909.763581818j),56.40119104039029,0.032461244401182844,(2682876.7309558587+0j),63.24843614188538,2.2323295815232774e-07,(7035.53768609912+0j)
-15.997806709220269,56.35641112106986,0.0360501947935335,(-1344956.134320978+2486909.763581818j),56.35641112106986,0.0360501947935335,(-1344956.134320978-2486909.763581818j),56.378611986798,0.032461244401182844,(2682876.7309558587+0j),63.247593035445895,2.2323295815232774e-07,(7035.53768609912+0j)
-15.98011175338736,56.33838050091022,0.0360501947935335,(-1344956.134320978+2486909.763581818j),56.33838050091022,0.0360501947935335,(-1344956.134320978-2486909.763581818j),56.35755597891693,0.032461244401182844,(2682876.7309558587+0j),63.24662040894447,2.2323295815232774e-07,(7035.53768609912+0j)
-15.962416797554454,56.32166104853506,0.0360501947935335,(-1344956.134320978+2486909.763581818j),56.32166104853506,0.0360501947935335,(-1344956.134320978-2486909.763581818j),56.33802800681486,0.032461244401182844,(2682876.7309558587+0j),63.24548593337896,2.2323295815232774e-07,(7035.53768609912+0j)
-15.944721841721545,56.306256631388585,0.0360501947935335,(-1344956.134320978+2486909.763581818j),56.306256631388585,0.0360501947935335,(-1344956.134320978-2486909.763581818j),56.32003307683057,0.032461244401182844,(2682876.7309558587+0j),63.24414554395221,2.2323295815232774e-07,(7035.53768609912+0j)
-15.927026885888637,56.29217112827712,0.0360501947935335,(-1344956.134320978+2486909.763581818j),56.29217112827712,0.0360501947935335,(-1344956.134320978-2486909.763581818j),56.30357621163278,0.032461244401182844,(2682876.7309558587+0j),63.24253758326911,2.2323295815232774e-07,(7035.53768609912+0j)
-15.909331930055725,56.279408429406246,0.0360501947935335,(-1344956.134320978+2486909.763581818j),56.279408429406246,0.0360501947935335,(-1344956.134320978-2486909.763581818j),56.28866245027925,0.032461244401182844,(2682876.7309558587+0j),63.24057304820107,2.2323295815232774e-07,(7035.53768609912+0j)
-15.891636974222818,56.26797243641796,0.0360501947935335,(-1344956.134320978+2486909.763581818j),56.26797243641796,0.0360501947935335,(-1344956.134320978-2486909.763581818j),56.275296848276156,0.032461244401182844,(2682876.7309558587+0j),63.23811853918474,2.2323295815232774e-07,(7035.53768609912+0j)
-15.87394201838991,56.257867062428026,0.0360501947935335,(-1344956.134320978+2486909.763581818j),56.257867062428026,0.0360501947935335,(-1344956.134320978-2486909.763581818j),56.26348447763778,0.032461244401182844,(2682876.7309558587+0j),63.23496463409714,2.2323295815232774e-07,(7035.53768609912+0j)
-15.856247062557001,56.24909623206346,0.0360501947935335,(-1344956.134320978+2486909.763581818j),56.24909623206346,0.0360501947935335,(-1344956.134320978-2486909.763581818j),56.25323042694631,0.032461244401182844,(2682876.7309558587+0j),63.23076273560956,2.2323295815232774e-07,(7035.53768609912+0j)
-15.838552106724094,56.24166388150012,0.0360501947935335,(-1344956.134320978+2486909.763581818j),56.24166388150012,0.0360501947935335,(-1344956.134320978-2486909.763581818j),56.244539801412,0.032461244401182844,(2682876.7309558587+0j),63.224886421663236,2.2323295815232774e-07,(7035.53768609912+0j)
-15.820857150891186,56.23557395850049,0.0360501947935335,(-1344956.134320978+2486909.763581818j),56.23557395850049,0.0360501947935335,(-1344956.134320978-2486909.763581818j),56.2374177229335,0.032461244401182844,(2682876.7309558587+0j),63.21608580317907,2.2323295815232774e-07,(7035.53768609912+0j)
-15.803162195058277,56.23083042245154,0.0360501947935335,(-1344956.134320978+2486909.763581818j),56.23083042245154,0.0360501947935335,(-1344956.134320978-2486909.763581818j),56.23186933015848,0.032461244401182844,(2682876.7309558587+0j),63.201454942448244,2.2323295815232774e-07,(7035.53768609912+0j)
-15.785467239225369,56.2274372444028,0.0360501947935335,(-1344956.134320978+2486909.763581818j),56.2274372444028,0.0360501947935335,(-1344956.134320978-2486909.763581818j),56.22789977854446,0.032461244401182844,(2682876.7309558587+0j),63.17233066658233,2.2323295815232774e-07,(7035.53768609912+0j)
-15.767772283392462,56.22539840710447,0.0360501947935335,(-1344956.134320978+2486909.763581818j),56.22539840710447,0.0360501947935335,(-1344956.134320978-2486909.763581818j),56.225514240419955,0.032461244401182844,(2682876.7309558587+0j),63.08604373213684,2.2323295815232774e-07,(7035.53768609912+0j)
-15.750077327559554,55.91059838993417,0.05647918312468563,(-1714543.9205678958+3095772.786672931j),55.91059838993417,0.05647918312468563,(-1714543.9205678958-3095772.786672931j),56.22471790504579,0.05292119092309922,(3425570.744667547+0j),56.22471790504579,5.57869075689882e-08,(3517.0964682435488+0j)
-15.750077327559554,56.22471790504579,0.0360501947935335,(-1344956.134320978+2486909.763581818j),56.22471790504579,0.0360501947935335,(-1344956.134320978-2486909.763581818j),56.22471790504579,0.032461244401182844,(2682876.7309558587+0j),56.22471790504579,2.2323295815232774e-07,(7035.53768609912+0j)
-15.732382371726645,55.84813130863639,0.05647918312468563,(-1714543.9205678958+3095772.786672931j),55.84813130863639,0.05647918312468563,(-1714543.9205678958-3095772.786672931j),56.15626060748,0.05292119092309922,(3425570.744667547+0j),56.22471561947799,5.57869075689882e-08,(3517.0964682435488+0j)
-15.714687415893737,55.78624200009086,0.05647918312468563,(-1714543.9205678958+3095772.786672931j),55.78624200009086,0.05647918312468563,(-1714543.9205678958-3095772.786672931j),56.08843246121093,0.05292119092309922,(3425570.744667547+0j),56.22471328678738,5.57869075689882e-08,(3517.0964682435488+0j)
-15.69699246006083,55.72493155351678,0.05647918312468563,(-1714543.9205678958+3095772.786672931j),55.72493155351678,0.05647918312468563,(-1714543.9205678958-3095772.786672931j),56.02123473248491,0.05292119092309922,(3425570.744667547+0j),56.224710905501446,5.57869075689882e-08,(3517.0964682435488+0j)
-15.679297504227922,55.66420106014306,0.05647918312468563,(-1714543.9205678958+3095772.786672931j),55.66420106014306,0.05647918312468563,(-1714543.9205678958-3095772.786672931j),55.95466869003874,0.05292119092309922,(3425570.744667547+0j),56.224708474085666,5.57869075689882e-08,(3517.0964682435488+0j)
-15.661602548395013,55.60405161321244,0.05647918312468563,(-1714543.9205678958+3095772.786672931j),55.60405161321244,0.05647918312468563,(-1714543.9205678958-3095772.786672931j),55.88873560510508,0.05292119092309922,(3425570.744667547+0j),56.22470599094024,5.57869075689882e-08,(3517.0964682435488+0j)
-15.643907592562105,55.54448430798563,0.05647918312468563,(-1714543.9205678958+3095772.786672931j),55.54448430798563,0.05647918312468563,(-1714543.9205678958-3095772.786672931j),55.8234367514179,0.05292119092309922,(3425570.744667547+0j),56.22470345439655,5.57869075689882e-08,(3517.0964682435488+0j)
-15.626212636729198,55.48550024174539,0.05647918312468563,(-1714543.9205678958+3095772.786672931j),55.48550024174539,0.05647918312468563,(-1714543.9205678958-3095772.786672931j),55.75877340521793,0.05292119092309922,(3425570.744667547+0j),56.22470086271344,5.57869075689882e-08,(3517.0964682435488+0j)
-15.608517680896288,55.42710051380071,0.05647918312468563,(-1714543.9205678958+3095772.786672931j),55.42710051380071,0.05647918312468563,(-1714543.9205678958-3095772.786672931j),55.69474684525805,0.05292119092309922,(3425570.744667547+0j),56.22469821407322,5.57869075689882e-08,(3517.0964682435488+0j)
-15.59082272506338,55.369286225490875,0.05647918312468563,(-1714543.9205678958+3095772.786672931j),55.369286225490875,0.05647918312468563,(-1714543.9205678958-3095772.786672931j),55.63135835280884,0.05292119092309922,(3425570.744667547+0j),56.22469550657743,5.57869075689882e-08,(3517.0964682435488+0j)
-15.57312776923047,55.31205848018966,0.05647918312468563,(-1714543.9205678958+3095772.786672931j),55.31205848018966,0.05647918312468563,(-1714543.9205678958-3095772.786672931j),55.568609211664004,0.05292119092309922,(3425570.744667547+0j),56.22469273824227,5.57869075689882e-08,(3517.0964682435488+0j)
-15.555432813397562,55.255418383309504,0.05647918312468563,(-1714543.9205678958+3095772.786672931j),55.255418383309504,0.05647918312468563,(-1714543.9205678958-3095772.786672931j),55.50650070814588,0.05292119092309922,(3425570.744667547+0j),56.224689906993774,5.57869075689882e-08,(3517.0964682435488+0j)
-15.537737857564654,55.199367042305596,0.05647918312468563,(-1714543.9205678958+3095772.786672931j),55.199367042305596,0.05647918312468563,(-1714543.9205678958-3095772.786672931j),55.445034131110944,0.05292119092309922,(3425570.744667547+0j),56.22468701066264,5.57869075689882e-08,(3517.0964682435488+0j)
-15.520042901731745,55.14390556668016,0.05647918312468563,(-1714543.9205678958+3095772.786672931j),55.14390556668016,0.05647918312468563,(-1714543.9205678958-3095772.786672931j),55.384210771955345,0.05292119092309922,(3425570.744667547+0j),56.22468404697868,5.57869075689882e-08,(3517.0964682435488+0j)
-15.502347945898839,55.089035067986536,0.05647918312468563,(-1714543.9205678958+3095772.786672931j),55.089035067986536,0.05647918312468563,(-1714543.9205678958-3095772.786672931j),55.32403192462041,0.05292119092309922,(3425570.744667547+0j),56.22468101356486,5.57869075689882e-08,(3517.0964682435488+0j)
-15.48465299006593,55.03475665983345,0.05647918312468563,(-1714543.9205678958+3095772.786672931j),55.03475665983345,0.05647918312468563,(-1714543.9205678958-3095772.786672931j),55.264498885598215,0.05292119092309922,(3425570.744667547+0j),56.22467790793097,5.57869075689882e-08,(3517.0964682435488+0j)
-15.466958034233022,54.98107145788918,0.05647918312468563,(-1714543.9205678958+3095772.786672931j),54.98107145788918,0.05647918312468563,(-1714543.9205678958-3095772.786672931j),55.20561295393714,0.05292119092309922,(3425570.744667547+0j),56.224674727466784,5.57869075689882e-08,(3517.0964682435488+0j)
-15.449263078400113,54.92798057988577,0.05647918312468563,(-1714543.9205678958+3095772.786672931j),54.92798057988577,0.05647918312468563,(-1714543.9205678958-3095772.786672931j),55.14737543124744,0.05292119092309922,(3425570.744667547+0j),56.22467146943478,5.57869075689882e-08,(3517.0964682435488+0j)
-15.431568122567205,54.875485145623294,0.05647918312468563,(-1714543.9205678958+3095772.786672931j),54.875485145623294,0.05647918312468563,(-1714543.9205678958-3095772.786672931j),55.089787621706826,0.05292119092309922,(3425570.744667547+0j),56.22466813096224,5.57869075689882e-08,(3517.0964682435488+0j)
-15.413873166734296,54.82358627697402,0.05647918312468563,(-1714543.9205678958+3095772.786672931j),54.82358627697402,0.05647918312468563,(-1714543.9205678958-3095772.786672931j),55.03285083206609,0.05292119092309922,(3425570.744667547+0j),56.224664709032815,5.57869075689882e-08,(3517.0964682435488+0j)
-15.396178210901388,54.77228509788672,0.05647918312468563,(-1714543.9205678958+3095772.786672931j),54.77228509788672,0.05647918312468563,(-1714543.9205678958-3095772.786672931j),54.976566371654684,0.05292119092309922,(3425570.744667547+0j),56.224661200477456,5.57869075689882e-08,(3517.0964682435488+0j)
-15.378483255068481,54.721582734390886,0.05647918312468563,(-1714543.9205678958+3095772.786672931j),54.721582734390886,0.05647918312468563,(-1714543.9205678958-3095772.786672931j),54.920935552386396,0.05292119092309922,(3425570.744667547+0j),56.22465760196459,5.57869075689882e-08,(3517.0964682435488+0j)
-15.360788299235573,54.67148031460098,0.05647918312468563,(-1714543.9205678958+3095772.786672931j),54.67148031460098,0.05647918312468563,(-1714543.9205678958-3095772.786672931j),54.865959688764946,0.05292119092309922,(3425570.744667547+0j),56.2246539099896,5.57869075689882e-08,(3517.0964682435488+0j)
-15.343093343402664,54.62197896872077,0.05647918312468563,(-1714543.9205678958+3095772.786672931j),54.62197896872077,0.05647918312468563,(-1714543.9205678958-3095772.786672931j),54.81164009788968,0.05292119092309922,(3425570.744667547+0j),56.224650120863416,5.57869075689882e-08,(3517.0964682435488+0j)
-15.325398387569754,54.57307982904753,0.05647918312468563,(-1714543.9205678958+3095772.786672931j),54.57307982904753,0.05647918312468563,(-1714543.9205678958-3095772.786672931j),54.757978099461205,0.05292119092309922,(3425570.744667547+0j),56.22464623070023,5.57869075689882e-08,(3517.0964682435488+0j)
-15.307703431736847,54.5247840299764,0.05647918312468563,(-1714543.9205678958+3095772.786672931j),54.5247840299764,0.05647918312468563,(-1714543.9205678958-3095772.786672931j),54.70497501578712,0.05292119092309922,(3425570.744667547+0j),56.22464223540423,5.57869075689882e-08,(3517.0964682435488+0j)
-15.290008475903939,54.47709270800464,0.05647918312468563,(-1714543.9205678958+3095772.786672931j),54.47709270800464,0.05647918312468563,(-1714543.9205678958-3095772.786672931j),54.65263217178766,0.05292119092309922,(3425570.744667547+0j),56.22463813065515,5.57869075689882e-08,(3517.0964682435488+0j)
-15.27231352007103,54.430007001735966,0.05647918312468563,(-1714543.9205678958+3095772.786672931j),54.430007001735966,0.05647918312468563,(-1714543.9205678958-3095772.786672931j),54.600950895001446,0.05292119092309922,(3425570.744667547+0j),56.22463391189275,5.57869075689882e-08,(3517.0964682435488+0j)
-15.254618564238122,54.38352805188488,0.05647918312468563,(-1714543.9205678958+3095772.786672931j),54.38352805188488,0.05647918312468563,(-1714543.9205678958-3095772.786672931j),54.54993251559124,0.05292119092309922,(3425570.744667547+0j),56.22462957429989,5.57869075689882e-08,(3517.0964682435488+0j)
-15.236923608405215,54.337657001280974,0.05647918312468563,(-1714543.9205678958+3095772.786672931j),54.337657001280974,0.05647918312468563,(-1714543.9205678958-3095772.786672931j),54.499578366349574,0.05292119092309922,(3425570.744667547+0j),56.22462511278418,5.57869075689882e-08,(3517.0964682435488+0j)
-15.219228652572307,54.2923949948733,0.05647918312468563,(-1714543.9205678958+3095772.786672931j),54.2923949948733,0.05647918312468563,(-1714543.9205678958-3095772.786672931j),54.44988978270464,0.05292119092309922,(3425570.744667547+0j),56.22462052195803,5.57869075689882e-08,(3517.0964682435488+0j)
-15.201533696739396,54.24774317973469,0.05647918312468563,(-1714543.9205678958+3095772.786672931j),54.24774317973469,0.05647918312468563,(-1714543.9205678958-3095772.786672931j),54.40086810272597,0.05292119092309922,(3425570.744667547+0j),56.22461579611698,5.57869075689882e-08,(3517.0964682435488+0j)
-15.18383874090649,54.20370270506617,0.05647918312468563,(-1714543.9205678958+3095772.786672931j),54.20370270506617,0.05647918312468563,(-1714543.9205678958-3095772.786672931j),54.35251466713026,0.05292119092309922,(3425570.744667547+0j),56.224610929216,5.57869075689882e-08,(3517.0964682435488+0j)
-15.166143785073581,54.16027472220126,0.05647918312468563,(-1714543.9205678958+3095772.786672931j),54.16027472220126,0.05647918312468563,(-1714543.9205678958-3095772.786672931j),54.30483081928713,0.05292119092309922,(3425570.744667547+0j),56.224605914843735,5.57869075689882e-08,(3517.0964682435488+0j)
-15.148448829240673,54.11746038461041,0.05647918312468563,(-1714543.9205678958+3095772.786672931j),54.11746038461041,0.05647918312468563,(-1714543.9205678958-3095772.786672931j),54.257817905225004,0.05292119092309922,(3425570.744667547+0j),56.22460074619432,5.57869075689882e-08,(3517.0964682435488+0j)
-15.130753873407764,54.07526084790539,0.05647918312468563,(-1714543.9205678958+3095772.786672931j),54.07526084790539,0.05647918312468563,(-1714543.9205678958-3095772.786672931j),54.21147727363684,0.05292119092309922,(3425570.744667547+0j),56.22459541603655,5.57869075689882e-08,(3517.0964682435488+0j)
-15.113058917574858,54.03367726984366,0.05647918312468563,(-1714543.9205678958+3095772.786672931j),54.03367726984366,0.05647918312468563,(-1714543.9205678958-3095772.786672931j),54.16581027588605,0.05292119092309922,(3425570.744667547+0j),56.22458991668012,5.57869075689882e-08,(3517.0964682435488+0j)
-15.095363961741947,53.99271081033282,0.05647918312468563,(-1714543.9205678958+3095772.786672931j),53.99271081033282,0.05647918312468563,(-1714543.9205678958-3095772.786672931j),54.120818266012336,0.05292119092309922,(3425570.744667547+0j),56.22458423993862,5.57869075689882e-08,(3517.0964682435488+0j)
-15.077669005909039,53.95236263143498,0.05647918312468563,(-1714543.9205678958+3095772.786672931j),53.95236263143498,0.05647918312468563,(-1714543.9205678958-3095772.786672931j),54.07650260073752,0.05292119092309922,(3425570.744667547+0j),56.22457837708889,5.57869075689882e-08,(3517.0964682435488+0j)
-15.05997405007613,53.912633897371286,0.05647918312468563,(-1714543.9205678958+3095772.786672931j),53.912633897371286,0.05647918312468563,(-1714543.9205678958-3095772.786672931j),54.03286463947148,0.05292119092309922,(3425570.744667547+0j),56.224572318826226,5.57869075689882e-08,(3517.0964682435488+0j)
-15.042279094243224,53.87352577452624,0.05647918312468563,(-1714543.9205678958+3095772.786672931j),53.87352577452624,0.05647918312468563,(-1714543.9205678958-3095772.786672931j),53.98990574431801,0.05292119092309922,(3425570.744667547+0j),56.22456605521519,5.57869075689882e-08,(3517.0964682435488+0j)
-15.024584138410315,53.835039431452266,0.05647918312468563,(-1714543.9205678958+3095772.786672931j),53.835039431452266,0.05647918312468563,(-1714543.9205678958-3095772.786672931j),53.94762728008076,0.05292119092309922,(3425570.744667547+0j),56.224559575635176,5.57869075689882e-08,(3517.0964682435488+0j)
-15.006889182577407,53.79717603887409,0.05647918312468563,(-1714543.9205678958+3095772.786672931j),53.79717603887409,0.05647918312468563,(-1714543.9205678958-3095772.786672931j),53.906030614269135,0.05292119092309922,(3425570.744667547+0j),56.22455286872034,5.57869075689882e-08,(3517.0964682435488+0j)
-14.989194226744498,53.759936769693276,0.05647918312468563,(-1714543.9205678958+3095772.786672931j),53.759936769693276,0.05647918312468563,(-1714543.9205678958-3095772.786672931j),53.865117117104276,0.05292119092309922,(3425570.744667547+0j),56.22454592229306,5.57869075689882e-08,(3517.0964682435488+0j)
-14.97149927091159,53.72332279899267,0.05647918312468563,(-1714543.9205678958+3095772.786672931j),53.72332279899267,0.05647918312468563,(-1714543.9205678958-3095772.786672931j),53.82488816152497,0.05292119092309922,(3425570.744667547+0j),56.22453872329013,5.57869075689882e-08,(3517.0964682435488+0j)
-14.953804315078681,53.6873353040409,0.05647918312468563,(-1714543.9205678958+3095772.786672931j),53.6873353040409,0.05647918312468563,(-1714543.9205678958-3095772.786672931j),53.785345123193665,0.05292119092309922,(3425570.744667547+0j),56.22453125768083,5.57869075689882e-08,(3517.0964682435488+0j)
-14.936109359245773,53.6519754642969,0.05647918312468563,(-1714543.9205678958+3095772.786672931j),53.6519754642969,0.05647918312468563,(-1714543.9205678958-3095772.786672931j),53.7464893805024,0.05292119092309922,(3425570.744667547+0j),56.22452351037555,5.57869075689882e-08,(3517.0964682435488+0j)
-14.918414403412866,53.617244461414444,0.05647918312468563,(-1714543.9205678958+3095772.786672931j),53.617244461414444,0.05647918312468563,(-1714543.9205678958-3095772.786672931j),53.708322314578886,0.05292119092309922,(3425570.744667547+0j),56.22451546512408,5.57869075689882e-08,(3517.0964682435488+0j)
-14.900719447579958,53.58314347924657,0.05647918312468563,(-1714543.9205678958+3095772.786672931j),53.58314347924657,0.05647918312468563,(-1714543.9205678958-3095772.786672931j),53.670845309292446,0.05292119092309922,(3425570.744667547+0j),56.224507104401816,5.57869075689882e-08,(3517.0964682435488+0j)
-14.883024491747049,53.54967370385027,0.05647918312468563,(-1714543.9205678958+3095772.786672931j),53.54967370385027,0.05647918312468563,(-1714543.9205678958-3095772.786672931j),53.634059751260075,0.05292119092309922,(3425570.744667547+0j),56.22449840928228,5.57869075689882e-08,(3517.0964682435488+0j)
-14.865329535914139,53.51683632349091,0.05647918312468563,(-1714543.9205678958+3095772.786672931j),53.51683632349091,0.05647918312468563,(-1714543.9205678958-3095772.786672931j),53.597967029852505,0.05292119092309922,(3425570.744667547+0j),56.22448935929417,5.57869075689882e-08,(3517.0964682435488+0j)
-14.847634580081232,53.48463252864683,0.05647918312468563,(-1714543.9205678958+3095772.786672931j),53.48463252864683,0.05647918312468563,(-1714543.9205678958-3095772.786672931j),53.56256853720022,0.05292119092309922,(3425570.744667547+0j),56.224479932260365,5.57869075689882e-08,(3517.0964682435488+0j)
-14.829939624248324,53.45306351201394,0.05647918312468563,(-1714543.9205678958+3095772.786672931j),53.45306351201394,0.05647918312468563,(-1714543.9205678958-3095772.786672931j),53.52786566819958,0.05292119092309922,(3425570.744667547+0j),56.22447010411654,5.57869075689882e-08,(3517.0964682435488+0j)
-14.812244668415415,53.42213046851028,0.05647918312468563,(-1714543.9205678958+3095772.786672931j),53.42213046851028,0.05647918312468563,(-1714543.9205678958-3095772.786672931j),53.49385982051888,0.05292119092309922,(3425570.744667547+0j),56.22445984870604,5.57869075689882e-08,(3517.0964682435488+0j)
-14.794549712582507,53.39183459528058,0.05647918312468563,(-1714543.9205678958+3095772.786672931j),53.39183459528058,0.05647918312468563,(-1714543.9205678958-3095772.786672931j),53.46055239460445,0.05292119092309922,(3425570.744667547+0j),56.224449137547424,5.57869075689882e-08,(3517.0964682435488+0j)
-14.7768547567496,53.362177091700886,0.05647918312468563,(-1714543.9205678958+3095772.786672931j),53.362177091700886,0.05647918312468563,(-1714543.9205678958-3095772.786672931j),53.42794479368681,0.05292119092309922,(3425570.744667547+0j),56.22443793957028,5.57869075689882e-08,(3517.0964682435488+0j)
-14.759159800916692,53.3331591593832,0.05647918312468563,(-1714543.9205678958+3095772.786672931j),53.3331591593832,0.05647918312468563,(-1714543.9205678958-3095772.786672931j),53.39603842378678,0.05292119092309922,(3425570.744667547+0j),56.22442622081426,5.57869075689882e-08,(3517.0964682435488+0j)
-14.741464845083781,53.304782002180026,0.05647918312468563,(-1714543.9205678958+3095772.786672931j),53.304782002180026,0.05647918312468563,(-1714543.9205678958-3095772.786672931j),53.364834693721626,0.05292119092309922,(3425570.744667547+0j),56.22441394408508,5.57869075689882e-08,(3517.0964682435488+0j)
-14.723769889250875,53.2770468261891,0.05647918312468563,(-1714543.9205678958+3095772.786672931j),53.2770468261891,0.05647918312468563,(-1714543.9205678958-3095772.786672931j),53.334335015111236,0.05292119092309922,(3425570.744667547+0j),56.22440106856013,5.57869075689882e-08,(3517.0964682435488+0j)
-14.706074933417966,53.24995483975794,0.05647918312468563,(-1714543.9205678958+3095772.786672931j),53.24995483975794,0.05647918312468563,(-1714543.9205678958-3095772.786672931j),53.30454080238431,0.05292119092309922,(3425570.744667547+0j),56.22438754933502,5.57869075689882e-08,(3517.0964682435488+0j)
-14.688379977585058,53.22350725348855,0.05647918312468563,(-1714543.9205678958+3095772.786672931j),53.22350725348855,0.05647918312468563,(-1714543.9205678958-3095772.786672931j),53.275453472784555,0.05292119092309922,(3425570.744667547+0j),56.22437333690039,5.57869075689882e-08,(3517.0964682435488+0j)
-14.67068502175215,53.197705280242076,0.05647918312468563,(-1714543.9205678958+3095772.786672931j),53.197705280242076,0.05647918312468563,(-1714543.9205678958-3095772.786672931j),53.24707444637685,0.05292119092309922,(3425570.744667547+0j),56.22435837653597,5.57869075689882e-08,(3517.0964682435488+0j)
-14.652990065919242,53.17255013514349,0.05647918312468563,(-1714543.9205678958+3095772.786672931j),53.17255013514349,0.05647918312468563,(-1714543.9205678958-3095772.786672931j),53.21940514605355,0.05292119092309922,(3425570.744667547+0j),56.224342607606545,5.57869075689882e-08,(3517.0964682435488+0j)
-14.635295110086332,53.14804303558624,0.05647918312468563,(-1714543.9205678958+3095772.786672931j),53.14804303558624,0.05647918312468563,(-1714543.9205678958-3095772.786672931j),53.1924469975407,0.05292119092309922,(3425570.744667547+0j),56.22432596274055,5.57869075689882e-08,(3517.0964682435488+0j)
-14.617600154253424,53.124185201237005,0.05647918312468563,(-1714543.9205678958+3095772.786672931j),53.124185201237005,0.05647918312468563,(-1714543.9205678958-3095772.786672931j),53.16620142940424,0.05292119092309922,(3425570.744667547+0j),56.22430836686787,5.57869075689882e-08,(3517.0964682435488+0j)
-14.599905198420515,53.10097785404036,0.05647918312468563,(-1714543.9205678958+3095772.786672931j),53.10097785404036,0.05647918312468563,(-1714543.9205678958-3095772.786672931j),53.14066987305636,0.05292119092309922,(3425570.744667547+0j),56.2242897360878,5.57869075689882e-08,(3517.0964682435488+0j)
-14.582210242587609,53.078422218223494,0.05647918312468563,(-1714543.9205678958+3095772.786672931j),53.078422218223494,0.05647918312468563,(-1714543.9205678958-3095772.786672931j),53.11585376276174,0.05292119092309922,(3425570.744667547+0j),56.224269976331335,5.57869075689882e-08,(3517.0964682435488+0j)
-14.5645152867547,53.056519520300974,0.05647918312468563,(-1714543.9205678958+3095772.786672931j),53.056519520300974,0.05647918312468563,(-1714543.9205678958-3095772.786672931j),53.09175453564387,0.05292119092309922,(3425570.744667547+0j),56.22424898177259,5.57869075689882e-08,(3517.0964682435488+0j)
-14.546820330921792,53.035270989079436,0.05647918312468563,(-1714543.9205678958+3095772.786672931j),53.035270989079436,0.05647918312468563,(-1714543.9205678958-3095772.786672931j),53.06837363169139,0.05292119092309922,(3425570.744667547+0j),56.22422663293279,5.57869075689882e-08,(3517.0964682435488+0j)
-14.529125375088883,53.01467785566241,0.05647918312468563,(-1714543.9205678958+3095772.786672931j),53.01467785566241,0.05647918312468563,(-1714543.9205678958-3095772.786672931j),53.04571249376436,0.05292119092309922,(3425570.744667547+0j),56.22420279440517,5.57869075689882e-08,(3517.0964682435488+0j)
-14.511430419255975,52.994741353455,0.05647918312468563,(-1714543.9205678958+3095772.786672931j),52.994741353455,0.05647918312468563,(-1714543.9205678958-3095772.786672931j),53.023772567600695,0.05292119092309922,(3425570.744667547+0j),56.224177312109234,5.57869075689882e-08,(3517.0964682435488+0j)
-14.493735463423066,52.975462718168714,0.05647918312468563,(-1714543.9205678958+3095772.786672931j),52.975462718168714,0.05647918312468563,(-1714543.9205678958-3095772.786672931j),53.0025553018225,0.05292119092309922,(3425570.744667547+0j),56.224150009956674,5.57869075689882e-08,(3517.0964682435488+0j)
-14.476040507590158,52.95684318782624,0.05647918312468563,(-1714543.9205678958+3095772.786672931j),52.95684318782624,0.05647918312468563,(-1714543.9205678958-3095772.786672931j),52.98206214794241,0.05292119092309922,(3425570.744667547+0j),56.22412068577663,5.57869075689882e-08,(3517.0964682435488+0j)
-14.458345551757251,52.938884002766216,0.05647918312468563,(-1714543.9205678958+3095772.786672931j),52.938884002766216,0.05647918312468563,(-1714543.9205678958-3095772.786672931j),52.962294560370076,0.05292119092309922,(3425570.744667547+0j),56.22408910630066,5.57869075689882e-08,(3517.0964682435488+0j)
-14.440650595924343,52.92158640564808,0.05647918312468563,(-1714543.9205678958+3095772.786672931j),52.92158640564808,0.05647918312468563,(-1714543.9205678958-3095772.786672931j),52.94325399641851,0.05292119092309922,(3425570.744667547+0j),56.22405500094443,5.57869075689882e-08,(3517.0964682435488+0j)
-14.422955640091434,52.904951641456854,0.05647918312468563,(-1714543.9205678958+3095772.786672931j),52.904951641456854,0.05647918312468563,(-1714543.9205678958-3095772.786672931j),52.924941916310544,0.05292119092309922,(3425570.744667547+0j),56.22401805403514,5.57869075689882e-08,(3517.0964682435488+0j)
-14.405260684258524,52.888980957508,0.05647918312468563,(-1714543.9205678958+3095772.786672931j),52.888980957508,0.05647918312468563,(-1714543.9205678958-3095772.786672931j),52.90735978318528,0.05292119092309922,(3425570.744667547+0j),56.223977895011615,5.57869075689882e-08,(3517.0964682435488+0j)
-14.387565728425617,52.87367560345223,0.05647918312468563,(-1714543.9205678958+3095772.786672931j),52.87367560345223,0.05647918312468563,(-1714543.9205678958-3095772.786672931j),52.89050906310454,0.05292119092309922,(3425570.744667547+0j),56.22393408595242,5.57869075689882e-08,(3517.0964682435488+0j)
-14.369870772592709,52.85903683128039,0.05647918312468563,(-1714543.9205678958+3095772.786672931j),52.85903683128039,0.05647918312468563,(-1714543.9205678958-3095772.786672931j),52.87439122505936,0.05292119092309922,(3425570.744667547+0j),56.223886105541304,5.57869075689882e-08,(3517.0964682435488+0j)
-14.3521758167598,52.84506589532832,0.05647918312468563,(-1714543.9205678958+3095772.786672931j),52.84506589532832,0.05647918312468563,(-1714543.9205678958-3095772.786672931j),52.8590077409765,0.05292119092309922,(3425570.744667547+0j),56.2238333282234,5.57869075689882e-08,(3517.0964682435488+0j)
-14.334480860926892,52.8317640522817,0.05647918312468563,(-1714543.9205678958+3095772.786672931j),52.8317640522817,0.05647918312468563,(-1714543.9205678958-3095772.786672931j),52.844360085724894,0.05292119092309922,(3425570.744667547+0j),56.22377499678087,5.57869075689882e-08,(3517.0964682435488+0j)
-14.316785905093985,52.81913256118099,0.05647918312468563,(-1714543.9205678958+3095772.786672931j),52.81913256118099,0.05647918312468563,(-1714543.9205678958-3095772.786672931j),52.830449737122265,0.05292119092309922,(3425570.744667547+0j),56.22371018576943,5.57869075689882e-08,(3517.0964682435488+0j)
-14.299090949261076,52.80717268342627,0.05647918312468563,(-1714543.9205678958+3095772.786672931j),52.80717268342627,0.05647918312468563,(-1714543.9205678958-3095772.786672931j),52.81727817594161,0.05292119092309922,(3425570.744667547+0j),56.22363775205378,5.57869075689882e-08,(3517.0964682435488+0j)
-14.281395993428166,52.7958856827822,0.05647918312468563,(-1714543.9205678958+3095772.786672931j),52.7958856827822,0.05647918312468563,(-1714543.9205678958-3095772.786672931j),52.80484688591777,0.05292119092309922,(3425570.744667547+0j),56.22355626679925,5.57869075689882e-08,(3517.0964682435488+0j)
-14.26370103759526,52.78527282538289,0.05647918312468563,(-1714543.9205678958+3095772.786672931j),52.78527282538289,0.05647918312468563,(-1714543.9205678958-3095772.786672931j),52.79315735375401,0.05292119092309922,(3425570.744667547+0j),56.2234639202687,5.57869075689882e-08,(3517.0964682435488+0j)
-14.246006081762351,52.7753353797369,0.05647918312468563,(-1714543.9205678958+3095772.786672931j),52.7753353797369,0.05647918312468563,(-1714543.9205678958-3095772.786672931j),52.78221106912864,0.05292119092309922,(3425570.744667547+0j),56.22335838583183,5.57869075689882e-08,(3517.0964682435488+0j)
-14.228311125929443,52.76607461673211,0.05647918312468563,(-1714543.9205678958+3095772.786672931j),52.76607461673211,0.05647918312468563,(-1714543.9205678958-3095772.786672931j),52.77200952470161,0.05292119092309922,(3425570.744667547+0j),56.22323662123252,5.57869075689882e-08,(3517.0964682435488+0j)
-14.210616170096534,52.75749180964074,0.05647918312468563,(-1714543.9205678958+3095772.786672931j),52.75749180964074,0.05647918312468563,(-1714543.9205678958-3095772.786672931j),52.76255421612109,0.05292119092309922,(3425570.744667547+0j),56.2230945705288,5.57869075689882e-08,(3517.0964682435488+0j)
-14.192921214263627,52.749588234124275,0.05647918312468563,(-1714543.9205678958+3095772.786672931j),52.749588234124275,0.05647918312468563,(-1714543.9205678958-3095772.786672931j),52.7538466420302,0.05292119092309922,(3425570.744667547+0j),56.22292670352466,5.57869075689882e-08,(3517.0964682435488+0j)
-14.175226258430719,52.74236516823848,0.05647918312468563,(-1714543.9205678958+3095772.786672931j),52.74236516823848,0.05647918312468563,(-1714543.9205678958-3095772.786672931j),52.74588830407359,0.05292119092309922,(3425570.744667547+0j),56.2227252789915,5.57869075689882e-08,(3517.0964682435488+0j)
-14.157531302597809,52.73582389243834,0.05647918312468563,(-1714543.9205678958+3095772.786672931j),52.73582389243834,0.05647918312468563,(-1714543.9205678958-3095772.786672931j),52.73868070690417,0.05292119092309922,(3425570.744667547+0j),56.22247911696203,5.57869075689882e-08,(3517.0964682435488+0j)
-14.1398363467649,52.72996568958311,0.05647918312468563,(-1714543.9205678958+3095772.786672931j),52.72996568958311,0.05647918312468563,(-1714543.9205678958-3095772.786672931j),52.73222535818977,0.05292119092309922,(3425570.744667547+0j),56.22217145078865,5.57869075689882e-08,(3517.0964682435488+0j)
-14.122141390931993,52.72479184494134,0.05647918312468563,(-1714543.9205678958+3095772.786672931j),52.72479184494134,0.05647918312468563,(-1714543.9205678958-3095772.786672931j),52.726523768619906,0.05292119092309922,(3425570.744667547+0j),56.221775939352526,5.57869075689882e-08,(3517.0964682435488+0j)
-14.104446435099085,52.720303646195816,0.05647918312468563,(-1714543.9205678958+3095772.786672931j),52.720303646195816,0.05647918312468563,(-1714543.9205678958-3095772.786672931j),52.7215774519124,0.05292119092309922,(3425570.744667547+0j),56.22124869462366,5.57869075689882e-08,(3517.0964682435488+0j)
-14.086751479266177,52.71650238344871,0.05647918312468563,(-1714543.9205678958+3095772.786672931j),52.71650238344871,0.05647918312468563,(-1714543.9205678958-3095772.786672931j),52.71738792482025,0.05292119092309922,(3425570.744667547+0j),56.2205107513375,5.57869075689882e-08,(3517.0964682435488+0j)
-14.069056523433268,52.71338934922655,0.05647918312468563,(-1714543.9205678958+3095772.786672931j),52.71338934922655,0.05647918312468563,(-1714543.9205678958-3095772.786672931j),52.7139567071383,0.05292119092309922,(3425570.744667547+0j),56.21940427225568,5.57869075689882e-08,(3517.0964682435488+0j)
-14.05136156760036,52.71096583848532,0.05647918312468563,(-1714543.9205678958+3095772.786672931j),52.71096583848532,0.05647918312468563,(-1714543.9205678958-3095772.786672931j),52.71128532171006,0.05292119092309922,(3425570.744667547+0j),56.21756130189913,5.57869075689882e-08,(3517.0964682435488+0j)
-14.033666611767451,52.70923314861552,0.05647918312468563,(-1714543.9205678958+3095772.786672931j),52.70923314861552,0.05647918312468563,(-1714543.9205678958-3095772.786672931j),52.70937529443447,0.05292119092309922,(3425570.744667547+0j),56.21387971112747,5.57869075689882e-08,(3517.0964682435488+0j)
-14.015971655934543,52.708192579447235,0.05647918312468563,(-1714543.9205678958+3095772.786672931j),52.708192579447235,0.05647918312468563,(-1714543.9205678958-3095772.786672931j),52.70822815427278,0.05292119092309922,(3425570.744667547+0j),56.20286962903117,5.57869075689882e-08,(3517.0964682435488+0j)
-13.998276700101636,52.70784543325527,0.05647918312468563,(-1714543.9205678958+3095772.786672931j),52.70784543325527,0.05647918312468563,(-1714543.9205678958-3095772.786672931j),52.70784543325527,0.05292119092309922,(3425570.744667547+0j),52.70784543325527,5.57869075689882e-08,(3517.0964682435488+0j)
-13.998276700101636,52.5986353895323,0.1306774568764764,(-926063.2472475122+1662646.8266707922j),52.5986353895323,0.1306774568764764,(-926063.2472475122-1662646.8266707922j),52.70784543325527,0.12357624769605381,(1850719.6881661764+0j),52.70784543325527,7.140396702640462e-08,(1406.8063288497474+0j)
-13.962886788435819,52.57322582323858,0.1306774568764764,(-926063.2472475122+1662646.8266707922j),52.57322582323858,0.1306774568764764,(-926063.2472475122-1662646.8266707922j),52.680337883808626,0.12357624769605381,(1850719.6881661764+0j),52.70784484816994,7.140396702640462e-08,(1406.8063288497474+0j)
-13.927496876770002,52.54805430812007,0.1306774568764764,(-926063.2472475122+1662646.8266707922j),52.54805430812007,0.1306774568764764,(-926063.2472475122-1662646.8266707922j),52.6530868351202,0.12357624769605381,(1850719.6881661764+0j),52.70784425102136,7.140396702640462e-08,(1406.8063288497474+0j)
-13.892106965104185,52.52312123185935,0.1306774568764764,(-926063.2472475122+1662646.8266707922j),52.52312123185935,0.1306774568764764,(-926063.2472475122-1662646.8266707922j),52.62609272902016,0.12357624769605381,(1850719.6881661764+0j),52.70784364143259,7.140396702640462e-08,(1406.8063288497474+0j)
-13.85671705343837,52.49842698275879,0.1306774568764764,(-926063.2472475122+1662646.8266707922j),52.49842698275879,0.1306774568764764,(-926063.2472475122-1662646.8266707922j),52.599356008085024,0.12357624769605381,(1850719.6881661764+0j),52.707843019010774,7.140396702640462e-08,(1406.8063288497474+0j)
-13.821327141772553,52.473971949741724,0.1306774568764764,(-926063.2472475122+1662646.8266707922j),52.473971949741724,0.1306774568764764,(-926063.2472475122-1662646.8266707922j),52.57287711563903,0.12357624769605381,(1850719.6881661764+0j),52.70784238334637,7.140396702640462e-08,(1406.8063288497474+0j)
-13.785937230106738,52.44975652235354,0.1306774568764764,(-926063.2472475122+1662646.8266707922j),52.44975652235354,0.1306774568764764,(-926063.2472475122-1662646.8266707922j),52.546656495755556,0.12357624769605381,(1850719.6881661764+0j),52.707841734012206,7.140396702640462e-08,(1406.8063288497474+0j)
-13.75054731844092,52.42578109076274,0.1306774568764764,(-926063.2472475122+1662646.8266707922j),52.42578109076274,0.1306774568764764,(-926063.2472475122-1662646.8266707922j),52.52069459325848,0.12357624769605381,(1850719.6881661764+0j),52.707841070562544,7.140396702640462e-08,(1406.8063288497474+0j)
-13.715157406775104,52.40204604576207,0.1306774568764764,(-926063.2472475122+1662646.8266707922j),52.40204604576207,0.1306774568764764,(-926063.2472475122-1662646.8266707922j),52.49499185372367,0.12357624769605381,(1850719.6881661764+0j),52.707840392532056,7.140396702640462e-08,(1406.8063288497474+0j)
-13.679767495109287,52.37855177876962,0.1306774568764764,(-926063.2472475122+1662646.8266707922j),52.37855177876962,0.1306774568764764,(-926063.2472475122-1662646.8266707922j),52.46954872348025,0.12357624769605381,(1850719.6881661764+0j),52.70783969943473,7.140396702640462e-08,(1406.8063288497474+0j)
-13.644377583443472,52.35529868182992,0.1306774568764764,(-926063.2472475122+1662646.8266707922j),52.35529868182992,0.1306774568764764,(-926063.2472475122-1662646.8266707922j),52.444365649612166,0.12357624769605381,(1850719.6881661764+0j),52.70783899076271,7.140396702640462e-08,(1406.8063288497474+0j)
-13.608987671777653,52.33228714761509,0.1306774568764764,(-926063.2472475122+1662646.8266707922j),52.33228714761509,0.1306774568764764,(-926063.2472475122-1662646.8266707922j),52.41944307995948,0.12357624769605381,(1850719.6881661764+0j),52.707838265985075,7.140396702640462e-08,(1406.8063288497474+0j)
-13.573597760111838,52.30951756942589,0.1306774568764764,(-926063.2472475122+1662646.8266707922j),52.30951756942589,0.1306774568764764,(-926063.2472475122-1662646.8266707922j),52.39478146311984,0.12357624769605381,(1850719.6881661764+0j),52.707837524546456,7.140396702640462e-08,(1406.8063288497474+0j)
-13.538207848446023,52.2869903411929,0.1306774568764764,(-926063.2472475122+1662646.8266707922j),52.2869903411929,0.1306774568764764,(-926063.2472475122-1662646.8266707922j),52.370381248449895,0.12357624769605381,(1850719.6881661764+0j),52.707836765865686,7.140396702640462e-08,(1406.8063288497474+0j)
-13.502817936780206,52.264705857477566,0.1306774568764764,(-926063.2472475122+1662646.8266707922j),52.264705857477566,0.1306774568764764,(-926063.2472475122-1662646.8266707922j),52.34624288606668,0.12357624769605381,(1850719.6881661764+0j),52.707835989334235,7.140396702640462e-08,(1406.8063288497474+0j)
-13.46742802511439,52.242664513473386,0.1306774568764764,(-926063.2472475122+1662646.8266707922j),52.242664513473386,0.1306774568764764,(-926063.2472475122-1662646.8266707922j),52.32236682684911,0.12357624769605381,(1850719.6881661764+0j),52.70783519431461,7.140396702640462e-08,(1406.8063288497474+0j)
-13.432038113448574,52.22086670500698,0.1306774568764764,(-926063.2472475122+1662646.8266707922j),52.22086670500698,0.1306774568764764,(-926063.2472475122-1662646.8266707922j),52.29875352243932,0.12357624769605381,(1850719.6881661764+0j),52.707834380138586,7.140396702640462e-08,(1406.8063288497474+0j)
-13.396648201782757,52.19931282853927,0.1306774568764764,(-926063.2472475122+1662646.8266707922j),52.19931282853927,0.1306774568764764,(-926063.2472475122-1662646.8266707922j),52.275403425244164,0.12357624769605381,(1850719.6881661764+0j),52.70783354610534,7.140396702640462e-08,(1406.8063288497474+0j)
-13.36125829011694,52.17800328116651,0.1306774568764764,(-926063.2472475122+1662646.8266707922j),52.17800328116651,0.1306774568764764,(-926063.2472475122-1662646.8266707922j),52.25231698843662,0.12357624769605381,(1850719.6881661764+0j),52.70783269147945,7.140396702640462e-08,(1406.8063288497474+0j)
-13.325868378451124,52.15693846062151,0.1306774568764764,(-926063.2472475122+1662646.8266707922j),52.15693846062151,0.1306774568764764,(-926063.2472475122-1662646.8266707922j),52.229494665957226,0.12357624769605381,(1850719.6881661764+0j),52.707831815488724,7.140396702640462e-08,(1406.8063288497474+0j)
-13.290478466785306,52.136118765274716,0.1306774568764764,(-926063.2472475122+1662646.8266707922j),52.136118765274716,0.1306774568764764,(-926063.2472475122-1662646.8266707922j),52.206936912515516,0.12357624769605381,(1850719.6881661764+0j),52.707830917321864,7.140396702640462e-08,(1406.8063288497474+0j)
-13.25508855511949,52.115544594135365,0.1306774568764764,(-926063.2472475122+1662646.8266707922j),52.115544594135365,0.1306774568764764,(-926063.2472475122-1662646.8266707922j),52.18464418359147,0.12357624769605381,(1850719.6881661764+0j),52.70782999612598,7.140396702640462e-08,(1406.8063288497474+0j)
-13.219698643453674,52.095216346852595,0.1306774568764764,(-926063.2472475122+1662646.8266707922j),52.095216346852595,0.1306774568764764,(-926063.2472475122-1662646.8266707922j),52.162616935436986,0.12357624769605381,(1850719.6881661764+0j),52.70782905100387,7.140396702640462e-08,(1406.8063288497474+0j)
-13.184308731787858,52.0751344237166,0.1306774568764764,(-926063.2472475122+1662646.8266707922j),52.0751344237166,0.1306774568764764,(-926063.2472475122-1662646.8266707922j),52.14085562507724,0.12357624769605381,(1850719.6881661764+0j),52.707828081011115,7.140396702640462e-08,(1406.8063288497474+0j)
-13.148918820122041,52.055299225659745,0.1306774568764764,(-926063.2472475122+1662646.8266707922j),52.055299225659745,0.1306774568764764,(-926063.2472475122-1662646.8266707922j),52.119360710312264,0.12357624769605381,(1850719.6881661764+0j),52.70782708515293,7.140396702640462e-08,(1406.8063288497474+0j)
-13.113528908456226,52.03571115425774,0.1306774568764764,(-926063.2472475122+1662646.8266707922j),52.03571115425774,0.1306774568764764,(-926063.2472475122-1662646.8266707922j),52.09813264971827,0.12357624769605381,(1850719.6881661764+0j),52.70782606238077,7.140396702640462e-08,(1406.8063288497474+0j)
-13.078138996790408,52.01637061173077,0.1306774568764764,(-926063.2472475122+1662646.8266707922j),52.01637061173077,0.1306774568764764,(-926063.2472475122-1662646.8266707922j),52.077171902649226,0.12357624769605381,(1850719.6881661764+0j),52.707825011588604,7.140396702640462e-08,(1406.8063288497474+0j)
-13.042749085124592,51.99727800094463,0.1306774568764764,(-926063.2472475122+1662646.8266707922j),51.99727800094463,0.1306774568764764,(-926063.2472475122-1662646.8266707922j),52.05647892923821,0.12357624769605381,(1850719.6881661764+0j),52.707823931609,7.140396702640462e-08,(1406.8063288497474+0j)
-13.007359173458777,51.97843372541188,0.1306774568764764,(-926063.2472475122+1662646.8266707922j),51.97843372541188,0.1306774568764764,(-926063.2472475122-1662646.8266707922j),52.036054190398964,0.12357624769605381,(1850719.6881661764+0j),52.70782282120872,7.140396702640462e-08,(1406.8063288497474+0j)
-12.971969261792959,51.959838189292995,0.1306774568764764,(-926063.2472475122+1662646.8266707922j),51.959838189292995,0.1306774568764764,(-926063.2472475122-1662646.8266707922j),52.01589814782729,0.12357624769605381,(1850719.6881661764+0j),52.707821679084105,7.140396702640462e-08,(1406.8063288497474+0j)
-12.936579350127143,51.94149179739752,0.1306774568764764,(-926063.2472475122+1662646.8266707922j),51.94149179739752,0.1306774568764764,(-926063.2472475122-1662646.8266707922j),51.996011264002576,0.12357624769605381,(1850719.6881661764+0j),52.707820503855864,7.140396702640462e-08,(1406.8063288497474+0j)
-12.901189438461326,51.92339495518522,0.1306774568764764,(-926063.2472475122+1662646.8266707922j),51.92339495518522,0.1306774568764764,(-926063.2472475122-1662646.8266707922j),51.976394002189224,0.12357624769605381,(1850719.6881661764+0j),52.70781929406365,7.140396702640462e-08,(1406.8063288497474+0j)
-12.865799526795511,51.90554806876724,0.1306774568764764,(-926063.2472475122+1662646.8266707922j),51.90554806876724,0.1306774568764764,(-926063.2472475122-1662646.8266707922j),51.957046826438166,0.12357624769605381,(1850719.6881661764+0j),52.70781804815984,7.140396702640462e-08,(1406.8063288497474+0j)
-12.830409615129694,51.88795154490727,0.1306774568764764,(-926063.2472475122+1662646.8266707922j),51.88795154490727,0.1306774568764764,(-926063.2472475122-1662646.8266707922j),51.93797020158828,0.12357624769605381,(1850719.6881661764+0j),52.707816764503114,7.140396702640462e-08,(1406.8063288497474+0j)
-12.795019703463879,51.87060579102268,0.1306774568764764,(-926063.2472475122+1662646.8266707922j),51.87060579102268,0.1306774568764764,(-926063.2472475122-1662646.8266707922j),51.91916459326796,0.12357624769605381,(1850719.6881661764+0j),52.707815441351094,7.140396702640462e-08,(1406.8063288497474+0j)
-12.75962979179806,51.85351121518574,0.1306774568764764,(-926063.2472475122+1662646.8266707922j),51.85351121518574,0.1306774568764764,(-926063.2472475122-1662646.8266707922j),51.900630467896534,0.12357624769605381,(1850719.6881661764+0j),52.707814076852536,7.140396702640462e-08,(1406.8063288497474+0j)
-12.724239880132245,51.8366682261247,0.1306774568764764,(-926063.2472475122+1662646.8266707922j),51.8366682261247,0.1306774568764764,(-926063.2472475122-1662646.8266707922j),51.88236829268577,0.12357624769605381,(1850719.6881661764+0j),52.70781266903863,7.140396702640462e-08,(1406.8063288497474+0j)
-12.688849968466428,51.82007723322507,0.1306774568764764,(-926063.2472475122+1662646.8266707922j),51.82007723322507,0.1306774568764764,(-926063.2472475122-1662646.8266707922j),51.86437853564137,0.12357624769605381,(1850719.6881661764+0j),52.7078112158136,7.140396702640462e-08,(1406.8063288497474+0j)
-12.653460056800611,51.80373864653067,0.1306774568764764,(-926063.2472475122+1662646.8266707922j),51.80373864653067,0.1306774568764764,(-926063.2472475122-1662646.8266707922j),51.84666166556449,0.12357624769605381,(1850719.6881661764+0j),52.70780971494421,7.140396702640462e-08,(1406.8063288497474+0j)
-12.618070145134794,51.78765287674491,0.1306774568764764,(-926063.2472475122+1662646.8266707922j),51.78765287674491,0.1306774568764764,(-926063.2472475122-1662646.8266707922j),51.82921815205318,0.12357624769605381,(1850719.6881661764+0j),52.70780816404836,7.140396702640462e-08,(1406.8063288497474+0j)
-12.58268023346898,51.77182033523187,0.1306774568764764,(-926063.2472475122+1662646.8266707922j),51.77182033523187,0.1306774568764764,(-926063.2472475122-1662646.8266707922j),51.81204846550395,0.12357624769605381,(1850719.6881661764+0j),52.70780656058247,7.140396702640462e-08,(1406.8063288497474+0j)
-12.547290321803164,51.75624143401758,0.1306774568764764,(-926063.2472475122+1662646.8266707922j),51.75624143401758,0.1306774568764764,(-926063.2472475122-1662646.8266707922j),51.7951530771132,0.12357624769605381,(1850719.6881661764+0j),52.70780490182754,7.140396702640462e-08,(1406.8063288497474+0j)
-12.511900410137347,51.74091658579111,0.1306774568764764,(-926063.2472475122+1662646.8266707922j),51.74091658579111,0.1306774568764764,(-926063.2472475122-1662646.8266707922j),51.77853245887882,0.12357624769605381,(1850719.6881661764+0j),52.70780318487377,7.140396702640462e-08,(1406.8063288497474+0j)
-12.476510498471532,51.72584620390581,0.1306774568764764,(-926063.2472475122+1662646.8266707922j),51.72584620390581,0.1306774568764764,(-926063.2472475122-1662646.8266707922j),51.76218708360162,0.12357624769605381,(1850719.6881661764+0j),52.70780140660352,7.140396702640462e-08,(1406.8063288497474+0j)
-12.441120586805713,51.71103070238045,0.1306774568764764,(-926063.2472475122+1662646.8266707922j),51.71103070238045,0.1306774568764764,(-926063.2472475122-1662646.8266707922j),51.74611742488687,0.12357624769605381,(1850719.6881661764+0j),52.70779956367248,7.140396702640462e-08,(1406.8063288497474+0j)
-12.405730675139898,51.696470495900456,0.1306774568764764,(-926063.2472475122+1662646.8266707922j),51.696470495900456,0.1306774568764764,(-926063.2472475122-1662646.8266707922j),51.73032395714585,0.12357624769605381,(1850719.6881661764+0j),52.70779765248855,7.140396702640462e-08,(1406.8063288497474+0j)
-12.370340763474081,51.68216599981908,0.1306774568764764,(-926063.2472475122+1662646.8266707922j),51.68216599981908,0.1306774568764764,(-926063.2472475122-1662646.8266707922j),51.714807155597306,0.12357624769605381,(1850719.6881661764+0j),52.70779566918859,7.140396702640462e-08,(1406.8063288497474+0j)
-12.334950851808266,51.66811763015854,0.1306774568764764,(-926063.2472475122+1662646.8266707922j),51.66811763015854,0.1306774568764764,(-926063.2472475122-1662646.8266707922j),51.699567496269054,0.12357624769605381,(1850719.6881661764+0j),52.7077936096123,7.140396702640462e-08,(1406.8063288497474+0j)
-12.299560940142447,51.654325803611336,0.1306774568764764,(-926063.2472475122+1662646.8266707922j),51.654325803611336,0.1306774568764764,(-926063.2472475122-1662646.8266707922j),51.68460545599941,0.12357624769605381,(1850719.6881661764+0j),52.707791469273104,7.140396702640462e-08,(1406.8063288497474+0j)
-12.264171028476632,51.640790937541304,0.1306774568764764,(-926063.2472475122+1662646.8266707922j),51.640790937541304,0.1306774568764764,(-926063.2472475122-1662646.8266707922j),51.669921512438805,0.12357624769605381,(1850719.6881661764+0j),52.707789243325536,7.140396702640462e-08,(1406.8063288497474+0j)
-12.228781116810815,51.627513449984946,0.1306774568764764,(-926063.2472475122+1662646.8266707922j),51.627513449984946,0.1306774568764764,(-926063.2472475122-1662646.8266707922j),51.655516144051276,0.12357624769605381,(1850719.6881661764+0j),52.70778692652856,7.140396702640462e-08,(1406.8063288497474+0j)
-12.193391205145,51.61449375965251,0.1306774568764764,(-926063.2472475122+1662646.8266707922j),51.61449375965251,0.1306774568764764,(-926063.2472475122-1662646.8266707922j),51.64138983011601,0.12357624769605381,(1850719.6881661764+0j),52.707784513204466,7.140396702640462e-08,(1406.8063288497474+0j)
-12.158001293479183,51.601732285929316,0.1306774568764764,(-926063.2472475122+1662646.8266707922j),51.601732285929316,0.1306774568764764,(-926063.2472475122-1662646.8266707922j),51.627543050728896,0.12357624769605381,(1850719.6881661764+0j),52.707781997192356,7.140396702640462e-08,(1406.8063288497474+0j)
-12.122611381813366,51.58922944887684,0.1306774568764764,(-926063.2472475122+1662646.8266707922j),51.58922944887684,0.1306774568764764,(-926063.2472475122-1662646.8266707922j),51.61397628680403,0.12357624769605381,(1850719.6881661764+0j),52.707779371795596,7.140396702640462e-08,(1406.8063288497474+0j)
-12.08722147014755,51.57698566923405,0.1306774568764764,(-926063.2472475122+1662646.8266707922j),51.57698566923405,0.1306774568764764,(-926063.2472475122-1662646.8266707922j),51.60069002007532,0.12357624769605381,(1850719.6881661764+0j),52.70777662972239,7.140396702640462e-08,(1406.8063288497474+0j)
-12.051831558481734,51.565001368418486,0.1306774568764764,(-926063.2472475122+1662646.8266707922j),51.565001368418486,0.1306774568764764,(-926063.2472475122-1662646.8266707922j),51.58768473309798,0.12357624769605381,(1850719.6881661764+0j),52.707773763018054,7.140396702640462e-08,(1406.8063288497474+0j)
-12.016441646815919,51.5532769685276,0.1306774568764764,(-926063.2472475122+1662646.8266707922j),51.5532769685276,0.1306774568764764,(-926063.2472475122-1662646.8266707922j),51.57496090925012,0.12357624769605381,(1850719.6881661764+0j),52.707770762988034,7.140396702640462e-08,(1406.8063288497474+0j)
-11.9810517351501,51.54181289233987,0.1306774568764764,(-926063.2472475122+1662646.8266707922j),51.54181289233987,0.1306774568764764,(-926063.2472475122-1662646.8266707922j),51.56251903273427,0.12357624769605381,(1850719.6881661764+0j),52.70776762010973,7.140396702640462e-08,(1406.8063288497474+0j)
-11.945661823484285,51.53060956331608,0.1306774568764764,(-926063.2472475122+1662646.8266707922j),51.53060956331608,0.1306774568764764,(-926063.2472475122-1662646.8266707922j),51.55035958857898,0.12357624769605381,(1850719.6881661764+0j),52.70776432393159,7.140396702640462e-08,(1406.8063288497474+0j)
-11.910271911818468,51.51966740560051,0.1306774568764764,(-926063.2472475122+1662646.8266707922j),51.51966740560051,0.1306774568764764,(-926063.2472475122-1662646.8266707922j),51.53848306264034,0.12357624769605381,(1850719.6881661764+0j),52.70776086295703,7.140396702640462e-08,(1406.8063288497474+0j)
-11.874882000152652,51.50898684402219,0.1306774568764764,(-926063.2472475122+1662646.8266707922j),51.50898684402219,0.1306774568764764,(-926063.2472475122-1662646.8266707922j),51.52688994160359,0.12357624769605381,(1850719.6881661764+0j),52.70775722451037,7.140396702640462e-08,(1406.8063288497474+0j)
-11.839492088486836,51.4985683040961,0.1306774568764764,(-926063.2472475122+1662646.8266707922j),51.4985683040961,0.1306774568764764,(-926063.2472475122-1662646.8266707922j),51.515580712984644,0.12357624769605381,(1850719.6881661764+0j),52.70775339458176,7.140396702640462e-08,(1406.8063288497474+0j)
-11.804102176821019,51.48841221202441,0.1306774568764764,(-926063.2472475122+1662646.8266707922j),51.48841221202441,0.1306774568764764,(-926063.2472475122-1662646.8266707922j),51.50455586513169,0.12357624769605381,(1850719.6881661764+0j),52.707749357646904,7.140396702640462e-08,(1406.8063288497474+0j)
-11.768712265155202,51.47851899469769,0.1306774568764764,(-926063.2472475122+1662646.8266707922j),51.47851899469769,0.1306774568764764,(-926063.2472475122-1662646.8266707922j),51.493815887226766,0.12357624769605381,(1850719.6881661764+0j),52.70774509645676,7.140396702640462e-08,(1406.8063288497474+0j)
-11.733322353489386,51.4688890796962,0.1306774568764764,(-926063.2472475122+1662646.8266707922j),51.4688890796962,0.1306774568764764,(-926063.2472475122-1662646.8266707922j),51.483361269287336,0.12357624769605381,(1850719.6881661764+0j),52.70774059179108,7.140396702640462e-08,(1406.8063288497474+0j)
-11.69793244182357,51.459522895291045,0.1306774568764764,(-926063.2472475122+1662646.8266707922j),51.459522895291045,0.1306774568764764,(-926063.2472475122-1662646.8266707922j),51.47319250216786,0.12357624769605381,(1850719.6881661764+0j),52.70773582216866,7.140396702640462e-08,(1406.8063288497474+0j)
-11.662542530157753,51.450420870445484,0.1306774568764764,(-926063.2472475122+1662646.8266707922j),51.450420870445484,0.1306774568764764,(-926063.2472475122-1662646.8266707922j),51.463310077561395,0.12357624769605381,(1850719.6881661764+0j),52.70773076350472,7.140396702640462e-08,(1406.8063288497474+0j)
-11.627152618491936,51.441583434816145,0.1306774568764764,(-926063.2472475122+1662646.8266707922j),51.441583434816145,0.1306774568764764,(-926063.2472475122-1662646.8266707922j),51.453714488001175,0.12357624769605381,(1850719.6881661764+0j),52.70772538870418,7.140396702640462e-08,(1406.8063288497474+0j)
-11.59176270682612,51.43301101875424,0.1306774568764764,(-926063.2472475122+1662646.8266707922j),51.43301101875424,0.1306774568764764,(-926063.2472475122-1662646.8266707922j),51.44440622686222,0.12357624769605381,(1850719.6881661764+0j),52.70771966717617,7.140396702640462e-08,(1406.8063288497474+0j)
-11.556372795160305,51.42470405330688,0.1306774568764764,(-926063.2472475122+1662646.8266707922j),51.42470405330688,0.1306774568764764,(-926063.2472475122-1662646.8266707922j),51.43538578836292,0.12357624769605381,(1850719.6881661764+0j),52.707713564251435,7.140396702640462e-08,(1406.8063288497474+0j)
-11.520982883494488,51.41666297021824,0.1306774568764764,(-926063.2472475122+1662646.8266707922j),51.41666297021824,0.1306774568764764,(-926063.2472475122-1662646.8266707922j),51.42665366756663,0.12357624769605381,(1850719.6881661764+0j),52.707707040479264,7.140396702640462e-08,(1406.8063288497474+0j)
-11.485592971828671,51.40888820193087,0.1306774568764764,(-926063.2472475122+1662646.8266707922j),51.40888820193087,0.1306774568764764,(-926063.2472475122-1662646.8266707922j),51.41821036038329,0.12357624769605381,(1850719.6881661764+0j),52.70770005077372,7.140396702640462e-08,(1406.8063288497474+0j)
-11.450203060162854,51.40138018158695,0.1306774568764764,(-926063.2472475122+1662646.8266707922j),51.40138018158695,0.1306774568764764,(-926063.2472475122-1662646.8266707922j),51.41005636357101,0.12357624769605381,(1850719.6881661764+0j),52.70769254337025,7.140396702640462e-08,(1406.8063288497474+0j)
-11.41481314849704,51.3941393430295,0.1306774568764764,(-926063.2472475122+1662646.8266707922j),51.3941393430295,0.1306774568764764,(-926063.2472475122-1662646.8266707922j),51.40219217473767,0.12357624769605381,(1850719.6881661764+0j),52.707684458541415,7.140396702640462e-08,(1406.8063288497474+0j)
-11.379423236831222,51.38716612080367,0.1306774568764764,(-926063.2472475122+1662646.8266707922j),51.38716612080367,0.1306774568764764,(-926063.2472475122-1662646.8266707922j),51.39461829234261,0.12357624769605381,(1850719.6881661764+0j),52.70767572700457,7.140396702640462e-08,(1406.8063288497474+0j)
-11.344033325165405,51.380460950158,0.1306774568764764,(-926063.2472475122+1662646.8266707922j),51.380460950158,0.1306774568764764,(-926063.2472475122-1662646.8266707922j),51.38733521569814,0.12357624769605381,(1850719.6881661764+0j),52.7076662679314,7.140396702640462e-08,(1406.8063288497474+0j)
-11.308643413499588,51.37402426704569,0.1306774568764764,(-926063.2472475122+1662646.8266707922j),51.37402426704569,0.1306774568764764,(-926063.2472475122-1662646.8266707922j),51.38034344497123,0.12357624769605381,(1850719.6881661764+0j),52.707655986438354,7.140396702640462e-08,(1406.8063288497474+0j)
-11.273253501833773,51.367856508125854,0.1306774568764764,(-926063.2472475122+1662646.8266707922j),51.367856508125854,0.1306774568764764,(-926063.2472475122-1662646.8266707922j),51.37364348118512,0.12357624769605381,(1850719.6881661764+0j),52.70764477039269,7.140396702640462e-08,(1406.8063288497474+0j)
-11.237863590167956,51.36195811076478,0.1306774568764764,(-926063.2472475122+1662646.8266707922j),51.36195811076478,0.1306774568764764,(-926063.2472475122-1662646.8266707922j),51.36723582622094,0.12357624769605381,(1850719.6881661764+0j),52.70763248630613,7.140396702640462e-08,(1406.8063288497474+0j)
-11.20247367850214,51.356329513037224,0.1306774568764764,(-926063.2472475122+1662646.8266707922j),51.356329513037224,0.1306774568764764,(-926063.2472475122-1662646.8266707922j),51.36112098281933,0.12357624769605381,(1850719.6881661764+0j),52.70761897399678,7.140396702640462e-08,(1406.8063288497474+0j)
-11.167083766836322,51.35097115372767,0.1306774568764764,(-926063.2472475122+1662646.8266707922j),51.35097115372767,0.1306774568764764,(-926063.2472475122-1662646.8266707922j),51.355299454582116,0.12357624769605381,(1850719.6881661764+0j),52.70760403956562,7.140396702640462e-08,(1406.8063288497474+0j)
-11.131693855170507,51.3458834723316,0.1306774568764764,(-926063.2472475122+1662646.8266707922j),51.3458834723316,0.1306774568764764,(-926063.2472475122-1662646.8266707922j),51.34977174597387,0.12357624769605381,(1850719.6881661764+0j),52.70758744603218,7.140396702640462e-08,(1406.8063288497474+0j)
-11.096303943504692,51.34106690905682,0.1306774568764764,(-926063.2472475122+1662646.8266707922j),51.34106690905682,0.1306774568764764,(-926063.2472475122-1662646.8266707922j),51.34453836232366,0.12357624769605381,(1850719.6881661764+0j),52.70756890066584,7.140396702640462e-08,(1406.8063288497474+0j)
-11.060914031838875,51.33652190482466,0.1306774568764764,(-926063.2472475122+1662646.8266707922j),51.33652190482466,0.1306774568764764,(-926063.2472475122-1662646.8266707922j),51.339599809826595,0.12357624769605381,(1850719.6881661764+0j),52.707548037567136,7.140396702640462e-08,(1406.8063288497474+0j)
-11.025524120173058,51.332248901271335,0.1306774568764764,(-926063.2472475122+1662646.8266707922j),51.332248901271335,0.1306774568764764,(-926063.2472475122-1662646.8266707922j),51.33495659554552,0.12357624769605381,(1850719.6881661764+0j),52.70752439328312,7.140396702640462e-08,(1406.8063288497474+0j)
-10.990134208507241,51.328248340749184,0.1306774568764764,(-926063.2472475122+1662646.8266707922j),51.328248340749184,0.1306774568764764,(-926063.2472475122-1662646.8266707922j),51.330609227412666,0.12357624769605381,(1850719.6881661764+0j),52.70749737197432,7.140396702640462e-08,(1406.8063288497474+0j)
-10.954744296841426,51.32452066632799,0.1306774568764764,(-926063.2472475122+1662646.8266707922j),51.32452066632799,0.1306774568764764,(-926063.2472475122-1662646.8266707922j),51.3265582142313,0.12357624769605381,(1850719.6881661764+0j),52.70746619450873,7.140396702640462e-08,(1406.8063288497474+0j)
-10.919354385175609,51.32106632179624,0.1306774568764764,(-926063.2472475122+1662646.8266707922j),51.32106632179624,0.1306774568764764,(-926063.2472475122-1662646.8266707922j),51.322804065677374,0.12357624769605381,(1850719.6881661764+0j),52.70742982210918,7.140396702640462e-08,(1406.8063288497474+0j)
-10.883964473509792,51.31788575166246,0.1306774568764764,(-926063.2472475122+1662646.8266707922j),51.31788575166246,0.1306774568764764,(-926063.2472475122-1662646.8266707922j),51.31934729230122,0.12357624769605381,(1850719.6881661764+0j),52.707386838365196,7.140396702640462e-08,(1406.8063288497474+0j)
-10.848574561843975,51.314979401156464,0.1306774568764764,(-926063.2472475122+1662646.8266707922j),51.314979401156464,0.1306774568764764,(-926063.2472475122-1662646.8266707922j),51.31618840552916,0.12357624769605381,(1850719.6881661764+0j),52.70733526047365,7.140396702640462e-08,(1406.8063288497474+0j)
-10.81318465017816,51.312347716230725,0.1306774568764764,(-926063.2472475122+1662646.8266707922j),51.312347716230725,0.1306774568764764,(-926063.2472475122-1662646.8266707922j),51.31332791766524,0.12357624769605381,(1850719.6881661764+0j),52.70727222468179,7.140396702640462e-08,(1406.8063288497474+0j)
-10.777794738512343,51.30999114356159,0.1306774568764764,(-926063.2472475122+1662646.8266707922j),51.30999114356159,0.1306774568764764,(-926063.2472475122-1662646.8266707922j),51.310766341892865,0.12357624769605381,(1850719.6881661764+0j),52.707193435902106,7.140396702640462e-08,(1406.8063288497474+0j)
-10.742404826846528,51.30791013055063,0.1306774568764764,(-926063.2472475122+1662646.8266707922j),51.30791013055063,0.1306774568764764,(-926063.2472475122-1662646.8266707922j),51.308504192276466,0.12357624769605381,(1850719.6881661764+0j),52.70709214577222,7.140396702640462e-08,(1406.8063288497474+0j)
-10.707014915180709,51.306105125326,0.1306774568764764,(-926063.2472475122+1662646.8266707922j),51.306105125326,0.1306774568764764,(-926063.2472475122-1662646.8266707922j),51.30654198376321,0.12357624769605381,(1850719.6881661764+0j),52.70695710929016,7.140396702640462e-08,(1406.8063288497474+0j)
-10.671625003514894,51.30457657674363,0.1306774568764764,(-926063.2472475122+1662646.8266707922j),51.30457657674363,0.1306774568764764,(-926063.2472475122-1662646.8266707922j),51.304880232184665,0.12357624769605381,(1850719.6881661764+0j),52.706768090895636,7.140396702640462e-08,(1406.8063288497474+0j)
-10.636235091849077,51.30332493438865,0.1306774568764764,(-926063.2472475122+1662646.8266707922j),51.30332493438865,0.1306774568764764,(-926063.2472475122-1662646.8266707922j),51.3035194542585,0.12357624769605381,(1850719.6881661764+0j),52.70648463477154,7.140396702640462e-08,(1406.8063288497474+0j)
-10.600845180183262,51.30235064857664,0.1306774568764764,(-926063.2472475122+1662646.8266707922j),51.30235064857664,0.1306774568764764,(-926063.2472475122-1662646.8266707922j),51.302460167590176,0.12357624769605381,(1850719.6881661764+0j),52.70601239839317,7.140396702640462e-08,(1406.8063288497474+0j)
-10.565455268517445,51.301654170354986,0.1306774568764764,(-926063.2472475122+1662646.8266707922j),51.301654170354986,0.1306774568764764,(-926063.2472475122-1662646.8266707922j),51.30170289067461,0.12357624769605381,(1850719.6881661764+0j),52.70506863941722,7.140396702640462e-08,(1406.8063288497474+0j)
-10.530065356851628,51.30123595150416,0.1306774568764764,(-926063.2472475122+1662646.8266707922j),51.30123595150416,0.1306774568764764,(-926063.2472475122-1662646.8266707922j),51.301248142897926,0.12357624769605381,(1850719.6881661764+0j),52.702243061241546,7.140396702640462e-08,(1406.8063288497474+0j)
-10.494675445185813,50.8788136083725,0.050158646341271845,(-1609244.4545530907+2921012.0739539815j),50.8788136083725,0.050158646341271845,(-1609244.4545530907-2921012.0739539815j),51.301096444539105,0.046593782765893134,(3214268.275049754+0j),51.3010964445391,8.033765019049461e-08,(4220.634056429885+0j)
-10.494675445185813,51.3010964445391,0.1306774568764764,(-926063.2472475122+1662646.8266707922j),51.3010964445391,0.1306774568764764,(-926063.2472475122-1662646.8266707922j),51.3010964445391,0.12357624769605381,(1850719.6881661764+0j),51.3010964445391,7.140396702640462e-08,(1406.8063288497474+0j)
-10.476980489352904,50.80501308136501,0.050158646341271845,(-1609244.4545530907+2921012.0739539815j),50.80501308136501,0.050158646341271845,(-1609244.4545530907-2921012.0739539815j),51.21929839464685,0.046593782765893134,(3214268.275049754+0j),51.30109249491274,8.033765019049461e-08,(4220.634056429885+0j)
-10.459285533519996,50.731887031250864,0.050158646341271845,(-1609244.4545530907+2921012.0739539815j),50.731887031250864,0.050158646341271845,(-1609244.4545530907-2921012.0739539815j),51.13824179637711,0.046593782765893134,(3214268.275049754+0j),51.3010884638565,8.033765019049461e-08,(4220.634056429885+0j)
-10.441590577687087,50.659436890707426,0.050158646341271845,(-1609244.4545530907+2921012.0739539815j),50.659436890707426,0.050158646341271845,(-1609244.4545530907-2921012.0739539815j),51.05792834598176,0.046593782765893134,(3214268.275049754+0j),51.30108434882589,8.033765019049461e-08,(4220.634056429885+0j)
-10.42389562185418,50.58766409538191,0.050158646341271845,(-1609244.4545530907+2921012.0739539815j),50.58766409538191,0.050158646341271845,(-1609244.4545530907-2921012.0739539815j),50.97835974349222,0.046593782765893134,(3214268.275049754+0j),51.30108014716926,8.033765019049461e-08,(4220.634056429885+0j)
-10.40620066602127,50.51657008389824,0.050158646341271845,(-1609244.4545530907+2921012.0739539815j),50.51657008389824,0.050158646341271845,(-1609244.4545530907-2921012.0739539815j),50.899537692728735,0.046593782765893134,(3214268.275049754+0j),51.30107585612216,8.033765019049461e-08,(4220.634056429885+0j)
-10.388505710188362,50.44615629786382,0.050158646341271845,(-1609244.4545530907+2921012.0739539815j),50.44615629786382,0.050158646341271845,(-1609244.4545530907-2921012.0739539815j),50.821463901309706,0.046593782765893134,(3214268.275049754+0j),51.301071472801226,8.033765019049461e-08,(4220.634056429885+0j)
-10.370810754355455,50.37642418187645,0.050158646341271845,(-1609244.4545530907+2921012.0739539815j),50.37642418187645,0.050158646341271845,(-1609244.4545530907-2921012.0739539815j),50.74414008066102,0.046593782765893134,(3214268.275049754+0j),51.30106699419777,8.033765019049461e-08,(4220.634056429885+0j)
-10.353115798522547,50.30737518353106,0.050158646341271845,(-1609244.4545530907+2921012.0739539815j),50.30737518353106,0.050158646341271845,(-1609244.4545530907-2921012.0739539815j),50.66756794602547,0.046593782765893134,(3214268.275049754+0j),51.301062417170826,8.033765019049461e-08,(4220.634056429885+0j)
-10.335420842689638,50.23901075342668,0.050158646341271845,(-1609244.4545530907+2921012.0739539815j),50.23901075342668,0.050158646341271845,(-1609244.4545530907-2921012.0739539815j),50.591749216472124,0.046593782765893134,(3214268.275049754+0j),51.30105773843987,8.033765019049461e-08,(4220.634056429885+0j)
-10.31772588685673,50.17133234517333,0.050158646341271845,(-1609244.4545530907+2921012.0739539815j),50.17133234517333,0.050158646341271845,(-1609244.4545530907-2921012.0739539815j),50.51668561490577,0.046593782765893134,(3214268.275049754+0j),51.301052954576946,8.033765019049461e-08,(4220.634056429885+0j)
-10.300030931023823,50.104341415398835,0.050158646341271845,(-1609244.4545530907+2921012.0739539815j),50.104341415398835,0.050158646341271845,(-1609244.4545530907-2921012.0739539815j),50.442378868076354,0.046593782765893134,(3214268.275049754+0j),51.30104806199827,8.033765019049461e-08,(4220.634056429885+0j)
-10.282335975190914,50.038039423755855,0.050158646341271845,(-1609244.4545530907+2921012.0739539815j),50.038039423755855,0.050158646341271845,(-1609244.4545530907-2921012.0739539815j),50.36883070658848,0.046593782765893134,(3214268.275049754+0j),51.30104305695533,8.033765019049461e-08,(4220.634056429885+0j)
-10.264641019358006,49.97242783292878,0.050158646341271845,(-1609244.4545530907+2921012.0739539815j),49.97242783292878,0.050158646341271845,(-1609244.4545530907-2921012.0739539815j),50.29604286491091,0.046593782765893134,(3214268.275049754+0j),51.30103793552525,8.033765019049461e-08,(4220.634056429885+0j)
-10.246946063525098,49.90750810864067,0.050158646341271845,(-1609244.4545530907+2921012.0739539815j),49.90750810864067,0.050158646341271845,(-1609244.4545530907-2921012.0739539815j),50.224017081386094,0.046593782765893134,(3214268.275049754+0j),51.3010326936006,8.033765019049461e-08,(4220.634056429885+0j)
-10.22925110769219,49.843281719660304,0.050158646341271845,(-1609244.4545530907+2921012.0739539815j),49.843281719660304,0.050158646341271845,(-1609244.4545530907-2921012.0739539815j),50.152755098239766,0.046593782765893134,(3214268.275049754+0j),51.30102732687833,8.033765019049461e-08,(4220.634056429885+0j)
-10.21155615185928,49.779750137809096,0.050158646341271845,(-1609244.4545530907+2921012.0739539815j),49.779750137809096,0.050158646341271845,(-1609244.4545530907-2921012.0739539815j),50.082258661590444,0.046593782765893134,(3214268.275049754+0j),51.301021830848065,8.033765019049461e-08,(4220.634056429885+0j)
-10.193861196026372,49.716914837968154,0.050158646341271845,(-1609244.4545530907+2921012.0739539815j),49.716914837968154,0.050158646341271845,(-1609244.4545530907-2921012.0739539815j),50.01252952145915,0.046593782765893134,(3214268.275049754+0j),51.30101620077941,8.033765019049461e-08,(4220.634056429885+0j)
-10.176166240193464,49.654777298085335,0.050158646341271845,(-1609244.4545530907+2921012.0739539815j),49.654777298085335,0.050158646341271845,(-1609244.4545530907-2921012.0739539815j),49.94356943177898,0.046593782765893134,(3214268.275049754+0j),51.3010104317084,8.033765019049461e-08,(4220.634056429885+0j)
-10.158471284360557,49.593338999182215,0.050158646341271845,(-1609244.4545530907+2921012.0739539815j),49.593338999182215,0.050158646341271845,(-1609244.4545530907-2921012.0739539815j),49.87538015040479,0.046593782765893134,(3214268.275049754+0j),51.30100451842289,8.033765019049461e-08,(4220.634056429885+0j)
-10.140776328527648,49.532601425361264,0.050158646341271845,(-1609244.4545530907+2921012.0739539815j),49.532601425361264,0.050158646341271845,(-1609244.4545530907-2921012.0739539815j),49.80796343912288,0.046593782765893134,(3214268.275049754+0j),51.30099845544686,8.033765019049461e-08,(4220.634056429885+0j)
-10.12308137269474,49.47256606381285,0.050158646341271845,(-1609244.4545530907+2921012.0739539815j),49.47256606381285,0.050158646341271845,(-1609244.4545530907-2921012.0739539815j),49.74132106366076,0.046593782765893134,(3214268.275049754+0j),51.30099223702348,8.033765019049461e-08,(4220.634056429885+0j)
-10.105386416861833,49.413234404822376,0.050158646341271845,(-1609244.4545530907+2921012.0739539815j),49.413234404822376,0.050158646341271845,(-1609244.4545530907-2921012.0739539815j),49.67545479369683,0.046593782765893134,(3214268.275049754+0j),51.30098585709689,8.033765019049461e-08,(4220.634056429885+0j)
-10.087691461028925,49.35460794177742,0.050158646341271845,(-1609244.4545530907+2921012.0739539815j),49.35460794177742,0.050158646341271845,(-1609244.4545530907-2921012.0739539815j),49.610366402870206,0.046593782765893134,(3214268.275049754+0j),51.300979309292536,8.033765019049461e-08,(4220.634056429885+0j)
-10.069996505196016,49.29668817117486,0.050158646341271845,(-1609244.4545530907+2921012.0739539815j),49.29668817117486,0.050158646341271845,(-1609244.4545530907-2921012.0739539815j),49.546057668790475,0.046593782765893134,(3214268.275049754+0j),51.30097258689593,8.033765019049461e-08,(4220.634056429885+0j)
-10.052301549363106,49.23947659262801,0.050158646341271845,(-1609244.4545530907+2921012.0739539815j),49.23947659262801,0.050158646341271845,(-1609244.4545530907-2921012.0739539815j),49.482530373047595,0.046593782765893134,(3214268.275049754+0j),51.30096568282964,8.033765019049461e-08,(4220.634056429885+0j)
-10.0346065935302,49.18297470887387,0.050158646341271845,(-1609244.4545530907+2921012.0739539815j),49.18297470887387,0.050158646341271845,(-1609244.4545530907-2921012.0739539815j),49.41978630122168,0.046593782765893134,(3214268.275049754+0j),51.3009585896285,8.033765019049461e-08,(4220.634056429885+0j)
-10.01691163769729,49.12718402578026,0.050158646341271845,(-1609244.4545530907+2921012.0739539815j),49.12718402578026,0.050158646341271845,(-1609244.4545530907-2921012.0739539815j),49.35782724289291,0.046593782765893134,(3214268.275049754+0j),51.300951299412624,8.033765019049461e-08,(4220.634056429885+0j)
-9.999216681864382,49.072106052353064,0.050158646341271845,(-1609244.4545530907+2921012.0739539815j),49.072106052353064,0.050158646341271845,(-1609244.4545530907-2921012.0739539815j),49.29665499165148,0.046593782765893134,(3214268.275049754+0j),51.30094380385825,8.033765019049461e-08,(4220.634056429885+0j)
-9.981521726031474,49.017742300743436,0.050158646341271845,(-1609244.4545530907+2921012.0739539815j),49.017742300743436,0.050158646341271845,(-1609244.4545530907-2921012.0739539815j),49.23627134510746,0.046593782765893134,(3214268.275049754+0j),51.30093609416602,8.033765019049461e-08,(4220.634056429885+0j)
-9.963826770198567,48.96409428625512,0.050158646341271845,(-1609244.4545530907+2921012.0739539815j),48.96409428625512,0.050158646341271845,(-1609244.4545530907-2921012.0739539815j),49.17667810490083,0.046593782765893134,(3214268.275049754+0j),51.300928161026505,8.033765019049461e-08,(4220.634056429885+0j)
-9.946131814365659,48.91116352735165,0.050158646341271845,(-1609244.4545530907+2921012.0739539815j),48.91116352735165,0.050158646341271845,(-1609244.4545530907-2921012.0739539815j),49.117877076711444,0.046593782765893134,(3214268.275049754+0j),51.30091999458272,8.033765019049461e-08,(4220.634056429885+0j)
-9.92843685853275,48.858951545663686,0.050158646341271845,(-1609244.4545530907+2921012.0739539815j),48.858951545663686,0.050158646341271845,(-1609244.4545530907-2921012.0739539815j),49.05987007026907,0.046593782765893134,(3214268.275049754+0j),51.300911584389276,8.033765019049461e-08,(4220.634056429885+0j)
-9.910741902699842,48.807459865996336,0.050158646341271845,(-1609244.4545530907+2921012.0739539815j),48.807459865996336,0.050158646341271845,(-1609244.4545530907-2921012.0739539815j),49.002658899363404,0.046593782765893134,(3214268.275049754+0j),51.30090291936777,8.033765019049461e-08,(4220.634056429885+0j)
-9.893046946866935,48.75669001633643,0.050158646341271845,(-1609244.4545530907+2921012.0739539815j),48.75669001633643,0.050158646341271845,(-1609244.4545530907-2921012.0739539815j),48.9462453818542,0.046593782765893134,(3214268.275049754+0j),51.30089398775815,8.033765019049461e-08,(4220.634056429885+0j)
-9.875351991034027,48.70664352785992,0.050158646341271845,(-1609244.4545530907+2921012.0739539815j),48.70664352785992,0.050158646341271845,(-1609244.4545530907-2921012.0739539815j),48.89063133968133,0.046593782765893134,(3214268.275049754+0j),51.30088477706544,8.033765019049461e-08,(4220.634056429885+0j)
-9.857657035201116,48.65732193493922,0.050158646341271845,(-1609244.4545530907+2921012.0739539815j),48.65732193493922,0.050158646341271845,(-1609244.4545530907-2921012.0739539815j),48.83581859887494,0.046593782765893134,(3214268.275049754+0j),51.30087527400138,8.033765019049461e-08,(4220.634056429885+0j)
-9.83996207936821,48.60872677515061,0.050158646341271845,(-1609244.4545530907+2921012.0739539815j),48.60872677515061,0.050158646341271845,(-1609244.4545530907-2921012.0739539815j),48.78180898956562,0.046593782765893134,(3214268.275049754+0j),51.300865464420546,8.033765019049461e-08,(4220.634056429885+0j)
-9.822267123535301,48.560859589281655,0.050158646341271845,(-1609244.4545530907+2921012.0739539815j),48.560859589281655,0.050158646341271845,(-1609244.4545530907-2921012.0739539815j),48.72860434599456,0.046593782765893134,(3214268.275049754+0j),51.300855333250006,8.033765019049461e-08,(4220.634056429885+0j)
-9.804572167702393,48.51372192133858,0.050158646341271845,(-1609244.4545530907+2921012.0739539815j),48.51372192133858,0.050158646341271845,(-1609244.4545530907-2921012.0739539815j),48.67620650652384,0.046593782765893134,(3214268.275049754+0j),51.30084486441211,8.033765019049461e-08,(4220.634056429885+0j)
-9.786877211869484,48.46731531855377,0.050158646341271845,(-1609244.4545530907+2921012.0739539815j),48.46731531855377,0.050158646341271845,(-1609244.4545530907-2921012.0739539815j),48.624617313646596,0.046593782765893134,(3214268.275049754+0j),51.30083404073932,8.033765019049461e-08,(4220.634056429885+0j)
-9.769182256036578,48.421641331393204,0.050158646341271845,(-1609244.4545530907+2921012.0739539815j),48.421641331393204,0.050158646341271845,(-1609244.4545530907-2921012.0739539815j),48.57383861399733,0.046593782765893134,(3214268.275049754+0j),51.300822843880255,8.033765019049461e-08,(4220.634056429885+0j)
-9.751487300203669,48.37670151356395,0.050158646341271845,(-1609244.4545530907+2921012.0739539815j),48.37670151356395,0.050158646341271845,(-1609244.4545530907-2921012.0739539815j),48.523872258362246,0.046593782765893134,(3214268.275049754+0j),51.30081125419587,8.033765019049461e-08,(4220.634056429885+0j)
-9.73379234437076,48.33249742202167,0.050158646341271845,(-1609244.4545530907+2921012.0739539815j),48.33249742202167,0.050158646341271845,(-1609244.4545530907-2921012.0739539815j),48.47472010168954,0.046593782765893134,(3214268.275049754+0j),51.30079925064452,8.033765019049461e-08,(4220.634056429885+0j)
-9.716097388537852,48.28903061697811,0.050158646341271845,(-1609244.4545530907+2921012.0739539815j),48.28903061697811,0.050158646341271845,(-1609244.4545530907-2921012.0739539815j),48.426384003099784,0.046593782765893134,(3214268.275049754+0j),51.300786810654444,8.033765019049461e-08,(4220.634056429885+0j)
-9.698402432704944,48.24630266190869,0.050158646341271845,(-1609244.4545530907+2921012.0739539815j),48.24630266190869,0.050158646341271845,(-1609244.4545530907-2921012.0739539815j),48.37886582589631,0.046593782765893134,(3214268.275049754+0j),51.30077390998209,8.033765019049461e-08,(4220.634056429885+0j)
-9.680707476872035,48.20431512356007,0.050158646341271845,(-1609244.4545530907+2921012.0739539815j),48.20431512356007,0.050158646341271845,(-1609244.4545530907-2921012.0739539815j),48.33216743757565,0.046593782765893134,(3214268.275049754+0j),51.300760522554455,8.033765019049461e-08,(4220.634056429885+0j)
-9.663012521039127,48.163069571957664,0.050158646341271845,(-1609244.4545530907+2921012.0739539815j),48.163069571957664,0.050158646341271845,(-1609244.4545530907-2921012.0739539815j),48.28629070983795,0.046593782765893134,(3214268.275049754+0j),51.30074662029319,8.033765019049461e-08,(4220.634056429885+0j)
-9.64531756520622,48.122567580413296,0.050158646341271845,(-1609244.4545530907+2921012.0739539815j),48.122567580413296,0.050158646341271845,(-1609244.4545530907-2921012.0739539815j),48.241237518597494,0.046593782765893134,(3214268.275049754+0j),51.300732172918,8.033765019049461e-08,(4220.634056429885+0j)
-9.627622609373311,48.08281072553283,0.050158646341271845,(-1609244.4545530907+2921012.0739539815j),48.08281072553283,0.050158646341271845,(-1609244.4545530907-2921012.0739539815j),48.19700974399318,0.046593782765893134,(3214268.275049754+0j),51.300717147726516,8.033765019049461e-08,(4220.634056429885+0j)
-9.609927653540403,48.043800587223764,0.050158646341271845,(-1609244.4545530907+2921012.0739539815j),48.043800587223764,0.050158646341271845,(-1609244.4545530907-2921012.0739539815j),48.153609270399066,0.046593782765893134,(3214268.275049754+0j),51.300701509347135,8.033765019049461e-08,(4220.634056429885+0j)
-9.592232697707495,48.00553874870294,0.050158646341271845,(-1609244.4545530907+2921012.0739539815j),48.00553874870294,0.050158646341271845,(-1609244.4545530907-2921012.0739539815j),48.11103798643495,0.046593782765893134,(3214268.275049754+0j),51.300685219461045,8.033765019049461e-08,(4220.634056429885+0j)
-9.574537741874588,47.968026796504176,0.050158646341271845,(-1609244.4545530907+2921012.0739539815j),47.968026796504176,0.050158646341271845,(-1609244.4545530907-2921012.0739539815j),48.06929778497696,0.046593782765893134,(3214268.275049754+0j),51.300668236488754,8.033765019049461e-08,(4220.634056429885+0j)
-9.55684278604168,47.93126632048604,0.050158646341271845,(-1609244.4545530907+2921012.0739539815j),47.93126632048604,0.050158646341271845,(-1609244.4545530907-2921012.0739539815j),48.02839056316818,0.046593782765893134,(3214268.275049754+0j),51.30065051523566,8.033765019049461e-08,(4220.634056429885+0j)
-9.53914783020877,47.89525891383946,0.050158646341271845,(-1609244.4545530907+2921012.0739539815j),47.89525891383946,0.050158646341271845,(-1609244.4545530907-2921012.0739539815j),47.988318222429285,0.046593782765893134,(3214268.275049754+0j),51.30063200649051,8.033765019049461e-08,(4220.634056429885+0j)
-9.521452874375862,47.86000617309559,0.050158646341271845,(-1609244.4545530907+2921012.0739539815j),47.86000617309559,0.050158646341271845,(-1609244.4545530907-2921012.0739539815j),47.949082668469295,0.046593782765893134,(3214268.275049754+0j),51.300612656568966,8.033765019049461e-08,(4220.634056429885+0j)
-9.503757918542954,47.82550969813348,0.050158646341271845,(-1609244.4545530907+2921012.0739539815j),47.82550969813348,0.050158646341271845,(-1609244.4545530907-2921012.0739539815j),47.910685811296204,0.046593782765893134,(3214268.275049754+0j),51.300592406793584,8.033765019049461e-08,(4220.634056429885+0j)
-9.486062962710045,47.791771092187886,0.050158646341271845,(-1609244.4545530907+2921012.0739539815j),47.791771092187886,0.050158646341271845,(-1609244.4545530907-2921012.0739539815j),47.87312956522782,0.046593782765893134,(3214268.275049754+0j),51.300571192899525,8.033765019049461e-08,(4220.634056429885+0j)
-9.468368006877137,47.7587919618571,0.050158646341271845,(-1609244.4545530907+2921012.0739539815j),47.7587919618571,0.050158646341271845,(-1609244.4545530907-2921012.0739539815j),47.83641584890244,0.046593782765893134,(3214268.275049754+0j),51.30054894435324,8.033765019049461e-08,(4220.634056429885+0j)
-9.450673051044229,47.72657391711071,0.050158646341271845,(-1609244.4545530907+2921012.0739539815j),47.72657391711071,0.050158646341271845,(-1609244.4545530907-2921012.0739539815j),47.800546585289744,0.046593782765893134,(3214268.275049754+0j),51.300525583569005,8.033765019049461e-08,(4220.634056429885+0j)
-9.432978095211322,47.69511857129751,0.050158646341271845,(-1609244.4545530907+2921012.0739539815j),47.69511857129751,0.050158646341271845,(-1609244.4545530907-2921012.0739539815j),47.76552370170161,0.046593782765893134,(3214268.275049754+0j),51.30050102500501,8.033765019049461e-08,(4220.634056429885+0j)
-9.415283139378413,47.66442754115333,0.050158646341271845,(-1609244.4545530907+2921012.0739539815j),47.66442754115333,0.050158646341271845,(-1609244.4545530907-2921012.0739539815j),47.73134912980295,0.046593782765893134,(3214268.275049754+0j),51.300475174116634,8.033765019049461e-08,(4220.634056429885+0j)
-9.397588183545505,47.63450244680891,0.050158646341271845,(-1609244.4545530907+2921012.0739539815j),47.63450244680891,0.050158646341271845,(-1609244.4545530907-2921012.0739539815j),47.69802480562264,0.046593782765893134,(3214268.275049754+0j),51.30044792614011,8.033765019049461e-08,(4220.634056429885+0j)
-9.379893227712598,47.605344911797836,0.050158646341271845,(-1609244.4545530907+2921012.0739539815j),47.605344911797836,0.050158646341271845,(-1609244.4545530907-2921012.0739539815j),47.66555266956444,0.046593782765893134,(3214268.275049754+0j),51.30041916467343,8.033765019049461e-08,(4220.634056429885+0j)
-9.36219827187969,47.57695656306443,0.050158646341271845,(-1609244.4545530907+2921012.0739539815j),47.57695656306443,0.050158646341271845,(-1609244.4545530907-2921012.0739539815j),47.633934666417986,0.046593782765893134,(3214268.275049754+0j),51.300388760014116,8.033765019049461e-08,(4220.634056429885+0j)
-9.34450331604678,47.54933903097172,0.050158646341271845,(-1609244.4545530907+2921012.0739539815j),47.54933903097172,0.050158646341271845,(-1609244.4545530907-2921012.0739539815j),47.60317274536971,0.046593782765893134,(3214268.275049754+0j),51.300356567203636,8.033765019049461e-08,(4220.634056429885+0j)
-9.326808360213871,47.522493949309414,0.050158646341271845,(-1609244.4545530907+2921012.0739539815j),47.522493949309414,0.050158646341271845,(-1609244.4545530907-2921012.0739539815j),47.57326886001394,0.046593782765893134,(3214268.275049754+0j),51.30032242371631,8.033765019049461e-08,(4220.634056429885+0j)
-9.309113404380964,47.496422955301846,0.050158646341271845,(-1609244.4545530907+2921012.0739539815j),47.496422955301846,0.050158646341271845,(-1609244.4545530907-2921012.0739539815j),47.54422496836389,0.046593782765893134,(3214268.275049754+0j),51.30028614671511,8.033765019049461e-08,(4220.634056429885+0j)
-9.291418448548056,47.47112768961604,0.050158646341271845,(-1609244.4545530907+2921012.0739539815j),47.47112768961604,0.050158646341271845,(-1609244.4545530907-2921012.0739539815j),47.51604303286282,0.046593782765893134,(3214268.275049754+0j),51.30024752977631,8.033765019049461e-08,(4220.634056429885+0j)
-9.273723492715147,47.4466097963697,0.050158646341271845,(-1609244.4545530907+2921012.0739539815j),47.4466097963697,0.050158646341271845,(-1609244.4545530907-2921012.0739539815j),47.488725020395044,0.046593782765893134,(3214268.275049754+0j),51.30020633895925,8.033765019049461e-08,(4220.634056429885+0j)
-9.256028536882239,47.42287092313927,0.050158646341271845,(-1609244.4545530907+2921012.0739539815j),47.42287092313927,0.050158646341271845,(-1609244.4545530907-2921012.0739539815j),47.4622729022972,0.046593782765893134,(3214268.275049754+0j),51.300162308063186,8.033765019049461e-08,(4220.634056429885+0j)
-9.238333581049332,47.399912720968025,0.050158646341271845,(-1609244.4545530907+2921012.0739539815j),47.399912720968025,0.050158646341271845,(-1609244.4545530907-2921012.0739539815j),47.43668865436933,0.046593782765893134,(3214268.275049754+0j),51.300115132867944,8.033765019049461e-08,(4220.634056429885+0j)
-9.220638625216424,47.37773684437411,0.050158646341271845,(-1609244.4545530907+2921012.0739539815j),47.37773684437411,0.050158646341271845,(-1609244.4545530907-2921012.0739539815j),47.41197425688613,0.046593782765893134,(3214268.275049754+0j),51.30006446409506,8.033765019049461e-08,(4220.634056429885+0j)
-9.202943669383515,47.35634495135876,0.050158646341271845,(-1609244.4545530907+2921012.0739539815j),47.35634495135876,0.050158646341271845,(-1609244.4545530907-2921012.0739539815j),47.38813169460822,0.046593782765893134,(3214268.275049754+0j),51.30000989874497,8.033765019049461e-08,(4220.634056429885+0j)
-9.185248713550607,47.335738703414286,0.050158646341271845,(-1609244.4545530907+2921012.0739539815j),47.335738703414286,0.050158646341271845,(-1609244.4545530907-2921012.0739539815j),47.36516295679337,0.046593782765893134,(3214268.275049754+0j),51.29995096935578,8.033765019049461e-08,(4220.634056429885+0j)
-9.167553757717698,47.31591976553237,0.050158646341271845,(-1609244.4545530907+2921012.0739539815j),47.31591976553237,0.050158646341271845,(-1609244.4545530907-2921012.0739539815j),47.34307003720782,0.046593782765893134,(3214268.275049754+0j),51.299887130577375,8.033765019049461e-08,(4220.634056429885+0j)
-9.14985880188479,47.296889806212185,0.050158646341271845,(-1609244.4545530907+2921012.0739539815j),47.296889806212185,0.050158646341271845,(-1609244.4545530907-2921012.0739539815j),47.321854934137626,0.046593782765893134,(3214268.275049754+0j),51.299817742244194,8.033765019049461e-08,(4220.634056429885+0j)
-9.132163846051881,47.278650497468576,0.050158646341271845,(-1609244.4545530907+2921012.0739539815j),47.278650497468576,0.050158646341271845,(-1609244.4545530907-2921012.0739539815j),47.30151965040004,0.046593782765893134,(3214268.275049754+0j),51.29974204783301,8.033765019049461e-08,(4220.634056429885+0j)
-9.114468890218975,47.261203514840304,0.050158646341271845,(-1609244.4545530907+2921012.0739539815j),47.261203514840304,0.050158646341271845,(-1609244.4545530907-2921012.0739539815j),47.282066193354886,0.046593782765893134,(3214268.275049754+0j),51.29965914676761,8.033765019049461e-08,(4220.634056429885+0j)
-9.096773934386066,47.24455053739829,0.050158646341271845,(-1609244.4545530907+2921012.0739539815j),47.24455053739829,0.050158646341271845,(-1609244.4545530907-2921012.0739539815j),47.26349657491599,0.046593782765893134,(3214268.275049754+0j),51.29956795841789,8.033765019049461e-08,(4220.634056429885+0j)
-9.079078978553158,47.2286932477539,0.050158646341271845,(-1609244.4545530907+2921012.0739539815j),47.2286932477539,0.050158646341271845,(-1609244.4545530907-2921012.0739539815j),47.24581281156271,0.046593782765893134,(3214268.275049754+0j),51.299467174734176,8.033765019049461e-08,(4220.634056429885+0j)
-9.06138402272025,47.213633332067175,0.050158646341271845,(-1609244.4545530907+2921012.0739539815j),47.213633332067175,0.050158646341271845,(-1609244.4545530907-2921012.0739539815j),47.22901692435132,0.046593782765893134,(3214268.275049754+0j),51.299355197099075,8.033765019049461e-08,(4220.634056429885+0j)
-9.043689066887342,47.1993724800552,0.050158646341271845,(-1609244.4545530907+2921012.0739539815j),47.1993724800552,0.050158646341271845,(-1609244.4545530907-2921012.0739539815j),47.21311093892669,0.046593782765893134,(3214268.275049754+0j),51.29923005090056,8.033765019049461e-08,(4220.634056429885+0j)
-9.025994111054434,47.185912385000385,0.050158646341271845,(-1609244.4545530907+2921012.0739539815j),47.185912385000385,0.050158646341271845,(-1609244.4545530907-2921012.0739539815j),47.198096885533715,0.046593782765893134,(3214268.275049754+0j),51.299089268083655,8.033765019049461e-08,(4220.634056429885+0j)
-9.008299155221525,47.17325474375887,0.050158646341271845,(-1609244.4545530907+2921012.0739539815j),47.17325474375887,0.050158646341271845,(-1609244.4545530907-2921012.0739539815j),47.18397679902897,0.046593782765893134,(3214268.275049754+0j),51.29892972274418,8.033765019049461e-08,(4220.634056429885+0j)
-8.990604199388615,47.161401256768826,0.050158646341271845,(-1609244.4545530907+2921012.0739539815j),47.161401256768826,0.050158646341271845,(-1609244.4545530907-2921012.0739539815j),47.17075271889236,0.046593782765893134,(3214268.275049754+0j),51.298747396296754,8.033765019049461e-08,(4220.634056429885+0j)
-8.972909243555709,47.15035362805893,0.050158646341271845,(-1609244.4545530907+2921012.0739539815j),47.15035362805893,0.050158646341271845,(-1609244.4545530907-2921012.0739539815j),47.15842668923874,0.046593782765893134,(3214268.275049754+0j),51.298537034315814,8.033765019049461e-08,(4220.634056429885+0j)
-8.9552142877228,47.14011356525673,0.050158646341271845,(-1609244.4545530907+2921012.0739539815j),47.14011356525673,0.050158646341271845,(-1609244.4545530907-2921012.0739539815j),47.147000758829634,0.046593782765893134,(3214268.275049754+0j),51.29829163189429,8.033765019049461e-08,(4220.634056429885+0j)
-8.937519331889892,47.13068277959712,0.050158646341271845,(-1609244.4545530907+2921012.0739539815j),47.13068277959712,0.050158646341271845,(-1609244.4545530907-2921012.0739539815j),47.13647698108499,0.046593782765893134,(3214268.275049754+0j),51.29800163846268,8.033765019049461e-08,(4220.634056429885+0j)
-8.919824376056983,47.12206298593077,0.050158646341271845,(-1609244.4545530907+2921012.0739539815j),47.12206298593077,0.050158646341271845,(-1609244.4545530907-2921012.0739539815j),47.12685741409487,0.046593782765893134,(3214268.275049754+0j),51.297653685824415,8.033765019049461e-08,(4220.634056429885+0j)
-8.902129420224076,47.114255902732616,0.050158646341271845,(-1609244.4545530907+2921012.0739539815j),47.114255902732616,0.050158646341271845,(-1609244.4545530907-2921012.0739539815j),47.11814412063132,0.046593782765893134,(3214268.275049754+0j),51.29722846885621,8.033765019049461e-08,(4220.634056429885+0j)
-8.884434464391168,47.10726325211041,0.050158646341271845,(-1609244.4545530907+2921012.0739539815j),47.10726325211041,0.050158646341271845,(-1609244.4545530907-2921012.0739539815j),47.11033916816015,0.046593782765893134,(3214268.275049754+0j),51.29669703808633,8.033765019049461e-08,(4220.634056429885+0j)
-8.86673950855826,47.10108675981319,0.050158646341271845,(-1609244.4545530907+2921012.0739539815j),47.10108675981319,0.050158646341271845,(-1609244.4545530907-2921012.0739539815j),47.103444628852834,0.046593782765893134,(3214268.275049754+0j),51.296013917573084,8.033765019049461e-08,(4220.634056429885+0j)
-8.849044552725353,47.09572815523988,0.050158646341271845,(-1609244.4545530907+2921012.0739539815j),47.09572815523988,0.050158646341271845,(-1609244.4545530907-2921012.0739539815j),47.09746257959838,0.046593782765893134,(3214268.275049754+0j),51.295103348469354,8.033765019049461e-08,(4220.634056429885+0j)
-8.831349596892444,47.09118917144785,0.050158646341271845,(-1609244.4545530907+2921012.0739539815j),47.09118917144785,0.050158646341271845,(-1609244.4545530907-2921012.0739539815j),47.092395102015274,0.046593782765893134,(3214268.275049754+0j),51.29382904733397,8.033765019049461e-08,(4220.634056429885+0j)
-8.813654641059534,47.08747154516148,0.050158646341271845,(-1609244.4545530907+2921012.0739539815j),47.08747154516148,0.050158646341271845,(-1609244.4545530907-2921012.0739539815j),47.088244282463435,0.046593782765893134,(3214268.275049754+0j),51.2919186790751,8.033765019049461e-08,(4220.634056429885+0j)
-8.795959685226626,47.08457701678083,0.050158646341271845,(-1609244.4545530907+2921012.0739539815j),47.08457701678083,0.050158646341271845,(-1609244.4545530907-2921012.0739539815j),47.08501221205622,0.046593782765893134,(3214268.275049754+0j),51.28873761825142,8.033765019049461e-08,(4220.634056429885+0j)
-8.778264729393719,47.082507330390285,0.050158646341271845,(-1609244.4545530907+2921012.0739539815j),47.082507330390285,0.050158646341271845,(-1609244.4545530907-2921012.0739539815j),47.08270098667247,0.046593782765893134,(3214268.275049754+0j),51.282386300526845,8.033765019049461e-08,(4220.634056429885+0j)
-8.76056977356081,47.08126423376716,0.050158646341271845,(-1609244.4545530907+2921012.0739539815j),47.08126423376716,0.050158646341271845,(-1609244.4545530907-2921012.0739539815j),47.08131270696855,0.046593782765893134,(3214268.275049754+0j),51.26341838838003,8.033765019049461e-08,(4220.634056429885+0j)
-8.742874817727902,47.08084947839046,0.050158646341271845,(-1609244.4545530907+2921012.0739539815j),47.08084947839046,0.050158646341271845,(-1609244.4545530907-2921012.0739539815j),47.08084947839046,0.046593782765893134,(3214268.275049754+0j),47.08084947839046,8.033765019049461e-08,(4220.634056429885+0j)
-8.742874817727902,43.96325647817607,0.02250164013241739,(-1029901.7483370017+1982101.6127814201j),43.96325647817607,0.02250164013241739,(-1029901.7483370017-1982101.6127814201j),47.080849478390476,0.018860671292935678,(2045015.9971444916+0j),47.08084947839046,9.861732419709532e-07,(14787.499529511051+0j)
-8.725179861894993,43.74570642535487,0.02250164013241739,(-1029901.7483370017+1982101.6127814201j),43.74570642535487,0.02250164013241739,(-1029901.7483370017-1982101.6127814201j),46.808837902721045,0.018860671292935678,(2045015.9971444916+0j),47.08067987668655,9.861732419709532e-07,(14787.499529511051+0j)
-8.707484906062087,43.529892815868955,0.02250164013241739,(-1029901.7483370017+1982101.6127814201j),43.529892815868955,0.02250164013241739,(-1029901.7483370017-1982101.6127814201j),46.53889296111694,0.018860671292935678,(2045015.9971444916+0j),47.08050678105234,9.861732419709532e-07,(14787.499529511051+0j)
-8.689789950229178,43.31582396833547,0.02250164013241739,(-1029901.7483370017+1982101.6127814201j),43.31582396833547,0.02250164013241739,(-1029901.7483370017-1982101.6127814201j),46.27102653935059,0.018860671292935678,(2045015.9971444916+0j),47.08033008239753,9.861732419709532e-07,(14787.499529511051+0j)
-8.672094994396268,43.10350823892801,0.02250164013241739,(-1029901.7483370017+1982101.6127814201j),43.10350823892801,0.02250164013241739,(-1029901.7483370017-1982101.6127814201j),46.00525058673623,0.018860671292935678,(2045015.9971444916+0j),47.080149667042605,9.861732419709532e-07,(14787.499529511051+0j)
-8.654400038563361,42.8929540215625,0.02250164013241739,(-1029901.7483370017+1982101.6127814201j),42.8929540215625,0.02250164013241739,(-1029901.7483370017-1982101.6127814201j),45.74157711650133,0.018860671292935678,(2045015.9971444916+0j),47.079965416474906,9.861732419709532e-07,(14787.499529511051+0j)
-8.636705082730453,42.68416974808412,0.02250164013241739,(-1029901.7483370017+1982101.6127814201j),42.68416974808412,0.02250164013241739,(-1029901.7483370017-1982101.6127814201j),45.48001820616033,0.018860671292935678,(2045015.9971444916+0j),47.07977720708905,9.861732419709532e-07,(14787.499529511051+0j)
-8.619010126897544,42.47716388845533,0.02250164013241739,(-1029901.7483370017+1982101.6127814201j),42.47716388845533,0.02250164013241739,(-1029901.7483370017-1982101.6127814201j),45.220585997890915,0.018860671292935678,(2045015.9971444916+0j),47.07958490991038,9.861732419709532e-07,(14787.499529511051+0j)
-8.601315171064636,42.271944950944786,0.02250164013241739,(-1029901.7483370017+1982101.6127814201j),42.271944950944786,0.02250164013241739,(-1029901.7483370017-1982101.6127814201j),44.96329269891272,0.018860671292935678,(2045015.9971444916+0j),47.079388390300245,9.861732419709532e-07,(14787.499529511051+0j)
-8.58362021523173,42.06852148231749,0.02250164013241739,(-1029901.7483370017+1982101.6127814201j),42.06852148231749,0.02250164013241739,(-1029901.7483370017-1982101.6127814201j),44.70815058186849,0.018860671292935678,(2045015.9971444916+0j),47.07918750764158,9.861732419709532e-07,(14787.499529511051+0j)
-8.56592525939882,41.866902068025844,0.02250164013241739,(-1029901.7483370017+1982101.6127814201j),41.866902068025844,0.02250164013241739,(-1029901.7483370017-1982101.6127814201j),44.455171985207826,0.018860671292935678,(2045015.9971444916+0j),47.0789821150034,9.861732419709532e-07,(14787.499529511051+0j)
-8.548230303565912,41.6670953324019,0.02250164013241739,(-1029901.7483370017+1982101.6127814201j),41.6670953324019,0.02250164013241739,(-1029901.7483370017-1982101.6127814201j),44.20436931357333,0.018860671292935678,(2045015.9971444916+0j),47.0787720587824,9.861732419709532e-07,(14787.499529511051+0j)
-8.530535347733004,41.46910993885052,0.02250164013241739,(-1029901.7483370017+1982101.6127814201j),41.46910993885052,0.02250164013241739,(-1029901.7483370017-1982101.6127814201j),43.955755038189395,0.018860671292935678,(2045015.9971444916+0j),47.07855717831981,9.861732419709532e-07,(14787.499529511051+0j)
-8.512840391900097,41.27295459004378,0.02250164013241739,(-1029901.7483370017+1982101.6127814201j),41.27295459004378,0.02250164013241739,(-1029901.7483370017-1982101.6127814201j),43.70934169725344,0.018860671292935678,(2045015.9971444916+0j),47.07833730549164,9.861732419709532e-07,(14787.499529511051+0j)
-8.495145436067189,41.07863802811634,0.02250164013241739,(-1029901.7483370017+1982101.6127814201j),41.07863802811634,0.02250164013241739,(-1029901.7483370017-1982101.6127814201j),43.46514189632984,0.018860671292935678,(2045015.9971444916+0j),47.07811226426993,9.861732419709532e-07,(14787.499529511051+0j)
-8.477450480234278,40.886169034861915,0.02250164013241739,(-1029901.7483370017+1982101.6127814201j),40.886169034861915,0.02250164013241739,(-1029901.7483370017-1982101.6127814201j),43.22316830874636,0.018860671292935678,(2045015.9971444916+0j),47.07788187025282,9.861732419709532e-07,(14787.499529511051+0j)
-8.45975552440137,40.69555643193093,0.02250164013241739,(-1029901.7483370017+1982101.6127814201j),40.69555643193093,0.02250164013241739,(-1029901.7483370017-1982101.6127814201j),42.983433675993226,0.018860671292935678,(2045015.9971444916+0j),47.077645930160514,9.861732419709532e-07,(14787.499529511051+0j)
-8.442060568568463,40.5068090810292,0.02250164013241739,(-1029901.7483370017+1982101.6127814201j),40.5068090810292,0.02250164013241739,(-1029901.7483370017-1982101.6127814201j),42.74595080812485,0.018860671292935678,(2045015.9971444916+0j),47.07740424129458,9.861732419709532e-07,(14787.499529511051+0j)
-8.424365612735555,40.31993588411769,0.02250164013241739,(-1029901.7483370017+1982101.6127814201j),40.31993588411769,0.02250164013241739,(-1029901.7483370017-1982101.6127814201j),42.510732584164174,0.018860671292935678,(2045015.9971444916+0j),47.07715659095708,9.861732419709532e-07,(14787.499529511051+0j)
-8.406670656902646,40.13494578361347,0.02250164013241739,(-1029901.7483370017+1982101.6127814201j),40.13494578361347,0.02250164013241739,(-1029901.7483370017-1982101.6127814201j),42.277791952509666,0.018860671292935678,(2045015.9971444916+0j),47.0769027558263,9.861732419709532e-07,(14787.499529511051+0j)
-8.38897570106974,39.95184776259178,0.02250164013241739,(-1029901.7483370017+1982101.6127814201j),39.95184776259178,0.02250164013241739,(-1029901.7483370017-1982101.6127814201j),42.0471419313451,0.018860671292935678,(2045015.9971444916+0j),47.07664250128508,9.861732419709532e-07,(14787.499529511051+0j)
-8.371280745236831,39.770650844989184,0.02250164013241739,(-1029901.7483370017+1982101.6127814201j),39.770650844989184,0.02250164013241739,(-1029901.7483370017-1982101.6127814201j),41.81879560905193,0.018860671292935678,(2045015.9971444916+0j),47.076375580697466,9.861732419709532e-07,(14787.499529511051+0j)
-8.353585789403922,39.591364095807876,0.02250164013241739,(-1029901.7483370017+1982101.6127814201j),39.591364095807876,0.02250164013241739,(-1029901.7483370017-1982101.6127814201j),41.59276614462445,0.018860671292935678,(2045015.9971444916+0j),47.076101734629155,9.861732419709532e-07,(14787.499529511051+0j)
-8.335890833571012,39.41399662132117,0.02250164013241739,(-1029901.7483370017+1982101.6127814201j),39.41399662132117,0.02250164013241739,(-1029901.7483370017-1982101.6127814201j),41.36906676808769,0.018860671292935678,(2045015.9971444916+0j),47.07582069000643,9.861732419709532e-07,(14787.499529511051+0j)
-8.318195877738106,39.23855756928008,0.02250164013241739,(-1029901.7483370017+1982101.6127814201j),39.23855756928008,0.02250164013241739,(-1029901.7483370017-1982101.6127814201j),41.14771078091815,0.018860671292935678,(2045015.9971444916+0j),47.075532159207874,9.861732419709532e-07,(14787.499529511051+0j)
-8.300500921905197,39.06505612912114,0.02250164013241739,(-1029901.7483370017+1982101.6127814201j),39.06505612912114,0.02250164013241739,(-1029901.7483370017-1982101.6127814201j),40.92871155646717,0.018860671292935678,(2045015.9971444916+0j),47.0752358390825,9.861732419709532e-07,(14787.499529511051+0j)
-8.282805966072289,38.89350153217527,0.02250164013241739,(-1029901.7483370017+1982101.6127814201j),38.89350153217527,0.02250164013241739,(-1029901.7483370017-1982101.6127814201j),40.71208254038727,0.018860671292935678,(2045015.9971444916+0j),47.07493140988734,9.861732419709532e-07,(14787.499529511051+0j)
-8.26511101023938,38.723903051877954,0.02250164013241739,(-1029901.7483370017+1982101.6127814201j),38.723903051877954,0.02250164013241739,(-1029901.7483370017-1982101.6127814201j),40.497837251061235,0.018860671292935678,(2045015.9971444916+0j),47.074618534136526,9.861732419709532e-07,(14787.499529511051+0j)
-8.247416054406473,38.556270003980515,0.02250164013241739,(-1029901.7483370017+1982101.6127814201j),38.556270003980515,0.02250164013241739,(-1029901.7483370017-1982101.6127814201j),40.28598928003408,0.018860671292935678,(2045015.9971444916+0j),47.07429685535328,9.861732419709532e-07,(14787.499529511051+0j)
-8.229721098573565,38.390611746762566,0.02250164013241739,(-1029901.7483370017+1982101.6127814201j),38.390611746762566,0.02250164013241739,(-1029901.7483370017-1982101.6127814201j),40.07655229244789,0.018860671292935678,(2045015.9971444916+0j),47.07396599671506,9.861732419709532e-07,(14787.499529511051+0j)
-8.212026142740656,38.22693768124575,0.02250164013241739,(-1029901.7483370017+1982101.6127814201j),38.22693768124575,0.02250164013241739,(-1029901.7483370017-1982101.6127814201j),39.869540027479545,0.018860671292935678,(2045015.9971444916+0j),47.07362555958094,9.861732419709532e-07,(14787.499529511051+0j)
-8.194331186907748,38.06525725140857,0.02250164013241739,(-1029901.7483370017+1982101.6127814201j),38.06525725140857,0.02250164013241739,(-1029901.7483370017-1982101.6127814201j),39.66496629878135,0.018860671292935678,(2045015.9971444916+0j),47.07327512188939,9.861732419709532e-07,(14787.499529511051+0j)
-8.176636231074841,37.905579944402504,0.02250164013241739,(-1029901.7483370017+1982101.6127814201j),37.905579944402504,0.02250164013241739,(-1029901.7483370017-1982101.6127814201j),39.46284499492466,0.018860671292935678,(2045015.9971444916+0j),47.07291423641257,9.861732419709532e-07,(14787.499529511051+0j)
-8.158941275241933,37.74791529076931,0.02250164013241739,(-1029901.7483370017+1982101.6127814201j),37.74791529076931,0.02250164013241739,(-1029901.7483370017-1982101.6127814201j),39.26319007984637,0.018860671292935678,(2045015.9971444916+0j),47.07254242885226,9.861732419709532e-07,(14787.499529511051+0j)
-8.141246319409023,37.59227286465959,0.02250164013241739,(-1029901.7483370017+1982101.6127814201j),37.59227286465959,0.02250164013241739,(-1029901.7483370017-1982101.6127814201j),39.06601559329853,0.018860671292935678,(2045015.9971444916+0j),47.072159195760136,9.861732419709532e-07,(14787.499529511051+0j)
-8.123551363576116,37.438662284052555,0.02250164013241739,(-1029901.7483370017+1982101.6127814201j),37.438662284052555,0.02250164013241739,(-1029901.7483370017-1982101.6127814201j),38.87133565130078,0.018860671292935678,(2045015.9971444916+0j),47.07176400226345,9.861732419709532e-07,(14787.499529511051+0j)
-8.105856407743207,37.287093210977,0.02250164013241739,(-1029901.7483370017+1982101.6127814201j),37.287093210977,0.02250164013241739,(-1029901.7483370017-1982101.6127814201j),38.679164446596026,0.018860671292935678,(2045015.9971444916+0j),47.071356279574324,9.861732419709532e-07,(14787.499529511051+0j)
-8.088161451910299,37.137575351733645,0.02250164013241739,(-1029901.7483370017+1982101.6127814201j),37.137575351733645,0.02250164013241739,(-1029901.7483370017-1982101.6127814201j),38.48951624910894,0.018860671292935678,(2045015.9971444916+0j),47.07093542225834,9.861732419709532e-07,(14787.499529511051+0j)
-8.07046649607739,36.99011845711859,0.02250164013241739,(-1029901.7483370017+1982101.6127814201j),36.99011845711859,0.02250164013241739,(-1029901.7483370017-1982101.6127814201j),38.302405406407715,0.018860671292935678,(2045015.9971444916+0j),47.0705007852348,9.861732419709532e-07,(14787.499529511051+0j)
-8.052771540244484,36.84473232264818,0.02250164013241739,(-1029901.7483370017+1982101.6127814201j),36.84473232264818,0.02250164013241739,(-1029901.7483370017-1982101.6127814201j),38.11784634416887,0.018860671292935678,(2045015.9971444916+0j),47.07005168047754,9.861732419709532e-07,(14787.499529511051+0j)
-8.035076584411575,36.70142678878498,0.02250164013241739,(-1029901.7483370017+1982101.6127814201j),36.70142678878498,0.02250164013241739,(-1029901.7483370017-1982101.6127814201j),37.93585356664507,0.018860671292935678,(2045015.9971444916+0j),47.0695873733806,9.861732419709532e-07,(14787.499529511051+0j)
-8.017381628578667,36.56021174116521,0.02250164013241739,(-1029901.7483370017+1982101.6127814201j),36.56021174116521,0.02250164013241739,(-1029901.7483370017-1982101.6127814201j),37.75644165713625,0.018860671292935678,(2045015.9971444916+0j),47.0691070787485,9.861732419709532e-07,(14787.499529511051+0j)
-7.999686672745757,36.421097110827354,0.02250164013241739,(-1029901.7483370017+1982101.6127814201j),36.421097110827354,0.02250164013241739,(-1029901.7483370017-1982101.6127814201j),37.579625278463816,0.018860671292935678,(2045015.9971444916+0j),47.0686099563651,9.861732419709532e-07,(14787.499529511051+0j)
-7.981991716912849,36.28409287444203,0.02250164013241739,(-1029901.7483370017+1982101.6127814201j),36.28409287444203,0.02250164013241739,(-1029901.7483370017-1982101.6127814201j),37.40541917344798,0.018860671292935678,(2045015.9971444916+0j),47.06809510608833,9.861732419709532e-07,(14787.499529511051+0j)
-7.964296761079941,36.149209054543356,0.02250164013241739,(-1029901.7483370017+1982101.6127814201j),36.149209054543356,0.02250164013241739,(-1029901.7483370017-1982101.6127814201j),37.233838165388484,0.018860671292935678,(2045015.9971444916+0j),47.0675615624107,9.861732419709532e-07,(14787.499529511051+0j)
-7.946601805247033,36.0164557197614,0.02250164013241739,(-1029901.7483370017+1982101.6127814201j),36.0164557197614,0.02250164013241739,(-1029901.7483370017-1982101.6127814201j),37.06489715854839,0.018860671292935678,(2045015.9971444916+0j),47.06700828841627,9.861732419709532e-07,(14787.499529511051+0j)
-7.928906849414125,35.88584298505614,0.02250164013241739,(-1029901.7483370017+1982101.6127814201j),35.88584298505614,0.02250164013241739,(-1029901.7483370017-1982101.6127814201j),36.89861113864119,0.018860671292935678,(2045015.9971444916+0j),47.06643416905463,9.861732419709532e-07,(14787.499529511051+0j)
-7.911211893581218,35.75738101195261,0.02250164013241739,(-1029901.7483370017+1982101.6127814201j),35.75738101195261,0.02250164013241739,(-1029901.7483370017-1982101.6127814201j),36.73499517332128,0.018860671292935678,(2045015.9971444916+0j),47.06583800364008,9.861732419709532e-07,(14787.499529511051+0j)
-7.893516937748309,35.63108000877751,0.02250164013241739,(-1029901.7483370017+1982101.6127814201j),35.63108000877751,0.02250164013241739,(-1029901.7483370017-1982101.6127814201j),36.574064412677586,0.018860671292935678,(2045015.9971444916+0j),47.06521849746973,9.861732419709532e-07,(14787.499529511051+0j)
-7.875821981915402,35.50695023089707,0.02250164013241739,(-1029901.7483370017+1982101.6127814201j),35.50695023089707,0.02250164013241739,(-1029901.7483370017-1982101.6127814201j),36.41583408973073,0.018860671292935678,(2045015.9971444916+0j),47.06457425243749,9.861732419709532e-07,(14787.499529511051+0j)
-7.858127026082493,35.385001980956346,0.02250164013241739,(-1029901.7483370017+1982101.6127814201j),35.385001980956346,0.02250164013241739,(-1029901.7483370017-1982101.6127814201j),36.26031952093334,0.018860671292935678,(2045015.9971444916+0j),47.06390375650071,9.861732419709532e-07,(14787.499529511051+0j)
-7.8404320702495855,35.2652456091198,0.02250164013241739,(-1029901.7483370017+1982101.6127814201j),35.2652456091198,0.02250164013241739,(-1029901.7483370017-1982101.6127814201j),36.10753610667396,0.018860671292935678,(2045015.9971444916+0j),47.063205371832495,9.861732419709532e-07,(14787.499529511051+0j)
-7.822737114416675,35.147691513313355,0.02250164013241739,(-1029901.7483370017+1982101.6127814201j),35.147691513313355,0.02250164013241739,(-1029901.7483370017-1982101.6127814201j),35.9574993317842,0.018860671292935678,(2045015.9971444916+0j),47.062477321464115,9.861732419709532e-07,(14787.499529511051+0j)
-7.805042158583769,35.03235013946773,0.02250164013241739,(-1029901.7483370017+1982101.6127814201j),35.03235013946773,0.02250164013241739,(-1029901.7483370017-1982101.6127814201j),35.81022476604944,0.018860671292935678,(2045015.9971444916+0j),47.06171767418843,9.861732419709532e-07,(14787.499529511051+0j)
-7.787347202750859,34.919231981763254,0.02250164013241739,(-1029901.7483370017+1982101.6127814201j),34.919231981763254,0.02250164013241739,(-1029901.7483370017-1982101.6127814201j),35.66572806472292,0.018860671292935678,(2045015.9971444916+0j),47.06092432745404,9.861732419709532e-07,(14787.499529511051+0j)
-7.769652246917952,34.80834758287602,0.02250164013241739,(-1029901.7483370017+1982101.6127814201j),34.80834758287602,0.02250164013241739,(-1029901.7483370017-1982101.6127814201j),35.52402496904342,0.018860671292935678,(2045015.9971444916+0j),47.060094987931365,9.861732419709532e-07,(14787.499529511051+0j)
-7.751957291085043,34.6997075342255,0.02250164013241739,(-1029901.7483370017+1982101.6127814201j),34.6997075342255,0.02250164013241739,(-1029901.7483370017-1982101.6127814201j),35.38513130675633,0.018860671292935678,(2045015.9971444916+0j),47.05922714937218,9.861732419709532e-07,(14787.499529511051+0j)
-7.734262335252136,34.593322476223534,0.02250164013241739,(-1029901.7483370017+1982101.6127814201j),34.593322476223534,0.02250164013241739,(-1029901.7483370017-1982101.6127814201j),35.24906299263841,0.018860671292935678,(2045015.9971444916+0j),47.05831806731265,9.861732419709532e-07,(14787.499529511051+0j)
-7.716567379419227,34.48920309852477,0.02250164013241739,(-1029901.7483370017+1982101.6127814201j),34.48920309852477,0.02250164013241739,(-1029901.7483370017-1982101.6127814201j),35.11583602902596,0.018860671292935678,(2045015.9971444916+0j),47.057364730081765,9.861732419709532e-07,(14787.499529511051+0j)
-7.6988724235863195,34.387360140278545,0.02250164013241739,(-1029901.7483370017+1982101.6127814201j),34.387360140278545,0.02250164013241739,(-1029901.7483370017-1982101.6127814201j),34.98546650634677,0.018860671292935678,(2045015.9971444916+0j),47.056363825470214,9.861732419709532e-07,(14787.499529511051+0j)
-7.681177467753411,34.2878043903822,0.02250164013241739,(-1029901.7483370017+1982101.6127814201j),34.2878043903822,0.02250164013241739,(-1029901.7483370017-1982101.6127814201j),34.857970603655545,0.018860671292935678,(2045015.9971444916+0j),47.05531170228238,9.861732419709532e-07,(14787.499529511051+0j)
-7.663482511920503,34.19054668773586,0.02250164013241739,(-1029901.7483370017+1982101.6127814201j),34.19054668773586,0.02250164013241739,(-1029901.7483370017-1982101.6127814201j),34.733364589173064,0.018860671292935678,(2045015.9971444916+0j),47.05420432583089,9.861732419709532e-07,(14787.499529511051+0j)
-7.645787556087595,34.095597921498715,0.02250164013241739,(-1029901.7483370017+1982101.6127814201j),34.095597921498715,0.02250164013241739,(-1029901.7483370017-1982101.6127814201j),34.61166482082899,0.018860671292935678,(2045015.9971444916+0j),47.05303722623044,9.861732419709532e-07,(14787.499529511051+0j)
-7.6280926002546865,34.00296903134666,0.02250164013241739,(-1029901.7483370017+1982101.6127814201j),34.00296903134666,0.02250164013241739,(-1029901.7483370017-1982101.6127814201j),34.49288774680845,0.018860671292935678,(2045015.9971444916+0j),47.051805438093815,9.861732419709532e-07,(14787.499529511051+0j)
-7.610397644421778,33.912671007731575,0.02250164013241739,(-1029901.7483370017+1982101.6127814201j),33.912671007731575,0.02250164013241739,(-1029901.7483370017-1982101.6127814201j),34.377049906102236,0.018860671292935678,(2045015.9971444916+0j),47.05050342991489,9.861732419709532e-07,(14787.499529511051+0j)
-7.5927026885888695,33.82471489214197,0.02250164013241739,(-1029901.7483370017+1982101.6127814201j),33.82471489214197,0.02250164013241739,(-1029901.7483370017-1982101.6127814201j),34.2641679290609,0.018860671292935678,(2045015.9971444916+0j),47.049125021020316,9.861732419709532e-07,(14787.499529511051+0j)
-7.575007732755962,33.739111777365245,0.02250164013241739,(-1029901.7483370017+1982101.6127814201j),33.739111777365245,0.02250164013241739,(-1029901.7483370017-1982101.6127814201j),34.1542585379526,0.018860671292935678,(2045015.9971444916+0j),47.04766328345979,9.861732419709532e-07,(14787.499529511051+0j)
-7.5573127769230535,33.655872807751344,0.02250164013241739,(-1029901.7483370017+1982101.6127814201j),33.655872807751344,0.02250164013241739,(-1029901.7483370017-1982101.6127814201j),34.04733854752472,0.018860671292935678,(2045015.9971444916+0j),47.04611042554877,9.861732419709532e-07,(14787.499529511051+0j)
-7.539617821090146,33.57500917947802,0.02250164013241739,(-1029901.7483370017+1982101.6127814201j),33.57500917947802,0.02250164013241739,(-1029901.7483370017-1982101.6127814201j),33.94342486556941,0.018860671292935678,(2045015.9971444916+0j),47.04445765293177,9.861732419709532e-07,(14787.499529511051+0j)
-7.5219228652572365,33.49653214081764,0.02250164013241739,(-1029901.7483370017+1982101.6127814201j),33.49653214081764,0.02250164013241739,(-1029901.7483370017-1982101.6127814201j),33.84253449349303,0.018860671292935678,(2045015.9971444916+0j),47.042695001935776,9.861732419709532e-07,(14787.499529511051+0j)
-7.504227909424329,33.42045299240543,0.02250164013241739,(-1029901.7483370017+1982101.6127814201j),33.42045299240543,0.02250164013241739,(-1029901.7483370017-1982101.6127814201j),33.7446845268894,0.018860671292935678,(2045015.9971444916+0j),47.04081113854422,9.861732419709532e-07,(14787.499529511051+0j)
-7.4865329535914205,33.3467830875094,0.02250164013241739,(-1029901.7483370017+1982101.6127814201j),33.3467830875094,0.02250164013241739,(-1029901.7483370017-1982101.6127814201j),33.64989215611714,0.018860671292935678,(2045015.9971444916+0j),47.03879311442261,9.861732419709532e-07,(14787.499529511051+0j)
-7.468837997758513,33.27553383230177,0.02250164013241739,(-1029901.7483370017+1982101.6127814201j),33.27553383230177,0.02250164013241739,(-1029901.7483370017-1982101.6127814201j),33.558174666880845,0.018860671292935678,(2045015.9971444916+0j),47.0366260688952,9.861732419709532e-07,(14787.499529511051+0j)
-7.451143041925604,33.20671668613194,0.02250164013241739,(-1029901.7483370017+1982101.6127814201j),33.20671668613194,0.02250164013241739,(-1029901.7483370017-1982101.6127814201j),33.469549440816394,0.018860671292935678,(2045015.9971444916+0j),47.034292862368105,9.861732419709532e-07,(14787.499529511051+0j)
-7.433448086092696,33.14034316180113,0.02250164013241739,(-1029901.7483370017+1982101.6127814201j),33.14034316180113,0.02250164013241739,(-1029901.7483370017-1982101.6127814201j),33.38403395608018,0.018860671292935678,(2045015.9971444916+0j),47.03177362206771,9.861732419709532e-07,(14787.499529511051+0j)
-7.415753130259788,33.0764248258385,0.02250164013241739,(-1029901.7483370017+1982101.6127814201j),33.0764248258385,0.02250164013241739,(-1029901.7483370017-1982101.6127814201j),33.301645787942505,0.018860671292935678,(2045015.9971444916+0j),47.029045174608974,9.861732419709532e-07,(14787.499529511051+0j)
-7.39805817442688,33.014973298779005,0.02250164013241739,(-1029901.7483370017+1982101.6127814201j),33.014973298779005,0.02250164013241739,(-1029901.7483370017-1982101.6127814201j),33.22240260938503,0.018860671292935678,(2045015.9971444916+0j),47.02608033107544,9.861732419709532e-07,(14787.499529511051+0j)
-7.380363218593972,32.95600025544274,0.02250164013241739,(-1029901.7483370017+1982101.6127814201j),32.95600025544274,0.02250164013241739,(-1029901.7483370017-1982101.6127814201j),33.14632219170231,0.018860671292935678,(2045015.9971444916+0j),47.02284697786108,9.861732419709532e-07,(14787.499529511051+0j)
-7.362668262761063,32.899517425216,0.02250164013241739,(-1029901.7483370017+1982101.6127814201j),32.899517425216,0.02250164013241739,(-1029901.7483370017-1982101.6127814201j),33.07342240510762,0.018860671292935678,(2045015.9971444916+0j),47.0193069087855,9.861732419709532e-07,(14787.499529511051+0j)
-7.344973306928155,32.84553659233393,0.02250164013241739,(-1029901.7483370017+1982101.6127814201j),32.84553659233393,0.02250164013241739,(-1029901.7483370017-1982101.6127814201j),33.00372121934286,0.018860671292935678,(2045015.9971444916+0j),47.01541430830622,9.861732419709532e-07,(14787.499529511051+0j)
-7.327278351095247,32.79406959616483,0.02250164013241739,(-1029901.7483370017+1982101.6127814201j),32.79406959616483,0.02250164013241739,(-1029901.7483370017-1982101.6127814201j),32.9372367042927,0.018860671292935678,(2045015.9971444916+0j),47.01111375784986,9.861732419709532e-07,(14787.499529511051+0j)
-7.309583395262339,32.74512833149613,0.02250164013241739,(-1029901.7483370017+1982101.6127814201j),32.74512833149613,0.02250164013241739,(-1029901.7483370017-1982101.6127814201j),32.87398703060307,0.018860671292935678,(2045015.9971444916+0j),47.00633758066888,9.861732419709532e-07,(14787.499529511051+0j)
-7.291888439429431,32.69872474882202,0.02250164013241739,(-1029901.7483370017+1982101.6127814201j),32.69872474882202,0.02250164013241739,(-1029901.7483370017-1982101.6127814201j),32.813990470303864,0.018860671292935678,(2045015.9971444916+0j),47.001002254189686,9.861732419709532e-07,(14787.499529511051+0j)
-7.274193483596522,32.65487085463276,0.02250164013241739,(-1029901.7483370017+1982101.6127814201j),32.65487085463276,0.02250164013241739,(-1029901.7483370017-1982101.6127814201j),32.75726539743597,0.018860671292935678,(2045015.9971444916+0j),46.99500348400835,9.861732419709532e-07,(14787.499529511051+0j)
-7.256498527763614,32.613578711705685,0.02250164013241739,(-1029901.7483370017+1982101.6127814201j),32.613578711705685,0.02250164013241739,(-1029901.7483370017-1982101.6127814201j),32.703830288682745,0.018860671292935678,(2045015.9971444916+0j),46.988209318445314,9.861732419709532e-07,(14787.499529511051+0j)
-7.238803571930706,32.574860439397895,0.02250164013241739,(-1029901.7483370017+1982101.6127814201j),32.574860439397895,0.02250164013241739,(-1029901.7483370017-1982101.6127814201j),32.65370372400579,0.018860671292935678,(2045015.9971444916+0j),46.98045032977891,9.861732419709532e-07,(14787.499529511051+0j)
-7.221108616097798,32.5387282139407,0.02250164013241739,(-1029901.7483370017+1982101.6127814201j),32.5387282139407,0.02250164013241739,(-1029901.7483370017-1982101.6127814201j),32.60690438728518,0.018860671292935678,(2045015.9971444916+0j),46.971505292816275,9.861732419709532e-07,(14787.499529511051+0j)
-7.20341366026489,32.50519426873574,0.02250164013241739,(-1029901.7483370017+1982101.6127814201j),32.50519426873574,0.02250164013241739,(-1029901.7483370017-1982101.6127814201j),32.56345106696421,0.018860671292935678,(2045015.9971444916+0j),46.96107975250855,9.861732419709532e-07,(14787.499529511051+0j)
-7.185718704431982,32.474270894652854,0.02250164013241739,(-1029901.7483370017+1982101.6127814201j),32.474270894652854,0.02250164013241739,(-1029901.7483370017-1982101.6127814201j),32.52336265669859,0.018860671292935678,(2045015.9971444916+0j),46.94877298976834,9.861732419709532e-07,(14787.499529511051+0j)
-7.168023748599073,32.44597044032969,0.02250164013241739,(-1029901.7483370017+1982101.6127814201j),32.44597044032969,0.02250164013241739,(-1029901.7483370017-1982101.6127814201j),32.48665815601016,0.018860671292935678,(2045015.9971444916+0j),46.93402533194334,9.861732419709532e-07,(14787.499529511051+0j)
-7.150328792766166,32.420305312473126,0.02250164013241739,(-1029901.7483370017+1982101.6127814201j),32.420305312473126,0.02250164013241739,(-1029901.7483370017-1982101.6127814201j),32.45335667094523,0.018860671292935678,(2045015.9971444916+0j),46.91603066202011,9.861732419709532e-07,(14787.499529511051+0j)
-7.132633836933257,32.39728797616235,0.02250164013241739,(-1029901.7483370017+1982101.6127814201j),32.39728797616235,0.02250164013241739,(-1029901.7483370017-1982101.6127814201j),32.423477414737505,0.018860671292935678,(2045015.9971444916+0j),46.89358399249327,9.861732419709532e-07,(14787.499529511051+0j)
-7.114938881100349,32.37693095515386,0.02250164013241739,(-1029901.7483370017+1982101.6127814201j),32.37693095515386,0.02250164013241739,(-1029901.7483370017-1982101.6127814201j),32.397039708475596,0.018860671292935678,(2045015.9971444916+0j),46.864799940639145,9.861732419709532e-07,(14787.499529511051+0j)
-7.09724392526744,32.359246832188106,0.02250164013241739,(-1029901.7483370017+1982101.6127814201j),32.359246832188106,0.02250164013241739,(-1029901.7483370017-1982101.6127814201j),32.37406298177531,0.018860671292935678,(2045015.9971444916+0j),46.826553577162876,9.861732419709532e-07,(14787.499529511051+0j)
-7.079548969434533,32.344248249298076,0.02250164013241739,(-1029901.7483370017+1982101.6127814201j),32.344248249298076,0.02250164013241739,(-1029901.7483370017-1982101.6127814201j),32.35456677345657,0.018860671292935678,(2045015.9971444916+0j),46.77326142339452,9.861732419709532e-07,(14787.499529511051+0j)
-7.061854013601624,32.331947908119595,0.02250164013241739,(-1029901.7483370017+1982101.6127814201j),32.331947908119595,0.02250164013241739,(-1029901.7483370017-1982101.6127814201j),32.338570732225115,0.018860671292935678,(2045015.9971444916+0j),46.69387175775754,9.861732419709532e-07,(14787.499529511051+0j)
-7.0441590577687165,32.322358570203505,0.02250164013241739,(-1029901.7483370017+1982101.6127814201j),32.322358570203505,0.02250164013241739,(-1029901.7483370017-1982101.6127814201j),32.32609461735904,0.018860671292935678,(2045015.9971444916+0j),46.56300073286206,9.861732419709532e-07,(14787.499529511051+0j)
-7.026464101935807,32.315493057329675,0.02250164013241739,(-1029901.7483370017+1982101.6127814201j),32.315493057329675,0.02250164013241739,(-1029901.7483370017-1982101.6127814201j),32.31715829940004,0.018860671292935678,(2045015.9971444916+0j),46.30656059997896,9.861732419709532e-07,(14787.499529511051+0j)
-7.0087691461029,32.311364251822845,0.02250164013241739,(-1029901.7483370017+1982101.6127814201j),32.311364251822845,0.02250164013241739,(-1029901.7483370017-1982101.6127814201j),32.31178176084967,0.018860671292935678,(2045015.9971444916+0j),45.57743533594418,9.861732419709532e-07,(14787.499529511051+0j)
-6.991074190269991,27.3134137066179,0.029211832299317793,(-362337.77851934347+746421.1412673359j),27.3134137066179,0.029211832299317793,(-362337.77851934347-746421.1412673359j),32.30998509687038,0.02133686543850076,(709115.2225126891+0j),32.30998509687037,1.0273888791654278e-05,(15560.334525997985+0j)
-6.991074190269991,32.30998509687038,0.02250164013241739,(-1029901.7483370017+1982101.6127814201j),32.30998509687038,0.02250164013241739,(-1029901.7483370017-1982101.6127814201j),32.30998509687038,0.018860671292935678,(2045015.9971444916+0j),32.30998509687038,9.861732419709532e-07,(14787.499529511051+0j)
-6.953718172400518,27.126160604821646,0.029211832299317793,(-362337.77851934347+746421.1412673359j),27.126160604821646,0.029211832299317793,(-362337.77851934347-746421.1412673359j),32.0443059464971,0.02133686543850076,(709115.2225126891+0j),32.30911025597467,1.0273888791654278e-05,(15560.334525997985+0j)
-6.916362154531046,26.940175584150047,0.029211832299317793,(-362337.77851934347+746421.1412673359j),26.940175584150047,0.029211832299317793,(-362337.77851934347-746421.1412673359j),31.780142429697552,0.02133686543850076,(709115.2225126891+0j),32.30821745361953,1.0273888791654278e-05,(15560.334525997985+0j)
-6.879006136661573,26.755468772885056,0.029211832299317793,(-362337.77851934347+746421.1412673359j),26.755468772885056,0.029211832299317793,(-362337.77851934347-746421.1412673359j),31.51751176816586,0.02133686543850076,(709115.2225126891+0j),32.30730613091555,1.0273888791654278e-05,(15560.334525997985+0j)
-6.841650118792101,26.572050371967794,0.029211832299317793,(-362337.77851934347+746421.1412673359j),26.572050371967794,0.029211832299317793,(-362337.77851934347-746421.1412673359j),31.25643134958141,0.02133686543850076,(709115.2225126891+0j),32.30637570554318,1.0273888791654278e-05,(15560.334525997985+0j)
-6.804294100922627,26.38993065556451,0.029211832299317793,(-362337.77851934347+746421.1412673359j),26.38993065556451,0.029211832299317793,(-362337.77851934347-746421.1412673359j),30.996918729327756,0.02133686543850076,(709115.2225126891+0j),32.30542557051184,1.0273888791654278e-05,(15560.334525997985+0j)
-6.766938083053155,26.209119971637445,0.029211832299317793,(-362337.77851934347+746421.1412673359j),26.209119971637445,0.029211832299317793,(-362337.77851934347-746421.1412673359j),30.73899163223112,0.02133686543850076,(709115.2225126891+0j),32.304455092839376,1.0273888791654278e-05,(15560.334525997985+0j)
-6.729582065183681,26.029628742520668,0.029211832299317793,(-362337.77851934347+746421.1412673359j),26.029628742520668,0.029211832299317793,(-362337.77851934347-746421.1412673359j),30.482667954319023,0.02133686543850076,(709115.2225126891+0j),32.303463612145855,1.0273888791654278e-05,(15560.334525997985+0j)
-6.692226047314209,25.85146746550092,0.029211832299317793,(-362337.77851934347+746421.1412673359j),25.85146746550092,0.029211832299317793,(-362337.77851934347-746421.1412673359j),30.22796576459921,0.02133686543850076,(709115.2225126891+0j),32.30245043915497,1.0273888791654278e-05,(15560.334525997985+0j)
-6.654870029444736,25.674646713403547,0.029211832299317793,(-362337.77851934347+746421.1412673359j),25.674646713403547,0.029211832299317793,(-362337.77851934347-746421.1412673359j),29.9749033068591,0.02133686543850076,(709115.2225126891+0j),32.30141485409603,1.0273888791654278e-05,(15560.334525997985+0j)
-6.617514011575263,25.499177135183512,0.029211832299317793,(-362337.77851934347+746421.1412673359j),25.499177135183512,0.029211832299317793,(-362337.77851934347-746421.1412673359j),29.72349900148612,0.02133686543850076,(709115.2225126891+0j),32.30035610499876,1.0273888791654278e-05,(15560.334525997985+0j)
-6.58015799370579,25.325069456521575,0.029211832299317793,(-362337.77851934347+746421.1412673359j),25.325069456521575,0.029211832299317793,(-362337.77851934347-746421.1412673359j),29.473771447309083,0.02133686543850076,(709115.2225126891+0j),32.29927340587228,1.0273888791654278e-05,(15560.334525997985+0j)
-6.542801975836317,25.152334480425715,0.029211832299317793,(-362337.77851934347+746421.1412673359j),25.152334480425715,0.029211832299317793,(-362337.77851934347-746421.1412673359j),29.22573942346098,0.02133686543850076,(709115.2225126891+0j),32.2981659347592,1.0273888791654278e-05,(15560.334525997985+0j)
-6.505445957966844,24.9809830878378,0.029211832299317793,(-362337.77851934347+746421.1412673359j),24.9809830878378,0.029211832299317793,(-362337.77851934347-746421.1412673359j),28.97942189126335,0.02133686543850076,(709115.2225126891+0j),32.29703283165454,1.0273888791654278e-05,(15560.334525997985+0j)
-6.4680899400973715,24.811026238245546,0.029211832299317793,(-362337.77851934347+746421.1412673359j),24.811026238245546,0.029211832299317793,(-362337.77851934347-746421.1412673359j),28.734837996132676,0.02133686543850076,(709115.2225126891+0j),32.2958731962785,1.0273888791654278e-05,(15560.334525997985+0j)
-6.430733922227899,24.642474970299904,0.029211832299317793,(-362337.77851934347+746421.1412673359j),24.642474970299904,0.029211832299317793,(-362337.77851934347-746421.1412673359j),28.492007069508876,0.02133686543850076,(709115.2225126891+0j),32.29468608569088,1.0273888791654278e-05,(15560.334525997985+0j)
-6.393377904358426,24.475340402437766,0.029211832299317793,(-362337.77851934347+746421.1412673359j),24.475340402437766,0.029211832299317793,(-362337.77851934347-746421.1412673359j),28.250948630806377,0.02133686543850076,(709115.2225126891+0j),32.293470511733915,1.0273888791654278e-05,(15560.334525997985+0j)
-6.3560218864889535,24.309633733510296,0.029211832299317793,(-362337.77851934347+746421.1412673359j),24.309633733510296,0.029211832299317793,(-362337.77851934347-746421.1412673359j),28.011682389387957,0.02133686543850076,(709115.2225126891+0j),32.29222543828901,1.0273888791654278e-05,(15560.334525997985+0j)
-6.31866586861948,24.145366243416625,0.029211832299317793,(-362337.77851934347+746421.1412673359j),24.145366243416625,0.029211832299317793,(-362337.77851934347-746421.1412673359j),27.774228246561638,0.02133686543850076,(709115.2225126891+0j),32.29094977833118,1.0273888791654278e-05,(15560.334525997985+0j)
-6.281309850750008,23.982549293743244,0.029211832299317793,(-362337.77851934347+746421.1412673359j),23.982549293743244,0.029211832299317793,(-362337.77851934347-746421.1412673359j),27.53860629760104,0.02133686543850076,(709115.2225126891+0j),32.28964239076382,1.0273888791654278e-05,(15560.334525997985+0j)
-6.243953832880534,23.821194328408964,0.029211832299317793,(-362337.77851934347+746421.1412673359j),23.821194328408964,0.029211832299317793,(-362337.77851934347-746421.1412673359j),27.30483683378937,0.02133686543850076,(709115.2225126891+0j),32.28830207701428,1.0273888791654278e-05,(15560.334525997985+0j)
-6.206597815011062,23.661312874315637,0.029211832299317793,(-362337.77851934347+746421.1412673359j),23.661312874315637,0.029211832299317793,(-362337.77851934347-746421.1412673359j),27.072940344487417,0.02133686543850076,(709115.2225126891+0j),32.286927577368935,1.0273888791654278e-05,(15560.334525997985+0j)
-6.169241797141588,23.502916542004538,0.029211832299317793,(-362337.77851934347+746421.1412673359j),23.502916542004538,0.029211832299317793,(-362337.77851934347-746421.1412673359j),26.842937519225917,0.02133686543850076,(709115.2225126891+0j),32.28551756702426,1.0273888791654278e-05,(15560.334525997985+0j)
-6.131885779272116,23.346017026318627,0.029211832299317793,(-362337.77851934347+746421.1412673359j),23.346017026318627,0.029211832299317793,(-362337.77851934347-746421.1412673359j),26.614849249822505,0.02133686543850076,(709115.2225126891+0j),32.28407065182776,1.0273888791654278e-05,(15560.334525997985+0j)
-6.094529761402643,23.19062610707062,0.029211832299317793,(-362337.77851934347+746421.1412673359j),23.19062610707062,0.029211832299317793,(-362337.77851934347-746421.1412673359j),26.388696632523654,0.02133686543850076,(709115.2225126891+0j),32.282585363680106,1.0273888791654278e-05,(15560.334525997985+0j)
-6.05717374353317,23.036755649717023,0.029211832299317793,(-362337.77851934347+746421.1412673359j),23.036755649717023,0.029211832299317793,(-362337.77851934347-746421.1412673359j),26.164500970171893,0.02133686543850076,(709115.2225126891+0j),32.281060155566536,1.0273888791654278e-05,(15560.334525997985+0j)
-6.019817725663697,22.884417606038113,0.029211832299317793,(-362337.77851934347+746421.1412673359j),22.884417606038113,0.029211832299317793,(-362337.77851934347-746421.1412673359j),25.94228377439866,0.02133686543850076,(709115.2225126891+0j),32.27949339618216,1.0273888791654278e-05,(15560.334525997985+0j)
-5.982461707794224,22.733624014823974,0.029211832299317793,(-362337.77851934347+746421.1412673359j),22.733624014823974,0.029211832299317793,(-362337.77851934347-746421.1412673359j),25.72206676784312,0.02133686543850076,(709115.2225126891+0j),32.277883364111936,1.0273888791654278e-05,(15560.334525997985+0j)
-5.945105689924751,22.584387002566608,0.029211832299317793,(-362337.77851934347+746421.1412673359j),22.584387002566608,0.029211832299317793,(-362337.77851934347-746421.1412673359j),25.50387188639726,0.02133686543850076,(709115.2225126891+0j),32.276228241521714,1.0273888791654278e-05,(15560.334525997985+0j)
-5.907749672055278,22.43671878415824,0.029211832299317793,(-362337.77851934347+746421.1412673359j),22.43671878415824,0.029211832299317793,(-362337.77851934347-746421.1412673359j),25.287721281477683,0.02133686543850076,(709115.2225126891+0j),32.27452610731165,1.0273888791654278e-05,(15560.334525997985+0j)
-5.870393654185805,22.29063166359582,0.029211832299317793,(-362337.77851934347+746421.1412673359j),22.29063166359582,0.029211832299317793,(-362337.77851934347-746421.1412673359j),25.07363732232436,0.02133686543850076,(709115.2225126891+0j),32.2727749296778,1.0273888791654278e-05,(15560.334525997985+0j)
-5.833037636316332,22.14613803469179,0.029211832299317793,(-362337.77851934347+746421.1412673359j),22.14613803469179,0.029211832299317793,(-362337.77851934347-746421.1412673359j),24.861642598326792,0.02133686543850076,(709115.2225126891+0j),32.270972558021434,1.0273888791654278e-05,(15560.334525997985+0j)
-5.79568161844686,22.003250381791233,0.029211832299317793,(-362337.77851934347+746421.1412673359j),22.003250381791233,0.029211832299317793,(-362337.77851934347-746421.1412673359j),24.651759921377856,0.02133686543850076,(709115.2225126891+0j),32.26911671413821,1.0273888791654278e-05,(15560.334525997985+0j)
-5.758325600577386,21.861981280495403,0.029211832299317793,(-362337.77851934347+746421.1412673359j),21.861981280495403,0.029211832299317793,(-362337.77851934347-746421.1412673359j),24.4440123282558,0.02133686543850076,(709115.2225126891+0j),32.26720498261135,1.0273888791654278e-05,(15560.334525997985+0j)
-5.720969582707914,21.722343398391725,0.029211832299317793,(-362337.77851934347+746421.1412673359j),21.722343398391725,0.029211832299317793,(-362337.77851934347-746421.1412673359j),24.238423083034665,0.02133686543850076,(709115.2225126891+0j),32.26523480032367,1.0273888791654278e-05,(15560.334525997985+0j)
-5.68361356483844,21.58434949579036,0.029211832299317793,(-362337.77851934347+746421.1412673359j),21.58434949579036,0.029211832299317793,(-362337.77851934347-746421.1412673359j),24.03501567952358,0.02133686543850076,(709115.2225126891+0j),32.263203444992754,1.0273888791654278e-05,(15560.334525997985+0j)
-5.646257546968968,21.448012426467326,0.029211832299317793,(-362337.77851934347+746421.1412673359j),21.448012426467326,0.029211832299317793,(-362337.77851934347-746421.1412673359j),23.833813843735296,0.02133686543850076,(709115.2225126891+0j),32.26110802262127,1.0273888791654278e-05,(15560.334525997985+0j)
-5.608901529099494,21.31334513841432,0.029211832299317793,(-362337.77851934347+746421.1412673359j),21.31334513841432,0.029211832299317793,(-362337.77851934347-746421.1412673359j),23.634841536384354,0.02133686543850076,(709115.2225126891+0j),32.25894545374093,1.0273888791654278e-05,(15560.334525997985+0j)
-5.571545511230022,21.180360674595267,0.029211832299317793,(-362337.77851934347+746421.1412673359j),21.180360674595267,0.029211832299317793,(-362337.77851934347-746421.1412673359j),23.438122955415253,0.02133686543850076,(709115.2225126891+0j),32.256712458312506,1.0273888791654278e-05,(15560.334525997985+0j)
-5.534189493360548,21.049072173709668,0.029211832299317793,(-362337.77851934347+746421.1412673359j),21.049072173709668,0.029211832299317793,(-362337.77851934347-746421.1412673359j),23.243682538561092,0.02133686543850076,(709115.2225126891+0j),32.25440553912624,1.0273888791654278e-05,(15560.334525997985+0j)
-5.496833475491076,20.91949287096281,0.029211832299317793,(-362337.77851934347+746421.1412673359j),20.91949287096281,0.029211832299317793,(-362337.77851934347-746421.1412673359j),23.051544965933015,0.02133686543850076,(709115.2225126891+0j),32.25202096352595,1.0273888791654278e-05,(15560.334525997985+0j)
-5.459477457621603,20.791636098842936,0.029211832299317793,(-362337.77851934347+746421.1412673359j),20.791636098842936,0.029211832299317793,(-362337.77851934347-746421.1412673359j),22.86173516264092,0.02133686543850076,(709115.2225126891+0j),32.24955474325587,1.0273888791654278e-05,(15560.334525997985+0j)
-5.4221214397521305,20.665515287905396,0.029211832299317793,(-362337.77851934347+746421.1412673359j),20.665515287905396,0.029211832299317793,(-362337.77851934347-746421.1412673359j),22.674278301445852,0.02133686543850076,(709115.2225126891+0j),32.247002612201555,1.0273888791654278e-05,(15560.334525997985+0j)
-5.3847654218826575,20.54114396756391,0.029211832299317793,(-362337.77851934347+746421.1412673359j),20.54114396756391,0.029211832299317793,(-362337.77851934347-746421.1412673359j),22.4891998054445,0.02133686543850076,(709115.2225126891+0j),32.24436000176327,1.0273888791654278e-05,(15560.334525997985+0j)
-5.3474094040131845,20.418535766888958,0.029211832299317793,(-362337.77851934347+746421.1412673359j),20.418535766888958,0.029211832299317793,(-362337.77851934347-746421.1412673359j),22.30652535078623,0.02133686543850076,(709115.2225126891+0j),32.241622013563116,1.0273888791654278e-05,(15560.334525997985+0j)
-5.310053386143712,20.297704415413403,0.029211832299317793,(-362337.77851934347+746421.1412673359j),20.297704415413403,0.029211832299317793,(-362337.77851934347-746421.1412673359j),22.126280869423088,0.02133686543850076,(709115.2225126891+0j),32.2387833891426,1.0273888791654278e-05,(15560.334525997985+0j)
-5.272697368274239,20.1786637439454,0.029211832299317793,(-362337.77851934347+746421.1412673359j),20.1786637439454,0.029211832299317793,(-362337.77851934347-746421.1412673359j),21.948492551893228,0.02133686543850076,(709115.2225126891+0j),32.23583847625646,1.0273888791654278e-05,(15560.334525997985+0j)
-5.235341350404766,20.061427685388715,0.029211832299317793,(-362337.77851934347+746421.1412673359j),20.061427685388715,0.029211832299317793,(-362337.77851934347-746421.1412673359j),21.77318685013825,0.02133686543850076,(709115.2225126891+0j),32.232781191308085,1.0273888791654278e-05,(15560.334525997985+0j)
-5.197985332535293,19.946010275570423,0.029211832299317793,(-362337.77851934347+746421.1412673359j),19.946010275570423,0.029211832299317793,(-362337.77851934347-746421.1412673359j),21.60039048035484,0.02133686543850076,(709115.2225126891+0j),32.229604977401266,1.0273888791654278e-05,(15560.334525997985+0j)
-5.160629314665821,19.832425654076182,0.029211832299317793,(-362337.77851934347+746421.1412673359j),19.832425654076182,0.029211832299317793,(-362337.77851934347-746421.1412673359j),21.430130425881252,0.02133686543850076,(709115.2225126891+0j),32.226302757399566,1.0273888791654278e-05,(15560.334525997985+0j)
-5.123273296796348,19.720688065093096,0.029211832299317793,(-362337.77851934347+746421.1412673359j),19.720688065093096,0.029211832299317793,(-362337.77851934347-746421.1412673359j),21.26243394011906,0.02133686543850076,(709115.2225126891+0j),32.222866881286166,1.0273888791654278e-05,(15560.334525997985+0j)
-5.085917278926876,19.610811858260227,0.029211832299317793,(-362337.77851934347+746421.1412673359j),19.610811858260227,0.029211832299317793,(-362337.77851934347-746421.1412673359j),21.097328549490665,0.02133686543850076,(709115.2225126891+0j),32.21928906700013,1.0273888791654278e-05,(15560.334525997985+0j)
-5.048561261057402,19.50281148952687,0.029211832299317793,(-362337.77851934347+746421.1412673359j),19.50281148952687,0.029211832299317793,(-362337.77851934347-746421.1412673359j),20.93484205643308,0.02133686543850076,(709115.2225126891+0j),32.21556033378598,1.0273888791654278e-05,(15560.334525997985+0j)
-5.01120524318793,19.396701522018695,0.029211832299317793,(-362337.77851934347+746421.1412673359j),19.396701522018695,0.029211832299317793,(-362337.77851934347-746421.1412673359j),20.775002542428457,0.02133686543850076,(709115.2225126891+0j),32.21167092692749,1.0273888791654278e-05,(15560.334525997985+0j)
-4.973849225318457,19.292496626911745,0.029211832299317793,(-362337.77851934347+746421.1412673359j),19.292496626911745,0.029211832299317793,(-362337.77851934347-746421.1412673359j),20.617838371071883,0.02133686543850076,(709115.2225126891+0j),32.207610232537824,1.0273888791654278e-05,(15560.334525997985+0j)
-4.936493207448984,19.190211584314465,0.029211832299317793,(-362337.77851934347+746421.1412673359j),19.190211584314465,0.029211832299317793,(-362337.77851934347-746421.1412673359j),20.463378191176922,0.02133686543850076,(709115.2225126891+0j),32.2033666808388,1.0273888791654278e-05,(15560.334525997985+0j)
-4.899137189579511,19.089861284157788,0.029211832299317793,(-362337.77851934347+746421.1412673359j),19.089861284157788,0.029211832299317793,(-362337.77851934347-746421.1412673359j),20.311650939919474,0.02133686543850076,(709115.2225126891+0j),32.198927636073336,1.0273888791654278e-05,(15560.334525997985+0j)
-4.861781171710038,18.991460727093404,0.029211832299317793,(-362337.77851934347+746421.1412673359j),18.991460727093404,0.029211832299317793,(-362337.77851934347-746421.1412673359j),20.16268584602043,0.02133686543850076,(709115.2225126891+0j),32.194279270845264,1.0273888791654278e-05,(15560.334525997985+0j)
-4.824425153840565,18.895025025400216,0.029211832299317793,(-362337.77851934347+746421.1412673359j),18.895025025400216,0.029211832299317793,(-362337.77851934347-746421.1412673359j),20.01651243296771,0.02133686543850076,(709115.2225126891+0j),32.18940642225429,1.0273888791654278e-05,(15560.334525997985+0j)
-4.787069135971092,18.8005694038992,0.029211832299317793,(-362337.77851934347+746421.1412673359j),18.8005694038992,0.029211832299317793,(-362337.77851934347-746421.1412673359j),19.873160522278166,0.02133686543850076,(709115.2225126891+0j),32.184292426673224,1.0273888791654278e-05,(15560.334525997985+0j)
-4.749713118101619,18.708109200876592,0.029211832299317793,(-362337.77851934347+746421.1412673359j),18.708109200876592,0.029211832299317793,(-362337.77851934347-746421.1412673359j),19.732660236799962,0.02133686543850076,(709115.2225126891+0j),32.178918929374404,1.0273888791654278e-05,(15560.334525997985+0j)
-4.712357100232146,18.617659869015643,0.029211832299317793,(-362337.77851934347+746421.1412673359j),18.617659869015643,0.029211832299317793,(-362337.77851934347-746421.1412673359j),19.595042004055948,0.02133686543850076,(709115.2225126891+0j),32.17326566442249,1.0273888791654278e-05,(15560.334525997985+0j)
-4.675001082362673,18.529236976336914,0.029211832299317793,(-362337.77851934347+746421.1412673359j),18.529236976336914,0.029211832299317793,(-362337.77851934347-746421.1412673359j),19.46033655962863,0.02133686543850076,(709115.2225126891+0j),32.16731019927095,1.0273888791654278e-05,(15560.334525997985+0j)
-4.6376450644932,18.442856207147265,0.029211832299317793,(-362337.77851934347+746421.1412673359j),18.442856207147265,0.029211832299317793,(-362337.77851934347-746421.1412673359j),19.328574950587317,0.02133686543850076,(709115.2225126891+0j),32.16102763727768,1.0273888791654278e-05,(15560.334525997985+0j)
-4.600289046623727,18.3585333629976,0.029211832299317793,(-362337.77851934347+746421.1412673359j),18.3585333629976,0.029211832299317793,(-362337.77851934347-746421.1412673359j),19.19978853895796,0.02133686543850076,(709115.2225126891+0j),32.1543902698223,1.0273888791654278e-05,(15560.334525997985+0j)
-4.562933028754254,18.276284363649488,0.029211832299317793,(-362337.77851934347+746421.1412673359j),18.276284363649488,0.029211832299317793,(-362337.77851934347-746421.1412673359j),19.074009005236395,0.02133686543850076,(709115.2225126891+0j),32.147367167774874,1.0273888791654278e-05,(15560.334525997985+0j)
-4.525577010884782,18.19612524805067,0.029211832299317793,(-362337.77851934347+746421.1412673359j),18.19612524805067,0.029211832299317793,(-362337.77851934347-746421.1412673359j),18.95126835194553,0.02133686543850076,(709115.2225126891+0j),32.13992369961161,1.0273888791654278e-05,(15560.334525997985+0j)
-4.488220993015308,18.118072175319686,0.029211832299317793,(-362337.77851934347+746421.1412673359j),18.118072175319686,0.029211832299317793,(-362337.77851934347-746421.1412673359j),18.831598907237055,0.02133686543850076,(709115.2225126891+0j),32.13202096033777,1.0273888791654278e-05,(15560.334525997985+0j)
-4.450864975145836,18.042141425739576,0.029211832299317793,(-362337.77851934347+746421.1412673359j),18.042141425739576,0.029211832299317793,(-362337.77851934347-746421.1412673359j),18.7150333285384,0.02133686543850076,(709115.2225126891+0j),32.123615091345144,1.0273888791654278e-05,(15560.334525997985+0j)
-4.413508957276362,17.968349401760822,0.029211832299317793,(-362337.77851934347+746421.1412673359j),17.968349401760822,0.029211832299317793,(-362337.77851934347-746421.1412673359j),18.601604606245484,0.02133686543850076,(709115.2225126891+0j),32.11465646610424,1.0273888791654278e-05,(15560.334525997985+0j)
-4.37615293940689,17.89671262901361,0.029211832299317793,(-362337.77851934347+746421.1412673359j),17.89671262901361,0.029211832299317793,(-362337.77851934347-746421.1412673359j),18.491346067461954,0.02133686543850076,(709115.2225126891+0j),32.10508870976603,1.0273888791654278e-05,(15560.334525997985+0j)
-4.338796921537417,17.82724775732955,0.029211832299317793,(-362337.77851934347+746421.1412673359j),17.82724775732955,0.029211832299317793,(-362337.77851934347-746421.1412673359j),18.384291379785523,0.02133686543850076,(709115.2225126891+0j),32.09484751176072,1.0273888791654278e-05,(15560.334525997985+0j)
-4.301440903667944,17.759971561772826,0.029211832299317793,(-362337.77851934347+746421.1412673359j),17.759971561772826,0.029211832299317793,(-362337.77851934347-746421.1412673359j),18.28047455514215,0.02133686543850076,(709115.2225126891+0j),32.083859178543555,1.0273888791654278e-05,(15560.334525997985+0j)
-4.2640848857984714,17.694900943681073,0.029211832299317793,(-362337.77851934347+746421.1412673359j),17.694900943681073,0.029211832299317793,(-362337.77851934347-746421.1412673359j),18.17992995366862,0.02133686543850076,(709115.2225126891+0j),32.07203885763387,1.0273888791654278e-05,(15560.334525997985+0j)
-4.2267288679289985,17.632052931715894,0.029211832299317793,(-362337.77851934347+746421.1412673359j),17.632052931715894,0.029211832299317793,(-362337.77851934347-746421.1412673359j),18.082692287644345,0.02133686543850076,(709115.2225126891+0j),32.05928834242313,1.0273888791654278e-05,(15560.334525997985+0j)
-4.1893728500595255,17.5714446829232,0.029211832299317793,(-362337.77851934347+746421.1412673359j),17.5714446829232,0.029211832299317793,(-362337.77851934347-746421.1412673359j),17.98879662547296,0.02133686543850076,(709115.2225126891+0j),32.04549333757079,1.0273888791654278e-05,(15560.334525997985+0j)
-4.152016832190053,17.513093483803537,0.029211832299317793,(-362337.77851934347+746421.1412673359j),17.513093483803537,0.029211832299317793,(-362337.77851934347-746421.1412673359j),17.89827839571451,0.02133686543850076,(709115.2225126891+0j),32.03052002375252,1.0273888791654278e-05,(15560.334525997985+0j)
-4.11466081432058,17.45701675139235,0.029211832299317793,(-362337.77851934347+746421.1412673359j),17.45701675139235,0.029211832299317793,(-362337.77851934347-746421.1412673359j),17.811173391168886,0.02133686543850076,(709115.2225126891+0j),32.014210702991434,1.0273888791654278e-05,(15560.334525997985+0j)
-4.077304796451107,17.403232034350438,0.029211832299317793,(-362337.77851934347+746421.1412673359j),17.403232034350438,0.029211832299317793,(-362337.77851934347-746421.1412673359j),17.727517773011293,0.02133686543850076,(709115.2225126891+0j),31.996378224094833,1.0273888791654278e-05,(15560.334525997985+0j)
-4.039948778581634,17.351757014064653,0.029211832299317793,(-362337.77851934347+746421.1412673359j),17.351757014064653,0.029211832299317793,(-362337.77851934347-746421.1412673359j),17.64734807498046,0.02133686543850076,(709115.2225126891+0j),31.97679877000062,1.0273888791654278e-05,(15560.334525997985+0j)
-4.002592760712161,17.302609505758888,0.029211832299317793,(-362337.77851934347+746421.1412673359j),17.302609505758888,0.029211832299317793,(-362337.77851934347-746421.1412673359j),17.57070120762034,0.02133686543850076,(709115.2225126891+0j),31.955202416566095,1.0273888791654278e-05,(15560.334525997985+0j)
-3.965236742842688,17.255807459615564,0.029211832299317793,(-362337.77851934347+746421.1412673359j),17.255807459615564,0.029211832299317793,(-362337.77851934347-746421.1412673359j),17.497614462576085,0.02133686543850076,(709115.2225126891+0j),31.93126061589625,1.0273888791654278e-05,(15560.334525997985+0j)
-3.927880724973215,17.21136896190768,0.029211832299317793,(-362337.77851934347+746421.1412673359j),17.21136896190768,0.029211832299317793,(-362337.77851934347-746421.1412673359j),17.428125516945077,0.02133686543850076,(709115.2225126891+0j),31.904569368401404,1.0273888791654278e-05,(15560.334525997985+0j)
-3.8905247071037428,17.169312236141526,0.029211832299317793,(-362337.77851934347+746421.1412673359j),17.169312236141526,0.029211832299317793,(-362337.77851934347-746421.1412673359j),17.362272437683774,0.02133686543850076,(709115.2225126891+0j),31.874626245733626,1.0273888791654278e-05,(15560.334525997985+0j)
-3.85316868923427,17.12965564421018,0.029211832299317793,(-362337.77851934347+746421.1412673359j),17.12965564421018,0.029211832299317793,(-362337.77851934347-746421.1412673359j),17.300093686071218,0.02133686543850076,(709115.2225126891+0j),31.840798473396383,1.0273888791654278e-05,(15560.334525997985+0j)
-3.815812671364797,17.092417687557937,0.029211832299317793,(-362337.77851934347+746421.1412673359j),17.092417687557937,0.029211832299317793,(-362337.77851934347-746421.1412673359j),17.24162812222997,0.02133686543850076,(709115.2225126891+0j),31.802277733597688,1.0273888791654278e-05,(15560.334525997985+0j)
-3.778456653495324,17.05761700835571,0.029211832299317793,(-362337.77851934347+746421.1412673359j),17.05761700835571,0.029211832299317793,(-362337.77851934347-746421.1412673359j),17.186915009705352,0.02133686543850076,(709115.2225126891+0j),31.758014762732643,1.0273888791654278e-05,(15560.334525997985+0j)
-3.7411006356258514,17.025272390687597,0.029211832299317793,(-362337.77851934347+746421.1412673359j),17.025272390687597,0.029211832299317793,(-362337.77851934347-746421.1412673359j),17.135994020103823,0.02133686543850076,(709115.2225126891+0j),31.706622358439137,1.0273888791654278e-05,(15560.334525997985+0j)
-3.7037446177563784,16.99540276174873,0.029211832299317793,(-362337.77851934347+746421.1412673359j),16.99540276174873,0.029211832299317793,(-362337.77851934347-746421.1412673359j),17.08890523779128,0.02133686543850076,(709115.2225126891+0j),31.646227439182937,1.0273888791654278e-05,(15560.334525997985+0j)
-3.6663885998869055,16.968027193054414,0.029211832299317793,(-362337.77851934347+746421.1412673359j),16.968027193054414,0.029211832299317793,(-362337.77851934347-746421.1412673359j),17.04568916465229,0.02133686543850076,(709115.2225126891+0j),31.574237946557727,1.0273888791654278e-05,(15560.334525997985+0j)
-3.6290325820174325,16.943164901660847,0.029211832299317793,(-362337.77851934347+746421.1412673359j),16.943164901660847,0.029211832299317793,(-362337.77851934347-746421.1412673359j),17.006386724910985,0.02133686543850076,(709115.2225126891+0j),31.48696135010225,1.0273888791654278e-05,(15560.334525997985+0j)
-3.5916765641479595,16.920835251397396,0.029211832299317793,(-362337.77851934347+746421.1412673359j),16.920835251397396,0.029211832299317793,(-362337.77851934347-746421.1412673359j),16.971039270014625,0.02133686543850076,(709115.2225126891+0j),31.378951491380548,1.0273888791654278e-05,(15560.334525997985+0j)
-3.5543205462784866,16.901057754110653,0.029211832299317793,(-362337.77851934347+746421.1412673359j),16.901057754110653,0.029211832299317793,(-362337.77851934347-746421.1412673359j),16.939688583580704,0.02133686543850076,(709115.2225126891+0j),31.24182779537192,1.0273888791654278e-05,(15560.334525997985+0j)
-3.5169645284090136,16.883852070920334,0.029211832299317793,(-362337.77851934347+746421.1412673359j),16.883852070920334,0.029211832299317793,(-362337.77851934347-746421.1412673359j),16.912376886408502,0.02133686543850076,(709115.2225126891+0j),31.061992549289307,1.0273888791654278e-05,(15560.334525997985+0j)
-3.4796085105395407,16.869238013487173,0.029211832299317793,(-362337.77851934347+746421.1412673359j),16.869238013487173,0.029211832299317793,(-362337.77851934347-746421.1412673359j),16.88914684155609,0.02133686543850076,(709115.2225126891+0j),30.81582676090152,1.0273888791654278e-05,(15560.334525997985+0j)
-3.4422524926700677,16.857235545292944,0.029211832299317793,(-362337.77851934347+746421.1412673359j),16.857235545292944,0.029211832299317793,(-362337.77851934347-746421.1412673359j),16.870041559483653,0.02133686543850076,(709115.2225126891+0j),30.45838756659004,1.0273888791654278e-05,(15560.334525997985+0j)
-3.404896474800595,16.84786478293273,0.029211832299317793,(-362337.77851934347+746421.1412673359j),16.84786478293273,0.029211832299317793,(-362337.77851934347-746421.1412673359j),16.85510460326421,0.02133686543850076,(709115.2225126891+0j),29.892398703518943,1.0273888791654278e-05,(15560.334525997985+0j)
-3.3675404569311223,16.84114599741958,0.029211832299317793,(-362337.77851934347+746421.1412673359j),16.84114599741958,0.029211832299317793,(-362337.77851934347-746421.1412673359j),16.844379993862606,0.02133686543850076,(709115.2225126891+0j),28.861327089579273,1.0273888791654278e-05,(15560.334525997985+0j)
-3.3301844390616493,16.837099615501668,0.029211832299317793,(-362337.77851934347+746421.1412673359j),16.837099615501668,0.029211832299317793,(-362337.77851934347-746421.1412673359j),16.837912215483914,0.02133686543850076,(709115.2225126891+0j),26.407259750713717,1.0273888791654278e-05,(15560.334525997985+0j)
-3.2928284211921763,17.14986573610373,0.05647918312468543,(-1714543.9205679037+3095772.7866729456j),17.14986573610373,0.05647918312468543,(-1714543.9205679037-3095772.7866729456j),16.835746220992117,0.052921190923099125,(3425570.7446675664+0j),16.83574622099212,5.5786907568987515e-08,(3517.09646824355+0j)
-3.2928284211921763,16.83574622099212,0.029211832299317793,(-362337.77851934347+746421.1412673359j),16.83574622099212,0.029211832299317793,(-362337.77851934347-746421.1412673359j),16.83574622099212,0.02133686543850076,(709115.2225126891+0j),16.83574622099212,1.0273888791654278e-05,(15560.334525997985+0j)
-3.275133465359268,17.212332817401517,0.05647918312468543,(-1714543.9205679037+3095772.7866729456j),17.212332817401517,0.05647918312468543,(-1714543.9205679037-3095772.7866729456j),16.90420351855791,0.052921190923099125,(3425570.7446675664+0j),16.83574850655992,5.5786907568987515e-08,(3517.09646824355+0j)
-3.25743850952636,17.274222125947038,0.05647918312468543,(-1714543.9205679037+3095772.7866729456j),17.274222125947038,0.05647918312468543,(-1714543.9205679037-3095772.7866729456j),16.972031664826982,0.052921190923099125,(3425570.7446675664+0j),16.835750839250533,5.5786907568987515e-08,(3517.09646824355+0j)
-3.239743553693452,17.33553257252112,0.05647918312468543,(-1714543.9205679037+3095772.7866729456j),17.33553257252112,0.05647918312468543,(-1714543.9205679037-3095772.7866729456j),17.039229393553004,0.052921190923099125,(3425570.7446675664+0j),16.83575322053647,5.5786907568987515e-08,(3517.09646824355+0j)
-3.222048597860544,17.396263065894846,0.05647918312468543,(-1714543.9205679037+3095772.7866729456j),17.396263065894846,0.05647918312468543,(-1714543.9205679037-3095772.7866729456j),17.105795435999173,0.052921190923099125,(3425570.7446675664+0j),16.83575565195225,5.5786907568987515e-08,(3517.09646824355+0j)
-3.2043536420276357,17.456412512825466,0.05647918312468543,(-1714543.9205679037+3095772.7866729456j),17.456412512825466,0.05647918312468543,(-1714543.9205679037-3095772.7866729456j),17.171728520932835,0.052921190923099125,(3425570.7446675664+0j),16.835758135097677,5.5786907568987515e-08,(3517.09646824355+0j)
-3.1866586861947273,17.515979818052276,0.05647918312468543,(-1714543.9205679037+3095772.7866729456j),17.515979818052276,0.05647918312468543,(-1714543.9205679037-3095772.7866729456j),17.237027374620006,0.052921190923099125,(3425570.7446675664+0j),16.835760671641363,5.5786907568987515e-08,(3517.09646824355+0j)
-3.168963730361819,17.574963884292508,0.05647918312468543,(-1714543.9205679037+3095772.7866729456j),17.574963884292508,0.05647918312468543,(-1714543.9205679037-3095772.7866729456j),17.301690720819984,0.052921190923099125,(3425570.7446675664+0j),16.835763263324473,5.5786907568987515e-08,(3517.09646824355+0j)
-3.151268774528911,17.633363612237194,0.05647918312468543,(-1714543.9205679037+3095772.7866729456j),17.633363612237194,0.05647918312468543,(-1714543.9205679037-3095772.7866729456j),17.365717280779858,0.052921190923099125,(3425570.7446675664+0j),16.83576591196469,5.5786907568987515e-08,(3517.09646824355+0j)
-3.1335738186960027,17.691177900547032,0.05647918312468543,(-1714543.9205679037+3095772.7866729456j),17.691177900547032,0.05647918312468543,(-1714543.9205679037-3095772.7866729456j),17.42910577322907,0.052921190923099125,(3425570.7446675664+0j),16.835768619460485,5.5786907568987515e-08,(3517.09646824355+0j)
-3.1158788628630942,17.74840564584824,0.05647918312468543,(-1714543.9205679037+3095772.7866729456j),17.74840564584824,0.05647918312468543,(-1714543.9205679037-3095772.7866729456j),17.491854914373906,0.052921190923099125,(3425570.7446675664+0j),16.83577138779565,5.5786907568987515e-08,(3517.09646824355+0j)
-3.098183907030186,17.805045742728407,0.05647918312468543,(-1714543.9205679037+3095772.7866729456j),17.805045742728407,0.05647918312468543,(-1714543.9205679037-3095772.7866729456j),17.553963417892035,0.052921190923099125,(3425570.7446675664+0j),16.835774219044144,5.5786907568987515e-08,(3517.09646824355+0j)
-3.080488951197278,17.861097083732307,0.05647918312468543,(-1714543.9205679037+3095772.7866729456j),17.861097083732307,0.05647918312468543,(-1714543.9205679037-3095772.7866729456j),17.61542999492697,0.052921190923099125,(3425570.7446675664+0j),16.835777115375265,5.5786907568987515e-08,(3517.09646824355+0j)
-3.06279399536437,17.91655855935775,0.05647918312468543,(-1714543.9205679037+3095772.7866729456j),17.91655855935775,0.05647918312468543,(-1714543.9205679037-3095772.7866729456j),17.67625335408257,0.052921190923099125,(3425570.7446675664+0j),16.835780079059226,5.5786907568987515e-08,(3517.09646824355+0j)
-3.0450990395314617,17.971429058051374,0.05647918312468543,(-1714543.9205679037+3095772.7866729456j),17.971429058051374,0.05647918312468543,(-1714543.9205679037-3095772.7866729456j),17.736432201417504,0.052921190923099125,(3425570.7446675664+0j),16.83578311247305,5.5786907568987515e-08,(3517.09646824355+0j)
-3.027404083698553,18.025707466204462,0.05647918312468543,(-1714543.9205679037+3095772.7866729456j),18.025707466204462,0.05647918312468543,(-1714543.9205679037-3095772.7866729456j),17.7959652404397,0.052921190923099125,(3425570.7446675664+0j),16.83578621810694,5.5786907568987515e-08,(3517.09646824355+0j)
-3.009709127865645,18.07939266814873,0.05647918312468543,(-1714543.9205679037+3095772.7866729456j),18.07939266814873,0.05647918312468543,(-1714543.9205679037-3095772.7866729456j),17.85485117210077,0.052921190923099125,(3425570.7446675664+0j),16.835789398571123,5.5786907568987515e-08,(3517.09646824355+0j)
-2.992014172032737,18.132483546152137,0.05647918312468543,(-1714543.9205679037+3095772.7866729456j),18.132483546152137,0.05647918312468543,(-1714543.9205679037-3095772.7866729456j),17.913088694790474,0.052921190923099125,(3425570.7446675664+0j),16.83579265660313,5.5786907568987515e-08,(3517.09646824355+0j)
-2.9743192161998295,18.184978980414613,0.05647918312468543,(-1714543.9205679037+3095772.7866729456j),18.184978980414613,0.05647918312468543,(-1714543.9205679037-3095772.7866729456j),17.970676504331085,0.052921190923099125,(3425570.7446675664+0j),16.83579599507567,5.5786907568987515e-08,(3517.09646824355+0j)
-2.956624260366921,18.236877849063887,0.05647918312468543,(-1714543.9205679037+3095772.7866729456j),18.236877849063887,0.05647918312468543,(-1714543.9205679037-3095772.7866729456j),18.02761329397182,0.052921190923099125,(3425570.7446675664+0j),16.835799417005095,5.5786907568987515e-08,(3517.09646824355+0j)
-2.9389293045340126,18.288179028151184,0.05647918312468543,(-1714543.9205679037+3095772.7866729456j),18.288179028151184,0.05647918312468543,(-1714543.9205679037-3095772.7866729456j),18.083897754383226,0.052921190923099125,(3425570.7446675664+0j),16.835802925560458,5.5786907568987515e-08,(3517.09646824355+0j)
-2.9212343487011045,18.33888139164703,0.05647918312468543,(-1714543.9205679037+3095772.7866729456j),18.33888139164703,0.05647918312468543,(-1714543.9205679037-3095772.7866729456j),18.139528573651514,0.052921190923099125,(3425570.7446675664+0j),16.835806524073323,5.5786907568987515e-08,(3517.09646824355+0j)
-2.9035393928681965,18.388983811436926,0.05647918312468543,(-1714543.9205679037+3095772.7866729456j),18.388983811436926,0.05647918312468543,(-1714543.9205679037-3095772.7866729456j),18.194504437272965,0.052921190923099125,(3425570.7446675664+0j),16.83581021604832,5.5786907568987515e-08,(3517.09646824355+0j)
-2.885844437035288,18.43848515731714,0.05647918312468543,(-1714543.9205679037+3095772.7866729456j),18.43848515731714,0.05647918312468543,(-1714543.9205679037-3095772.7866729456j),18.248824028148235,0.052921190923099125,(3425570.7446675664+0j),16.8358140051745,5.5786907568987515e-08,(3517.09646824355+0j)
-2.8681494812023796,18.487384296990374,0.05647918312468543,(-1714543.9205679037+3095772.7866729456j),18.487384296990374,0.05647918312468543,(-1714543.9205679037-3095772.7866729456j),18.30248602657671,0.052921190923099125,(3425570.7446675664+0j),16.83581789533768,5.5786907568987515e-08,(3517.09646824355+0j)
-2.8504545253694715,18.53568009606151,0.05647918312468543,(-1714543.9205679037+3095772.7866729456j),18.53568009606151,0.05647918312468543,(-1714543.9205679037-3095772.7866729456j),18.355489110250797,0.052921190923099125,(3425570.7446675664+0j),16.835821890633685,5.5786907568987515e-08,(3517.09646824355+0j)
-2.8327595695365635,18.583371418033273,0.05647918312468543,(-1714543.9205679037+3095772.7866729456j),18.583371418033273,0.05647918312468543,(-1714543.9205679037-3095772.7866729456j),18.40783195425026,0.052921190923099125,(3425570.7446675664+0j),16.835825995382766,5.5786907568987515e-08,(3517.09646824355+0j)
-2.8150646137036555,18.63045712430194,0.05647918312468543,(-1714543.9205679037+3095772.7866729456j),18.63045712430194,0.05647918312468543,(-1714543.9205679037-3095772.7866729456j),18.45951323103646,0.052921190923099125,(3425570.7446675664+0j),16.83583021414516,5.5786907568987515e-08,(3517.09646824355+0j)
-2.797369657870747,18.676936074153026,0.05647918312468543,(-1714543.9205679037+3095772.7866729456j),18.676936074153026,0.05647918312468543,(-1714543.9205679037-3095772.7866729456j),18.51053161044668,0.052921190923099125,(3425570.7446675664+0j),16.83583455173802,5.5786907568987515e-08,(3517.09646824355+0j)
-2.7796747020378385,18.722807124756933,0.05647918312468543,(-1714543.9205679037+3095772.7866729456j),18.722807124756933,0.05647918312468543,(-1714543.9205679037-3095772.7866729456j),18.560885759688343,0.052921190923099125,(3425570.7446675664+0j),16.835839013253736,5.5786907568987515e-08,(3517.09646824355+0j)
-2.7619797462049305,18.76806913116461,0.05647918312468543,(-1714543.9205679037+3095772.7866729456j),18.76806913116461,0.05647918312468543,(-1714543.9205679037-3095772.7866729456j),18.610574343333276,0.052921190923099125,(3425570.7446675664+0j),16.83584360407988,5.5786907568987515e-08,(3517.09646824355+0j)
-2.7442847903720224,18.812720946303212,0.05647918312468543,(-1714543.9205679037+3095772.7866729456j),18.812720946303212,0.05647918312468543,(-1714543.9205679037-3095772.7866729456j),18.659596023311945,0.052921190923099125,(3425570.7446675664+0j),16.835848329920932,5.5786907568987515e-08,(3517.09646824355+0j)
-2.726589834539115,18.85676142097174,0.05647918312468543,(-1714543.9205679037+3095772.7866729456j),18.85676142097174,0.05647918312468543,(-1714543.9205679037-3095772.7866729456j),18.707949458907656,0.052921190923099125,(3425570.7446675664+0j),16.835853196821915,5.5786907568987515e-08,(3517.09646824355+0j)
-2.7088948787062064,18.900189403836656,0.05647918312468543,(-1714543.9205679037+3095772.7866729456j),18.900189403836656,0.05647918312468543,(-1714543.9205679037-3095772.7866729456j),18.755633306750777,0.052921190923099125,(3425570.7446675664+0j),16.835858211194175,5.5786907568987515e-08,(3517.09646824355+0j)
-2.691199922873298,18.943003741427503,0.05647918312468543,(-1714543.9205679037+3095772.7866729456j),18.943003741427503,0.05647918312468543,(-1714543.9205679037-3095772.7866729456j),18.80264622081291,0.052921190923099125,(3425570.7446675664+0j),16.835863379843587,5.5786907568987515e-08,(3517.09646824355+0j)
-2.67350496704039,18.985203278132524,0.05647918312468543,(-1714543.9205679037+3095772.7866729456j),18.985203278132524,0.05647918312468543,(-1714543.9205679037-3095772.7866729456j),18.848986852401072,0.052921190923099125,(3425570.7446675664+0j),16.835868710001364,5.5786907568987515e-08,(3517.09646824355+0j)
-2.655810011207482,19.026786856194253,0.05647918312468543,(-1714543.9205679037+3095772.7866729456j),19.026786856194253,0.05647918312468543,(-1714543.9205679037-3095772.7866729456j),18.894653850151855,0.052921190923099125,(3425570.7446675664+0j),16.835874209357794,5.5786907568987515e-08,(3517.09646824355+0j)
-2.6381150553745734,19.067753315705097,0.05647918312468543,(-1714543.9205679037+3095772.7866729456j),19.067753315705097,0.05647918312468543,(-1714543.9205679037-3095772.7866729456j),18.939645860025575,0.052921190923099125,(3425570.7446675664+0j),16.835879886099285,5.5786907568987515e-08,(3517.09646824355+0j)
-2.620420099541665,19.108101494602924,0.05647918312468543,(-1714543.9205679037+3095772.7866729456j),19.108101494602924,0.05647918312468543,(-1714543.9205679037-3095772.7866729456j),18.983961525300394,0.052921190923099125,(3425570.7446675664+0j),16.835885748949025,5.5786907568987515e-08,(3517.09646824355+0j)
-2.602725143708757,19.147830228666624,0.05647918312468543,(-1714543.9205679037+3095772.7866729456j),19.147830228666624,0.05647918312468543,(-1714543.9205679037-3095772.7866729456j),19.027599486566437,0.052921190923099125,(3425570.7446675664+0j),16.835891807211684,5.5786907568987515e-08,(3517.09646824355+0j)
-2.585030187875849,19.186938351511664,0.05647918312468543,(-1714543.9205679037+3095772.7866729456j),19.186938351511664,0.05647918312468543,(-1714543.9205679037-3095772.7866729456j),19.07055838171991,0.052921190923099125,(3425570.7446675664+0j),16.835898070822722,5.5786907568987515e-08,(3517.09646824355+0j)
-2.567335232042941,19.225424694585644,0.05647918312468543,(-1714543.9205679037+3095772.7866729456j),19.225424694585644,0.05647918312468543,(-1714543.9205679037-3095772.7866729456j),19.11283684595716,0.052921190923099125,(3425570.7446675664+0j),16.835904550402734,5.5786907568987515e-08,(3517.09646824355+0j)
-2.5496402762100323,19.26328808716382,0.05647918312468543,(-1714543.9205679037+3095772.7866729456j),19.26328808716382,0.05647918312468543,(-1714543.9205679037-3095772.7866729456j),19.15443351176878,0.052921190923099125,(3425570.7446675664+0j),16.83591125731757,5.5786907568987515e-08,(3517.09646824355+0j)
-2.531945320377124,19.300527356344634,0.05647918312468543,(-1714543.9205679037+3095772.7866729456j),19.300527356344634,0.05647918312468543,(-1714543.9205679037-3095772.7866729456j),19.195347008933638,0.052921190923099125,(3425570.7446675664+0j),16.835918203744857,5.5786907568987515e-08,(3517.09646824355+0j)
-2.514250364544216,19.337141327045245,0.05647918312468543,(-1714543.9205679037+3095772.7866729456j),19.337141327045245,0.05647918312468543,(-1714543.9205679037-3095772.7866729456j),19.23557596451294,0.052921190923099125,(3425570.7446675664+0j),16.835925402747776,5.5786907568987515e-08,(3517.09646824355+0j)
-2.4965554087113078,19.37312882199701,0.05647918312468543,(-1714543.9205679037+3095772.7866729456j),19.37312882199701,0.05647918312468543,(-1714543.9205679037-3095772.7866729456j),19.27511900284425,0.052921190923099125,(3425570.7446675664+0j),16.835932868357087,5.5786907568987515e-08,(3517.09646824355+0j)
-2.4788604528783997,19.408488661741004,0.05647918312468543,(-1714543.9205679037+3095772.7866729456j),19.408488661741004,0.05647918312468543,(-1714543.9205679037-3095772.7866729456j),19.31397474553551,0.052921190923099125,(3425570.7446675664+0j),16.835940615662366,5.5786907568987515e-08,(3517.09646824355+0j)
-2.4611654970454917,19.443219664623474,0.05647918312468543,(-1714543.9205679037+3095772.7866729456j),19.443219664623474,0.05647918312468543,(-1714543.9205679037-3095772.7866729456j),19.352141811459028,0.052921190923099125,(3425570.7446675664+0j),16.83594866091383,5.5786907568987515e-08,(3517.09646824355+0j)
-2.4434705412125832,19.477320646791338,0.05647918312468543,(-1714543.9205679037+3095772.7866729456j),19.477320646791338,0.05647918312468543,(-1714543.9205679037-3095772.7866729456j),19.389618816745468,0.052921190923099125,(3425570.7446675664+0j),16.835957021636094,5.5786907568987515e-08,(3517.09646824355+0j)
-2.425775585379675,19.510790422187643,0.05647918312468543,(-1714543.9205679037+3095772.7866729456j),19.510790422187643,0.05647918312468543,(-1714543.9205679037-3095772.7866729456j),19.42640437477784,0.052921190923099125,(3425570.7446675664+0j),16.835965716755624,5.5786907568987515e-08,(3517.09646824355+0j)
-2.408080629546767,19.54362780254701,0.05647918312468543,(-1714543.9205679037+3095772.7866729456j),19.54362780254701,0.05647918312468543,(-1714543.9205679037-3095772.7866729456j),19.462497096185412,0.052921190923099125,(3425570.7446675664+0j),16.835974766743742,5.5786907568987515e-08,(3517.09646824355+0j)
-2.3903856737138587,19.575831597391083,0.05647918312468543,(-1714543.9205679037+3095772.7866729456j),19.575831597391083,0.05647918312468543,(-1714543.9205679037-3095772.7866729456j),19.497895588837697,0.052921190923099125,(3425570.7446675664+0j),16.835984193777552,5.5786907568987515e-08,(3517.09646824355+0j)
-2.3726907178809507,19.60740061402397,0.05647918312468543,(-1714543.9205679037+3095772.7866729456j),19.60740061402397,0.05647918312468543,(-1714543.9205679037-3095772.7866729456j),19.532598457838336,0.052921190923099125,(3425570.7446675664+0j),16.835994021921376,5.5786907568987515e-08,(3517.09646824355+0j)
-2.354995762048042,19.63833365752763,0.05647918312468543,(-1714543.9205679037+3095772.7866729456j),19.63833365752763,0.05647918312468543,(-1714543.9205679037-3095772.7866729456j),19.566604305519043,0.052921190923099125,(3425570.7446675664+0j),16.83600427733187,5.5786907568987515e-08,(3517.09646824355+0j)
-2.337300806215134,19.66862953075734,0.05647918312468543,(-1714543.9205679037+3095772.7866729456j),19.66862953075734,0.05647918312468543,(-1714543.9205679037-3095772.7866729456j),19.59991173143347,0.052921190923099125,(3425570.7446675664+0j),16.83601498849049,5.5786907568987515e-08,(3517.09646824355+0j)
-2.319605850382226,19.698287034337028,0.05647918312468543,(-1714543.9205679037+3095772.7866729456j),19.698287034337028,0.05647918312468543,(-1714543.9205679037-3095772.7866729456j),19.632519332351105,0.052921190923099125,(3425570.7446675664+0j),16.836026186467635,5.5786907568987515e-08,(3517.09646824355+0j)
-2.3019108945493176,19.72730496665472,0.05647918312468543,(-1714543.9205679037+3095772.7866729456j),19.72730496665472,0.05647918312468543,(-1714543.9205679037-3095772.7866729456j),19.664425702251133,0.052921190923099125,(3425570.7446675664+0j),16.836037905223648,5.5786907568987515e-08,(3517.09646824355+0j)
-2.284215938716409,19.75568212385788,0.05647918312468543,(-1714543.9205679037+3095772.7866729456j),19.75568212385788,0.05647918312468543,(-1714543.9205679037-3095772.7866729456j),19.69562943231629,0.052921190923099125,(3425570.7446675664+0j),16.836050181952835,5.5786907568987515e-08,(3517.09646824355+0j)
-2.266520982883501,19.78341729984881,0.05647918312468543,(-1714543.9205679037+3095772.7866729456j),19.78341729984881,0.05647918312468543,(-1714543.9205679037-3095772.7866729456j),19.726129110926674,0.052921190923099125,(3425570.7446675664+0j),16.836063057477794,5.5786907568987515e-08,(3517.09646824355+0j)
-2.248826027050593,19.810509286279974,0.05647918312468543,(-1714543.9205679037+3095772.7866729456j),19.810509286279974,0.05647918312468543,(-1714543.9205679037-3095772.7866729456j),19.755923323653597,0.052921190923099125,(3425570.7446675664+0j),16.83607657670289,5.5786907568987515e-08,(3517.09646824355+0j)
-2.231131071217685,19.83695687254936,0.05647918312468543,(-1714543.9205679037+3095772.7866729456j),19.83695687254936,0.05647918312468543,(-1714543.9205679037-3095772.7866729456j),19.785010653253366,0.052921190923099125,(3425570.7446675664+0j),16.836090789137522,5.5786907568987515e-08,(3517.09646824355+0j)
-2.213436115384777,19.862758845795838,0.05647918312468543,(-1714543.9205679037+3095772.7866729456j),19.862758845795838,0.05647918312468543,(-1714543.9205679037-3095772.7866729456j),19.813389679661064,0.052921190923099125,(3425570.7446675664+0j),16.83610574950195,5.5786907568987515e-08,(3517.09646824355+0j)
-2.1957411595518685,19.887913990894425,0.05647918312468543,(-1714543.9205679037+3095772.7866729456j),19.887913990894425,0.05647918312468543,(-1714543.9205679037-3095772.7866729456j),19.841058979984357,0.052921190923099125,(3425570.7446675664+0j),16.83612151843137,5.5786907568987515e-08,(3517.09646824355+0j)
-2.1780462037189605,19.912421090451673,0.05647918312468543,(-1714543.9205679037+3095772.7866729456j),19.912421090451673,0.05647918312468543,(-1714543.9205679037-3095772.7866729456j),19.86801712849722,0.052921190923099125,(3425570.7446675664+0j),16.83613816329736,5.5786907568987515e-08,(3517.09646824355+0j)
-2.1603512478860525,19.936278924800906,0.05647918312468543,(-1714543.9205679037+3095772.7866729456j),19.936278924800906,0.05647918312468543,(-1714543.9205679037-3095772.7866729456j),19.894262696633678,0.052921190923099125,(3425570.7446675664+0j),16.836155759170047,5.5786907568987515e-08,(3517.09646824355+0j)
-2.142656292053144,19.959486271997555,0.05647918312468543,(-1714543.9205679037+3095772.7866729456j),19.959486271997555,0.05647918312468543,(-1714543.9205679037-3095772.7866729456j),19.91979425298156,0.052921190923099125,(3425570.7446675664+0j),16.836174389950116,5.5786907568987515e-08,(3517.09646824355+0j)
-2.124961336220236,19.98204190781442,0.05647918312468543,(-1714543.9205679037+3095772.7866729456j),19.98204190781442,0.05647918312468543,(-1714543.9205679037-3095772.7866729456j),19.944610363276176,0.052921190923099125,(3425570.7446675664+0j),16.836194149706575,5.5786907568987515e-08,(3517.09646824355+0j)
-2.1072663803873275,20.003944605736947,0.05647918312468543,(-1714543.9205679037+3095772.7866729456j),20.003944605736947,0.05647918312468543,(-1714543.9205679037-3095772.7866729456j),19.968709590394038,0.052921190923099125,(3425570.7446675664+0j),16.836215144265324,5.5786907568987515e-08,(3517.09646824355+0j)
-2.0895714245544195,20.025193136958475,0.05647918312468543,(-1714543.9205679037+3095772.7866729456j),20.025193136958475,0.05647918312468543,(-1714543.9205679037-3095772.7866729456j),19.992090494346527,0.052921190923099125,(3425570.7446675664+0j),16.836237493105124,5.5786907568987515e-08,(3517.09646824355+0j)
-2.0718764687215114,20.0457862703755,0.05647918312468543,(-1714543.9205679037+3095772.7866729456j),20.0457862703755,0.05647918312468543,(-1714543.9205679037-3095772.7866729456j),20.01475163227356,0.052921190923099125,(3425570.7446675664+0j),16.83626133163274,5.5786907568987515e-08,(3517.09646824355+0j)
-2.054181512888603,20.065722772582916,0.05647918312468543,(-1714543.9205679037+3095772.7866729456j),20.065722772582916,0.05647918312468543,(-1714543.9205679037-3095772.7866729456j),20.03669155843722,0.052921190923099125,(3425570.7446675664+0j),16.83628681392868,5.5786907568987515e-08,(3517.09646824355+0j)
-2.0364865570556945,20.085001407869196,0.05647918312468543,(-1714543.9205679037+3095772.7866729456j),20.085001407869196,0.05647918312468543,(-1714543.9205679037-3095772.7866729456j),20.05790882421542,0.052921190923099125,(3425570.7446675664+0j),16.836314116081237,5.5786907568987515e-08,(3517.09646824355+0j)
-2.0187916012227864,20.103620938211677,0.05647918312468543,(-1714543.9205679037+3095772.7866729456j),20.103620938211677,0.05647918312468543,(-1714543.9205679037-3095772.7866729456j),20.078401978095503,0.052921190923099125,(3425570.7446675664+0j),16.836343440261285,5.5786907568987515e-08,(3517.09646824355+0j)
-2.001096645389879,20.1215801232717,0.05647918312468543,(-1714543.9205679037+3095772.7866729456j),20.1215801232717,0.05647918312468543,(-1714543.9205679037-3095772.7866729456j),20.09816956566784,0.052921190923099125,(3425570.7446675664+0j),16.836375019737257,5.5786907568987515e-08,(3517.09646824355+0j)
-1.9834016895569702,20.138877720389832,0.05647918312468543,(-1714543.9205679037+3095772.7866729456j),20.138877720389832,0.05647918312468543,(-1714543.9205679037-3095772.7866729456j),20.117210129619405,0.052921190923099125,(3425570.7446675664+0j),16.83640912509348,5.5786907568987515e-08,(3517.09646824355+0j)
-1.9657067337240621,20.155512484581056,0.05647918312468543,(-1714543.9205679037+3095772.7866729456j),20.155512484581056,0.05647918312468543,(-1714543.9205679037-3095772.7866729456j),20.13552220972737,0.052921190923099125,(3425570.7446675664+0j),16.836446072002772,5.5786907568987515e-08,(3517.09646824355+0j)
-1.9480117778911539,20.171483168529914,0.05647918312468543,(-1714543.9205679037+3095772.7866729456j),20.171483168529914,0.05647918312468543,(-1714543.9205679037-3095772.7866729456j),20.153104342852636,0.052921190923099125,(3425570.7446675664+0j),16.8364862310263,5.5786907568987515e-08,(3517.09646824355+0j)
-1.9303168220582458,20.186788522585683,0.05647918312468543,(-1714543.9205679037+3095772.7866729456j),20.186788522585683,0.05647918312468543,(-1714543.9205679037-3095772.7866729456j),20.169955062933376,0.052921190923099125,(3425570.7446675664+0j),16.836530040085492,5.5786907568987515e-08,(3517.09646824355+0j)
-1.9126218662253376,20.201427294757522,0.05647918312468543,(-1714543.9205679037+3095772.7866729456j),20.201427294757522,0.05647918312468543,(-1714543.9205679037-3095772.7866729456j),20.18607290097855,0.052921190923099125,(3425570.7446675664+0j),16.836578020496606,5.5786907568987515e-08,(3517.09646824355+0j)
-1.8949269103924293,20.215398230709592,0.05647918312468543,(-1714543.9205679037+3095772.7866729456j),20.215398230709592,0.05647918312468543,(-1714543.9205679037-3095772.7866729456j),20.201456385061412,0.052921190923099125,(3425570.7446675664+0j),16.836630797814507,5.5786907568987515e-08,(3517.09646824355+0j)
-1.877231954559521,20.228700073756208,0.05647918312468543,(-1714543.9205679037+3095772.7866729456j),20.228700073756208,0.05647918312468543,(-1714543.9205679037-3095772.7866729456j),20.216104040313013,0.052921190923099125,(3425570.7446675664+0j),16.836689129257042,5.5786907568987515e-08,(3517.09646824355+0j)
-1.8595369987266128,20.241331564856917,0.05647918312468543,(-1714543.9205679037+3095772.7866729456j),20.241331564856917,0.05647918312468543,(-1714543.9205679037-3095772.7866729456j),20.23001438891564,0.052921190923099125,(3425570.7446675664+0j),16.83675394026848,5.5786907568987515e-08,(3517.09646824355+0j)
-1.8418420428937048,20.25329144261164,0.05647918312468543,(-1714543.9205679037+3095772.7866729456j),20.25329144261164,0.05647918312468543,(-1714543.9205679037-3095772.7866729456j),20.243185950096304,0.052921190923099125,(3425570.7446675664+0j),16.836826373984128,5.5786907568987515e-08,(3517.09646824355+0j)
-1.8241470870607965,20.264578443255715,0.05647918312468543,(-1714543.9205679037+3095772.7866729456j),20.264578443255715,0.05647918312468543,(-1714543.9205679037-3095772.7866729456j),20.255617240120152,0.052921190923099125,(3425570.7446675664+0j),16.83690785923866,5.5786907568987515e-08,(3517.09646824355+0j)
-1.8064521312278885,20.27519130065502,0.05647918312468543,(-1714543.9205679037+3095772.7866729456j),20.27519130065502,0.05647918312468543,(-1714543.9205679037-3095772.7866729456j),20.267306772283906,0.052921190923099125,(3425570.7446675664+0j),16.837000205769222,5.5786907568987515e-08,(3517.09646824355+0j)
-1.7887571753949802,20.285128746301016,0.05647918312468543,(-1714543.9205679037+3095772.7866729456j),20.285128746301016,0.05647918312468543,(-1714543.9205679037-3095772.7866729456j),20.278253056909268,0.052921190923099125,(3425570.7446675664+0j),16.837105740206088,5.5786907568987515e-08,(3517.09646824355+0j)
-1.771062219562072,20.294389509305805,0.05647918312468543,(-1714543.9205679037+3095772.7866729456j),20.294389509305805,0.05647918312468543,(-1714543.9205679037-3095772.7866729456j),20.288454601336305,0.052921190923099125,(3425570.7446675664+0j),16.83722750480539,5.5786907568987515e-08,(3517.09646824355+0j)
-1.7533672637291637,20.302972316397174,0.05647918312468543,(-1714543.9205679037+3095772.7866729456j),20.302972316397174,0.05647918312468543,(-1714543.9205679037-3095772.7866729456j),20.297909909916818,0.052921190923099125,(3425570.7446675664+0j),16.83736955550911,5.5786907568987515e-08,(3517.09646824355+0j)
-1.7356723078962555,20.310875891913636,0.05647918312468543,(-1714543.9205679037+3095772.7866729456j),20.310875891913636,0.05647918312468543,(-1714543.9205679037-3095772.7866729456j),20.306617484007713,0.052921190923099125,(3425570.7446675664+0j),16.837537422513254,5.5786907568987515e-08,(3517.09646824355+0j)
-1.7179773520633475,20.318098957799435,0.05647918312468543,(-1714543.9205679037+3095772.7866729456j),20.318098957799435,0.05647918312468543,(-1714543.9205679037-3095772.7866729456j),20.314575821964326,0.052921190923099125,(3425570.7446675664+0j),16.837738847046413,5.5786907568987515e-08,(3517.09646824355+0j)
-1.7002823962304394,20.324640233599574,0.05647918312468543,(-1714543.9205679037+3095772.7866729456j),20.324640233599574,0.05647918312468543,(-1714543.9205679037-3095772.7866729456j),20.321783419133745,0.052921190923099125,(3425570.7446675664+0j),16.837985009075883,5.5786907568987515e-08,(3517.09646824355+0j)
-1.6825874403975312,20.330498436454796,0.05647918312468543,(-1714543.9205679037+3095772.7866729456j),20.330498436454796,0.05647918312468543,(-1714543.9205679037-3095772.7866729456j),20.328238767848138,0.052921190923099125,(3425570.7446675664+0j),16.838292675249264,5.5786907568987515e-08,(3517.09646824355+0j)
-1.664892484564623,20.335672281096578,0.05647918312468543,(-1714543.9205679037+3095772.7866729456j),20.335672281096578,0.05647918312468543,(-1714543.9205679037-3095772.7866729456j),20.33394035741801,0.052921190923099125,(3425570.7446675664+0j),16.83868818668539,5.5786907568987515e-08,(3517.09646824355+0j)
-1.6471975287317147,20.34016047984209,0.05647918312468543,(-1714543.9205679037+3095772.7866729456j),20.34016047984209,0.05647918312468543,(-1714543.9205679037-3095772.7866729456j),20.33888667412551,0.052921190923099125,(3425570.7446675664+0j),16.83921543141425,5.5786907568987515e-08,(3517.09646824355+0j)
-1.6295025728988064,20.3439617425892,0.05647918312468543,(-1714543.9205679037+3095772.7866729456j),20.3439617425892,0.05647918312468543,(-1714543.9205679037-3095772.7866729456j),20.343076201217663,0.052921190923099125,(3425570.7446675664+0j),16.83995337470042,5.5786907568987515e-08,(3517.09646824355+0j)
-1.6118076170658981,20.347074776811358,0.05647918312468543,(-1714543.9205679037+3095772.7866729456j),20.347074776811358,0.05647918312468543,(-1714543.9205679037-3095772.7866729456j),20.346507418899616,0.052921190923099125,(3425570.7446675664+0j),16.841059853782237,5.5786907568987515e-08,(3517.09646824355+0j)
-1.5941126612329901,20.34949828755259,0.05647918312468543,(-1714543.9205679037+3095772.7866729456j),20.34949828755259,0.05647918312468543,(-1714543.9205679037-3095772.7866729456j),20.349178804327856,0.052921190923099125,(3425570.7446675664+0j),16.842902824138786,5.5786907568987515e-08,(3517.09646824355+0j)
-1.576417705400082,20.351230977422397,0.05647918312468543,(-1714543.9205679037+3095772.7866729456j),20.351230977422397,0.05647918312468543,(-1714543.9205679037-3095772.7866729456j),20.35108883160344,0.052921190923099125,(3425570.7446675664+0j),16.846584414910446,5.5786907568987515e-08,(3517.09646824355+0j)
-1.5587227495671738,20.352271546590682,0.05647918312468543,(-1714543.9205679037+3095772.7866729456j),20.352271546590682,0.05647918312468543,(-1714543.9205679037-3095772.7866729456j),20.352235971765133,0.052921190923099125,(3425570.7446675664+0j),16.85759449700674,5.5786907568987515e-08,(3517.09646824355+0j)
-1.5410277937342656,20.35261869278264,0.05647918312468543,(-1714543.9205679037+3095772.7866729456j),20.35261869278264,0.05647918312468543,(-1714543.9205679037-3095772.7866729456j),20.35261869278264,0.052921190923099125,(3425570.7446675664+0j),20.35261869278264,5.5786907568987515e-08,(3517.09646824355+0j)
-1.5410277937342656,20.24340864905966,0.13067745687647295,(-926063.2472475003+1662646.8266707717j),20.24340864905966,0.13067745687647295,(-926063.2472475003-1662646.8266707717j),20.35261869278264,0.12357624769605027,(1850719.688166151+0j),20.35261869278264,7.140396702641015e-08,(1406.8063288498029+0j)
-1.5056378820684488,20.217999082765942,0.13067745687647295,(-926063.2472475003+1662646.8266707717j),20.217999082765942,0.13067745687647295,(-926063.2472475003-1662646.8266707717j),20.325111143335995,0.12357624769605027,(1850719.688166151+0j),20.352618107697307,7.140396702641015e-08,(1406.8063288498029+0j)
-1.4702479704026323,20.192827567647434,0.13067745687647295,(-926063.2472475003+1662646.8266707717j),20.192827567647434,0.13067745687647295,(-926063.2472475003-1662646.8266707717j),20.297860094647564,0.12357624769605027,(1850719.688166151+0j),20.352617510548733,7.140396702641015e-08,(1406.8063288498029+0j)
-1.434858058736816,20.1678944913867,0.13067745687647295,(-926063.2472475003+1662646.8266707717j),20.1678944913867,0.13067745687647295,(-926063.2472475003-1662646.8266707717j),20.270865988547524,0.12357624769605027,(1850719.688166151+0j),20.352616900959955,7.140396702641015e-08,(1406.8063288498029+0j)
-1.3994681470709995,20.14320024228614,0.13067745687647295,(-926063.2472475003+1662646.8266707717j),20.14320024228614,0.13067745687647295,(-926063.2472475003-1662646.8266707717j),20.24412926761239,0.12357624769605027,(1850719.688166151+0j),20.35261627853814,7.140396702641015e-08,(1406.8063288498029+0j)
-1.364078235405183,20.11874520926908,0.13067745687647295,(-926063.2472475003+1662646.8266707717j),20.11874520926908,0.13067745687647295,(-926063.2472475003-1662646.8266707717j),20.217650375166397,0.12357624769605027,(1850719.688166151+0j),20.352615642873733,7.140396702641015e-08,(1406.8063288498029+0j)
-1.3286883237393667,20.0945297818809,0.13067745687647295,(-926063.2472475003+1662646.8266707717j),20.0945297818809,0.13067745687647295,(-926063.2472475003-1662646.8266707717j),20.191429755282915,0.12357624769605027,(1850719.688166151+0j),20.352614993539568,7.140396702641015e-08,(1406.8063288498029+0j)
-1.2932984120735507,20.070554350290102,0.13067745687647295,(-926063.2472475003+1662646.8266707717j),20.070554350290102,0.13067745687647295,(-926063.2472475003-1662646.8266707717j),20.16546785278585,0.12357624769605027,(1850719.688166151+0j),20.35261433008991,7.140396702641015e-08,(1406.8063288498029+0j)
-1.2579085004077342,20.04681930528943,0.13067745687647295,(-926063.2472475003+1662646.8266707717j),20.04681930528943,0.13067745687647295,(-926063.2472475003-1662646.8266707717j),20.139765113251027,0.12357624769605027,(1850719.688166151+0j),20.35261365205942,7.140396702641015e-08,(1406.8063288498029+0j)
-1.2225185887419177,20.02332503829697,0.13067745687647295,(-926063.2472475003+1662646.8266707717j),20.02332503829697,0.13067745687647295,(-926063.2472475003-1662646.8266707717j),20.114321983007613,0.12357624769605027,(1850719.688166151+0j),20.352612958962098,7.140396702641015e-08,(1406.8063288498029+0j)
-1.1871286770761014,20.000071941357277,0.13067745687647295,(-926063.2472475003+1662646.8266707717j),20.000071941357277,0.13067745687647295,(-926063.2472475003-1662646.8266707717j),20.089138909139525,0.12357624769605027,(1850719.688166151+0j),20.352612250290083,7.140396702641015e-08,(1406.8063288498029+0j)
-1.1517387654102849,19.97706040714244,0.13067745687647295,(-926063.2472475003+1662646.8266707717j),19.97706040714244,0.13067745687647295,(-926063.2472475003-1662646.8266707717j),20.064216339486837,0.12357624769605027,(1850719.688166151+0j),20.35261152551244,7.140396702641015e-08,(1406.8063288498029+0j)
-1.1163488537444684,19.954290828953244,0.13067745687647295,(-926063.2472475003+1662646.8266707717j),19.954290828953244,0.13067745687647295,(-926063.2472475003-1662646.8266707717j),20.039554722647196,0.12357624769605027,(1850719.688166151+0j),20.35261078407382,7.140396702641015e-08,(1406.8063288498029+0j)
-1.0809589420786525,19.931763600720245,0.13067745687647295,(-926063.2472475003+1662646.8266707717j),19.931763600720245,0.13067745687647295,(-926063.2472475003-1662646.8266707717j),20.015154507977247,0.12357624769605027,(1850719.688166151+0j),20.352610025393048,7.140396702641015e-08,(1406.8063288498029+0j)
-1.045569030412836,19.90947911700491,0.13067745687647295,(-926063.2472475003+1662646.8266707717j),19.90947911700491,0.13067745687647295,(-926063.2472475003-1662646.8266707717j),19.99101614559404,0.12357624769605027,(1850719.688166151+0j),20.352609248861604,7.140396702641015e-08,(1406.8063288498029+0j)
-1.0101791187470195,19.887437773000734,0.13067745687647295,(-926063.2472475003+1662646.8266707717j),19.887437773000734,0.13067745687647295,(-926063.2472475003-1662646.8266707717j),19.96714008637646,0.12357624769605027,(1850719.688166151+0j),20.352608453841977,7.140396702641015e-08,(1406.8063288498029+0j)
-0.9747892070812031,19.865639964534335,0.13067745687647295,(-926063.2472475003+1662646.8266707717j),19.865639964534335,0.13067745687647295,(-926063.2472475003-1662646.8266707717j),19.943526781966675,0.12357624769605027,(1850719.688166151+0j),20.35260763966595,7.140396702641015e-08,(1406.8063288498029+0j)
-0.9393992954153867,19.84408608806661,0.13067745687647295,(-926063.2472475003+1662646.8266707717j),19.84408608806661,0.13067745687647295,(-926063.2472475003-1662646.8266707717j),19.920176684771516,0.12357624769605027,(1850719.688166151+0j),20.352606805632707,7.140396702641015e-08,(1406.8063288498029+0j)
-0.9040093837495702,19.822776540693848,0.13067745687647295,(-926063.2472475003+1662646.8266707717j),19.822776540693848,0.13067745687647295,(-926063.2472475003-1662646.8266707717j),19.89709024796397,0.12357624769605027,(1850719.688166151+0j),20.35260595100682,7.140396702641015e-08,(1406.8063288498029+0j)
-0.8686194720837542,19.80171172014885,0.13067745687647295,(-926063.2472475003+1662646.8266707717j),19.80171172014885,0.13067745687647295,(-926063.2472475003-1662646.8266707717j),19.874267925484574,0.12357624769605027,(1850719.688166151+0j),20.35260507501609,7.140396702641015e-08,(1406.8063288498029+0j)
-0.8332295604179377,19.78089202480206,0.13067745687647295,(-926063.2472475003+1662646.8266707717j),19.78089202480206,0.13067745687647295,(-926063.2472475003-1662646.8266707717j),19.85171017204286,0.12357624769605027,(1850719.688166151+0j),20.352604176849233,7.140396702641015e-08,(1406.8063288498029+0j)
-0.7978396487521213,19.760317853662713,0.13067745687647295,(-926063.2472475003+1662646.8266707717j),19.760317853662713,0.13067745687647295,(-926063.2472475003-1662646.8266707717j),19.829417443118825,0.12357624769605027,(1850719.688166151+0j),20.352603255653346,7.140396702641015e-08,(1406.8063288498029+0j)
-0.7624497370863048,19.739989606379943,0.13067745687647295,(-926063.2472475003+1662646.8266707717j),19.739989606379943,0.13067745687647295,(-926063.2472475003-1662646.8266707717j),19.807390194964334,0.12357624769605027,(1850719.688166151+0j),20.35260231053124,7.140396702641015e-08,(1406.8063288498029+0j)
-0.7270598254204884,19.71990768324394,0.13067745687647295,(-926063.2472475003+1662646.8266707717j),19.71990768324394,0.13067745687647295,(-926063.2472475003-1662646.8266707717j),19.785628884604595,0.12357624769605027,(1850719.688166151+0j),20.352601340538484,7.140396702641015e-08,(1406.8063288498029+0j)
-0.691669913754672,19.700072485187082,0.13067745687647295,(-926063.2472475003+1662646.8266707717j),19.700072485187082,0.13067745687647295,(-926063.2472475003-1662646.8266707717j),19.764133969839612,0.12357624769605027,(1850719.688166151+0j),20.3526003446803,7.140396702641015e-08,(1406.8063288498029+0j)
-0.6562800020888555,19.680484413785084,0.13067745687647295,(-926063.2472475003+1662646.8266707717j),19.680484413785084,0.13067745687647295,(-926063.2472475003-1662646.8266707717j),19.742905909245618,0.12357624769605027,(1850719.688166151+0j),20.352599321908134,7.140396702641015e-08,(1406.8063288498029+0j)
-0.6208900904230396,19.661143871258115,0.13067745687647295,(-926063.2472475003+1662646.8266707717j),19.661143871258115,0.13067745687647295,(-926063.2472475003-1662646.8266707717j),19.72194516217657,0.12357624769605027,(1850719.688166151+0j),20.352598271115966,7.140396702641015e-08,(1406.8063288498029+0j)
-0.585500178757223,19.64205126047197,0.13067745687647295,(-926063.2472475003+1662646.8266707717j),19.64205126047197,0.13067745687647295,(-926063.2472475003-1662646.8266707717j),19.701252188765555,0.12357624769605027,(1850719.688166151+0j),20.35259719113636,7.140396702641015e-08,(1406.8063288498029+0j)
-0.5501102670914066,19.623206984939216,0.13067745687647295,(-926063.2472475003+1662646.8266707717j),19.623206984939216,0.13067745687647295,(-926063.2472475003-1662646.8266707717j),19.680827449926305,0.12357624769605027,(1850719.688166151+0j),20.352596080736088,7.140396702641015e-08,(1406.8063288498029+0j)
-0.5147203554255902,19.604611448820332,0.13067745687647295,(-926063.2472475003+1662646.8266707717j),19.604611448820332,0.13067745687647295,(-926063.2472475003-1662646.8266707717j),19.660671407354634,0.12357624769605027,(1850719.688166151+0j),20.35259493861147,7.140396702641015e-08,(1406.8063288498029+0j)
-0.47933044375977374,19.586265056924855,0.13067745687647295,(-926063.2472475003+1662646.8266707717j),19.586265056924855,0.13067745687647295,(-926063.2472475003-1662646.8266707717j),19.640784523529916,0.12357624769605027,(1850719.688166151+0j),20.352593763383236,7.140396702641015e-08,(1406.8063288498029+0j)
-0.4439405320939573,19.568168214712554,0.13067745687647295,(-926063.2472475003+1662646.8266707717j),19.568168214712554,0.13067745687647295,(-926063.2472475003-1662646.8266707717j),19.621167261716568,0.12357624769605027,(1850719.688166151+0j),20.352592553591005,7.140396702641015e-08,(1406.8063288498029+0j)
-0.4085506204281413,19.550321328294572,0.13067745687647295,(-926063.2472475003+1662646.8266707717j),19.550321328294572,0.13067745687647295,(-926063.2472475003-1662646.8266707717j),19.6018200859655,0.12357624769605027,(1850719.688166151+0j),20.35259130768721,7.140396702641015e-08,(1406.8063288498029+0j)
-0.3731607087623249,19.5327248044346,0.13067745687647295,(-926063.2472475003+1662646.8266707717j),19.5327248044346,0.13067745687647295,(-926063.2472475003-1662646.8266707717j),19.582743461115616,0.12357624769605027,(1850719.688166151+0j),20.352590024030484,7.140396702641015e-08,(1406.8063288498029+0j)
-0.3377707970965084,19.515379050550013,0.13067745687647295,(-926063.2472475003+1662646.8266707717j),19.515379050550013,0.13067745687647295,(-926063.2472475003-1662646.8266707717j),19.5639378527953,0.12357624769605027,(1850719.688166151+0j),20.352588700878464,7.140396702641015e-08,(1406.8063288498029+0j)
-0.30238088543069197,19.49828447471307,0.13067745687647295,(-926063.2472475003+1662646.8266707717j),19.49828447471307,0.13067745687647295,(-926063.2472475003-1662646.8266707717j),19.545403727423864,0.12357624769605027,(1850719.688166151+0j),20.3525873363799,7.140396702641015e-08,(1406.8063288498029+0j)
-0.2669909737648755,19.481441485652038,0.13067745687647295,(-926063.2472475003+1662646.8266707717j),19.481441485652038,0.13067745687647295,(-926063.2472475003-1662646.8266707717j),19.5271415522131,0.12357624769605027,(1850719.688166151+0j),20.352585928566,7.140396702641015e-08,(1406.8063288498029+0j)
-0.2316010620990591,19.4648504927524,0.13067745687647295,(-926063.2472475003+1662646.8266707717j),19.4648504927524,0.13067745687647295,(-926063.2472475003-1662646.8266707717j),19.50915179516871,0.12357624769605027,(1850719.688166151+0j),20.352584475340965,7.140396702641015e-08,(1406.8063288498029+0j)
-0.19621115043324264,19.448511906058005,0.13067745687647295,(-926063.2472475003+1662646.8266707717j),19.448511906058005,0.13067745687647295,(-926063.2472475003-1662646.8266707717j),19.491434925091824,0.12357624769605027,(1850719.688166151+0j),20.352582974471574,7.140396702641015e-08,(1406.8063288498029+0j)
-0.16082123876742663,19.432426136272234,0.13067745687647295,(-926063.2472475003+1662646.8266707717j),19.432426136272234,0.13067745687647295,(-926063.2472475003-1662646.8266707717j),19.473991411580513,0.12357624769605027,(1850719.688166151+0j),20.352581423575728,7.140396702641015e-08,(1406.8063288498029+0j)
-0.1254313271016102,19.4165935947592,0.13067745687647295,(-926063.2472475003+1662646.8266707717j),19.4165935947592,0.13067745687647295,(-926063.2472475003-1662646.8266707717j),19.456821725031276,0.12357624769605027,(1850719.688166151+0j),20.35257982010984,7.140396702641015e-08,(1406.8063288498029+0j)
-0.09004141543579375,19.401014693544912,0.13067745687647295,(-926063.2472475003+1662646.8266707717j),19.401014693544912,0.13067745687647295,(-926063.2472475003-1662646.8266707717j),19.439926336640532,0.12357624769605027,(1850719.688166151+0j),20.352578161354902,7.140396702641015e-08,(1406.8063288498029+0j)
-0.0546515037699773,19.385689845318442,0.13067745687647295,(-926063.2472475003+1662646.8266707717j),19.385689845318442,0.13067745687647295,(-926063.2472475003-1662646.8266707717j),19.42330571840615,0.12357624769605027,(1850719.688166151+0j),20.35257644440113,7.140396702641015e-08,(1406.8063288498029+0j)
-0.019261592104160858,19.370619463433137,0.13067745687647295,(-926063.2472475003+1662646.8266707717j),19.370619463433137,0.13067745687647295,(-926063.2472475003-1662646.8266707717j),19.406960343128944,0.12357624769605027,(1850719.688166151+0j),20.352574666130895,7.140396702641015e-08,(1406.8063288498029+0j)
0.01612831956165537,19.355803961907778,0.13067745687647295,(-926063.2472475003+1662646.8266707717j),19.355803961907778,0.13067745687647295,(-926063.2472475003-1662646.8266707717j),19.3908906844142,0.12357624769605027,(1850719.688166151+0j),20.352572823199846,7.140396702641015e-08,(1406.8063288498029+0j)
0.05151823122747181,19.341243755427787,0.13067745687647295,(-926063.2472475003+1662646.8266707717j),19.341243755427787,0.13067745687647295,(-926063.2472475003-1662646.8266707717j),19.375097216673176,0.12357624769605027,(1850719.688166151+0j),20.352570912015917,7.140396702641015e-08,(1406.8063288498029+0j)
0.08690814289328826,19.3269392593464,0.13067745687647295,(-926063.2472475003+1662646.8266707717j),19.3269392593464,0.13067745687647295,(-926063.2472475003-1662646.8266707717j),19.35958041512464,0.12357624769605027,(1850719.688166151+0j),20.352568928715957,7.140396702641015e-08,(1406.8063288498029+0j)
0.12229805455910447,19.31289088968587,0.13067745687647295,(-926063.2472475003+1662646.8266707717j),19.31289088968587,0.13067745687647295,(-926063.2472475003-1662646.8266707717j),19.34434075579638,0.12357624769605027,(1850719.688166151+0j),20.35256686913967,7.140396702641015e-08,(1406.8063288498029+0j)
0.15768796622492093,19.29909906313866,0.13067745687647295,(-926063.2472475003+1662646.8266707717j),19.29909906313866,0.13067745687647295,(-926063.2472475003-1662646.8266707717j),19.329378715526733,0.12357624769605027,(1850719.688166151+0j),20.352564728800477,7.140396702641015e-08,(1406.8063288498029+0j)
0.19307787789073738,19.285564197068634,0.13067745687647295,(-926063.2472475003+1662646.8266707717j),19.285564197068634,0.13067745687647295,(-926063.2472475003-1662646.8266707717j),19.31469477196613,0.12357624769605027,(1850719.688166151+0j),20.352562502852898,7.140396702641015e-08,(1406.8063288498029+0j)
0.22846778955655359,19.27228670951227,0.13067745687647295,(-926063.2472475003+1662646.8266707717j),19.27228670951227,0.13067745687647295,(-926063.2472475003-1662646.8266707717j),19.300289403578606,0.12357624769605027,(1850719.688166151+0j),20.35256018605593,7.140396702641015e-08,(1406.8063288498029+0j)
0.26385770122237,19.259267019179838,0.13067745687647295,(-926063.2472475003+1662646.8266707717j),19.259267019179838,0.13067745687647295,(-926063.2472475003-1662646.8266707717j),19.286163089643342,0.12357624769605027,(1850719.688166151+0j),20.35255777273184,7.140396702641015e-08,(1406.8063288498029+0j)
0.29924761288818646,19.246505545456635,0.13067745687647295,(-926063.2472475003+1662646.8266707717j),19.246505545456635,0.13067745687647295,(-926063.2472475003-1662646.8266707717j),19.272316310256222,0.12357624769605027,(1850719.688166151+0j),20.352555256719715,7.140396702641015e-08,(1406.8063288498029+0j)
0.3346375245540027,19.23400270840417,0.13067745687647295,(-926063.2472475003+1662646.8266707717j),19.23400270840417,0.13067745687647295,(-926063.2472475003-1662646.8266707717j),19.258749546331362,0.12357624769605027,(1850719.688166151+0j),20.35255263132296,7.140396702641015e-08,(1406.8063288498029+0j)
0.37002743621981915,19.22175892876137,0.13067745687647295,(-926063.2472475003+1662646.8266707717j),19.22175892876137,0.13067745687647295,(-926063.2472475003-1662646.8266707717j),19.24546327960265,0.12357624769605027,(1850719.688166151+0j),20.35254988924975,7.140396702641015e-08,(1406.8063288498029+0j)
0.4054173478856356,19.209774627945812,0.13067745687647295,(-926063.2472475003+1662646.8266707717j),19.209774627945812,0.13067745687647295,(-926063.2472475003-1662646.8266707717j),19.232457992625307,0.12357624769605027,(1850719.688166151+0j),20.352547022545426,7.140396702641015e-08,(1406.8063288498029+0j)
0.44080725955145184,19.198050228054917,0.13067745687647295,(-926063.2472475003+1662646.8266707717j),19.198050228054917,0.13067745687647295,(-926063.2472475003-1662646.8266707717j),19.21973416877744,0.12357624769605027,(1850719.688166151+0j),20.3525440225154,7.140396702641015e-08,(1406.8063288498029+0j)
0.4761971712172683,19.18658615186719,0.13067745687647295,(-926063.2472475003+1662646.8266707717j),19.18658615186719,0.13067745687647295,(-926063.2472475003-1662646.8266707717j),19.20729229226159,0.12357624769605027,(1850719.688166151+0j),20.35254087963709,7.140396702641015e-08,(1406.8063288498029+0j)
0.5115870828830847,19.175382822843392,0.13067745687647295,(-926063.2472475003+1662646.8266707717j),19.175382822843392,0.13067745687647295,(-926063.2472475003-1662646.8266707717j),19.1951328481063,0.12357624769605027,(1850719.688166151+0j),20.352537583458965,7.140396702641015e-08,(1406.8063288498029+0j)
0.5469769945489009,19.164440665127827,0.13067745687647295,(-926063.2472475003+1662646.8266707717j),19.164440665127827,0.13067745687647295,(-926063.2472475003-1662646.8266707717j),19.183256322167665,0.12357624769605027,(1850719.688166151+0j),20.3525341224844,7.140396702641015e-08,(1406.8063288498029+0j)
0.5823669062147174,19.153760103549505,0.13067745687647295,(-926063.2472475003+1662646.8266707717j),19.153760103549505,0.13067745687647295,(-926063.2472475003-1662646.8266707717j),19.17166320113091,0.12357624769605027,(1850719.688166151+0j),20.352530484037732,7.140396702641015e-08,(1406.8063288498029+0j)
0.6177568178805338,19.14334156362342,0.13067745687647295,(-926063.2472475003+1662646.8266707717j),19.14334156362342,0.13067745687647295,(-926063.2472475003-1662646.8266707717j),19.160353972511963,0.12357624769605027,(1850719.688166151+0j),20.352526654109123,7.140396702641015e-08,(1406.8063288498029+0j)
0.6531467295463502,19.133185471551727,0.13067745687647295,(-926063.2472475003+1662646.8266707717j),19.133185471551727,0.13067745687647295,(-926063.2472475003-1662646.8266707717j),19.149329124659012,0.12357624769605027,(1850719.688166151+0j),20.352522617174277,7.140396702641015e-08,(1406.8063288498029+0j)
0.6885366412121665,19.123292254225014,0.13067745687647295,(-926063.2472475003+1662646.8266707717j),19.123292254225014,0.13067745687647295,(-926063.2472475003-1662646.8266707717j),19.13858914675409,0.12357624769605027,(1850719.688166151+0j),20.352518355984127,7.140396702641015e-08,(1406.8063288498029+0j)
0.7239265528779829,19.113662339223517,0.13067745687647295,(-926063.2472475003+1662646.8266707717j),19.113662339223517,0.13067745687647295,(-926063.2472475003-1662646.8266707717j),19.12813452881466,0.12357624769605027,(1850719.688166151+0j),20.35251385131845,7.140396702641015e-08,(1406.8063288498029+0j)
0.7593164645437994,19.104296154818364,0.13067745687647295,(-926063.2472475003+1662646.8266707717j),19.104296154818364,0.13067745687647295,(-926063.2472475003-1662646.8266707717j),19.117965761695178,0.12357624769605027,(1850719.688166151+0j),20.352509081696027,7.140396702641015e-08,(1406.8063288498029+0j)
0.7947063762096156,19.095194129972807,0.13067745687647295,(-926063.2472475003+1662646.8266707717j),19.095194129972807,0.13067745687647295,(-926063.2472475003-1662646.8266707717j),19.108083337088708,0.12357624769605027,(1850719.688166151+0j),20.352504023032086,7.140396702641015e-08,(1406.8063288498029+0j)
0.830096287875432,19.08635669434346,0.13067745687647295,(-926063.2472475003+1662646.8266707717j),19.08635669434346,0.13067745687647295,(-926063.2472475003-1662646.8266707717j),19.09848774752849,0.12357624769605027,(1850719.688166151+0j),20.352498648231546,7.140396702641015e-08,(1406.8063288498029+0j)
0.8654861995412485,19.07778427828156,0.13067745687647295,(-926063.2472475003+1662646.8266707717j),19.07778427828156,0.13067745687647295,(-926063.2472475003-1662646.8266707717j),19.08917948638954,0.12357624769605027,(1850719.688166151+0j),20.352492926703537,7.140396702641015e-08,(1406.8063288498029+0j)
0.9008761112070647,19.069477312834195,0.13067745687647295,(-926063.2472475003+1662646.8266707717j),19.069477312834195,0.13067745687647295,(-926063.2472475003-1662646.8266707717j),19.080159047890245,0.12357624769605027,(1850719.688166151+0j),20.3524868237788,7.140396702641015e-08,(1406.8063288498029+0j)
0.9362660228728812,19.061436229745553,0.13067745687647295,(-926063.2472475003+1662646.8266707717j),19.061436229745553,0.13067745687647295,(-926063.2472475003-1662646.8266707717j),19.071426927093956,0.12357624769605027,(1850719.688166151+0j),20.352480300006626,7.140396702641015e-08,(1406.8063288498029+0j)
0.9716559345386976,19.053661461458187,0.13067745687647295,(-926063.2472475003+1662646.8266707717j),19.053661461458187,0.13067745687647295,(-926063.2472475003-1662646.8266707717j),19.06298361991061,0.12357624769605027,(1850719.688166151+0j),20.352473310301086,7.140396702641015e-08,(1406.8063288498029+0j)
1.0070458462045138,19.046153441114267,0.13067745687647295,(-926063.2472475003+1662646.8266707717j),19.046153441114267,0.13067745687647295,(-926063.2472475003-1662646.8266707717j),19.05482962309832,0.12357624769605027,(1850719.688166151+0j),20.352465802897616,7.140396702641015e-08,(1406.8063288498029+0j)
1.0424357578703303,19.038912602556813,0.13067745687647295,(-926063.2472475003+1662646.8266707717j),19.038912602556813,0.13067745687647295,(-926063.2472475003-1662646.8266707717j),19.046965434264987,0.12357624769605027,(1850719.688166151+0j),20.352457718068784,7.140396702641015e-08,(1406.8063288498029+0j)
1.0778256695361468,19.031939380330982,0.13067745687647295,(-926063.2472475003+1662646.8266707717j),19.031939380330982,0.13067745687647295,(-926063.2472475003-1662646.8266707717j),19.039391551869922,0.12357624769605027,(1850719.688166151+0j),20.352448986531936,7.140396702641015e-08,(1406.8063288498029+0j)
1.113215581201963,19.025234209685316,0.13067745687647295,(-926063.2472475003+1662646.8266707717j),19.025234209685316,0.13067745687647295,(-926063.2472475003-1662646.8266707717j),19.03210847522545,0.12357624769605027,(1850719.688166151+0j),20.35243952745877,7.140396702641015e-08,(1406.8063288498029+0j)
1.1486054928677794,19.01879752657301,0.13067745687647295,(-926063.2472475003+1662646.8266707717j),19.01879752657301,0.13067745687647295,(-926063.2472475003-1662646.8266707717j),19.02511670449854,0.12357624769605027,(1850719.688166151+0j),20.352429245965723,7.140396702641015e-08,(1406.8063288498029+0j)
1.1839954045335959,19.012629767653173,0.13067745687647295,(-926063.2472475003+1662646.8266707717j),19.012629767653173,0.13067745687647295,(-926063.2472475003-1662646.8266707717j),19.018416740712432,0.12357624769605027,(1850719.688166151+0j),20.35241802992006,7.140396702641015e-08,(1406.8063288498029+0j)
1.2193853161994122,19.006731370292094,0.13067745687647295,(-926063.2472475003+1662646.8266707717j),19.006731370292094,0.13067745687647295,(-926063.2472475003-1662646.8266707717j),19.012009085748254,0.12357624769605027,(1850719.688166151+0j),20.352405745833497,7.140396702641015e-08,(1406.8063288498029+0j)
1.2547752278652284,19.001102772564536,0.13067745687647295,(-926063.2472475003+1662646.8266707717j),19.001102772564536,0.13067745687647295,(-926063.2472475003-1662646.8266707717j),19.005894242346645,0.12357624769605027,(1850719.688166151+0j),20.35239223352415,7.140396702641015e-08,(1406.8063288498029+0j)
1.290165139531045,18.99574441325498,0.13067745687647295,(-926063.2472475003+1662646.8266707717j),18.99574441325498,0.13067745687647295,(-926063.2472475003-1662646.8266707717j),19.000072714109425,0.12357624769605027,(1850719.688166151+0j),20.352377299092982,7.140396702641015e-08,(1406.8063288498029+0j)
1.3255550511968615,18.99065673185892,0.13067745687647295,(-926063.2472475003+1662646.8266707717j),18.99065673185892,0.13067745687647295,(-926063.2472475003-1662646.8266707717j),18.994545005501188,0.12357624769605027,(1850719.688166151+0j),20.352360705559548,7.140396702641015e-08,(1406.8063288498029+0j)
1.3609449628626777,18.98584016858413,0.13067745687647295,(-926063.2472475003+1662646.8266707717j),18.98584016858413,0.13067745687647295,(-926063.2472475003-1662646.8266707717j),18.989311621850973,0.12357624769605027,(1850719.688166151+0j),20.352342160193206,7.140396702641015e-08,(1406.8063288498029+0j)
1.396334874528494,18.981295164351973,0.13067745687647295,(-926063.2472475003+1662646.8266707717j),18.981295164351973,0.13067745687647295,(-926063.2472475003-1662646.8266707717j),18.984373069353907,0.12357624769605027,(1850719.688166151+0j),20.352321297094505,7.140396702641015e-08,(1406.8063288498029+0j)
1.4317247861943103,18.97702216079865,0.13067745687647295,(-926063.2472475003+1662646.8266707717j),18.97702216079865,0.13067745687647295,(-926063.2472475003-1662646.8266707717j),18.979729855072833,0.12357624769605027,(1850719.688166151+0j),20.35229765281049,7.140396702641015e-08,(1406.8063288498029+0j)
1.4671146978601268,18.973021600276496,0.13067745687647295,(-926063.2472475003+1662646.8266707717j),18.973021600276496,0.13067745687647295,(-926063.2472475003-1662646.8266707717j),18.975382486939978,0.12357624769605027,(1850719.688166151+0j),20.352270631501693,7.140396702641015e-08,(1406.8063288498029+0j)
1.5025046095259431,18.969293925855297,0.13067745687647295,(-926063.2472475003+1662646.8266707717j),18.969293925855297,0.13067745687647295,(-926063.2472475003-1662646.8266707717j),18.971331473758607,0.12357624769605027,(1850719.688166151+0j),20.352239454036102,7.140396702641015e-08,(1406.8063288498029+0j)
1.5378945211917596,18.96583958132355,0.13067745687647295,(-926063.2472475003+1662646.8266707717j),18.96583958132355,0.13067745687647295,(-926063.2472475003-1662646.8266707717j),18.967577325204687,0.12357624769605027,(1850719.688166151+0j),20.352203081636535,7.140396702641015e-08,(1406.8063288498029+0j)
1.5732844328575761,18.962659011189768,0.13067745687647295,(-926063.2472475003+1662646.8266707717j),18.962659011189768,0.13067745687647295,(-926063.2472475003-1662646.8266707717j),18.96412055182853,0.12357624769605027,(1850719.688166151+0j),20.352160097892565,7.140396702641015e-08,(1406.8063288498029+0j)
1.6086743445233922,18.959752660683783,0.13067745687647295,(-926063.2472475003+1662646.8266707717j),18.959752660683783,0.13067745687647295,(-926063.2472475003-1662646.8266707717j),18.960961665056473,0.12357624769605027,(1850719.688166151+0j),20.352108520001014,7.140396702641015e-08,(1406.8063288498029+0j)
1.6440642561892087,18.957120975758038,0.13067745687647295,(-926063.2472475003+1662646.8266707717j),18.957120975758038,0.13067745687647295,(-926063.2472475003-1662646.8266707717j),18.95810117719256,0.12357624769605027,(1850719.688166151+0j),20.352045484209157,7.140396702641015e-08,(1406.8063288498029+0j)
1.679454167855025,18.954764403088895,0.13067745687647295,(-926063.2472475003+1662646.8266707717j),18.954764403088895,0.13067745687647295,(-926063.2472475003-1662646.8266707717j),18.955539601420178,0.12357624769605027,(1850719.688166151+0j),20.351966695429475,7.140396702641015e-08,(1406.8063288498029+0j)
1.7148440795208413,18.95268339007795,0.13067745687647295,(-926063.2472475003+1662646.8266707717j),18.95268339007795,0.13067745687647295,(-926063.2472475003-1662646.8266707717j),18.95327745180378,0.12357624769605027,(1850719.688166151+0j),20.351865405299588,7.140396702641015e-08,(1406.8063288498029+0j)
1.7502339911866578,18.95087838485331,0.13067745687647295,(-926063.2472475003+1662646.8266707717j),18.95087838485331,0.13067745687647295,(-926063.2472475003-1662646.8266707717j),18.95131524329052,0.12357624769605027,(1850719.688166151+0j),20.35173036881753,7.140396702641015e-08,(1406.8063288498029+0j)
1.7856239028524743,18.949349836270947,0.13067745687647295,(-926063.2472475003+1662646.8266707717j),18.949349836270947,0.13067745687647295,(-926063.2472475003-1662646.8266707717j),18.949653491711977,0.12357624769605027,(1850719.688166151+0j),20.35154135042301,7.140396702641015e-08,(1406.8063288498029+0j)
1.8210138145182906,18.948098193915964,0.13067745687647295,(-926063.2472475003+1662646.8266707717j),18.948098193915964,0.13067745687647295,(-926063.2472475003-1662646.8266707717j),18.94829271378582,0.12357624769605027,(1850719.688166151+0j),20.351257894298914,7.140396702641015e-08,(1406.8063288498029+0j)
1.8564037261841069,18.947123908103958,0.13067745687647295,(-926063.2472475003+1662646.8266707717j),18.947123908103958,0.13067745687647295,(-926063.2472475003-1662646.8266707717j),18.94723342711749,0.12357624769605027,(1850719.688166151+0j),20.350785657920532,7.140396702641015e-08,(1406.8063288498029+0j)
1.8917936378499234,18.946427429882295,0.13067745687647295,(-926063.2472475003+1662646.8266707717j),18.946427429882295,0.13067745687647295,(-926063.2472475003-1662646.8266707717j),18.946476150201924,0.12357624769605027,(1850719.688166151+0j),20.349841898944586,7.140396702641015e-08,(1406.8063288498029+0j)
1.9271835495157397,18.946009211031473,0.13067745687647295,(-926063.2472475003+1662646.8266707717j),18.946009211031473,0.13067745687647295,(-926063.2472475003-1662646.8266707717j),18.946021402425234,0.12357624769605027,(1850719.688166151+0j),20.34701632076892,7.140396702641015e-08,(1406.8063288498029+0j)
1.962573461181556,18.94586970406641,0.13067745687647295,(-926063.2472475003+1662646.8266707717j),18.94586970406641,0.13067745687647295,(-926063.2472475003-1662646.8266707717j),18.94586970406641,0.12357624769605027,(1850719.688166151+0j),18.94586970406641,7.140396702641015e-08,(1406.8063288498029+0j)
1.962573461181556,18.94586970406641,0.04162639814802599,(-1455124.1093851877+2666961.9816719783j),18.94586970406641,0.04162639814802599,(-1455124.1093851877-2666961.9816719783j),18.94586970406641,0.038048931470938685,(2904620.30512085+0j),18.94586970406641,1.4284287332786628e-07,(5627.913649524807+0j)
1.980268417014464,18.945321181244157,0.04162639814802599,(-1455124.1093851877+2666961.9816719783j),18.945321181244157,0.04162639814802599,(-1455124.1093851877-2666961.9816719783j),18.945242080048587,0.038048931470938685,(2904620.30512085+0j),13.407730423528038,1.4284287332786628e-07,(5627.913649524807+0j)
1.9979633728473725,18.943677476168542,0.04162639814802599,(-1455124.1093851877+2666961.9816719783j),18.943677476168542,0.04162639814802599,(-1455124.1093851877-2666961.9816719783j),18.943361540335317,0.038048931470938685,(2904620.30512085+0j),13.363113909573261,1.4284287332786628e-07,(5627.913649524807+0j)
2.0156583286802805,18.9409413785875,0.04162639814802599,(-1455124.1093851877+2666961.9816719783j),18.9409413785875,0.04162639814802599,(-1455124.1093851877-2666961.9816719783j),18.940231576127278,0.038048931470938685,(2904620.30512085+0j),13.348121870826478,1.4284287332786628e-07,(5627.913649524807+0j)
2.033353284513189,18.937115671146685,0.04162639814802599,(-1455124.1093851877+2666961.9816719783j),18.937115671146685,0.04162639814802599,(-1455124.1093851877-2666961.9816719783j),18.935855668903056,0.038048931470938685,(2904620.30512085+0j),13.340603195113172,1.4284287332786628e-07,(5627.913649524807+0j)
2.051048240346097,18.932203129409558,0.04162639814802599,(-1455124.1093851877+2666961.9816719783j),18.932203129409558,0.04162639814802599,(-1455124.1093851877-2666961.9816719783j),18.93023729044925,0.038048931470938685,(2904620.30512085+0j),13.336084716276169,1.4284287332786628e-07,(5627.913649524807+0j)
2.068743196179005,18.9262065218774,0.04162639814802599,(-1455124.1093851877+2666961.9816719783j),18.9262065218774,0.04162639814802599,(-1455124.1093851877-2666961.9816719783j),18.9233799028904,0.038048931470938685,(2904620.30512085+0j),13.33306936103413,1.4284287332786628e-07,(5627.913649524807+0j)
2.0864381520119135,18.919128610009263,0.04162639814802599,(-1455124.1093851877+2666961.9816719783j),18.919128610009263,0.04162639814802599,(-1455124.1093851877-2666961.9816719783j),18.915286958718873,0.038048931470938685,(2904620.30512085+0j),13.330914047119224,1.4284287332786628e-07,(5627.913649524807+0j)
2.1041331078448215,18.910972148241868,0.04162639814802599,(-1455124.1093851877+2666961.9816719783j),18.910972148241868,0.04162639814802599,(-1455124.1093851877-2666961.9816719783j),18.9059619008246,0.038048931470938685,(2904620.30512085+0j),13.329296746870623,1.4284287332786628e-07,(5627.913649524807+0j)
2.12182806367773,18.90173988400942,0.04162639814802599,(-1455124.1093851877+2666961.9816719783j),18.90173988400942,0.04162639814802599,(-1455124.1093851877-2666961.9816719783j),18.895408162524735,0.038048931470938685,(2904620.30512085+0j),13.328038363536972,1.4284287332786628e-07,(5627.913649524807+0j)
2.139523019510638,18.891434557763393,0.04162639814802599,(-1455124.1093851877+2666961.9816719783j),18.891434557763393,0.04162639814802599,(-1455124.1093851877-2666961.9816719783j),18.883629167593188,0.038048931470938685,(2904620.30512085+0j),13.327031352351367,1.4284287332786628e-07,(5627.913649524807+0j)
2.157217975343546,18.880058902992207,0.04162639814802599,(-1455124.1093851877+2666961.9816719783j),18.880058902992207,0.04162639814802599,(-1455124.1093851877-2666961.9816719783j),18.8706283302901,0.038048931470938685,(2904620.30512085+0j),13.326207232700108,1.4284287332786628e-07,(5627.913649524807+0j)
2.174912931176454,18.867615646240885,0.04162639814802599,(-1455124.1093851877+2666961.9816719783j),18.867615646240885,0.04162639814802599,(-1455124.1093851877-2666961.9816719783j),18.856409055391147,0.038048931470938685,(2904620.30512085+0j),13.325520327814345,1.4284287332786628e-07,(5627.913649524807+0j)
2.192607887009362,18.854107507130617,0.04162639814802599,(-1455124.1093851877+2666961.9816719783j),18.854107507130617,0.04162639814802599,(-1455124.1093851877-2666961.9816719783j),18.840974738216822,0.038048931470938685,(2904620.30512085+0j),13.32493900222881,1.4284287332786628e-07,(5627.913649524807+0j)
2.2103028428422706,18.839537198378288,0.04162639814802599,(-1455124.1093851877+2666961.9816719783j),18.839537198378288,0.04162639814802599,(-1455124.1093851877-2666961.9816719783j),18.82432876466153,0.038048931470938685,(2904620.30512085+0j),13.324440651367215,1.4284287332786628e-07,(5627.913649524807+0j)
2.2279977986751787,18.823907425815918,0.04162639814802599,(-1455124.1093851877+2666961.9816719783j),18.823907425815918,0.04162639814802599,(-1455124.1093851877-2666961.9816719783j),18.806474511222678,0.038048931470938685,(2904620.30512085+0j),13.324008693675644,1.4284287332786628e-07,(5627.913649524807+0j)
2.245692754508087,18.807220888410054,0.04162639814802599,(-1455124.1093851877+2666961.9816719783j),18.807220888410054,0.04162639814802599,(-1455124.1093851877-2666961.9816719783j),18.787415345029565,0.038048931470938685,(2904620.30512085+0j),13.323630689852278,1.4284287332786628e-07,(5627.913649524807+0j)
2.263387710340995,18.78948027828112,0.04162639814802599,(-1455124.1093851877+2666961.9816719783j),18.78948027828112,0.04162639814802599,(-1455124.1093851877-2666961.9816719783j),18.767154623872255,0.038048931470938685,(2904620.30512085+0j),13.32329712540562,1.4284287332786628e-07,(5627.913649524807+0j)
2.2810826661739037,18.77068828072265,0.04162639814802599,(-1455124.1093851877+2666961.9816719783j),18.77068828072265,0.04162639814802599,(-1455124.1093851877-2666961.9816719783j),18.745695696230296,0.038048931470938685,(2904620.30512085+0j),13.323000598753632,1.4284287332786628e-07,(5627.913649524807+0j)
2.2987776220068117,18.75084757422053,0.04162639814802599,(-1455124.1093851877+2666961.9816719783j),18.75084757422053,0.04162639814802599,(-1455124.1093851877-2666961.9816719783j),18.723041901301375,0.038048931470938685,(2904620.30512085+0j),13.322735265549252,1.4284287332786628e-07,(5627.913649524807+0j)
2.3164725778397197,18.72996083047213,0.04162639814802599,(-1455124.1093851877+2666961.9816719783j),18.72996083047213,0.04162639814802599,(-1455124.1093851877-2666961.9816719783j),18.699196569029837,0.038048931470938685,(2904620.30512085+0j),13.322496449607309,1.4284287332786628e-07,(5627.913649524807+0j)
2.334167533672628,18.708030714405382,0.04162639814802599,(-1455124.1093851877+2666961.9816719783j),18.708030714405382,0.04162639814802599,(-1455124.1093851877-2666961.9816719783j),18.674163020135143,0.038048931470938685,(2904620.30512085+0j),13.322280364931096,1.4284287332786628e-07,(5627.913649524807+0j)
2.3518624895055362,18.685059884197816,0.04162639814802599,(-1455124.1093851877+2666961.9816719783j),18.685059884197816,0.04162639814802599,(-1455124.1093851877-2666961.9816719783j),18.647944566140215,0.038048931470938685,(2904620.30512085+0j),13.322083913508155,1.4284287332786628e-07,(5627.913649524807+0j)
2.3695574453384447,18.66105099129554,0.04162639814802599,(-1455124.1093851877+2666961.9816719783j),18.66105099129554,0.04162639814802599,(-1455124.1093851877-2666961.9816719783j),18.62054450939966,0.038048931470938685,(2904620.30512085+0j),13.321904535827198,1.4284287332786628e-07,(5627.913649524807+0j)
2.3872524011713523,18.63600668043211,0.04162639814802599,(-1455124.1093851877+2666961.9816719783j),18.63600668043211,0.04162639814802599,(-1455124.1093851877-2666961.9816719783j),18.591966143127944,0.038048931470938685,(2904620.30512085+0j),13.32174009874698,1.4284287332786628e-07,(5627.913649524807+0j)
2.4049473570042603,18.609929589647408,0.04162639814802599,(-1455124.1093851877+2666961.9816719783j),18.609929589647408,0.04162639814802599,(-1455124.1093851877-2666961.9816719783j),18.562212751427428,0.038048931470938685,(2904620.30512085+0j),13.321588810263568,1.4284287332786628e-07,(5627.913649524807+0j)
2.422642312837169,18.58282235030642,0.04162639814802599,(-1455124.1093851877+2666961.9816719783j),18.58282235030642,0.04162639814802599,(-1455124.1093851877-2666961.9816719783j),18.53128760931633,0.038048931470938685,(2904620.30512085+0j),13.321449153937573,1.4284287332786628e-07,(5627.913649524807+0j)
2.440337268670077,18.55468758711795,0.04162639814802599,(-1455124.1093851877+2666961.9816719783j),18.55468758711795,0.04162639814802599,(-1455124.1093851877-2666961.9816719783j),18.499193982756562,0.038048931470938685,(2904620.30512085+0j),13.32131983788656,1.4284287332786628e-07,(5627.913649524807+0j)
2.4580322245029853,18.525527918153315,0.04162639814802599,(-1455124.1093851877+2666961.9816719783j),18.525527918153315,0.04162639814802599,(-1455124.1093851877-2666961.9816719783j),18.465935128681522,0.038048931470938685,(2904620.30512085+0j),13.32119975470292,1.4284287332786628e-07,(5627.913649524807+0j)
2.4757271803358933,18.495345954864934,0.04162639814802599,(-1455124.1093851877+2666961.9816719783j),18.495345954864934,0.04162639814802599,(-1455124.1093851877-2666961.9816719783j),18.431514295023742,0.038048931470938685,(2904620.30512085+0j),13.321087949661162,1.4284287332786628e-07,(5627.913649524807+0j)
2.4934221361688014,18.464144302104884,0.04162639814802599,(-1455124.1093851877+2666961.9816719783j),18.464144302104884,0.04162639814802599,(-1455124.1093851877-2666961.9816719783j),18.395934720742456,0.038048931470938685,(2904620.30512085+0j),13.32098359528116,1.4284287332786628e-07,(5627.913649524807+0j)
2.51111709200171,18.43192555814339,0.04162639814802599,(-1455124.1093851877+2666961.9816719783j),18.43192555814339,0.04162639814802599,(-1455124.1093851877-2666961.9816719783j),18.359199635851095,0.038048931470938685,(2904620.30512085+0j),13.320885970812705,1.4284287332786628e-07,(5627.913649524807+0j)
2.528812047834618,18.398692314687267,0.04162639814802599,(-1455124.1093851877+2666961.9816719783j),18.398692314687267,0.04162639814802599,(-1455124.1093851877-2666961.9816719783j),18.321312261444636,0.038048931470938685,(2904620.30512085+0j),13.320794445565285,1.4284287332786628e-07,(5627.913649524807+0j)
2.5465070036675264,18.364447156898304,0.04162639814802599,(-1455124.1093851877+2666961.9816719783j),18.364447156898304,0.04162639814802599,(-1455124.1093851877-2666961.9816719783j),18.282275809726926,0.038048931470938685,(2904620.30512085+0j),13.320708465267678,1.4284287332786628e-07,(5627.913649524807+0j)
2.5642019595004344,18.32919266341155,0.04162639814802599,(-1455124.1093851877+2666961.9816719783j),18.32919266341155,0.04162639814802599,(-1455124.1093851877-2666961.9816719783j),18.242093484037838,0.038048931470938685,(2904620.30512085+0j),13.320627540833819,1.4284287332786628e-07,(5627.913649524807+0j)
2.5818969153333424,18.29293140635361,0.04162639814802599,(-1455124.1093851877+2666961.9816719783j),18.29293140635361,0.04162639814802599,(-1455124.1093851877-2666961.9816719783j),18.200768478880413,0.038048931470938685,(2904620.30512085+0j),13.320551239053854,1.4284287332786628e-07,(5627.913649524807+0j)
2.599591871166251,18.25566595136084,0.04162639814802599,(-1455124.1093851877+2666961.9816719783j),18.25566595136084,0.04162639814802599,(-1455124.1093851877-2666961.9816719783j),18.158303979947828,0.038048931470938685,(2904620.30512085+0j),13.320479174836175,1.4284287332786628e-07,(5627.913649524807+0j)
2.617286826999159,18.21739885759747,0.04162639814802599,(-1455124.1093851877+2666961.9816719783j),18.21739885759747,0.04162639814802599,(-1455124.1093851877-2666961.9816719783j),18.11470316415033,0.038048931470938685,(2904620.30512085+0j),13.320411004707077,1.4284287332786628e-07,(5627.913649524807+0j)
2.634981782832067,18.17813267777373,0.04162639814802599,(-1455124.1093851877+2666961.9816719783j),18.17813267777373,0.04162639814802599,(-1455124.1093851877-2666961.9816719783j),18.069969199642056,0.038048931470938685,(2904620.30512085+0j),13.320346421336456,1.4284287332786628e-07,(5627.913649524807+0j)
2.652676738664975,18.13786995816385,0.04162639814802599,(-1455124.1093851877+2666961.9816719783j),18.13786995816385,0.04162639814802599,(-1455124.1093851877-2666961.9816719783j),18.024105245847753,0.038048931470938685,(2904620.30512085+0j),13.320285148905464,1.4284287332786628e-07,(5627.913649524807+0j)
2.670371694497883,18.09661323862407,0.04162639814802599,(-1455124.1093851877+2666961.9816719783j),18.09661323862407,0.04162639814802599,(-1455124.1093851877-2666961.9816719783j),17.977114453489442,0.038048931470938685,(2904620.30512085+0j),13.320226939168789,1.4284287332786628e-07,(5627.913649524807+0j)
2.6880666503307915,18.054365052610514,0.04162639814802599,(-1455124.1093851877+2666961.9816719783j),18.054365052610514,0.04162639814802599,(-1455124.1093851877-2666961.9816719783j),17.92899996461292,0.038048931470938685,(2904620.30512085+0j),13.320171568093022,1.4284287332786628e-07,(5627.913649524807+0j)
2.7057616061637,18.01112792719711,0.04162639814802599,(-1455124.1093851877+2666961.9816719783j),18.01112792719711,0.04162639814802599,(-1455124.1093851877-2666961.9816719783j),17.879764912614263,0.038048931470938685,(2904620.30512085+0j),13.320118832975114,1.4284287332786628e-07,(5627.913649524807+0j)
2.723456561996608,17.966904383093333,0.04162639814802599,(-1455124.1093851877+2666961.9816719783j),17.966904383093333,0.04162639814802599,(-1455124.1093851877-2666961.9816719783j),17.82941242226617,0.038048931470938685,(2904620.30512085+0j),13.320068549962809,1.4284287332786628e-07,(5627.913649524807+0j)
2.741151517829516,17.921696934662023,0.04162639814802599,(-1455124.1093851877+2666961.9816719783j),17.921696934662023,0.04162639814802599,(-1455124.1093851877-2666961.9816719783j),17.777945609744222,0.038048931470938685,(2904620.30512085+0j),13.320020551913094,1.4284287332786628e-07,(5627.913649524807+0j)
2.7588464736624245,17.87550808993703,0.04162639814802599,(-1455124.1093851877+2666961.9816719783j),17.87550808993703,0.04162639814802599,(-1455124.1093851877-2666961.9816719783j),17.725367582653096,0.038048931470938685,(2904620.30512085+0j),13.319974686536112,1.4284287332786628e-07,(5627.913649524807+0j)
2.7765414294953326,17.82834035064087,0.04162639814802599,(-1455124.1093851877+2666961.9816719783j),17.82834035064087,0.04162639814802599,(-1455124.1093851877-2666961.9816719783j),17.671681440052648,0.038048931470938685,(2904620.30512085+0j),13.319930814781117,1.4284287332786628e-07,(5627.913649524807+0j)
2.794236385328241,17.780196212202334,0.04162639814802599,(-1455124.1093851877+2666961.9816719783j),17.780196212202334,0.04162639814802599,(-1455124.1093851877-2666961.9816719783j),17.616890272483918,0.038048931470938685,(2904620.30512085+0j),13.319888809428427,1.4284287332786628e-07,(5627.913649524807+0j)
2.811931341161149,17.731078163773972,0.04162639814802599,(-1455124.1093851877+2666961.9816719783j),17.731078163773972,0.04162639814802599,(-1455124.1093851877-2666961.9816719783j),17.56099716199504,0.038048931470938685,(2904620.30512085+0j),13.319848553857314,1.4284287332786628e-07,(5627.913649524807+0j)
2.829626296994057,17.680988688249613,0.04162639814802599,(-1455124.1093851877+2666961.9816719783j),17.680988688249613,0.04162639814802599,(-1455124.1093851877-2666961.9816719783j),17.50400518216709,0.038048931470938685,(2904620.30512085+0j),13.319809940964767,1.4284287332786628e-07,(5627.913649524807+0j)
2.8473212528269656,17.62993026228176,0.04162639814802599,(-1455124.1093851877+2666961.9816719783j),17.62993026228176,0.04162639814802599,(-1455124.1093851877-2666961.9816719783j),17.445917398139816,0.038048931470938685,(2904620.30512085+0j),13.31977287221394,1.4284287332786628e-07,(5627.913649524807+0j)
2.8650162086598736,17.577905356298967,0.04162639814802599,(-1455124.1093851877+2666961.9816719783j),17.577905356298967,0.04162639814802599,(-1455124.1093851877-2666961.9816719783j),17.38673686663728,0.038048931470938685,(2904620.30512085+0j),13.319737256794523,1.4284287332786628e-07,(5627.913649524807+0j)
2.8827111644927816,17.52491643452314,0.04162639814802599,(-1455124.1093851877+2666961.9816719783j),17.52491643452314,0.04162639814802599,(-1455124.1093851877-2666961.9816719783j),17.32646663599344,0.038048931470938685,(2904620.30512085+0j),13.319703010880007,1.4284287332786628e-07,(5627.913649524807+0j)
2.9004061203256897,17.470965954986813,0.04162639814802599,(-1455124.1093851877+2666961.9816719783j),17.470965954986813,0.04162639814802599,(-1455124.1093851877-2666961.9816719783j),17.265109746177625,0.038048931470938685,(2904620.30512085+0j),13.319670056968942,1.4284287332786628e-07,(5627.913649524807+0j)
2.9181010761585977,17.416056369550333,0.04162639814802599,(-1455124.1093851877+2666961.9816719783j),17.416056369550333,0.04162639814802599,(-1455124.1093851877-2666961.9816719783j),17.20266922881992,0.038048931470938685,(2904620.30512085+0j),13.31963832329946,1.4284287332786628e-07,(5627.913649524807+0j)
2.935796031991506,17.36019012391902,0.04162639814802599,(-1455124.1093851877+2666961.9816719783j),17.36019012391902,0.04162639814802599,(-1455124.1093851877-2666961.9816719783j),17.139148107236473,0.038048931470938685,(2904620.30512085+0j),13.319607743327579,1.4284287332786628e-07,(5627.913649524807+0j)
2.953490987824414,17.30336965766027,0.04162639814802599,(-1455124.1093851877+2666961.9816719783j),17.30336965766027,0.04162639814802599,(-1455124.1093851877-2666961.9816719783j),17.074549396454714,0.038048931470938685,(2904620.30512085+0j),13.319578255261433,1.4284287332786628e-07,(5627.913649524807+0j)
2.9711859436573227,17.245597404220586,0.04162639814802599,(-1455124.1093851877+2666961.9816719783j),17.245597404220586,0.04162639814802599,(-1455124.1093851877-2666961.9816719783j),17.008876103238485,0.038048931470938685,(2904620.30512085+0j),13.319549801644506,1.4284287332786628e-07,(5627.913649524807+0j)
2.9888808994902307,17.186875790942572,0.04162639814802599,(-1455124.1093851877+2666961.9816719783j),17.186875790942572,0.04162639814802599,(-1455124.1093851877-2666961.9816719783j),16.94213122611309,0.038048931470938685,(2904620.30512085+0j),13.319522328981972,1.4284287332786628e-07,(5627.913649524807+0j)
3.0065758553231388,17.12720723908188,0.04162639814802599,(-1455124.1093851877+2666961.9816719783j),17.12720723908188,0.04162639814802599,(-1455124.1093851877-2666961.9816719783j),16.87431775539027,0.038048931470938685,(2904620.30512085+0j),13.31949578740503,1.4284287332786628e-07,(5627.913649524807+0j)
3.0242708111560472,17.06659416382408,0.04162639814802599,(-1455124.1093851877+2666961.9816719783j),17.06659416382408,0.04162639814802599,(-1455124.1093851877-2666961.9816719783j),16.805438673193034,0.038048931470938685,(2904620.30512085+0j),13.3194701303688,1.4284287332786628e-07,(5627.913649524807+0j)
3.0419657669889557,17.0050389743015,0.04162639814802599,(-1455124.1093851877+2666961.9816719783j),17.0050389743015,0.04162639814802599,(-1455124.1093851877-2666961.9816719783j),16.73549695348052,0.038048931470938685,(2904620.30512085+0j),13.319445314379905,1.4284287332786628e-07,(5627.913649524807+0j)
3.0596607228218637,16.942544073610012,0.04162639814802599,(-1455124.1093851877+2666961.9816719783j),16.942544073610012,0.04162639814802599,(-1455124.1093851877-2666961.9816719783j),16.66449556207265,0.038048931470938685,(2904620.30512085+0j),13.31942129875046,1.4284287332786628e-07,(5627.913649524807+0j)
3.0773556786547718,16.87911185882575,0.04162639814802599,(-1455124.1093851877+2666961.9816719783j),16.87911185882575,0.04162639814802599,(-1455124.1093851877-2666961.9816719783j),16.59243745667475,0.038048931470938685,(2904620.30512085+0j),13.319398045375431,1.4284287332786628e-07,(5627.913649524807+0j)
3.09505063448768,16.81474472102178,0.04162639814802599,(-1455124.1093851877+2666961.9816719783j),16.81474472102178,0.04162639814802599,(-1455124.1093851877-2666961.9816719783j),16.51932558690215,0.038048931470938685,(2904620.30512085+0j),13.319375518530906,1.4284287332786628e-07,(5627.913649524807+0j)
3.1127455903205883,16.74944504528474,0.04162639814802599,(-1455124.1093851877+2666961.9816719783j),16.74944504528474,0.04162639814802599,(-1455124.1093851877-2666961.9816719783j),16.445162894304573,0.038048931470938685,(2904620.30512085+0j),13.31935368469095,1.4284287332786628e-07,(5627.913649524807+0j)
3.1304405461534963,16.683215210731408,0.04162639814802599,(-1455124.1093851877+2666961.9816719783j),16.683215210731408,0.04162639814802599,(-1455124.1093851877-2666961.9816719783j),16.369952312390545,0.038048931470938685,(2904620.30512085+0j),13.319332512361136,1.4284287332786628e-07,(5627.913649524807+0j)
3.1481355019864043,16.6160575905252,0.04162639814802599,(-1455124.1093851877+2666961.9816719783j),16.6160575905252,0.04162639814802599,(-1455124.1093851877-2666961.9816719783j),16.29369676665169,0.038048931470938685,(2904620.30512085+0j),13.319311971926957,1.4284287332786628e-07,(5627.913649524807+0j)
3.1658304578193124,16.547974551892683,0.04162639814802599,(-1455124.1093851877+2666961.9816719783j),16.547974551892683,0.04162639814802599,(-1455124.1093851877-2666961.9816719783j),16.21639917458691,0.038048931470938685,(2904620.30512085+0j),13.319292035515632,1.4284287332786628e-07,(5627.913649524807+0j)
3.1835254136522204,16.478968456139945,0.04162639814802599,(-1455124.1093851877+2666961.9816719783j),16.478968456139945,0.04162639814802599,(-1455124.1093851877-2666961.9816719783j),16.138062445726547,0.038048931470938685,(2904620.30512085+0j),13.319272676869906,1.4284287332786628e-07,(5627.913649524807+0j)
3.201220369485129,16.409041658668997,0.04162639814802599,(-1455124.1093851877+2666961.9816719783j),16.409041658668997,0.04162639814802599,(-1455124.1093851877-2666961.9816719783j),16.05868948165641,0.038048931470938685,(2904620.30512085+0j),13.319253871232673,1.4284287332786628e-07,(5627.913649524807+0j)
3.2189153253180374,16.33819650899407,0.04162639814802599,(-1455124.1093851877+2666961.9816719783j),16.33819650899407,0.04162639814802599,(-1455124.1093851877-2666961.9816719783j),15.978283176041726,0.038048931470938685,(2904620.30512085+0j),13.319235595241368,1.4284287332786628e-07,(5627.913649524807+0j)
3.2366102811509454,16.26643535075789,0.04162639814802599,(-1455124.1093851877+2666961.9816719783j),16.26643535075789,0.04162639814802599,(-1455124.1093851877-2666961.9816719783j),15.896846414651058,0.038048931470938685,(2904620.30512085+0j),13.319217826831117,1.4284287332786628e-07,(5627.913649524807+0j)
3.2543052369838534,16.1937605217479,0.04162639814802599,(-1455124.1093851877+2666961.9816719783j),16.1937605217479,0.04162639814802599,(-1455124.1093851877-2666961.9816719783j),15.814382075380076,0.038048931470938685,(2904620.30512085+0j),13.319200545145891,1.4284287332786628e-07,(5627.913649524807+0j)
3.2720001928167615,16.120174353912393,0.04162639814802599,(-1455124.1093851877+2666961.9816719783j),16.120174353912393,0.04162639814802599,(-1455124.1093851877-2666961.9816719783j),15.730893028275293,0.038048931470938685,(2904620.30512085+0j),13.319183730456817,1.4284287332786628e-07,(5627.913649524807+0j)
3.28969514864967,16.04567917337667,0.04162639814802599,(-1455124.1093851877+2666961.9816719783j),16.04567917337667,0.04162639814802599,(-1455124.1093851877-2666961.9816719783j),15.6463821355577,0.038048931470938685,(2904620.30512085+0j),13.319167364087066,1.4284287332786628e-07,(5627.913649524807+0j)
3.3073901044825784,15.970277300459072,0.04162639814802599,(-1455124.1093851877+2666961.9816719783j),15.970277300459072,0.04162639814802599,(-1455124.1093851877-2666961.9816719783j),15.560852251646333,0.038048931470938685,(2904620.30512085+0j),13.319151428342645,1.4284287332786628e-07,(5627.913649524807+0j)
3.3250850603154865,15.893971049687018,0.04162639814802599,(-1455124.1093851877+2666961.9816719783j),15.893971049687018,0.04162639814802599,(-1455124.1093851877-2666961.9816719783j),15.474306223181753,0.038048931470938685,(2904620.30512085+0j),13.319135906448576,1.4284287332786628e-07,(5627.913649524807+0j)
3.3427800161483945,15.816762729812949,0.04162639814802599,(-1455124.1093851877+2666961.9816719783j),15.816762729812949,0.04162639814802599,(-1455124.1093851877-2666961.9816719783j),15.386746889049443,0.038048931470938685,(2904620.30512085+0j),13.319120782490012,1.4284287332786628e-07,(5627.913649524807+0j)
3.3604749719813025,15.738654643830262,0.04162639814802599,(-1455124.1093851877+2666961.9816719783j),15.738654643830262,0.04162639814802599,(-1455124.1093851877-2666961.9816719783j),15.298177080403143,0.038048931470938685,(2904620.30512085+0j),13.319106041357795,1.4284287332786628e-07,(5627.913649524807+0j)
3.3781699278142105,15.65964908898917,0.04162639814802599,(-1455124.1093851877+2666961.9816719783j),15.65964908898917,0.04162639814802599,(-1455124.1093851877-2666961.9816719783j),15.20859962068808,0.038048931470938685,(2904620.30512085+0j),13.319091668698107,1.4284287332786628e-07,(5627.913649524807+0j)
3.395864883647119,15.579748356812521,0.04162639814802599,(-1455124.1093851877+2666961.9816719783j),15.579748356812521,0.04162639814802599,(-1455124.1093851877-2666961.9816719783j),15.118017325664155,0.038048931470938685,(2904620.30512085+0j),13.31907765086586,1.4284287332786628e-07,(5627.913649524807+0j)
3.413559839480027,15.498954733111558,0.04162639814802599,(-1455124.1093851877+2666961.9816719783j),15.498954733111558,0.04162639814802599,(-1455124.1093851877-2666961.9816719783j),15.026433003429007,0.038048931470938685,(2904620.30512085+0j),13.319063974881479,1.4284287332786628e-07,(5627.913649524807+0j)
3.431254795312935,15.417270498001667,0.04162639814802599,(-1455124.1093851877+2666961.9816719783j),15.417270498001667,0.04162639814802599,(-1455124.1093851877-2666961.9816719783j),14.933849454441042,0.038048931470938685,(2904620.30512085+0j),13.319050628390817,1.4284287332786628e-07,(5627.913649524807+0j)
3.4489497511458436,15.334697925918004,0.04162639814802599,(-1455124.1093851877+2666961.9816719783j),15.334697925918004,0.04162639814802599,(-1455124.1093851877-2666961.9816719783j),14.84026947154236,0.038048931470938685,(2904620.30512085+0j),13.31903759962794,1.4284287332786628e-07,(5627.913649524807+0j)
3.4666447069787516,15.251239285631168,0.04162639814802599,(-1455124.1093851877+2666961.9816719783j),15.251239285631168,0.04162639814802599,(-1455124.1093851877-2666961.9816719783j),14.745695839981611,0.038048931470938685,(2904620.30512085+0j),13.31902487738052,1.4284287332786628e-07,(5627.913649524807+0j)
3.48433966281166,15.166896840262735,0.04162639814802599,(-1455124.1093851877+2666961.9816719783j),15.166896840262735,0.04162639814802599,(-1455124.1093851877-2666961.9816719783j),14.650131337436765,0.038048931470938685,(2904620.30512085+0j),13.319012450957667,1.4284287332786628e-07,(5627.913649524807+0j)
3.502034618644568,15.081672847300819,0.04162639814802599,(-1455124.1093851877+2666961.9816719783j),15.081672847300819,0.04162639814802599,(-1455124.1093851877-2666961.9816719783j),14.553578734037838,0.038048931470938685,(2904620.30512085+0j),13.319000310159952,1.4284287332786628e-07,(5627.913649524807+0j)
3.519729574477476,14.995569558615516,0.04162639814802599,(-1455124.1093851877+2666961.9816719783j),14.995569558615516,0.04162639814802599,(-1455124.1093851877-2666961.9816719783j),14.45604079238949,0.038048931470938685,(2904620.30512085+0j),13.318988445251494,1.4284287332786628e-07,(5627.913649524807+0j)
3.5374245303103846,14.90858922047437,0.04162639814802599,(-1455124.1093851877+2666961.9816719783j),14.90858922047437,0.04162639814802599,(-1455124.1093851877-2666961.9816719783j),14.357520267593598,0.038048931470938685,(2904620.30512085+0j),13.318976846933918,1.4284287332786628e-07,(5627.913649524807+0j)
3.555119486143293,14.820734073557734,0.04162639814802599,(-1455124.1093851877+2666961.9816719783j),14.820734073557734,0.04162639814802599,(-1455124.1093851877-2666961.9816719783j),14.258019907271706,0.038048931470938685,(2904620.30512085+0j),13.31896550632206,1.4284287332786628e-07,(5627.913649524807+0j)
3.572814441976201,14.732006352974123,0.04162639814802599,(-1455124.1093851877+2666961.9816719783j),14.732006352974123,0.04162639814802599,(-1455124.1093851877-2666961.9816719783j),14.157542451587458,0.038048931470938685,(2904620.30512085+0j),13.318954414921256,1.4284287332786628e-07,(5627.913649524807+0j)
3.590509397809109,14.642408288275478,0.04162639814802599,(-1455124.1093851877+2666961.9816719783j),14.642408288275478,0.04162639814802599,(-1455124.1093851877-2666961.9816719783j),14.056090633268878,0.038048931470938685,(2904620.30512085+0j),13.318943564606132,1.4284287332786628e-07,(5627.913649524807+0j)
3.608204353642017,14.551942103472443,0.04162639814802599,(-1455124.1093851877+2666961.9816719783j),14.551942103472443,0.04162639814802599,(-1455124.1093851877-2666961.9816719783j),13.953667177630658,0.038048931470938685,(2904620.30512085+0j),13.318932947600734,1.4284287332786628e-07,(5627.913649524807+0j)
3.6258993094749252,14.460610017049534,0.04162639814802599,(-1455124.1093851877+2666961.9816719783j),14.460610017049534,0.04162639814802599,(-1455124.1093851877-2666961.9816719783j),13.850274802596308,0.038048931470938685,(2904620.30512085+0j),13.318922556459972,1.4284287332786628e-07,(5627.913649524807+0j)
3.6435942653078337,14.368414241980295,0.04162639814802599,(-1455124.1093851877+2666961.9816719783j),14.368414241980295,0.04162639814802599,(-1455124.1093851877-2666961.9816719783j),13.745916218720268,0.038048931470938685,(2904620.30512085+0j),13.31891238405219,1.4284287332786628e-07,(5627.913649524807+0j)
3.6612892211407417,14.275356985742409,0.04162639814802599,(-1455124.1093851877+2666961.9816719783j),14.275356985742409,0.04162639814802599,(-1455124.1093851877-2666961.9816719783j),13.640594129209916,0.038048931470938685,(2904620.30512085+0j),13.318902423542841,1.4284287332786628e-07,(5627.913649524807+0j)
3.6789841769736498,14.181440450332738,0.04162639814802599,(-1455124.1093851877+2666961.9816719783j),14.181440450332738,0.04162639814802599,(-1455124.1093851877-2666961.9816719783j),13.53431122994755,0.038048931470938685,(2904620.30512085+0j),13.318892668379183,1.4284287332786628e-07,(5627.913649524807+0j)
3.696679132806558,14.086666832282349,0.04162639814802599,(-1455124.1093851877+2666961.9816719783j),14.086666832282349,0.04162639814802599,(-1455124.1093851877-2666961.9816719783j),13.427070209512229,0.038048931470938685,(2904620.30512085+0j),13.3188831122759,1.4284287332786628e-07,(5627.913649524807+0j)
3.7143740886394663,13.991038322671463,0.04162639814802599,(-1455124.1093851877+2666961.9816719783j),13.991038322671463,0.04162639814802599,(-1455124.1093851877-2666961.9816719783j),13.318873749201604,0.038048931470938685,(2904620.30512085+0j),13.3188737492016,1.4284287332786628e-07,(5627.913649524807+0j)
3.7143740886394663,13.3188737492016,0.04162639814802598,(-1455124.1093851682+2666961.9816719433j),13.3188737492016,0.04162639814802598,(-1455124.1093851682-2666961.9816719433j),13.3188737492016,0.03804893147093874,(2904620.3051208137+0j),13.3188737492016,1.4284287332786996e-07,(5627.913649524805+0j)
3.7320690444723748,13.319422272023855,0.04162639814802598,(-1455124.1093851682+2666961.9816719433j),13.319422272023855,0.04162639814802598,(-1455124.1093851682-2666961.9816719433j),13.319501373219426,0.03804893147093874,(2904620.3051208137+0j),18.85701302973997,1.4284287332786996e-07,(5627.913649524805+0j)
3.7497640003052832,13.32106597709947,0.04162639814802598,(-1455124.1093851682+2666961.9816719433j),13.32106597709947,0.04162639814802598,(-1455124.1093851682-2666961.9816719433j),13.321381912932694,0.03804893147093874,(2904620.3051208137+0j),18.901629543694746,1.4284287332786996e-07,(5627.913649524805+0j)
3.7674589561381913,13.323802074680513,0.04162639814802598,(-1455124.1093851682+2666961.9816719433j),13.323802074680513,0.04162639814802598,(-1455124.1093851682-2666961.9816719433j),13.324511877140736,0.03804893147093874,(2904620.3051208137+0j),18.916621582441532,1.4284287332786996e-07,(5627.913649524805+0j)
3.7851539119710997,13.327627782121326,0.04162639814802598,(-1455124.1093851682+2666961.9816719433j),13.327627782121326,0.04162639814802598,(-1455124.1093851682-2666961.9816719433j),13.328887784364957,0.03804893147093874,(2904620.3051208137+0j),18.92414025815484,1.4284287332786996e-07,(5627.913649524805+0j)
3.802848867804008,13.332540323858453,0.04162639814802598,(-1455124.1093851682+2666961.9816719433j),13.332540323858453,0.04162639814802598,(-1455124.1093851682-2666961.9816719433j),13.334506162818766,0.03804893147093874,(2904620.3051208137+0j),18.928658736991842,1.4284287332786996e-07,(5627.913649524805+0j)
3.8205438236369167,13.338536931390612,0.04162639814802598,(-1455124.1093851682+2666961.9816719433j),13.338536931390612,0.04162639814802598,(-1455124.1093851682-2666961.9816719433j),13.341363550377615,0.03804893147093874,(2904620.3051208137+0j),18.93167409223388,1.4284287332786996e-07,(5627.913649524805+0j)
3.8382387794698247,13.345614843258751,0.04162639814802598,(-1455124.1093851682+2666961.9816719433j),13.345614843258751,0.04162639814802598,(-1455124.1093851682-2666961.9816719433j),13.34945649454914,0.03804893147093874,(2904620.3051208137+0j),18.933829406148785,1.4284287332786996e-07,(5627.913649524805+0j)
3.8559337353027328,13.353771305026147,0.04162639814802598,(-1455124.1093851682+2666961.9816719433j),13.353771305026147,0.04162639814802598,(-1455124.1093851682-2666961.9816719433j),13.358781552443412,0.03804893147093874,(2904620.3051208137+0j),18.93544670639739,1.4284287332786996e-07,(5627.913649524805+0j)
3.8736286911356412,13.363003569258591,0.04162639814802598,(-1455124.1093851682+2666961.9816719433j),13.363003569258591,0.04162639814802598,(-1455124.1093851682-2666961.9816719433j),13.36933529074328,0.03804893147093874,(2904620.3051208137+0j),18.93670508973104,1.4284287332786996e-07,(5627.913649524805+0j)
3.8913236469685497,13.37330889550462,0.04162639814802598,(-1455124.1093851682+2666961.9816719433j),13.37330889550462,0.04162639814802598,(-1455124.1093851682-2666961.9816719433j),13.381114285674823,0.03804893147093874,(2904620.3051208137+0j),18.937712100916645,1.4284287332786996e-07,(5627.913649524805+0j)
3.909018602801458,13.384684550275804,0.04162639814802598,(-1455124.1093851682+2666961.9816719433j),13.384684550275804,0.04162639814802598,(-1455124.1093851682-2666961.9816719433j),13.394115122977912,0.03804893147093874,(2904620.3051208137+0j),18.938536220567904,1.4284287332786996e-07,(5627.913649524805+0j)
3.926713558634366,13.397127807027125,0.04162639814802598,(-1455124.1093851682+2666961.9816719433j),13.397127807027125,0.04162639814802598,(-1455124.1093851682-2666961.9816719433j),13.408334397876862,0.03804893147093874,(2904620.3051208137+0j),18.93922312545367,1.4284287332786996e-07,(5627.913649524805+0j)
3.944408514467275,13.410635946137393,0.04162639814802598,(-1455124.1093851682+2666961.9816719433j),13.410635946137393,0.04162639814802598,(-1455124.1093851682-2666961.9816719433j),13.423768715051192,0.03804893147093874,(2904620.3051208137+0j),18.9398044510392,1.4284287332786996e-07,(5627.913649524805+0j)
3.962103470300183,13.425206254889725,0.04162639814802598,(-1455124.1093851682+2666961.9816719433j),13.425206254889725,0.04162639814802598,(-1455124.1093851682-2666961.9816719433j),13.44041468860648,0.03804893147093874,(2904620.3051208137+0j),18.940302801900796,1.4284287332786996e-07,(5627.913649524805+0j)
3.979798426133091,13.440836027452097,0.04162639814802598,(-1455124.1093851682+2666961.9816719433j),13.440836027452097,0.04162639814802598,(-1455124.1093851682-2666961.9816719433j),13.458268942045336,0.03804893147093874,(2904620.3051208137+0j),18.940734759592363,1.4284287332786996e-07,(5627.913649524805+0j)
3.997493381966,13.457522564857959,0.04162639814802598,(-1455124.1093851682+2666961.9816719433j),13.457522564857959,0.04162639814802598,(-1455124.1093851682-2666961.9816719433j),13.47732810823845,0.03804893147093874,(2904620.3051208137+0j),18.94111276341573,1.4284287332786996e-07,(5627.913649524805+0j)
4.015188337798908,13.475263174986896,0.04162639814802598,(-1455124.1093851682+2666961.9816719433j),13.475263174986896,0.04162639814802598,(-1455124.1093851682-2666961.9816719433j),13.49758882939576,0.03804893147093874,(2904620.3051208137+0j),18.941446327862387,1.4284287332786996e-07,(5627.913649524805+0j)
4.032883293631816,13.494055172545364,0.04162639814802598,(-1455124.1093851682+2666961.9816719433j),13.494055172545364,0.04162639814802598,(-1455124.1093851682-2666961.9816719433j),13.519047757037715,0.03804893147093874,(2904620.3051208137+0j),18.941742854514377,1.4284287332786996e-07,(5627.913649524805+0j)
4.050578249464725,13.513895879047483,0.04162639814802598,(-1455124.1093851682+2666961.9816719433j),13.513895879047483,0.04162639814802598,(-1455124.1093851682-2666961.9816719433j),13.541701551966637,0.03804893147093874,(2904620.3051208137+0j),18.94200818771876,1.4284287332786996e-07,(5627.913649524805+0j)
4.068273205297633,13.534782622795884,0.04162639814802598,(-1455124.1093851682+2666961.9816719433j),13.534782622795884,0.04162639814802598,(-1455124.1093851682-2666961.9816719433j),13.565546884238175,0.03804893147093874,(2904620.3051208137+0j),18.9422470036607,1.4284287332786996e-07,(5627.913649524805+0j)
4.085968161130542,13.556712738862634,0.04162639814802598,(-1455124.1093851682+2666961.9816719433j),13.556712738862634,0.04162639814802598,(-1455124.1093851682-2666961.9816719433j),13.59058043313287,0.03804893147093874,(2904620.3051208137+0j),18.942463088336915,1.4284287332786996e-07,(5627.913649524805+0j)
4.10366311696345,13.579683569070195,0.04162639814802598,(-1455124.1093851682+2666961.9816719433j),13.579683569070195,0.04162639814802598,(-1455124.1093851682-2666961.9816719433j),13.6167988871278,0.03804893147093874,(2904620.3051208137+0j),18.94265953975986,1.4284287332786996e-07,(5627.913649524805+0j)
4.121358072796358,13.603692461972473,0.04162639814802598,(-1455124.1093851682+2666961.9816719433j),13.603692461972473,0.04162639814802598,(-1455124.1093851682-2666961.9816719433j),13.644198943868354,0.03804893147093874,(2904620.3051208137+0j),18.94283891744081,1.4284287332786996e-07,(5627.913649524805+0j)
4.139053028629267,13.628736772835904,0.04162639814802598,(-1455124.1093851682+2666961.9816719433j),13.628736772835904,0.04162639814802598,(-1455124.1093851682-2666961.9816719433j),13.672777310140068,0.03804893147093874,(2904620.3051208137+0j),18.943003354521032,1.4284287332786996e-07,(5627.913649524805+0j)
4.156747984462175,13.654813863620605,0.04162639814802598,(-1455124.1093851682+2666961.9816719433j),13.654813863620605,0.04162639814802598,(-1455124.1093851682-2666961.9816719433j),13.702530701840583,0.03804893147093874,(2904620.3051208137+0j),18.94315464300444,1.4284287332786996e-07,(5627.913649524805+0j)
4.174442940295084,13.681921102961596,0.04162639814802598,(-1455124.1093851682+2666961.9816719433j),13.681921102961596,0.04162639814802598,(-1455124.1093851682-2666961.9816719433j),13.733455843951687,0.03804893147093874,(2904620.3051208137+0j),18.943294299330436,1.4284287332786996e-07,(5627.913649524805+0j)
4.192137896127991,13.710055866150064,0.04162639814802598,(-1455124.1093851682+2666961.9816719433j),13.710055866150064,0.04162639814802598,(-1455124.1093851682-2666961.9816719433j),13.765549470511452,0.03804893147093874,(2904620.3051208137+0j),18.943423615381448,1.4284287332786996e-07,(5627.913649524805+0j)
4.2098328519609,13.739215535114697,0.04162639814802598,(-1455124.1093851682+2666961.9816719433j),13.739215535114697,0.04162639814802598,(-1455124.1093851682-2666961.9816719433j),13.79880832458649,0.03804893147093874,(2904620.3051208137+0j),18.943543698565094,1.4284287332786996e-07,(5627.913649524805+0j)
4.227527807793808,13.76939749840308,0.04162639814802598,(-1455124.1093851682+2666961.9816719433j),13.76939749840308,0.04162639814802598,(-1455124.1093851682-2666961.9816719433j),13.833229158244272,0.03804893147093874,(2904620.3051208137+0j),18.943655503606845,1.4284287332786996e-07,(5627.913649524805+0j)
4.245222763626717,13.800599151163134,0.04162639814802598,(-1455124.1093851682+2666961.9816719433j),13.800599151163134,0.04162639814802598,(-1455124.1093851682-2666961.9816719433j),13.868808732525554,0.03804893147093874,(2904620.3051208137+0j),18.94375985798685,1.4284287332786996e-07,(5627.913649524805+0j)
4.262917719459625,13.832817895124627,0.04162639814802598,(-1455124.1093851682+2666961.9816719433j),13.832817895124627,0.04162639814802598,(-1455124.1093851682-2666961.9816719433j),13.905543817416918,0.03804893147093874,(2904620.3051208137+0j),18.943857482455307,1.4284287332786996e-07,(5627.913649524805+0j)
4.2806126752925335,13.866051138580746,0.04162639814802598,(-1455124.1093851682+2666961.9816719433j),13.866051138580746,0.04162639814802598,(-1455124.1093851682-2666961.9816719433j),13.943431191823375,0.03804893147093874,(2904620.3051208137+0j),18.943949007702727,1.4284287332786996e-07,(5627.913649524805+0j)
4.298307631125441,13.900296296369712,0.04162639814802598,(-1455124.1093851682+2666961.9816719433j),13.900296296369712,0.04162639814802598,(-1455124.1093851682-2666961.9816719433j),13.982467643541089,0.03804893147093874,(2904620.3051208137+0j),18.944034988000332,1.4284287332786996e-07,(5627.913649524805+0j)
4.3160025869583505,13.935550789856464,0.04162639814802598,(-1455124.1093851682+2666961.9816719433j),13.935550789856464,0.04162639814802598,(-1455124.1093851682-2666961.9816719433j),14.022649969230173,0.03804893147093874,(2904620.3051208137+0j),18.944115912434192,1.4284287332786996e-07,(5627.913649524805+0j)
4.333697542791258,13.971812046914403,0.04162639814802598,(-1455124.1093851682+2666961.9816719433j),13.971812046914403,0.04162639814802598,(-1455124.1093851682-2666961.9816719433j),14.0639749743876,0.03804893147093874,(2904620.3051208137+0j),18.944192214214155,1.4284287332786996e-07,(5627.913649524805+0j)
4.351392498624167,14.009077501907177,0.04162639814802598,(-1455124.1093851682+2666961.9816719433j),14.009077501907177,0.04162639814802598,(-1455124.1093851682-2666961.9816719433j),14.106439473320185,0.03804893147093874,(2904620.3051208137+0j),18.944264278431838,1.4284287332786996e-07,(5627.913649524805+0j)
4.369087454457075,14.047344595670546,0.04162639814802598,(-1455124.1093851682+2666961.9816719433j),14.047344595670546,0.04162639814802598,(-1455124.1093851682-2666961.9816719433j),14.150040289117685,0.03804893147093874,(2904620.3051208137+0j),18.944332448560935,1.4284287332786996e-07,(5627.913649524805+0j)
4.3867824102899835,14.086610775494288,0.04162639814802598,(-1455124.1093851682+2666961.9816719433j),14.086610775494288,0.04162639814802598,(-1455124.1093851682-2666961.9816719433j),14.194774253625962,0.03804893147093874,(2904620.3051208137+0j),18.944397031931555,1.4284287332786996e-07,(5627.913649524805+0j)
4.404477366122892,14.126873495104164,0.04162639814802598,(-1455124.1093851682+2666961.9816719433j),14.126873495104164,0.04162639814802598,(-1455124.1093851682-2666961.9816719433j),14.24063820742026,0.03804893147093874,(2904620.3051208137+0j),18.944458304362545,1.4284287332786996e-07,(5627.913649524805+0j)
4.4221723219558,14.168130214643949,0.04162639814802598,(-1455124.1093851682+2666961.9816719433j),14.168130214643949,0.04162639814802598,(-1455124.1093851682-2666961.9816719433j),14.287628999778574,0.03804893147093874,(2904620.3051208137+0j),18.94451651409922,1.4284287332786996e-07,(5627.913649524805+0j)
4.439867277788709,14.2103784006575,0.04162639814802598,(-1455124.1093851682+2666961.9816719433j),14.2103784006575,0.04162639814802598,(-1455124.1093851682-2666961.9816719433j),14.335743488655094,0.03804893147093874,(2904620.3051208137+0j),18.94457188517499,1.4284287332786996e-07,(5627.913649524805+0j)
4.4575622336216165,14.25361552607091,0.04162639814802598,(-1455124.1093851682+2666961.9816719433j),14.25361552607091,0.04162639814802598,(-1455124.1093851682-2666961.9816719433j),14.384978540653748,0.03804893147093874,(2904620.3051208137+0j),18.944624620292895,1.4284287332786996e-07,(5627.913649524805+0j)
4.475257189454525,14.297839070174684,0.04162639814802598,(-1455124.1093851682+2666961.9816719433j),14.297839070174684,0.04162639814802598,(-1455124.1093851682-2666961.9816719433j),14.435331031001846,0.03804893147093874,(2904620.3051208137+0j),18.944674903305202,1.4284287332786996e-07,(5627.913649524805+0j)
4.4929521452874335,14.343046518605993,0.04162639814802598,(-1455124.1093851682+2666961.9816719433j),14.343046518605993,0.04162639814802598,(-1455124.1093851682-2666961.9816719433j),14.486797843523792,0.03804893147093874,(2904620.3051208137+0j),18.944722901354915,1.4284287332786996e-07,(5627.913649524805+0j)
4.510647101120342,14.38923536333099,0.04162639814802598,(-1455124.1093851682+2666961.9816719433j),14.38923536333099,0.04162639814802598,(-1455124.1093851682-2666961.9816719433j),14.539375870614919,0.03804893147093874,(2904620.3051208137+0j),18.944768766731897,1.4284287332786996e-07,(5627.913649524805+0j)
4.52834205695325,14.436403102627148,0.04162639814802598,(-1455124.1093851682+2666961.9816719433j),14.436403102627148,0.04162639814802598,(-1455124.1093851682-2666961.9816719433j),14.593062013215365,0.03804893147093874,(2904620.3051208137+0j),18.94481263848689,1.4284287332786996e-07,(5627.913649524805+0j)
4.546037012786159,14.484547241065687,0.04162639814802598,(-1455124.1093851682+2666961.9816719433j),14.484547241065687,0.04162639814802598,(-1455124.1093851682-2666961.9816719433j),14.647853180784097,0.03804893147093874,(2904620.3051208137+0j),18.944854643839587,1.4284287332786996e-07,(5627.913649524805+0j)
4.5637319686190665,14.533665289494047,0.04162639814802598,(-1455124.1093851682+2666961.9816719433j),14.533665289494047,0.04162639814802598,(-1455124.1093851682-2666961.9816719433j),14.703746291272974,0.03804893147093874,(2904620.3051208137+0j),18.9448948994107,1.4284287332786996e-07,(5627.913649524805+0j)
4.581426924451976,14.583754765018407,0.04162639814802598,(-1455124.1093851682+2666961.9816719433j),14.583754765018407,0.04162639814802598,(-1455124.1093851682-2666961.9816719433j),14.760738271100923,0.03804893147093874,(2904620.3051208137+0j),18.944933512303244,1.4284287332786996e-07,(5627.913649524805+0j)
4.5991218802848834,14.634813190986259,0.04162639814802598,(-1455124.1093851682+2666961.9816719433j),14.634813190986259,0.04162639814802598,(-1455124.1093851682-2666961.9816719433j),14.8188260551282,0.03804893147093874,(2904620.3051208137+0j),18.944970581054072,1.4284287332786996e-07,(5627.913649524805+0j)
4.616816836117791,14.686838096969051,0.04162639814802598,(-1455124.1093851682+2666961.9816719433j),14.686838096969051,0.04162639814802598,(-1455124.1093851682-2666961.9816719433j),14.878006586630736,0.03804893147093874,(2904620.3051208137+0j),18.945006196473486,1.4284287332786996e-07,(5627.913649524805+0j)
4.6345117919507,14.739827018744878,0.04162639814802598,(-1455124.1093851682+2666961.9816719433j),14.739827018744878,0.04162639814802598,(-1455124.1093851682-2666961.9816719433j),14.938276817274575,0.03804893147093874,(2904620.3051208137+0j),18.945040442388006,1.4284287332786996e-07,(5627.913649524805+0j)
4.652206747783608,14.793777498281207,0.04162639814802598,(-1455124.1093851682+2666961.9816719433j),14.793777498281207,0.04162639814802598,(-1455124.1093851682-2666961.9816719433j),14.999633707090391,0.03804893147093874,(2904620.3051208137+0j),18.945073396299072,1.4284287332786996e-07,(5627.913649524805+0j)
4.669901703616517,14.848687083717689,0.04162639814802598,(-1455124.1093851682+2666961.9816719433j),14.848687083717689,0.04162639814802598,(-1455124.1093851682-2666961.9816719433j),15.062074224448095,0.03804893147093874,(2904620.3051208137+0j),18.94510512996855,1.4284287332786996e-07,(5627.913649524805+0j)
4.687596659449425,14.904553329349,0.04162639814802598,(-1455124.1093851682+2666961.9816719433j),14.904553329349,0.04162639814802598,(-1455124.1093851682-2666961.9816719433j),15.125595346031544,0.03804893147093874,(2904620.3051208137+0j),18.94513570994043,1.4284287332786996e-07,(5627.913649524805+0j)
4.705291615282334,14.961373795607749,0.04162639814802598,(-1455124.1093851682+2666961.9816719433j),14.961373795607749,0.04162639814802598,(-1455124.1093851682-2666961.9816719433j),15.190194056813302,0.03804893147093874,(2904620.3051208137+0j),18.94516519800658,1.4284287332786996e-07,(5627.913649524805+0j)
4.722986571115242,15.019146049047434,0.04162639814802598,(-1455124.1093851682+2666961.9816719433j),15.019146049047434,0.04162639814802598,(-1455124.1093851682-2666961.9816719433j),15.255867350029533,0.03804893147093874,(2904620.3051208137+0j),18.94519365162351,1.4284287332786996e-07,(5627.913649524805+0j)
4.74068152694815,15.077867662325449,0.04162639814802598,(-1455124.1093851682+2666961.9816719433j),15.077867662325449,0.04162639814802598,(-1455124.1093851682-2666961.9816719433j),15.322612227154925,0.03804893147093874,(2904620.3051208137+0j),18.945221124286036,1.4284287332786996e-07,(5627.913649524805+0j)
4.758376482781058,15.137536214186142,0.04162639814802598,(-1455124.1093851682+2666961.9816719433j),15.137536214186142,0.04162639814802598,(-1455124.1093851682-2666961.9816719433j),15.39042569787775,0.03804893147093874,(2904620.3051208137+0j),18.94524766586298,1.4284287332786996e-07,(5627.913649524805+0j)
4.776071438613967,15.198149289443943,0.04162639814802598,(-1455124.1093851682+2666961.9816719433j),15.198149289443943,0.04162639814802598,(-1455124.1093851682-2666961.9816719433j),15.45930478007498,0.03804893147093874,(2904620.3051208137+0j),18.945273322899215,1.4284287332786996e-07,(5627.913649524805+0j)
4.793766394446875,15.259704478966519,0.04162639814802598,(-1455124.1093851682+2666961.9816719433j),15.259704478966519,0.04162639814802598,(-1455124.1093851682-2666961.9816719433j),15.529246499787495,0.03804893147093874,(2904620.3051208137+0j),18.945298138888106,1.4284287332786996e-07,(5627.913649524805+0j)
4.811461350279784,15.322199379658008,0.04162639814802598,(-1455124.1093851682+2666961.9816719433j),15.322199379658008,0.04162639814802598,(-1455124.1093851682-2666961.9816719433j),15.600247891195373,0.03804893147093874,(2904620.3051208137+0j),18.94532215451755,1.4284287332786996e-07,(5627.913649524805+0j)
4.829156306112692,15.385631594442271,0.04162639814802598,(-1455124.1093851682+2666961.9816719433j),15.385631594442271,0.04162639814802598,(-1455124.1093851682-2666961.9816719433j),15.672305996593266,0.03804893147093874,(2904620.3051208137+0j),18.945345407892578,1.4284287332786996e-07,(5627.913649524805+0j)
4.8468512619455995,15.449998732246243,0.04162639814802598,(-1455124.1093851682+2666961.9816719433j),15.449998732246243,0.04162639814802598,(-1455124.1093851682-2666961.9816719433j),15.74541786636587,0.03804893147093874,(2904620.3051208137+0j),18.945367934737106,1.4284287332786996e-07,(5627.913649524805+0j)
4.864546217778509,15.515298407983282,0.04162639814802598,(-1455124.1093851682+2666961.9816719433j),15.515298407983282,0.04162639814802598,(-1455124.1093851682-2666961.9816719433j),15.819580558963448,0.03804893147093874,(2904620.3051208137+0j),18.945389768577062,1.4284287332786996e-07,(5627.913649524805+0j)
4.882241173611416,15.581528242536617,0.04162639814802598,(-1455124.1093851682+2666961.9816719433j),15.581528242536617,0.04162639814802598,(-1455124.1093851682-2666961.9816719433j),15.894791140877473,0.03804893147093874,(2904620.3051208137+0j),18.94541094090688,1.4284287332786996e-07,(5627.913649524805+0j)
4.899936129444326,15.648685862742822,0.04162639814802598,(-1455124.1093851682+2666961.9816719433j),15.648685862742822,0.04162639814802598,(-1455124.1093851682-2666961.9816719433j),15.97104668661633,0.03804893147093874,(2904620.3051208137+0j),18.945431481341053,1.4284287332786996e-07,(5627.913649524805+0j)
4.917631085277233,15.71676890137534,0.04162639814802598,(-1455124.1093851682+2666961.9816719433j),15.71676890137534,0.04162639814802598,(-1455124.1093851682-2666961.9816719433j),16.048344278681107,0.03804893147093874,(2904620.3051208137+0j),18.945451417752377,1.4284287332786996e-07,(5627.913649524805+0j)
4.935326041110142,15.78577499712808,0.04162639814802598,(-1455124.1093851682+2666961.9816719433j),15.78577499712808,0.04162639814802598,(-1455124.1093851682-2666961.9816719433j),16.12668100754147,0.03804893147093874,(2904620.3051208137+0j),18.945470776398107,1.4284287332786996e-07,(5627.913649524805+0j)
4.95302099694305,15.855701794599028,0.04162639814802598,(-1455124.1093851682+2666961.9816719433j),15.855701794599028,0.04162639814802598,(-1455124.1093851682-2666961.9816719433j),16.20605397161161,0.03804893147093874,(2904620.3051208137+0j),18.94548958203534,1.4284287332786996e-07,(5627.913649524805+0j)
4.970715952775959,15.926546944273953,0.04162639814802598,(-1455124.1093851682+2666961.9816719433j),15.926546944273953,0.04162639814802598,(-1455124.1093851682-2666961.9816719433j),16.28646027722629,0.03804893147093874,(2904620.3051208137+0j),18.94550785802664,1.4284287332786996e-07,(5627.913649524805+0j)
4.988410908608867,15.998308102510132,0.04162639814802598,(-1455124.1093851682+2666961.9816719433j),15.998308102510132,0.04162639814802598,(-1455124.1093851682-2666961.9816719433j),16.36789703861696,0.03804893147093874,(2904620.3051208137+0j),18.94552562643689,1.4284287332786996e-07,(5627.913649524805+0j)
5.006105864441776,16.070982931520128,0.04162639814802598,(-1455124.1093851682+2666961.9816719433j),16.070982931520128,0.04162639814802598,(-1455124.1093851682-2666961.9816719433j),16.450361377887944,0.03804893147093874,(2904620.3051208137+0j),18.945542908122118,1.4284287332786996e-07,(5627.913649524805+0j)
5.023800820274683,16.144569099355632,0.04162639814802598,(-1455124.1093851682+2666961.9816719433j),16.144569099355632,0.04162639814802598,(-1455124.1093851682-2666961.9816719433j),16.53385042499273,0.03804893147093874,(2904620.3051208137+0j),18.945559722811193,1.4284287332786996e-07,(5627.913649524805+0j)
5.041495776107593,16.21906427989136,0.04162639814802598,(-1455124.1093851682+2666961.9816719433j),16.21906427989136,0.04162639814802598,(-1455124.1093851682-2666961.9816719433j),16.618361317710317,0.03804893147093874,(2904620.3051208137+0j),18.945576089180943,1.4284287332786996e-07,(5627.913649524805+0j)
5.0591907319405,16.29446615280895,0.04162639814802598,(-1455124.1093851682+2666961.9816719433j),16.29446615280895,0.04162639814802598,(-1455124.1093851682-2666961.9816719433j),16.703891201621687,0.03804893147093874,(2904620.3051208137+0j),18.945592024925368,1.4284287332786996e-07,(5627.913649524805+0j)
5.076885687773409,16.37077240358101,0.04162639814802598,(-1455124.1093851682+2666961.9816719433j),16.37077240358101,0.04162639814802598,(-1455124.1093851682-2666961.9816719433j),16.790437230086265,0.03804893147093874,(2904620.3051208137+0j),18.945607546819435,1.4284287332786996e-07,(5627.913649524805+0j)
5.094580643606317,16.44798072345508,0.04162639814802598,(-1455124.1093851682+2666961.9816719433j),16.44798072345508,0.04162639814802598,(-1455124.1093851682-2666961.9816719433j),16.877996564218577,0.03804893147093874,(2904620.3051208137+0j),18.945622670778,1.4284287332786996e-07,(5627.913649524805+0j)
5.112275599439225,16.526088809437766,0.04162639814802598,(-1455124.1093851682+2666961.9816719433j),16.526088809437766,0.04162639814802598,(-1455124.1093851682-2666961.9816719433j),16.96656637286488,0.03804893147093874,(2904620.3051208137+0j),18.94563741191022,1.4284287332786996e-07,(5627.913649524805+0j)
5.129970555272134,16.605094364278855,0.04162639814802598,(-1455124.1093851682+2666961.9816719433j),16.605094364278855,0.04162639814802598,(-1455124.1093851682-2666961.9816719433j),17.056143832579938,0.03804893147093874,(2904620.3051208137+0j),18.945651784569904,1.4284287332786996e-07,(5627.913649524805+0j)
5.147665511105042,16.68499509645551,0.04162639814802598,(-1455124.1093851682+2666961.9816719433j),16.68499509645551,0.04162639814802598,(-1455124.1093851682-2666961.9816719433j),17.146726127603866,0.03804893147093874,(2904620.3051208137+0j),18.94566580240215,1.4284287332786996e-07,(5627.913649524805+0j)
5.165360466937951,16.765788720156465,0.04162639814802598,(-1455124.1093851682+2666961.9816719433j),16.765788720156465,0.04162639814802598,(-1455124.1093851682-2666961.9816719433j),17.238310449839013,0.03804893147093874,(2904620.3051208137+0j),18.945679478386534,1.4284287332786996e-07,(5627.913649524805+0j)
5.183055422770859,16.847472955266362,0.04162639814802598,(-1455124.1093851682+2666961.9816719433j),16.847472955266362,0.04162639814802598,(-1455124.1093851682-2666961.9816719433j),17.330893998826976,0.03804893147093874,(2904620.3051208137+0j),18.945692824877195,1.4284287332786996e-07,(5627.913649524805+0j)
5.200750378603767,16.93004552735002,0.04162639814802598,(-1455124.1093851682+2666961.9816719433j),16.93004552735002,0.04162639814802598,(-1455124.1093851682-2666961.9816719433j),17.424473981725658,0.03804893147093874,(2904620.3051208137+0j),18.945705853640074,1.4284287332786996e-07,(5627.913649524805+0j)
5.218445334436676,17.01350416763686,0.04162639814802598,(-1455124.1093851682+2666961.9816719433j),17.01350416763686,0.04162639814802598,(-1455124.1093851682-2666961.9816719433j),17.519047613286414,0.03804893147093874,(2904620.3051208137+0j),18.94571857588749,1.4284287332786996e-07,(5627.913649524805+0j)
5.236140290269584,17.09784661300529,0.04162639814802598,(-1455124.1093851682+2666961.9816719433j),17.09784661300529,0.04162639814802598,(-1455124.1093851682-2666961.9816719433j),17.614612115831257,0.03804893147093874,(2904620.3051208137+0j),18.945731002310342,1.4284287332786996e-07,(5627.913649524805+0j)
5.253835246102493,17.183070605967213,0.04162639814802598,(-1455124.1093851682+2666961.9816719433j),17.183070605967213,0.04162639814802598,(-1455124.1093851682-2666961.9816719433j),17.711164719230183,0.03804893147093874,(2904620.3051208137+0j),18.945743143108057,1.4284287332786996e-07,(5627.913649524805+0j)
5.2715302019354,17.269173894652514,0.04162639814802598,(-1455124.1093851682+2666961.9816719433j),17.269173894652514,0.04162639814802598,(-1455124.1093851682-2666961.9816719433j),17.80870266087853,0.03804893147093874,(2904620.3051208137+0j),18.945755008016516,1.4284287332786996e-07,(5627.913649524805+0j)
5.289225157768309,17.35615423279366,0.04162639814802598,(-1455124.1093851682+2666961.9816719433j),17.35615423279366,0.04162639814802598,(-1455124.1093851682-2666961.9816719433j),17.907223185674425,0.03804893147093874,(2904620.3051208137+0j),18.94576660633409,1.4284287332786996e-07,(5627.913649524805+0j)
5.306920113601217,17.444009379710295,0.04162639814802598,(-1455124.1093851682+2666961.9816719433j),17.444009379710295,0.04162639814802598,(-1455124.1093851682-2666961.9816719433j),18.006723545996316,0.03804893147093874,(2904620.3051208137+0j),18.94577794694595,1.4284287332786996e-07,(5627.913649524805+0j)
5.324615069434126,17.53273710029391,0.04162639814802598,(-1455124.1093851682+2666961.9816719433j),17.53273710029391,0.04162639814802598,(-1455124.1093851682-2666961.9816719433j),18.107201001680565,0.03804893147093874,(2904620.3051208137+0j),18.945789038346753,1.4284287332786996e-07,(5627.913649524805+0j)
5.342310025267034,17.622335164992553,0.04162639814802598,(-1455124.1093851682+2666961.9816719433j),17.622335164992553,0.04162639814802598,(-1455124.1093851682-2666961.9816719433j),18.208652819999145,0.03804893147093874,(2904620.3051208137+0j),18.94579988866188,1.4284287332786996e-07,(5627.913649524805+0j)
5.360004981099943,17.712801349795587,0.04162639814802598,(-1455124.1093851682+2666961.9816719433j),17.712801349795587,0.04162639814802598,(-1455124.1093851682-2666961.9816719433j),18.311076275637365,0.03804893147093874,(2904620.3051208137+0j),18.94581050566728,1.4284287332786996e-07,(5627.913649524805+0j)
5.37769993693285,17.804133436218496,0.04162639814802598,(-1455124.1093851682+2666961.9816719433j),17.804133436218496,0.04162639814802598,(-1455124.1093851682-2666961.9816719433j),18.41446865067171,0.03804893147093874,(2904620.3051208137+0j),18.945820896808037,1.4284287332786996e-07,(5627.913649524805+0j)
5.395394892765759,17.896329211287735,0.04162639814802598,(-1455124.1093851682+2666961.9816719433j),17.896329211287735,0.04162639814802598,(-1455124.1093851682-2666961.9816719433j),18.518827234547757,0.03804893147093874,(2904620.3051208137+0j),18.94583106921582,1.4284287332786996e-07,(5627.913649524805+0j)
5.413089848598667,17.989386467525623,0.04162639814802598,(-1455124.1093851682+2666961.9816719433j),17.989386467525623,0.04162639814802598,(-1455124.1093851682-2666961.9816719433j),18.624149324058102,0.03804893147093874,(2904620.3051208137+0j),18.94584102972517,1.4284287332786996e-07,(5627.913649524805+0j)
5.4307848044315765,18.083303002935295,0.04162639814802598,(-1455124.1093851682+2666961.9816719433j),18.083303002935295,0.04162639814802598,(-1455124.1093851682-2666961.9816719433j),18.730432223320477,0.03804893147093874,(2904620.3051208137+0j),18.945850784888826,1.4284287332786996e-07,(5627.913649524805+0j)
5.448479760264484,18.17807662098568,0.04162639814802598,(-1455124.1093851682+2666961.9816719433j),18.17807662098568,0.04162639814802598,(-1455124.1093851682-2666961.9816719433j),18.837673243755795,0.03804893147093874,(2904620.3051208137+0j),18.945860340992112,1.4284287332786996e-07,(5627.913649524805+0j)
5.466174716097393,18.27370513059657,0.04162639814802598,(-1455124.1093851682+2666961.9816719433j),18.27370513059657,0.04162639814802598,(-1455124.1093851682-2666961.9816719433j),18.945869704066414,0.03804893147093874,(2904620.3051208137+0j),18.94586970406641,1.4284287332786996e-07,(5627.913649524805+0j)
5.466174716097393,18.94586970406641,0.03207304762753494,(-1260564.53529813+2350048.3810585137j),18.94586970406641,0.03207304762753494,(-1260564.53529813-2350048.3810585137j),18.94586970406641,0.028473443091474572,(2512685.478022702+0j),18.94586970406641,3.2152760489846017e-07,(8443.592573555226+0j)
5.4838696719303,18.946680530098206,0.03207304762753494,(-1260564.53529813+2350048.3810585137j),18.946680530098206,0.03207304762753494,(-1260564.53529813-2350048.3810585137j),18.946838913207873,0.028473443091474572,(2512685.478022702+0j),27.09077767508485,3.2152760489846017e-07,(8443.592573555226+0j)
5.501564627763208,18.94910943440963,0.03207304762753494,(-1260564.53529813+2350048.3810585137j),18.94910943440963,0.03207304762753494,(-1260564.53529813-2350048.3810585137j),18.949741729550567,0.028473443091474572,(2512685.478022702+0j),27.23810312786151,3.2152760489846017e-07,(8443.592573555226+0j)
5.519259583596117,18.95315106960797,0.03207304762753494,(-1260564.53529813+2350048.3810585137j),18.95315106960797,0.03207304762753494,(-1260564.53529813-2350048.3810585137j),18.954570956609768,0.028473443091474572,(2512685.478022702+0j),27.28810078851787,3.2152760489846017e-07,(8443.592573555226+0j)
5.536954539429025,18.958800105959504,0.03207304762753494,(-1260564.53529813+2350048.3810585137j),18.958800105959504,0.03207304762753494,(-1260564.53529813-2350048.3810585137j),18.961319424662438,0.028473443091474572,(2512685.478022702+0j),27.313269360035743,3.2152760489846017e-07,(8443.592573555226+0j)
5.554649495261933,18.966051231324727,0.03207304762753494,(-1260564.53529813+2350048.3810585137j),18.966051231324727,0.03207304762753494,(-1260564.53529813-2350048.3810585137j),18.9699799906367,0.028473443091474572,(2512685.478022702+0j),27.32842521377402,3.2152760489846017e-07,(8443.592573555226+0j)
5.572344451094841,18.97489915109387,0.03207304762753494,(-1260564.53529813+2350048.3810585137j),18.97489915109387,0.03207304762753494,(-1260564.53529813-2350048.3810585137j),18.980545538001856,0.028473443091474572,(2512685.478022702+0j),27.338552004254492,3.2152760489846017e-07,(8443.592573555226+0j)
5.590039406927749,18.985338588122655,0.03207304762753494,(-1260564.53529813+2350048.3810585137j),18.985338588122655,0.03207304762753494,(-1260564.53529813-2350048.3810585137j),18.99300897665893,0.028473443091474572,(2512685.478022702+0j),27.345796665502444,3.2152760489846017e-07,(8443.592573555226+0j)
5.607734362760658,18.99736428266838,0.03207304762753494,(-1260564.53529813+2350048.3810585137j),18.99736428266838,0.03207304762753494,(-1260564.53529813-2350048.3810585137j),19.00736324283165,0.028473443091474572,(2512685.478022702+0j),27.351236319172603,3.2152760489846017e-07,(8443.592573555226+0j)
5.625429318593566,19.010970992326172,0.03207304762753494,(-1260564.53529813+2350048.3810585137j),19.010970992326172,0.03207304762753494,(-1260564.53529813-2350048.3810585137j),19.023601298958038,0.028473443091474572,(2512685.478022702+0j),27.355470814846065,3.2152760489846017e-07,(8443.592573555226+0j)
5.643124274426474,19.02615349196559,0.03207304762753494,(-1260564.53529813+2350048.3810585137j),19.02615349196559,0.03207304762753494,(-1260564.53529813-2350048.3810585137j),19.041716133582387,0.028473443091474572,(2512685.478022702+0j),27.35886071574687,3.2152760489846017e-07,(8443.592573555226+0j)
5.660819230259382,19.042906573667427,0.03207304762753494,(-1260564.53529813+2350048.3810585137j),19.042906573667427,0.03207304762753494,(-1260564.53529813-2350048.3810585137j),19.061700761247852,0.028473443091474572,(2512685.478022702+0j),27.361635795830896,3.2152760489846017e-07,(8443.592573555226+0j)
5.678514186092291,19.061225046660816,0.03207304762753494,(-1260564.53529813+2350048.3810585137j),19.061225046660816,0.03207304762753494,(-1260564.53529813-2350048.3810585137j),19.083548222389446,0.028473443091474572,(2512685.478022702+0j),27.363949411573117,3.2152760489846017e-07,(8443.592573555226+0j)
5.696209141925199,19.081103737260552,0.03207304762753494,(-1260564.53529813+2350048.3810585137j),19.081103737260552,0.03207304762753494,(-1260564.53529813-2350048.3810585137j),19.107251583227576,0.028473443091474572,(2512685.478022702+0j),27.365907831703822,3.2152760489846017e-07,(8443.592573555226+0j)
5.713904097758107,19.102537488804725,0.03207304762753494,(-1260564.53529813+2350048.3810585137j),19.102537488804725,0.03207304762753494,(-1260564.53529813-2350048.3810585137j),19.13280393566207,0.028473443091474572,(2512685.478022702+0j),27.367587021530735,3.2152760489846017e-07,(8443.592573555226+0j)
5.731599053591015,19.12552116159254,0.03207304762753494,(-1260564.53529813+2350048.3810585137j),19.12552116159254,0.03207304762753494,(-1260564.53529813-2350048.3810585137j),19.160198397166692,0.028473443091474572,(2512685.478022702+0j),27.36904272573167,3.2152760489846017e-07,(8443.592573555226+0j)
5.749294009423923,19.15004963282247,0.03207304762753494,(-1260564.53529813+2350048.3810585137j),19.15004963282247,0.03207304762753494,(-1260564.53529813-2350048.3810585137j),19.18942811068411,0.028473443091474572,(2512685.478022702+0j),27.370316776540655,3.2152760489846017e-07,(8443.592573555226+0j)
5.766988965256831,19.176117796530583,0.03207304762753494,(-1260564.53529813+2350048.3810585137j),19.176117796530583,0.03207304762753494,(-1260564.53529813-2350048.3810585137j),19.220486244521403,0.028473443091474572,(2512685.478022702+0j),27.371441179084876,3.2152760489846017e-07,(8443.592573555226+0j)
5.78468392108974,19.203720563529203,0.03207304762753494,(-1260564.53529813+2350048.3810585137j),19.203720563529203,0.03207304762753494,(-1260564.53529813-2350048.3810585137j),19.25336599224602,0.028473443091474572,(2512685.478022702+0j),27.37244083700449,3.2152760489846017e-07,(8443.592573555226+0j)
5.802378876922647,19.232852861345737,0.03207304762753494,(-1260564.53529813+2350048.3810585137j),19.232852861345737,0.03207304762753494,(-1260564.53529813-2350048.3810585137j),19.288060572582218,0.028473443091474572,(2512685.478022702+0j),27.373335418584997,3.2152760489846017e-07,(8443.592573555226+0j)
5.820073832755556,19.26350963416185,0.03207304762753494,(-1260564.53529813+2350048.3810585137j),19.26350963416185,0.03207304762753494,(-1260564.53529813-2350048.3810585137j),19.324563229307977,0.028473443091474572,(2512685.478022702+0j),27.37414066381281,3.2152760489846017e-07,(8443.592573555226+0j)
5.8377687885884635,19.295685842752764,0.03207304762753494,(-1260564.53529813+2350048.3810585137j),19.295685842752764,0.03207304762753494,(-1260564.53529813-2350048.3810585137j),19.362867231152396,0.028473443091474572,(2512685.478022702+0j),27.374869318470964,3.2152760489846017e-07,(8443.592573555226+0j)
5.855463744421373,19.329376464426957,0.03207304762753494,(-1260564.53529813+2350048.3810585137j),19.329376464426957,0.03207304762753494,(-1260564.53529813-2350048.3810585137j),19.402965871693567,0.028473443091474572,(2512685.478022702+0j),27.375531813797092,3.2152760489846017e-07,(8443.592573555226+0j)
5.87315870025428,19.364576492965963,0.03207304762753494,(-1260564.53529813+2350048.3810585137j),19.364576492965963,0.03207304762753494,(-1260564.53529813-2350048.3810585137j),19.444852469256904,0.028473443091474572,(2512685.478022702+0j),27.376136769049367,3.2152760489846017e-07,(8443.592573555226+0j)
5.890853656087189,19.40128093856452,0.03207304762753494,(-1260564.53529813+2350048.3810585137j),19.40128093856452,0.03207304762753494,(-1260564.53529813-2350048.3810585137j),19.48852036681395,0.028473443091474572,(2512685.478022702+0j),27.376691368573628,3.2152760489846017e-07,(8443.592573555226+0j)
5.9085486119200965,19.439484827770904,0.03207304762753494,(-1260564.53529813+2350048.3810585137j),19.439484827770904,0.03207304762753494,(-1260564.53529813-2350048.3810585137j),19.53396293188163,0.028473443091474572,(2512685.478022702+0j),27.37720164847306,3.2152760489846017e-07,(8443.592573555226+0j)
5.926243567753006,19.479183203427553,0.03207304762753494,(-1260564.53529813+2350048.3810585137j),19.479183203427553,0.03207304762753494,(-1260564.53529813-2350048.3810585137j),19.58117355642201,0.028473443091474572,(2512685.478022702+0j),27.377672717192684,3.2152760489846017e-07,(8443.592573555226+0j)
5.9439385235859135,19.52037112461189,0.03207304762753494,(-1260564.53529813+2350048.3810585137j),19.52037112461189,0.03207304762753494,(-1260564.53529813-2350048.3810585137j),19.630145656742453,0.028473443091474572,(2512685.478022702+0j),27.378108927134512,3.2152760489846017e-07,(8443.592573555226+0j)
5.961633479418822,19.5630436665774,0.03207304762753494,(-1260564.53529813+2350048.3810585137j),19.5630436665774,0.03207304762753494,(-1260564.53529813-2350048.3810585137j),19.680872673396298,0.028473443091474572,(2512685.478022702+0j),27.378514009533855,3.2152760489846017e-07,(8443.592573555226+0j)
5.9793284352517295,19.60719592069498,0.03207304762753494,(-1260564.53529813+2350048.3810585137j),19.60719592069498,0.03207304762753494,(-1260564.53529813-2350048.3810585137j),19.73334807108394,0.028473443091474572,(2512685.478022702+0j),27.3788911814564,3.2152760489846017e-07,(8443.592573555226+0j)
5.997023391084637,19.65282299439447,0.03207304762753494,(-1260564.53529813+2350048.3810585137j),19.65282299439447,0.03207304762753494,(-1260564.53529813-2350048.3810585137j),19.78756533855442,0.028473443091474572,(2512685.478022702+0j),27.37924323141529,3.2152760489846017e-07,(8443.592573555226+0j)
6.014718346917546,19.699920011106478,0.03207304762753494,(-1260564.53529813+2350048.3810585137j),19.699920011106478,0.03207304762753494,(-1260564.53529813-2350048.3810585137j),19.84351798850737,0.028473443091474572,(2512685.478022702+0j),27.37957258843178,3.2152760489846017e-07,(8443.592573555226+0j)
6.032413302750454,19.748482110204407,0.03207304762753494,(-1260564.53529813+2350048.3810585137j),19.748482110204407,0.03207304762753494,(-1260564.53529813-2350048.3810585137j),19.901199557495545,0.028473443091474572,(2512685.478022702+0j),27.37988137815799,3.2152760489846017e-07,(8443.592573555226+0j)
6.0501082585833625,19.79850444694673,0.03207304762753494,(-1260564.53529813+2350048.3810585137j),19.79850444694673,0.03207304762753494,(-1260564.53529813-2350048.3810585137j),19.960603605827668,0.028473443091474572,(2512685.478022702+0j),27.380171468803958,3.2152760489846017e-07,(8443.592573555226+0j)
6.06780321441627,19.849982192419485,0.03207304762753494,(-1260564.53529813+2350048.3810585137j),19.849982192419485,0.03207304762753494,(-1260564.53529813-2350048.3810585137j),20.021723717471808,0.028473443091474572,(2512685.478022702+0j),27.380444508966455,3.2152760489846017e-07,(8443.592573555226+0j)
6.085498170249179,19.90291053347904,0.03207304762753494,(-1260564.53529813+2350048.3810585137j),19.90291053347904,0.03207304762753494,(-1260564.53529813-2350048.3810585137j),20.084553499959142,0.028473443091474572,(2512685.478022702+0j),27.38070195897786,3.2152760489846017e-07,(8443.592573555226+0j)
6.103193126082087,19.95728467269506,0.03207304762753494,(-1260564.53529813+2350048.3810585137j),19.95728467269506,0.03207304762753494,(-1260564.53529813-2350048.3810585137j),20.149086584288213,0.028473443091474572,(2512685.478022702+0j),27.38094511703421,3.2152760489846017e-07,(8443.592573555226+0j)
6.120888081914996,20.01309982829369,0.03207304762753494,(-1260564.53529813+2350048.3810585137j),20.01309982829369,0.03207304762753494,(-1260564.53529813-2350048.3810585137j),20.215316624829555,0.028473443091474572,(2512685.478022702+0j),27.381175141089376,3.2152760489846017e-07,(8443.592573555226+0j)
6.138583037747903,20.070351234101025,0.03207304762753494,(-1260564.53529813+2350048.3810585137j),20.070351234101025,0.03207304762753494,(-1260564.53529813-2350048.3810585137j),20.283237299230837,0.028473443091474572,(2512685.478022702+0j),27.381393067294752,3.2152760489846017e-07,(8443.592573555226+0j)
6.156277993580812,20.12903413948676,0.03207304762753494,(-1260564.53529813+2350048.3810585137j),20.12903413948676,0.03207304762753494,(-1260564.53529813-2350048.3810585137j),20.352842308322348,0.028473443091474572,(2512685.478022702+0j),27.381599825604056,3.2152760489846017e-07,(8443.592573555226+0j)
6.173972949413719,20.18914380930807,0.03207304762753494,(-1260564.53529813+2350048.3810585137j),20.18914380930807,0.03207304762753494,(-1260564.53529813-2350048.3810585137j),20.424125376022996,0.028473443091474572,(2512685.478022702+0j),27.381796253038956,3.2152760489846017e-07,(8443.592573555226+0j)
6.191667905246629,20.250675523853765,0.03207304762753494,(-1260564.53529813+2350048.3810585137j),20.250675523853765,0.03207304762753494,(-1260564.53529813-2350048.3810585137j),20.497080249246675,0.028473443091474572,(2512685.478022702+0j),27.381983105014754,3.2152760489846017e-07,(8443.592573555226+0j)
6.209362861079536,20.313624578788612,0.03207304762753494,(-1260564.53529813+2350048.3810585137j),20.313624578788612,0.03207304762753494,(-1260564.53529813-2350048.3810585137j),20.5717006978091,0.028473443091474572,(2512685.478022702+0j),27.38216106504912,3.2152760489846017e-07,(8443.592573555226+0j)
6.227057816912444,20.377986285097904,0.03207304762753494,(-1260564.53529813+2350048.3810585137j),20.377986285097904,0.03207304762753494,(-1260564.53529813-2350048.3810585137j),20.647980514335018,0.028473443091474572,(2512685.478022702+0j),27.38233075311697,3.2152760489846017e-07,(8443.592573555226+0j)
6.244752772745352,20.443755969032292,0.03207304762753494,(-1260564.53529813+2350048.3810585137j),20.443755969032292,0.03207304762753494,(-1260564.53529813-2350048.3810585137j),20.725913514165903,0.028473443091474572,(2512685.478022702+0j),27.382492732866762,3.2152760489846017e-07,(8443.592573555226+0j)
6.262447728578261,20.510928972052767,0.03207304762753494,(-1260564.53529813+2350048.3810585137j),20.510928972052767,0.03207304762753494,(-1260564.53529813-2350048.3810585137j),20.805493535268013,0.028473443091474572,(2512685.478022702+0j),27.382647517875224,3.2152760489846017e-07,(8443.592573555226+0j)
6.280142684411169,20.579500650775923,0.03207304762753494,(-1260564.53529813+2350048.3810585137j),20.579500650775923,0.03207304762753494,(-1260564.53529813-2350048.3810585137j),20.886714438140917,0.028473443091474572,(2512685.478022702+0j),27.382795577086668,3.2152760489846017e-07,(8443.592573555226+0j)
6.297837640244077,20.649466376919424,0.03207304762753494,(-1260564.53529813+2350048.3810585137j),20.649466376919424,0.03207304762753494,(-1260564.53529813-2350048.3810585137j),20.96957010572636,0.028473443091474572,(2512685.478022702+0j),27.38293733955842,3.2152760489846017e-07,(8443.592573555226+0j)
6.315532596076985,20.72082153724768,0.03207304762753494,(-1260564.53529813+2350048.3810585137j),20.72082153724768,0.03207304762753494,(-1260564.53529813-2350048.3810585137j),21.05405444331764,0.028473443091474572,(2512685.478022702+0j),27.3830731986133,3.2152760489846017e-07,(8443.592573555226+0j)
6.333227551909893,20.79356153351775,0.03207304762753494,(-1260564.53529813+2350048.3810585137j),20.79356153351775,0.03207304762753494,(-1260564.53529813-2350048.3810585137j),21.140161378469326,0.028473443091474572,(2512685.478022702+0j),27.383203515484016,3.2152760489846017e-07,(8443.592573555226+0j)
6.350922507742801,20.867681782425475,0.03207304762753494,(-1260564.53529813+2350048.3810585137j),20.867681782425475,0.03207304762753494,(-1260564.53529813-2350048.3810585137j),21.2278848609074,0.028473443091474572,(2512685.478022702+0j),27.3833286225204,3.2152760489846017e-07,(8443.592573555226+0j)
6.36861746357571,20.943177715551816,0.03207304762753494,(-1260564.53529813+2350048.3810585137j),20.943177715551816,0.03207304762753494,(-1260564.53529813-2350048.3810585137j),21.317218862439816,0.028473443091474572,(2512685.478022702+0j),27.383448826019563,3.2152760489846017e-07,(8443.592573555226+0j)
6.386312419408618,21.02004477930939,0.03207304762753494,(-1260564.53529813+2350048.3810585137j),21.02004477930939,0.03207304762753494,(-1260564.53529813-2350048.3810585137j),21.40815737686747,0.028473443091474572,(2512685.478022702+0j),27.383564408729647,3.2152760489846017e-07,(8443.592573555226+0j)
6.404007375241526,21.09827843488928,0.03207304762753494,(-1260564.53529813+2350048.3810585137j),21.09827843488928,0.03207304762753494,(-1260564.53529813-2350048.3810585137j),21.50069441989555,0.028473443091474572,(2512685.478022702+0j),27.383675632070275,3.2152760489846017e-07,(8443.592573555226+0j)
6.421702331074434,21.177874158207988,0.03207304762753494,(-1260564.53529813+2350048.3810585137j),21.177874158207988,0.03207304762753494,(-1260564.53529813-2350048.3810585137j),21.5948240290453,0.028473443091474572,(2512685.478022702+0j),27.383782738106436,3.2152760489846017e-07,(8443.592573555226+0j)
6.439397286907343,21.25882743985464,0.03207304762753494,(-1260564.53529813+2350048.3810585137j),21.25882743985464,0.03207304762753494,(-1260564.53529813-2350048.3810585137j),21.690540263566177,0.028473443091474572,(2512685.478022702+0j),27.38388595130711,3.2152760489846017e-07,(8443.592573555226+0j)
6.457092242740251,21.341133785038416,0.03207304762753494,(-1260564.53529813+2350048.3810585137j),21.341133785038416,0.03207304762753494,(-1260564.53529813-2350048.3810585137j),21.78783720434843,0.028473443091474572,(2512685.478022702+0j),27.383985480115573,3.2152760489846017e-07,(8443.592573555226+0j)
6.474787198573159,21.42478871353614,0.03207304762753494,(-1260564.53529813+2350048.3810585137j),21.42478871353614,0.03207304762753494,(-1260564.53529813-2350048.3810585137j),21.886708953836035,0.028473443091474572,(2512685.478022702+0j),27.38408151835452,3.2152760489846017e-07,(8443.592573555226+0j)
6.4924821544060665,21.509787759640165,0.03207304762753494,(-1260564.53529813+2350048.3810585137j),21.509787759640165,0.03207304762753494,(-1260564.53529813-2350048.3810585137j),21.987149635940046,0.028473443091474572,(2512685.478022702+0j),27.384174246485813,3.2152760489846017e-07,(8443.592573555226+0j)
6.510177110238975,21.59612647210636,0.03207304762753494,(-1260564.53529813+2350048.3810585137j),21.59612647210636,0.03207304762753494,(-1260564.53529813-2350048.3810585137j),22.089153395952323,0.028473443091474572,(2512685.478022702+0j),27.38426383274228,3.2152760489846017e-07,(8443.592573555226+0j)
6.527872066071883,21.6838004141024,0.03207304762753494,(-1260564.53529813+2350048.3810585137j),21.6838004141024,0.03207304762753494,(-1260564.53529813-2350048.3810585137j),22.192714400459682,0.028473443091474572,(2512685.478022702+0j),27.384350434146327,3.2152760489846017e-07,(8443.592573555226+0j)
6.545567021904792,21.772805163156217,0.03207304762753494,(-1260564.53529813+2350048.3810585137j),21.772805163156217,0.03207304762753494,(-1260564.53529813-2350048.3810585137j),22.297826837258384,0.028473443091474572,(2512685.478022702+0j),27.38443419742838,3.2152760489846017e-07,(8443.592573555226+0j)
6.5632619777376995,21.86313631110465,0.03207304762753494,(-1260564.53529813+2350048.3810585137j),21.86313631110465,0.03207304762753494,(-1260564.53529813-2350048.3810585137j),22.404484915269048,0.028473443091474572,(2512685.478022702+0j),27.38451525985659,3.2152760489846017e-07,(8443.592573555226+0j)
6.580956933570608,21.954789464042364,0.03207304762753494,(-1260564.53529813+2350048.3810585137j),21.954789464042364,0.03207304762753494,(-1260564.53529813-2350048.3810585137j),22.51268286445191,0.028473443091474572,(2512685.478022702+0j),27.3845937499874,3.2152760489846017e-07,(8443.592573555226+0j)
6.598651889403516,22.047760242270847,0.03207304762753494,(-1260564.53529813+2350048.3810585137j),22.047760242270847,0.03207304762753494,(-1260564.53529813-2350048.3810585137j),22.62241493572252,0.028473443091474572,(2512685.478022702+0j),27.384669788345914,3.2152760489846017e-07,(8443.592573555226+0j)
6.616346845236425,22.14204428024779,0.03207304762753494,(-1260564.53529813+2350048.3810585137j),22.14204428024779,0.03207304762753494,(-1260564.53529813-2350048.3810585137j),22.73367540086775,0.028473443091474572,(2512685.478022702+0j),27.384743488043416,3.2152760489846017e-07,(8443.592573555226+0j)
6.6340418010693325,22.237637226536492,0.03207304762753494,(-1260564.53529813+2350048.3810585137j),22.237637226536492,0.03207304762753494,(-1260564.53529813-2350048.3810585137j),22.846458552462217,0.028473443091474572,(2512685.478022702+0j),27.384814955338793,3.2152760489846017e-07,(8443.592573555226+0j)
6.651736756902241,22.334534743755587,0.03207304762753494,(-1260564.53529813+2350048.3810585137j),22.334534743755587,0.03207304762753494,(-1260564.53529813-2350048.3810585137j),22.9607587037851,0.028473443091474572,(2512685.478022702+0j),27.38488429014969,3.2152760489846017e-07,(8443.592573555226+0j)
6.669431712735149,22.432732508528918,0.03207304762753494,(-1260564.53529813+2350048.3810585137j),22.432732508528918,0.03207304762753494,(-1260564.53529813-2350048.3810585137j),23.07657018873728,0.028473443091474572,(2512685.478022702+0j),27.384951586518607,3.2152760489846017e-07,(8443.592573555226+0j)
6.687126668568057,22.532226211435642,0.03207304762753494,(-1260564.53529813+2350048.3810585137j),22.532226211435642,0.03207304762753494,(-1260564.53529813-2350048.3810585137j),23.19388736175889,0.028473443091474572,(2512685.478022702+0j),27.385016933038454,3.2152760489846017e-07,(8443.592573555226+0j)
6.7048216244009655,22.633011556960497,0.03207304762753494,(-1260564.53529813+2350048.3810585137j),22.633011556960497,0.03207304762753494,(-1260564.53529813-2350048.3810585137j),23.31270459774723,0.028473443091474572,(2512685.478022702+0j),27.385080413241653,3.2152760489846017e-07,(8443.592573555226+0j)
6.722516580233873,22.735084263444296,0.03207304762753494,(-1260564.53529813+2350048.3810585137j),22.735084263444296,0.03207304762753494,(-1260564.53529813-2350048.3810585137j),23.433016291975026,0.028473443091474572,(2512685.478022702+0j),27.3851421059564,3.2152760489846017e-07,(8443.592573555226+0j)
6.740211536066782,22.83844006303463,0.03207304762753494,(-1260564.53529813+2350048.3810585137j),22.83844006303463,0.03207304762753494,(-1260564.53529813-2350048.3810585137j),23.55481686000908,0.028473443091474572,(2512685.478022702+0j),27.38520208563319,3.2152760489846017e-07,(8443.592573555226+0j)
6.75790649189969,22.94307470163671,0.03207304762753494,(-1260564.53529813+2350048.3810585137j),22.94307470163671,0.03207304762753494,(-1260564.53529813-2350048.3810585137j),23.678100737629283,0.028473443091474572,(2512685.478022702+0j),27.38526042264455,3.2152760489846017e-07,(8443.592573555226+0j)
6.7756014477325985,23.048983938864488,0.03207304762753494,(-1260564.53529813+2350048.3810585137j),23.048983938864488,0.03207304762753494,(-1260564.53529813-2350048.3810585137j),23.80286238074797,0.028473443091474572,(2512685.478022702+0j),27.385317183560517,3.2152760489846017e-07,(8443.592573555226+0j)
6.793296403565506,23.156163547991902,0.03207304762753494,(-1260564.53529813+2350048.3810585137j),23.156163547991902,0.03207304762753494,(-1260564.53529813-2350048.3810585137j),23.929096265329672,0.028473443091474572,(2512685.478022702+0j),27.385372431401994,3.2152760489846017e-07,(8443.592573555226+0j)
6.810991359398415,23.26460931590435,0.03207304762753494,(-1260564.53529813+2350048.3810585137j),23.26460931590435,0.03207304762753494,(-1260564.53529813-2350048.3810585137j),24.056796887311172,0.028473443091474572,(2512685.478022702+0j),27.385426225874188,3.2152760489846017e-07,(8443.592573555226+0j)
6.828686315231322,23.374317043050365,0.03207304762753494,(-1260564.53529813+2350048.3810585137j),23.374317043050365,0.03207304762753494,(-1260564.53529813-2350048.3810585137j),24.185958762521974,0.028473443091474572,(2512685.478022702+0j),27.38547862358184,3.2152760489846017e-07,(8443.592573555226+0j)
6.846381271064231,23.485282543393424,0.03207304762753494,(-1260564.53529813+2350048.3810585137j),23.485282543393424,0.03207304762753494,(-1260564.53529813-2350048.3810585137j),24.316576426605103,0.028473443091474572,(2512685.478022702+0j),27.385529678227897,3.2152760489846017e-07,(8443.592573555226+0j)
6.864076226897139,23.59750164436404,0.03207304762753494,(-1260564.53529813+2350048.3810585137j),23.59750164436404,0.03207304762753494,(-1260564.53529813-2350048.3810585137j),24.448644434938227,0.028473443091474572,(2512685.478022702+0j),27.3855794407971,3.2152760489846017e-07,(8443.592573555226+0j)
6.881771182730048,23.71097018681199,0.03207304762753494,(-1260564.53529813+2350048.3810585137j),23.71097018681199,0.03207304762753494,(-1260564.53529813-2350048.3810585137j),24.58215736255522,0.028473443091474572,(2512685.478022702+0j),27.385627959725824,3.2152760489846017e-07,(8443.592573555226+0j)
6.899466138562955,23.825684024958704,0.03207304762753494,(-1260564.53529813+2350048.3810585137j),23.825684024958704,0.03207304762753494,(-1260564.53529813-2350048.3810585137j),24.717109804067952,0.028473443091474572,(2512685.478022702+0j),27.385675281059342,3.2152760489846017e-07,(8443.592573555226+0j)
6.917161094395864,23.94163902634992,0.03207304762753494,(-1260564.53529813+2350048.3810585137j),23.94163902634992,0.03207304762753494,(-1260564.53529813-2350048.3810585137j),24.85349637358855,0.028473443091474572,(2512685.478022702+0j),27.385721448597543,3.2152760489846017e-07,(8443.592573555226+0j)
6.934856050228772,24.05883107180847,0.03207304762753494,(-1260564.53529813+2350048.3810585137j),24.05883107180847,0.03207304762753494,(-1260564.53529813-2350048.3810585137j),24.991311704651892,0.028473443091474572,(2512685.478022702+0j),27.38576650403018,3.2152760489846017e-07,(8443.592573555226+0j)
6.952551006061681,24.177256055387254,0.03207304762753494,(-1260564.53529813+2350048.3810585137j),24.177256055387254,0.03207304762753494,(-1260564.53529813-2350048.3810585137j),25.130550450138557,0.028473443091474572,(2512685.478022702+0j),27.38581048706242,3.2152760489846017e-07,(8443.592573555226+0j)
6.970245961894588,24.296909884322453,0.03207304762753494,(-1260564.53529813+2350048.3810585137j),24.296909884322453,0.03207304762753494,(-1260564.53529813-2350048.3810585137j),25.271207282198027,0.028473443091474572,(2512685.478022702+0j),27.385853435531573,3.2152760489846017e-07,(8443.592573555226+0j)
6.987940917727496,24.417788478986857,0.03207304762753494,(-1260564.53529813+2350048.3810585137j),24.417788478986857,0.03207304762753494,(-1260564.53529813-2350048.3810585137j),25.413276892172263,0.028473443091474572,(2512685.478022702+0j),27.385895385515592,3.2152760489846017e-07,(8443.592573555226+0j)
7.005635873560404,24.539887772843432,0.03207304762753494,(-1260564.53529813+2350048.3810585137j),24.539887772843432,0.03207304762753494,(-1260564.53529813-2350048.3810585137j),25.556753990519645,0.028473443091474572,(2512685.478022702+0j),27.385936371434227,3.2152760489846017e-07,(8443.592573555226+0j)
7.023330829393312,24.663203712399046,0.03207304762753494,(-1260564.53529813+2350048.3810585137j),24.663203712399046,0.03207304762753494,(-1260564.53529813-2350048.3810585137j),25.701633306739218,0.028473443091474572,(2512685.478022702+0j),27.385976426143156,3.2152760489846017e-07,(8443.592573555226+0j)
7.041025785226221,24.787732257158368,0.03207304762753494,(-1260564.53529813+2350048.3810585137j),24.787732257158368,0.03207304762753494,(-1260564.53529813-2350048.3810585137j),25.847909589295277,0.028473443091474572,(2512685.478022702+0j),27.386015581021862,3.2152760489846017e-07,(8443.592573555226+0j)
7.058720741059129,24.913469379578004,0.03207304762753494,(-1260564.53529813+2350048.3810585137j),24.913469379578004,0.03207304762753494,(-1260564.53529813-2350048.3810585137j),25.995577605542298,0.028473443091474572,(2512685.478022702+0j),27.38605386605561,3.2152760489846017e-07,(8443.592573555226+0j)
7.076415696892037,25.040411065020727,0.03207304762753494,(-1260564.53529813+2350048.3810585137j),25.040411065020727,0.03207304762753494,(-1260564.53529813-2350048.3810585137j),26.14463214165021,0.028473443091474572,(2512685.478022702+0j),27.386091309912015,3.2152760489846017e-07,(8443.592573555226+0j)
7.094110652724946,25.168553311709978,0.03207304762753494,(-1260564.53529813+2350048.3810585137j),25.168553311709978,0.03207304762753494,(-1260564.53529813-2350048.3810585137j),26.295068002529973,0.028473443091474572,(2512685.478022702+0j),27.386127940012653,3.2152760489846017e-07,(8443.592573555226+0j)
7.111805608557854,25.29789213068447,0.03207304762753494,(-1260564.53529813+2350048.3810585137j),25.29789213068447,0.03207304762753494,(-1260564.53529813-2350048.3810585137j),26.446880011759486,0.028473443091474572,(2512685.478022702+0j),27.386163782600008,3.2152760489846017e-07,(8443.592573555226+0j)
7.129500564390762,25.42842354575305,0.03207304762753494,(-1260564.53529813+2350048.3810585137j),25.42842354575305,0.03207304762753494,(-1260564.53529813-2350048.3810585137j),26.600063011509874,0.028473443091474572,(2512685.478022702+0j),27.3861988628002,3.2152760489846017e-07,(8443.592573555226+0j)
7.14719552022367,25.56014359344965,0.03207304762753494,(-1260564.53529813+2350048.3810585137j),25.56014359344965,0.03207304762753494,(-1260564.53529813-2350048.3810585137j),26.75461186247202,0.028473443091474572,(2512685.478022702+0j),27.386233204681712,3.2152760489846017e-07,(8443.592573555226+0j)
7.164890476056578,25.69304832298848,0.03207304762753494,(-1260564.53529813+2350048.3810585137j),25.69304832298848,0.03207304762753494,(-1260564.53529813-2350048.3810585137j),26.910521443783495,0.028473443091474572,(2512685.478022702+0j),27.38626683131045,3.2152760489846017e-07,(8443.592573555226+0j)
7.182585431889486,25.827133796219417,0.03207304762753494,(-1260564.53529813+2350048.3810585137j),25.827133796219417,0.03207304762753494,(-1260564.53529813-2350048.3810585137j),27.067786652955764,0.028473443091474572,(2512685.478022702+0j),27.38629976480142,3.2152760489846017e-07,(8443.592573555226+0j)
7.200280387722395,25.96239608758346,0.03207304762753494,(-1260564.53529813+2350048.3810585137j),25.96239608758346,0.03207304762753494,(-1260564.53529813-2350048.3810585137j),27.22640240580174,0.028473443091474572,(2512685.478022702+0j),27.38633202636722,3.2152760489846017e-07,(8443.592573555226+0j)
7.2179753435553025,26.098831284068503,0.03207304762753494,(-1260564.53529813+2350048.3810585137j),26.098831284068503,0.03207304762753494,(-1260564.53529813-2350048.3810585137j),27.386363636363633,0.028473443091474572,(2512685.478022702+0j),27.38636363636362,3.2152760489846017e-07,(8443.592573555226+0j)
7.2179753435553025,27.386363636363622,0.04710150855861693,(-1322637.8694286635+2421648.0270744707j),27.386363636363622,0.04710150855861693,(-1322637.8694286635-2421648.0270744707j),27.386363636363622,0.04312803243397039,(2640351.358419825+0j),27.386363636363622,1.500166259169075e-07,(4924.380437501991+0j)
7.237636405591868,27.386844012176773,0.04710150855861693,(-1322637.8694286635+2421648.0270744707j),27.386844012176773,0.04710150855861693,(-1322637.8694286635-2421648.0270744707j),27.3869118634644,0.04312803243397039,(2640351.358419825+0j),32.23644807496582,1.500166259169075e-07,(4924.380437501991+0j)
7.257297467628431,27.388283537144833,0.04710150855861693,(-1322637.8694286635+2421648.0270744707j),27.388283537144833,0.04710150855861693,(-1322637.8694286635-2421648.0270744707j),27.38855454765156,0.04312803243397039,(2640351.358419825+0j),32.27338430008806,1.500166259169075e-07,(4924.380437501991+0j)
7.276958529664997,27.390679812069205,0.04710150855861693,(-1322637.8694286635+2421648.0270744707j),27.390679812069205,0.04710150855861693,(-1322637.8694286635-2421648.0270744707j),27.391288699387992,0.04312803243397039,(2640351.358419825+0j),32.28579017857807,1.500166259169075e-07,(4924.380437501991+0j)
7.296619591701561,27.394030443749266,0.04710150855861693,(-1322637.8694286635+2421648.0270744707j),27.394030443749266,0.04710150855861693,(-1322637.8694286635-2421648.0270744707j),27.395111337297628,0.04312803243397039,(2640351.358419825+0j),32.292010840006235,1.500166259169075e-07,(4924.380437501991+0j)
7.316280653738126,27.39833304496572,0.04710150855861693,(-1322637.8694286635+2421648.0270744707j),27.39833304496572,0.04710150855861693,(-1322637.8694286635-2421648.0270744707j),27.400019488140707,0.04312803243397039,(2640351.358419825+0j),32.29574892524918,1.500166259169075e-07,(4924.380437501991+0j)
7.33594171577469,27.403585234463996,0.04710150855861693,(-1322637.8694286635+2421648.0270744707j),27.403585234463996,0.04710150855861693,(-1322637.8694286635-2421648.0270744707j),27.4060101867891,0.04312803243397039,(2640351.358419825+0j),32.298243356253096,1.500166259169075e-07,(4924.380437501991+0j)
7.355602777811255,27.40978463693769,0.04710150855861693,(-1322637.8694286635+2421648.0270744707j),27.40978463693769,0.04710150855861693,(-1322637.8694286635-2421648.0270744707j),27.413080476201742,0.04312803243397039,(2640351.358419825+0j),32.30002625681214,1.500166259169075e-07,(4924.380437501991+0j)
7.375263839847819,27.416928883012073,0.04710150855861693,(-1322637.8694286635+2421648.0270744707j),27.416928883012073,0.04710150855861693,(-1322637.8694286635-2421648.0270744707j),27.42122740740016,0.04312803243397039,(2640351.358419825+0j),32.301364069349084,1.500166259169075e-07,(4924.380437501991+0j)
7.394924901884384,27.425015609227646,0.04710150855861693,(-1322637.8694286635+2421648.0270744707j),27.425015609227646,0.04710150855861693,(-1322637.8694286635-2421648.0270744707j),27.430448039444038,0.04312803243397039,(2640351.358419825+0j),32.302404967975576,1.500166259169075e-07,(4924.380437501991+0j)
7.414585963920949,27.43404245802374,0.04710150855861693,(-1322637.8694286635+2421648.0270744707j),27.43404245802374,0.04710150855861693,(-1322637.8694286635-2421648.0270744707j),27.440739439406904,0.04312803243397039,(2640351.358419825+0j),32.30323792497205,1.500166259169075e-07,(4924.380437501991+0j)
7.434247025957513,27.444007077722183,0.04710150855861693,(-1322637.8694286635+2421648.0270744707j),27.444007077722183,0.04710150855861693,(-1322637.8694286635-2421648.0270744707j),27.452098682351917,0.04312803243397039,(2640351.358419825+0j),32.303919592714834,1.500166259169075e-07,(4924.380437501991+0j)
7.453908087994078,27.45490712251099,0.04710150855861693,(-1322637.8694286635+2421648.0270744707j),27.45490712251099,0.04710150855861693,(-1322637.8694286635-2421648.0270744707j),27.464522851307663,0.04312803243397039,(2640351.358419825+0j),32.304487757460365,1.500166259169075e-07,(4924.380437501991+0j)
7.473569150030642,27.46674025242812,0.04710150855861693,(-1322637.8694286635+2421648.0270744707j),27.46674025242812,0.04710150855861693,(-1322637.8694286635-2421648.0270744707j),27.478009037244107,0.04312803243397039,(2640351.358419825+0j),32.304968589157674,1.500166259169075e-07,(4924.380437501991+0j)
7.493230212067207,27.479504133345312,0.04710150855861693,(-1322637.8694286635+2421648.0270744707j),27.479504133345312,0.04710150855861693,(-1322637.8694286635-2421648.0270744707j),27.4925543390486,0.04312803243397039,(2640351.358419825+0j),32.30538078673846,1.500166259169075e-07,(4924.380437501991+0j)
7.5128912741037706,27.49319643695191,0.04710150855861693,(-1322637.8694286635+2421648.0270744707j),27.49319643695191,0.04710150855861693,(-1322637.8694286635-2421648.0270744707j),27.50815586350195,0.04312803243397039,(2640351.358419825+0j),32.30573806655628,1.500166259169075e-07,(4924.380437501991+0j)
7.532552336140336,27.507814840738785,0.04710150855861693,(-1322637.8694286635+2421648.0270744707j),27.507814840738785,0.04710150855861693,(-1322637.8694286635-2421648.0270744707j),27.52481072525461,0.04312803243397039,(2640351.358419825+0j),32.30605071832859,1.500166259169075e-07,(4924.380437501991+0j)
7.5522133981768995,27.523357027982307,0.04710150855861693,(-1322637.8694286635+2421648.0270744707j),27.523357027982307,0.04710150855861693,(-1322637.8694286635-2421648.0270744707j),27.542516046802913,0.04312803243397039,(2640351.358419825+0j),32.30632661229249,1.500166259169075e-07,(4924.380437501991+0j)
7.571874460213465,27.53982068772833,0.04710150855861693,(-1322637.8694286635+2421648.0270744707j),27.53982068772833,0.04710150855861693,(-1322637.8694286635-2421648.0270744707j),27.561268958465405,0.04312803243397039,(2640351.358419825+0j),32.306571870855244,1.500166259169075e-07,(4924.380437501991+0j)
7.591535522250029,27.55720351477626,0.04710150855861693,(-1322637.8694286635+2421648.0270744707j),27.55720351477626,0.04710150855861693,(-1322637.8694286635-2421648.0270744707j),27.58106659835926,0.04312803243397039,(2640351.358419825+0j),32.30679132827257,1.500166259169075e-07,(4924.380437501991+0j)
7.611196584286594,27.575503209663164,0.04710150855861693,(-1322637.8694286635+2421648.0270744707j),27.575503209663164,0.04710150855861693,(-1322637.8694286635-2421648.0270744707j),27.601906112376764,0.04312803243397039,(2640351.358419825+0j),32.30698885250217,1.500166259169075e-07,(4924.380437501991+0j)
7.630857646323158,27.594717478647937,0.04710150855861693,(-1322637.8694286635+2421648.0270744707j),27.594717478647937,0.04710150855861693,(-1322637.8694286635-2421648.0270744707j),27.62378465416189,0.04312803243397039,(2640351.358419825+0j),32.30716757514939,1.500166259169075e-07,(4924.380437501991+0j)
7.650518708359723,27.61484403369548,0.04710150855861693,(-1322637.8694286635+2421648.0270744707j),27.61484403369548,0.04710150855861693,(-1322637.8694286635-2421648.0270744707j),27.646699385086954,0.04312803243397039,(2640351.358419825+0j),32.30733005873293,1.500166259169075e-07,(4924.380437501991+0j)
7.670179770396287,27.63588059246099,0.04710150855861693,(-1322637.8694286635+2421648.0270744707j),27.63588059246099,0.04710150855861693,(-1322637.8694286635-2421648.0270744707j),27.670647474229316,0.04312803243397039,(2640351.358419825+0j),32.307478420337766,1.500166259169075e-07,(4924.380437501991+0j)
7.689840832432852,27.657824878274234,0.04710150855861693,(-1322637.8694286635+2421648.0270744707j),27.657824878274234,0.04710150855861693,(-1322637.8694286635-2421648.0270744707j),27.695626098348228,0.04312803243397039,(2640351.358419825+0j),32.30761442436964,1.500166259169075e-07,(4924.380437501991+0j)
7.709501894469416,27.680674620123924,0.04710150855861693,(-1322637.8694286635+2421648.0270744707j),27.680674620123924,0.04710150855861693,(-1322637.8694286635-2421648.0270744707j),27.72163244186168,0.04312803243397039,(2640351.358419825+0j),32.30773955305857,1.500166259169075e-07,(4924.380437501991+0j)
7.729162956505981,27.7044275526421,0.04710150855861693,(-1322637.8694286635+2421648.0270744707j),27.7044275526421,0.04710150855861693,(-1322637.8694286635-2421648.0270744707j),27.74866369682338,0.04312803243397039,(2640351.358419825+0j),32.30785506069958,1.500166259169075e-07,(4924.380437501991+0j)
7.748824018542545,27.729081416088597,0.04710150855861693,(-1322637.8694286635+2421648.0270744707j),27.729081416088597,0.04710150855861693,(-1322637.8694286635-2421648.0270744707j),27.77671706289982,0.04312803243397039,(2640351.358419825+0j),32.30796201584494,1.500166259169075e-07,(4924.380437501991+0j)
7.76848508057911,27.75463395633553,0.04710150855861693,(-1322637.8694286635+2421648.0270744707j),27.75463395633553,0.04710150855861693,(-1322637.8694286635-2421648.0270744707j),27.805789747347347,0.04312803243397039,(2640351.358419825+0j),32.30806133445899,1.500166259169075e-07,(4924.380437501991+0j)
7.788146142615674,27.781082924851844,0.04710150855861693,(-1322637.8694286635+2421648.0270744707j),27.781082924851844,0.04710150855861693,(-1322637.8694286635-2421648.0270744707j),27.835878964989387,0.04312803243397039,(2640351.358419825+0j),32.30815380621601,1.500166259169075e-07,(4924.380437501991+0j)
7.8078072046522395,27.80842607868791,0.04710150855861693,(-1322637.8694286635+2421648.0270744707j),27.80842607868791,0.04710150855861693,(-1322637.8694286635-2421648.0270744707j),27.866981938193735,0.04312803243397039,(2640351.358419825+0j),32.308240115540556,1.500166259169075e-07,(4924.380437501991+0j)
7.827468266688804,27.83666118046015,0.04710150855861693,(-1322637.8694286635+2421648.0270744707j),27.83666118046015,0.04710150855861693,(-1322637.8694286635-2421648.0270744707j),27.89909589684986,0.04312803243397039,(2640351.358419825+0j),32.30832085857691,1.500166259169075e-07,(4924.380437501991+0j)
7.847129328725368,27.865785998335767,0.04710150855861693,(-1322637.8694286635+2421648.0270744707j),27.865785998335767,0.04710150855861693,(-1322637.8694286635-2421648.0270744707j),27.932218078346374,0.04312803243397039,(2640351.358419825+0j),32.308396556977996,1.500166259169075e-07,(4924.380437501991+0j)
7.866790390761934,27.895798306017422,0.04710150855861693,(-1322637.8694286635+2421648.0270744707j),27.895798306017422,0.04710150855861693,(-1322637.8694286635-2421648.0270744707j),27.966345727548518,0.04312803243397039,(2640351.358419825+0j),32.30846766918799,1.500166259169075e-07,(4924.380437501991+0j)
7.8864514527984975,27.926695882728065,0.04710150855861693,(-1322637.8694286635+2421648.0270744707j),27.926695882728065,0.04710150855861693,(-1322637.8694286635-2421648.0270744707j),28.001476096775725,0.04312803243397039,(2640351.358419825+0j),32.30853459973463,1.500166259169075e-07,(4924.380437501991+0j)
7.906112514835062,27.95847651319575,0.04710150855861693,(-1322637.8694286635+2421648.0270744707j),27.95847651319575,0.04710150855861693,(-1322637.8694286635-2421648.0270744707j),28.037606445779303,0.04312803243397039,(2640351.358419825+0j),32.30859770692899,1.500166259169075e-07,(4924.380437501991+0j)
7.925773576871627,27.991137987638496,0.04710150855861693,(-1322637.8694286635+2421648.0270744707j),27.991137987638496,0.04710150855861693,(-1322637.8694286635-2421648.0270744707j),28.074734041720152,0.04312803243397039,(2640351.358419825+0j),32.3086573092825,1.500166259169075e-07,(4924.380437501991+0j)
7.945434638908192,28.02467810174924,0.04710150855861693,(-1322637.8694286635+2421648.0270744707j),28.02467810174924,0.04710150855861693,(-1322637.8694286635-2421648.0270744707j),28.112856159146556,0.04312803243397039,(2640351.358419825+0j),32.30871369088356,1.500166259169075e-07,(4924.380437501991+0j)
7.965095700944755,28.05909465668079,0.04710150855861693,(-1322637.8694286635+2421648.0270744707j),28.05909465668079,0.04710150855861693,(-1322637.8694286635-2421648.0270744707j),28.151970079972074,0.04312803243397039,(2640351.358419825+0j),32.30876710592552,1.500166259169075e-07,(4924.380437501991+0j)
7.98475676298132,28.094385459030832,0.04710150855861693,(-1322637.8694286635+2421648.0270744707j),28.094385459030832,0.04710150855861693,(-1322637.8694286635-2421648.0270744707j),28.192073093453505,0.04312803243397039,(2640351.358419825+0j),32.30881778253826,1.500166259169075e-07,(4924.380437501991+0j)
8.004417825017885,28.13054832082702,0.04710150855861693,(-1322637.8694286635+2421648.0270744707j),28.13054832082702,0.04710150855861693,(-1322637.8694286635-2421648.0270744707j),28.233162496168884,0.04312803243397039,(2640351.358419825+0j),32.30886592604526,1.500166259169075e-07,(4924.380437501991+0j)
8.024078887054449,28.16758105951205,0.04710150855861693,(-1322637.8694286635+2421648.0270744707j),28.16758105951205,0.04710150855861693,(-1322637.8694286635-2421648.0270744707j),28.275235591995614,0.04312803243397039,(2640351.358419825+0j),32.30891172174394,1.500166259169075e-07,(4924.380437501991+0j)
8.043739949091014,28.205481497928854,0.04710150855861693,(-1322637.8694286635+2421648.0270744707j),28.205481497928854,0.04710150855861693,(-1322637.8694286635-2421648.0270744707j),28.318289692088623,0.04312803243397039,(2640351.358419825+0j),32.30895533728923,1.500166259169075e-07,(4924.380437501991+0j)
8.063401011127578,28.244247464305765,0.04710150855861693,(-1322637.8694286635+2421648.0270744707j),28.244247464305765,0.04710150855861693,(-1322637.8694286635-2421648.0270744707j),28.36232211485862,0.04312803243397039,(2640351.358419825+0j),32.30899692474436,1.500166259169075e-07,(4924.380437501991+0j)
8.083062073164143,28.283876792241784,0.04710150855861693,(-1322637.8694286635+2421648.0270744707j),28.283876792241784,0.04710150855861693,(-1322637.8694286635-2421648.0270744707j),28.407330185950407,0.04312803243397039,(2640351.358419825+0j),32.30903662235226,1.500166259169075e-07,(4924.380437501991+0j)
8.102723135200707,28.32436732069187,0.04710150855861693,(-1322637.8694286635+2421648.0270744707j),28.32436732069187,0.04710150855861693,(-1322637.8694286635-2421648.0270744707j),28.453311238221293,0.04312803243397039,(2640351.358419825+0j),32.309074556070684,1.500166259169075e-07,(4924.380437501991+0j)
8.122384197237272,28.365716893952257,0.04710150855861693,(-1322637.8694286635+2421648.0270744707j),28.365716893952257,0.04710150855861693,(-1322637.8694286635-2421648.0270744707j),28.50026261171953,0.04312803243397039,(2640351.358419825+0j),32.3091108409073,1.500166259169075e-07,(4924.380437501991+0j)
8.142045259273837,28.407923361645867,0.04710150855861693,(-1322637.8694286635+2421648.0270744707j),28.407923361645867,0.04710150855861693,(-1322637.8694286635-2421648.0270744707j),28.548181653662883,0.04312803243397039,(2640351.358419825+0j),32.30914558208425,1.500166259169075e-07,(4924.380437501991+0j)
8.161706321310401,28.45098457870771,0.04710150855861693,(-1322637.8694286635+2421648.0270744707j),28.45098457870771,0.04710150855861693,(-1322637.8694286635-2421648.0270744707j),28.59706571841722,0.04312803243397039,(2640351.358419825+0j),32.30917887605726,1.500166259169075e-07,(4924.380437501991+0j)
8.181367383346965,28.494898405370364,0.04710150855861693,(-1322637.8694286635+2421648.0270744707j),28.494898405370364,0.04710150855861693,(-1322637.8694286635-2421648.0270744707j),28.6469121674752,0.04312803243397039,(2640351.358419825+0j),32.30921081140996,1.500166259169075e-07,(4924.380437501991+0j)
8.20102844538353,28.539662707149507,0.04710150855861693,(-1322637.8694286635+2421648.0270744707j),28.539662707149507,0.04710150855861693,(-1322637.8694286635-2421648.0270744707j),28.697718369435023,0.04312803243397039,(2640351.358419825+0j),32.30924146964092,1.500166259169075e-07,(4924.380437501991+0j)
8.220689507420095,28.585275354829438,0.04710150855861693,(-1322637.8694286635+2421648.0270744707j),28.585275354829438,0.04710150855861693,(-1322637.8694286635-2421648.0270744707j),28.74948169997927,0.04312803243397039,(2640351.358419825+0j),32.30927092585808,1.500166259169075e-07,(4924.380437501991+0j)
8.240350569456659,28.631734224448735,0.04710150855861693,(-1322637.8694286635+2421648.0270744707j),28.631734224448735,0.04710150855861693,(-1322637.8694286635-2421648.0270744707j),28.80219954185378,0.04312803243397039,(2640351.358419825+0j),32.30929924939313,1.500166259169075e-07,(4924.380437501991+0j)
8.260011631493223,28.679037197285847,0.04710150855861693,(-1322637.8694286635+2421648.0270744707j),28.679037197285847,0.04710150855861693,(-1322637.8694286635-2421648.0270744707j),28.85586928484662,0.04312803243397039,(2640351.358419825+0j),32.309326504346316,1.500166259169075e-07,(4924.380437501991+0j)
8.279672693529788,28.72718215984484,0.04710150855861693,(-1322637.8694286635+2421648.0270744707j),28.72718215984484,0.04710150855861693,(-1322637.8694286635-2421648.0270744707j),28.910488325767126,0.04312803243397039,(2640351.358419825+0j),32.30935275007071,1.500166259169075e-07,(4924.380437501991+0j)
8.299333755566353,28.776167003841095,0.04710150855861693,(-1322637.8694286635+2421648.0270744707j),28.776167003841095,0.04710150855861693,(-1322637.8694286635-2421648.0270744707j),28.966054068425017,0.04312803243397039,(2640351.358419825+0j),32.30937804160369,1.500166259169075e-07,(4924.380437501991+0j)
8.318994817602917,28.825989626187106,0.04710150855861693,(-1322637.8694286635+2421648.0270744707j),28.825989626187106,0.04710150855861693,(-1322637.8694286635-2421648.0270744707j),29.02256392360955,0.04312803243397039,(2640351.358419825+0j),32.30940243005224,1.500166259169075e-07,(4924.380437501991+0j)
8.338655879639482,28.876647928978304,0.04710150855861693,(-1322637.8694286635+2421648.0270744707j),28.876647928978304,0.04710150855861693,(-1322637.8694286635-2421648.0270744707j),29.080015309068784,0.04312803243397039,(2640351.358419825+0j),32.309425962937546,1.500166259169075e-07,(4924.380437501991+0j)
8.358316941676048,28.928139819478925,0.04710150855861693,(-1322637.8694286635+2421648.0270744707j),28.928139819478925,0.04710150855861693,(-1322637.8694286635-2421648.0270744707j),29.138405649488902,0.04312803243397039,(2640351.358419825+0j),32.30944868450416,1.500166259169075e-07,(4924.380437501991+0j)
8.377978003712611,28.9804632101079,0.04710150855861693,(-1322637.8694286635+2421648.0270744707j),28.9804632101079,0.04710150855861693,(-1322637.8694286635-2421648.0270744707j),29.19773237647356,0.04312803243397039,(2640351.358419825+0j),32.30947063599757,1.500166259169075e-07,(4924.380437501991+0j)
8.397639065749175,29.03361601842485,0.04710150855861693,(-1322637.8694286635+2421648.0270744707j),29.03361601842485,0.04710150855861693,(-1322637.8694286635-2421648.0270744707j),29.25799292852338,0.04312803243397039,(2640351.358419825+0j),32.30949185591409,1.500166259169075e-07,(4924.380437501991+0j)
8.41730012778574,29.08759616711604,0.04710150855861693,(-1322637.8694286635+2421648.0270744707j),29.08759616711604,0.04710150855861693,(-1322637.8694286635-2421648.0270744707j),29.31918475101545,0.04312803243397039,(2640351.358419825+0j),32.30951238022617,1.500166259169075e-07,(4924.380437501991+0j)
8.436961189822306,29.14240158398045,0.04710150855861693,(-1322637.8694286635+2421648.0270744707j),29.14240158398045,0.04710150855861693,(-1322637.8694286635-2421648.0270744707j),29.38130529618291,0.04312803243397039,(2640351.358419825+0j),32.30953224258586,1.500166259169075e-07,(4924.380437501991+0j)
8.45662225185887,29.19803020191585,0.04710150855861693,(-1322637.8694286635+2421648.0270744707j),29.19803020191585,0.04710150855861693,(-1322637.8694286635-2421648.0270744707j),29.444352023094634,0.04312803243397039,(2640351.358419825+0j),32.309551474509,1.500166259169075e-07,(4924.380437501991+0j)
8.476283313895433,29.25447995890489,0.04710150855861693,(-1322637.8694286635+2421648.0270744707j),29.25447995890489,0.04710150855861693,(-1322637.8694286635-2421648.0270744707j),29.508322397634934,0.04312803243397039,(2640351.358419825+0j),32.309570105541994,1.500166259169075e-07,(4924.380437501991+0j)
8.495944375932,29.31174879800134,0.04710150855861693,(-1322637.8694286635+2421648.0270744707j),29.31174879800134,0.04710150855861693,(-1322637.8694286635-2421648.0270744707j),29.57321389248334,0.04312803243397039,(2640351.358419825+0j),32.309588163413366,1.500166259169075e-07,(4924.380437501991+0j)
8.515605437968564,29.369834667316226,0.04710150855861693,(-1322637.8694286635+2421648.0270744707j),29.369834667316226,0.04710150855861693,(-1322637.8694286635-2421648.0270744707j),29.639023987094514,0.04312803243397039,(2640351.358419825+0j),32.30960567417141,1.500166259169075e-07,(4924.380437501991+0j)
8.535266500005127,29.428735520004135,0.04710150855861693,(-1322637.8694286635+2421648.0270744707j),29.428735520004135,0.04710150855861693,(-1322637.8694286635-2421648.0270744707j),29.70575016767811,0.04312803243397039,(2640351.358419825+0j),32.30962266230952,1.500166259169075e-07,(4924.380437501991+0j)
8.55492756204169,29.48844931424946,0.04710150855861693,(-1322637.8694286635+2421648.0270744707j),29.48844931424946,0.04710150855861693,(-1322637.8694286635-2421648.0270744707j),29.773389927178815,0.04312803243397039,(2640351.358419825+0j),32.309639150880614,1.500166259169075e-07,(4924.380437501991+0j)
8.574588624078258,29.548974013252796,0.04710150855861693,(-1322637.8694286635+2421648.0270744707j),29.548974013252796,0.04710150855861693,(-1322637.8694286635-2421648.0270744707j),29.84194076525639,0.04312803243397039,(2640351.358419825+0j),32.30965516160137,1.500166259169075e-07,(4924.380437501991+0j)
8.594249686114821,29.610307585217253,0.04710150855861693,(-1322637.8694286635+2421648.0270744707j),29.610307585217253,0.04710150855861693,(-1322637.8694286635-2421648.0270744707j),29.911400188265805,0.04312803243397039,(2640351.358419825+0j),32.30967071494774,1.500166259169075e-07,(4924.380437501991+0j)
8.613910748151385,29.672448003334917,0.04710150855861693,(-1322637.8694286635+2421648.0270744707j),29.672448003334917,0.04710150855861693,(-1322637.8694286635-2421648.0270744707j),29.98176570923743,0.04312803243397039,(2640351.358419825+0j),32.30968583024231,1.500166259169075e-07,(4924.380437501991+0j)
8.63357181018795,29.735393245773306,0.04710150855861693,(-1322637.8694286635+2421648.0270744707j),29.735393245773306,0.04710150855861693,(-1322637.8694286635-2421648.0270744707j),30.053034847857276,0.04312803243397039,(2640351.358419825+0j),32.309700525734314,1.500166259169075e-07,(4924.380437501991+0j)
8.653232872224516,29.79914129566185,0.04710150855861693,(-1322637.8694286635+2421648.0270744707j),29.79914129566185,0.04710150855861693,(-1322637.8694286635-2421648.0270744707j),30.125205130447355,0.04312803243397039,(2640351.358419825+0j),32.309714818673214,1.500166259169075e-07,(4924.380437501991+0j)
8.67289393426108,29.863690141078454,0.04710150855861693,(-1322637.8694286635+2421648.0270744707j),29.863690141078454,0.04710150855861693,(-1322637.8694286635-2421648.0270744707j),30.19827408994604,0.04312803243397039,(2640351.358419825+0j),32.30972872537621,1.500166259169075e-07,(4924.380437501991+0j)
8.692554996297643,29.92903777503607,0.04710150855861693,(-1322637.8694286635+2421648.0270744707j),29.92903777503607,0.04710150855861693,(-1322637.8694286635-2421648.0270744707j),30.272239265888523,0.04312803243397039,(2640351.358419825+0j),32.30974226129038,1.500166259169075e-07,(4924.380437501991+0j)
8.712216058334208,29.99518219546933,0.04710150855861693,(-1322637.8694286635+2421648.0270744707j),29.99518219546933,0.04710150855861693,(-1322637.8694286635-2421648.0270744707j),30.34709820438734,0.04312803243397039,(2640351.358419825+0j),32.30975544104992,1.500166259169075e-07,(4924.380437501991+0j)
8.731877120370774,30.0621214052212,0.04710150855861693,(-1322637.8694286635+2421648.0270744707j),30.0621214052212,0.04710150855861693,(-1322637.8694286635-2421648.0270744707j),30.422848458112963,0.04312803243397039,(2640351.358419825+0j),32.30976827852893,1.500166259169075e-07,(4924.380437501991+0j)
8.751538182407337,30.129853412029693,0.04710150855861693,(-1322637.8694286635+2421648.0270744707j),30.129853412029693,0.04710150855861693,(-1322637.8694286635-2421648.0270744707j),30.499487586274427,0.04312803243397039,(2640351.358419825+0j),32.309780786890094,1.500166259169075e-07,(4924.380437501991+0j)
8.7711992444439,30.19837622851462,0.04710150855861693,(-1322637.8694286635+2421648.0270744707j),30.19837622851462,0.04710150855861693,(-1322637.8694286635-2421648.0270744707j),30.577013154600063,0.04312803243397039,(2640351.358419825+0j),32.309792978629766,1.500166259169075e-07,(4924.380437501991+0j)
8.790860306480466,30.267687872164363,0.04710150855861693,(-1322637.8694286635+2421648.0270744707j),30.267687872164363,0.04710150855861693,(-1322637.8694286635-2421648.0270744707j),30.65542273531826,0.04312803243397039,(2640351.358419825+0j),32.30980486561955,1.500166259169075e-07,(4924.380437501991+0j)
8.810521368517032,30.337786365322703,0.04710150855861693,(-1322637.8694286635+2421648.0270744707j),30.337786365322703,0.04710150855861693,(-1322637.8694286635-2421648.0270744707j),30.73471390713831,0.04312803243397039,(2640351.358419825+0j),32.309816459144876,1.500166259169075e-07,(4924.380437501991+0j)
8.830182430553595,30.408669735175703,0.04710150855861693,(-1322637.8694286635+2421648.0270744707j),30.408669735175703,0.04710150855861693,(-1322637.8694286635-2421648.0270744707j),30.814884255231302,0.04312803243397039,(2640351.358419825+0j),32.30982776994075,1.500166259169075e-07,(4924.380437501991+0j)
8.849843492590159,30.48033601373859,0.04710150855861693,(-1322637.8694286635+2421648.0270744707j),30.48033601373859,0.04710150855861693,(-1322637.8694286635-2421648.0270744707j),30.895931371211113,0.04312803243397039,(2640351.358419825+0j),32.30983880822492,1.500166259169075e-07,(4924.380437501991+0j)
8.869504554626724,30.552783237842718,0.04710150855861693,(-1322637.8694286635+2421648.0270744707j),30.552783237842718,0.04710150855861693,(-1322637.8694286635-2421648.0270744707j),30.9778528531154,0.04312803243397039,(2640351.358419825+0j),32.30984958372859,1.500166259169075e-07,(4924.380437501991+0j)
8.88916561666329,30.626009449122552,0.04710150855861693,(-1322637.8694286635+2421648.0270744707j),30.626009449122552,0.04710150855861693,(-1322637.8694286635-2421648.0270744707j),31.060646305386726,0.04312803243397039,(2640351.358419825+0j),32.30986010572515,1.500166259169075e-07,(4924.380437501991+0j)
8.908826678699853,30.700012694002684,0.04710150855861693,(-1322637.8694286635+2421648.0270744707j),30.700012694002684,0.04710150855861693,(-1322637.8694286635-2421648.0270744707j),31.14430933885369,0.04312803243397039,(2640351.358419825+0j),32.30987038305667,1.500166259169075e-07,(4924.380437501991+0j)
8.928487740736418,30.774791023684898,0.04710150855861693,(-1322637.8694286635+2421648.0270744707j),30.774791023684898,0.04710150855861693,(-1322637.8694286635-2421648.0270744707j),31.228839570712157,0.04312803243397039,(2640351.358419825+0j),32.30988042415878,1.500166259169075e-07,(4924.380437501991+0j)
8.948148802772984,30.850342494135283,0.04710150855861693,(-1322637.8694286635+2421648.0270744707j),30.850342494135283,0.04710150855861693,(-1322637.8694286635-2421648.0270744707j),31.314234624506522,0.04312803243397039,(2640351.358419825+0j),32.30989023708369,1.500166259169075e-07,(4924.380437501991+0j)
8.967809864809547,30.926665166071373,0.04710150855861693,(-1322637.8694286635+2421648.0270744707j),30.926665166071373,0.04710150855861693,(-1322637.8694286635-2421648.0270744707j),31.400492130111072,0.04312803243397039,(2640351.358419825+0j),32.3098998295218,1.500166259169075e-07,(4924.380437501991+0j)
8.987470926846111,31.003757104949315,0.04710150855861693,(-1322637.8694286635+2421648.0270744707j),31.003757104949315,0.04710150855861693,(-1322637.8694286635-2421648.0270744707j),31.48760972371137,0.04312803243397039,(2640351.358419825+0j),32.309909208821715,1.500166259169075e-07,(4924.380437501991+0j)
9.007131988882676,31.08161638095111,0.04710150855861693,(-1322637.8694286635+2421648.0270744707j),31.08161638095111,0.04710150855861693,(-1322637.8694286635-2421648.0270744707j),31.575585047785705,0.04312803243397039,(2640351.358419825+0j),32.3099183820091,1.500166259169075e-07,(4924.380437501991+0j)
9.026793050919242,31.16024106897186,0.04710150855861693,(-1322637.8694286635+2421648.0270744707j),31.16024106897186,0.04710150855861693,(-1322637.8694286635-2421648.0270744707j),31.66441575108666,0.04312803243397039,(2640351.358419825+0j),32.30992735580417,1.500166259169075e-07,(4924.380437501991+0j)
9.046454112955805,31.239629248607056,0.04710150855861693,(-1322637.8694286635+2421648.0270744707j),31.239629248607056,0.04710150855861693,(-1322637.8694286635-2421648.0270744707j),31.754099488622654,0.04312803243397039,(2640351.358419825+0j),32.30993613663815,1.500166259169075e-07,(4924.380437501991+0j)
9.06611517499237,31.319779004139935,0.04710150855861693,(-1322637.8694286635+2421648.0270744707j),31.319779004139935,0.04710150855861693,(-1322637.8694286635-2421648.0270744707j),31.844633921639602,0.04312803243397039,(2640351.358419825+0j),32.309944730668626,1.500166259169075e-07,(4924.380437501991+0j)
9.085776237028934,31.40068842452884,0.04710150855861693,(-1322637.8694286635+2421648.0270744707j),31.40068842452884,0.04710150855861693,(-1322637.8694286635-2421648.0270744707j),31.936016717602616,0.04312803243397039,(2640351.358419825+0j),32.30995314379393,1.500166259169075e-07,(4924.380437501991+0j)
9.1054372990655,31.482355603394637,0.04710150855861693,(-1322637.8694286635+2421648.0270744707j),31.482355603394637,0.04710150855861693,(-1322637.8694286635-2421648.0270744707j),32.028245550177786,0.04312803243397039,(2640351.358419825+0j),32.309961381666696,1.500166259169075e-07,(4924.380437501991+0j)
9.125098361102063,31.564778639008164,0.04710150855861693,(-1322637.8694286635+2421648.0270744707j),31.564778639008164,0.04710150855861693,(-1322637.8694286635-2421648.0270744707j),32.121318099214,0.04312803243397039,(2640351.358419825+0j),32.30996944970645,1.500166259169075e-07,(4924.380437501991+0j)
9.144759423138629,31.647955634277714,0.04710150855861693,(-1322637.8694286635+2421648.0270744707j),31.647955634277714,0.04710150855861693,(-1322637.8694286635-2421648.0270744707j),32.2152320507248,0.04312803243397039,(2640351.358419825+0j),32.309977353111556,1.500166259169075e-07,(4924.380437501991+0j)
9.164420485175192,31.731884696736568,0.04710150855861693,(-1322637.8694286635+2421648.0270744707j),31.731884696736568,0.04710150855861693,(-1322637.8694286635-2421648.0270744707j),32.30998509687038,0.04312803243397039,(2640351.358419825+0j),32.30998509687037,1.500166259169075e-07,(4924.380437501991+0j)
9.164420485175192,32.30998509687038,0.10299853181340077,(-2348841.0830907756+4161902.3769976026j),32.30998509687038,0.10299853181340077,(-2348841.0830907756-4161902.3769976026j),32.30998509687038,0.09946512698127791,(4696275.402858791+0j),32.30998509687038,8.924950181611978e-09,(1406.7633227635904+0j)
9.1821154410081,32.31012609759421,0.10299853181340077,(-2348841.0830907756+4161902.3769976026j),32.31012609759421,0.10299853181340077,(-2348841.0830907756-4161902.3769976026j),32.31013367549409,0.09946512698127791,(4696275.402858791+0j),33.71533041100467,8.924950181611978e-09,(1406.7633227635904+0j)
9.19981039684101,32.310548906059616,0.10299853181340077,(-2348841.0830907756+4161902.3769976026j),32.310548906059616,0.10299853181340077,(-2348841.0830907756-4161902.3769976026j),32.310579200000845,0.09946512698127791,(4696275.402858791+0j),33.7160391471822,8.924950181611978e-09,(1406.7633227635904+0j)
9.217505352673918,32.31125323193194,0.10299853181340077,(-2348841.0830907756+4161902.3769976026j),32.31125323193194,0.10299853181340077,(-2348841.0830907756-4161902.3769976026j),32.31132135359768,0.09946512698127791,(4696275.402858791+0j),33.71627551172005,8.924950181611978e-09,(1406.7633227635904+0j)
9.235200308506824,32.312238785175595,0.10299853181340077,(-2348841.0830907756+4161902.3769976026j),32.312238785175595,0.10299853181340077,(-2348841.0830907756-4161902.3769976026j),32.31235981982954,0.09946512698127791,(4696275.402858791+0j),33.716393716339994,8.924950181611978e-09,(1406.7633227635904+0j)
9.252895264339735,32.31350527605368,0.10299853181340077,(-2348841.0830907756+4161902.3769976026j),32.31350527605368,0.10299853181340077,(-2348841.0830907756-4161902.3769976026j),32.313694282578844,0.09946512698127791,(4696275.402858791+0j),33.716464646265734,8.924950181611978e-09,(1406.7633227635904+0j)
9.270590220172643,32.31505241512768,0.10299853181340077,(-2348841.0830907756+4161902.3769976026j),32.31505241512768,0.10299853181340077,(-2348841.0830907756-4161902.3769976026j),32.31532442606512,0.09946512698127791,(4696275.402858791+0j),33.716511935863956,8.924950181611978e-09,(1406.7633227635904+0j)
9.288285176005552,32.3168799132571,0.10299853181340077,(-2348841.0830907756+4161902.3769976026j),32.3168799132571,0.10299853181340077,(-2348841.0830907756-4161902.3769976026j),32.31724993484454,0.09946512698127791,(4696275.402858791+0j),33.716545715608625,8.924950181611978e-09,(1406.7633227635904+0j)
9.305980131838458,32.31898748159912,0.10299853181340077,(-2348841.0830907756+4161902.3769976026j),32.31898748159912,0.10299853181340077,(-2348841.0830907756-4161902.3769976026j),32.319470493809604,0.09946512698127791,(4696275.402858791+0j),33.71657105121573,8.924950181611978e-09,(1406.7633227635904+0j)
9.323675087671367,32.32137483160828,0.10299853181340077,(-2348841.0830907756+4161902.3769976026j),32.32137483160828,0.10299853181340077,(-2348841.0830907756-4161902.3769976026j),32.32198578818869,0.09946512698127791,(4696275.402858791+0j),33.716590757161185,8.924950181611978e-09,(1406.7633227635904+0j)
9.341370043504275,32.32404167503611,0.10299853181340077,(-2348841.0830907756+4161902.3769976026j),32.32404167503611,0.10299853181340077,(-2348841.0830907756-4161902.3769976026j),32.32479550354566,0.09946512698127791,(4696275.402858791+0j),33.716606522215706,8.924950181611978e-09,(1406.7633227635904+0j)
9.359064999337182,32.32698772393082,0.10299853181340077,(-2348841.0830907756+4161902.3769976026j),32.32698772393082,0.10299853181340077,(-2348841.0830907756-4161902.3769976026j),32.327899325779484,0.09946512698127791,(4696275.402858791+0j),33.71661942109382,8.924950181611978e-09,(1406.7633227635904+0j)
9.37675995517009,32.330212690636934,0.10299853181340077,(-2348841.0830907756+4161902.3769976026j),32.330212690636934,0.10299853181340077,(-2348841.0830907756-4161902.3769976026j),32.33129694112382,0.09946512698127791,(4696275.402858791+0j),33.71663017029445,8.924950181611978e-09,(1406.7633227635904+0j)
9.394454911002999,32.333716287794964,0.10299853181340077,(-2348841.0830907756+4161902.3769976026j),32.333716287794964,0.10299853181340077,(-2348841.0830907756-4161902.3769976026j),32.334988036146626,0.09946512698127791,(4696275.402858791+0j),33.716639265868146,8.924950181611978e-09,(1406.7633227635904+0j)
9.41214986683591,32.33749822834109,0.10299853181340077,(-2348841.0830907756+4161902.3769976026j),32.33749822834109,0.10299853181340077,(-2348841.0830907756-4161902.3769976026j),32.33897229774979,0.09946512698127791,(4696275.402858791+0j),33.71664706214438,8.924950181611978e-09,(1406.7633227635904+0j)
9.429844822668816,32.34155822550677,0.10299853181340077,(-2348841.0830907756+4161902.3769976026j),32.34155822550677,0.10299853181340077,(-2348841.0830907756-4161902.3769976026j),32.34324941316868,0.09946512698127791,(4696275.402858791+0j),33.71665381896955,8.924950181611978e-09,(1406.7633227635904+0j)
9.447539778501724,32.34589599281846,0.10299853181340077,(-2348841.0830907756+4161902.3769976026j),32.34589599281846,0.10299853181340077,(-2348841.0830907756-4161902.3769976026j),32.3478190699718,0.09946512698127791,(4696275.402858791+0j),33.71665973123151,8.924950181611978e-09,(1406.7633227635904+0j)
9.465234734334633,32.35051124409725,0.10299853181340077,(-2348841.0830907756+4161902.3769976026j),32.35051124409725,0.10299853181340077,(-2348841.0830907756-4161902.3769976026j),32.352680956060375,0.09946512698127791,(4696275.402858791+0j),33.71666494796419,8.924950181611978e-09,(1406.7633227635904+0j)
9.482929690167541,32.35540369345852,0.10299853181340077,(-2348841.0830907756+4161902.3769976026j),32.35540369345852,0.10299853181340077,(-2348841.0830907756-4161902.3769976026j),32.35783475966796,0.09946512698127791,(4696275.402858791+0j),33.716669585084276,8.924950181611978e-09,(1406.7633227635904+0j)
9.500624646000448,32.36057305531162,0.10299853181340077,(-2348841.0830907756+4161902.3769976026j),32.36057305531162,0.10299853181340077,(-2348841.0830907756-4161902.3769976026j),32.36328016936004,0.09946512698127791,(4696275.402858791+0j),33.71667373410588,8.924950181611978e-09,(1406.7633227635904+0j)
9.518319601833356,32.36601904435953,0.10299853181340077,(-2348841.0830907756+4161902.3769976026j),32.36601904435953,0.10299853181340077,(-2348841.0830907756-4161902.3769976026j),32.36901687403365,0.09946512698127791,(4696275.402858791+0j),33.71667746824103,8.924950181611978e-09,(1406.7633227635904+0j)
9.536014557666265,32.37174137559853,0.10299853181340077,(-2348841.0830907756+4161902.3769976026j),32.37174137559853,0.10299853181340077,(-2348841.0830907756-4161902.3769976026j),32.37504456291698,0.09946512698127791,(4696275.402858791+0j),33.71668084675707,8.924950181611978e-09,(1406.7633227635904+0j)
9.553709513499172,32.377739764317845,0.10299853181340077,(-2348841.0830907756+4161902.3769976026j),32.377739764317845,0.10299853181340077,(-2348841.0830907756-4161902.3769976026j),32.38136292556898,0.09946512698127791,(4696275.402858791+0j),33.71668391814585,8.924950181611978e-09,(1406.7633227635904+0j)
9.571404469332082,32.38401392609932,0.10299853181340077,(-2348841.0830907756+4161902.3769976026j),32.38401392609932,0.10299853181340077,(-2348841.0830907756-4161902.3769976026j),32.38797165187897,0.09946512698127791,(4696275.402858791+0j),33.716686722466136,8.924950181611978e-09,(1406.7633227635904+0j)
9.58909942516499,32.39056357681712,0.10299853181340077,(-2348841.0830907756+4161902.3769976026j),32.39056357681712,0.10299853181340077,(-2348841.0830907756-4161902.3769976026j),32.394870432066234,0.09946512698127791,(4696275.402858791+0j),33.716689293100416,8.924950181611978e-09,(1406.7633227635904+0j)
9.606794380997899,32.397388432637335,0.10299853181340077,(-2348841.0830907756+4161902.3769976026j),32.397388432637335,0.10299853181340077,(-2348841.0830907756-4161902.3769976026j),32.40205895667968,0.09946512698127791,(4696275.402858791+0j),33.71669165809019,8.924950181611978e-09,(1406.7633227635904+0j)
9.624489336830806,32.40448821001769,0.10299853181340077,(-2348841.0830907756+4161902.3769976026j),32.40448821001769,0.10299853181340077,(-2348841.0830907756-4161902.3769976026j),32.40953691659738,0.09946512698127791,(4696275.402858791+0j),33.716693841162964,8.924950181611978e-09,(1406.7633227635904+0j)
9.642184292663714,32.4118626257072,0.10299853181340077,(-2348841.0830907756+4161902.3769976026j),32.4118626257072,0.10299853181340077,(-2348841.0830907756-4161902.3769976026j),32.417304003026246,0.09946512698127791,(4696275.402858791+0j),33.716695862531175,8.924950181611978e-09,(1406.7633227635904+0j)
9.659879248496622,32.41951139674585,0.10299853181340077,(-2348841.0830907756+4161902.3769976026j),32.41951139674585,0.10299853181340077,(-2348841.0830907756-4161902.3769976026j),32.4253599075016,0.09946512698127791,(4696275.402858791+0j),33.71669773951985,8.924950181611978e-09,(1406.7633227635904+0j)
9.677574204329531,32.42743424046423,0.10299853181340077,(-2348841.0830907756+4161902.3769976026j),32.42743424046423,0.10299853181340077,(-2348841.0830907756-4161902.3769976026j),32.4337043218868,0.09946512698127791,(4696275.402858791+0j),33.716699487064396,8.924950181611978e-09,(1406.7633227635904+0j)
9.695269160162438,32.43563087448325,0.10299853181340077,(-2348841.0830907756+4161902.3769976026j),32.43563087448325,0.10299853181340077,(-2348841.0830907756-4161902.3769976026j),32.442336938372854,0.09946512698127791,(4696275.402858791+0j),33.716701118108915,8.924950181611978e-09,(1406.7633227635904+0j)
9.712964115995346,32.44410101671376,0.10299853181340077,(-2348841.0830907756+4161902.3769976026j),32.44410101671376,0.10299853181340077,(-2348841.0830907756-4161902.3769976026j),32.45125744947804,0.09946512698127791,(4696275.402858791+0j),33.71670264392733,8.924950181611978e-09,(1406.7633227635904+0j)
9.730659071828256,32.45284438535627,0.10299853181340077,(-2348841.0830907756+4161902.3769976026j),32.45284438535627,0.10299853181340077,(-2348841.0830907756-4161902.3769976026j),32.4604655480475,0.09946512698127791,(4696275.402858791+0j),33.71670407438434,8.924950181611978e-09,(1406.7633227635904+0j)
9.748354027661165,32.46186069890057,0.10299853181340077,(-2348841.0830907756+4161902.3769976026j),32.46186069890057,0.10299853181340077,(-2348841.0830907756-4161902.3769976026j),32.46996092725288,0.09946512698127791,(4696275.402858791+0j),33.716705418148976,8.924950181611978e-09,(1406.7633227635904+0j)
9.766048983494072,32.47114967612544,0.10299853181340077,(-2348841.0830907756+4161902.3769976026j),32.47114967612544,0.10299853181340077,(-2348841.0830907756-4161902.3769976026j),32.479743280591904,0.09946512698127791,(4696275.402858791+0j),33.71670668287039,8.924950181611978e-09,(1406.7633227635904+0j)
9.78374393932698,32.4807110360983,0.10299853181340077,(-2348841.0830907756+4161902.3769976026j),32.4807110360983,0.10299853181340077,(-2348841.0830907756-4161902.3769976026j),32.489812301888044,0.09946512698127791,(4696275.402858791+0j),33.71670787532357,8.924950181611978e-09,(1406.7633227635904+0j)
9.801438895159889,32.490544498174884,0.10299853181340077,(-2348841.0830907756+4161902.3769976026j),32.490544498174884,0.10299853181340077,(-2348841.0830907756-4161902.3769976026j),32.500167685290094,0.09946512698127791,(4696275.402858791+0j),33.716709001530745,8.924950181611978e-09,(1406.7633227635904+0j)
9.819133850992795,32.50064978199893,0.10299853181340077,(-2348841.0830907756+4161902.3769976026j),32.50064978199893,0.10299853181340077,(-2348841.0830907756-4161902.3769976026j),32.51080912527182,0.09946512698127791,(4696275.402858791+0j),33.7167100668631,8.924950181611978e-09,(1406.7633227635904+0j)
9.836828806825704,32.5110266075018,0.10299853181340077,(-2348841.0830907756+4161902.3769976026j),32.5110266075018,0.10299853181340077,(-2348841.0830907756-4161902.3769976026j),32.52173631663152,0.09946512698127791,(4696275.402858791+0j),33.71671107612646,8.924950181611978e-09,(1406.7633227635904+0j)
9.854523762658612,32.521674694902224,0.10299853181340077,(-2348841.0830907756+4161902.3769976026j),32.521674694902224,0.10299853181340077,(-2348841.0830907756-4161902.3769976026j),32.53294895449171,0.09946512698127791,(4696275.402858791+0j),33.71671203363371,8.924950181611978e-09,(1406.7633227635904+0j)
9.87221871849152,32.53259376470592,0.10299853181340077,(-2348841.0830907756+4161902.3769976026j),32.53259376470592,0.10299853181340077,(-2348841.0830907756-4161902.3769976026j),32.544446734298695,0.09946512698127791,(4696275.402858791+0j),33.71671294326651,8.924950181611978e-09,(1406.7633227635904+0j)
9.88991367432443,32.543783537705295,0.10299853181340077,(-2348841.0830907756+4161902.3769976026j),32.543783537705295,0.10299853181340077,(-2348841.0830907756-4161902.3769976026j),32.55622935182222,0.09946512698127791,(4696275.402858791+0j),33.7167138085278,8.924950181611978e-09,(1406.7633227635904+0j)
9.907608630157338,32.55524373497909,0.10299853181340077,(-2348841.0830907756+4161902.3769976026j),32.55524373497909,0.10299853181340077,(-2348841.0830907756-4161902.3769976026j),32.56829650315505,0.09946512698127791,(4696275.402858791+0j),33.716714632586914,8.924950181611978e-09,(1406.7633227635904+0j)
9.925303585990246,32.5669740778921,0.10299853181340077,(-2348841.0830907756+4161902.3769976026j),32.5669740778921,0.10299853181340077,(-2348841.0830907756-4161902.3769976026j),32.58064788471262,0.09946512698127791,(4696275.402858791+0j),33.716715418318365,8.924950181611978e-09,(1406.7633227635904+0j)
9.942998541823155,32.57897428809479,0.10299853181340077,(-2348841.0830907756+4161902.3769976026j),32.57897428809479,0.10299853181340077,(-2348841.0830907756-4161902.3769976026j),32.593283193232644,0.09946512698127791,(4696275.402858791+0j),33.71671616833537,8.924950181611978e-09,(1406.7633227635904+0j)
9.960693497656061,32.59124408752303,0.10299853181340077,(-2348841.0830907756+4161902.3769976026j),32.59124408752303,0.10299853181340077,(-2348841.0830907756-4161902.3769976026j),32.60620212577474,0.09946512698127791,(4696275.402858791+0j),33.71671688501885,8.924950181611978e-09,(1406.7633227635904+0j)
9.97838845348897,32.60378319839771,0.10299853181340077,(-2348841.0830907756+4161902.3769976026j),32.60378319839771,0.10299853181340077,(-2348841.0830907756-4161902.3769976026j),32.61940437972006,0.09946512698127791,(4696275.402858791+0j),33.716717570542684,8.924950181611978e-09,(1406.7633227635904+0j)
9.996083409321878,32.616591343224464,0.10299853181340077,(-2348841.0830907756+4161902.3769976026j),32.616591343224464,0.10299853181340077,(-2348841.0830907756-4161902.3769976026j),32.63288965277088,0.09946512698127791,(4696275.402858791+0j),33.716718226895765,8.924950181611978e-09,(1406.7633227635904+0j)
10.013778365154787,32.62966824479334,0.10299853181340077,(-2348841.0830907756+4161902.3769976026j),32.62966824479334,0.10299853181340077,(-2348841.0830907756-4161902.3769976026j),32.64665764295024,0.09946512698127791,(4696275.402858791+0j),33.71671885590123,8.924950181611978e-09,(1406.7633227635904+0j)
10.031473320987693,32.64301362617846,0.10299853181340077,(-2348841.0830907756+4161902.3769976026j),32.64301362617846,0.10299853181340077,(-2348841.0830907756-4161902.3769976026j),32.660708048601585,0.09946512698127791,(4696275.402858791+0j),33.716719459233396,8.924950181611978e-09,(1406.7633227635904+0j)
10.049168276820604,32.656627210737675,0.10299853181340077,(-2348841.0830907756+4161902.3769976026j),32.656627210737675,0.10299853181340077,(-2348841.0830907756-4161902.3769976026j),32.67504056838836,0.09946512698127791,(4696275.402858791+0j),33.71672003843264,8.924950181611978e-09,(1406.7633227635904+0j)
10.066863232653512,32.67050872211231,0.10299853181340077,(-2348841.0830907756+4161902.3769976026j),32.67050872211231,0.10299853181340077,(-2348841.0830907756-4161902.3769976026j),32.68965490129364,0.09946512698127791,(4696275.402858791+0j),33.71672059491853,8.924950181611978e-09,(1406.7633227635904+0j)
10.084558188486419,32.68465788422677,0.10299853181340077,(-2348841.0830907756+4161902.3769976026j),32.68465788422677,0.10299853181340077,(-2348841.0830907756-4161902.3769976026j),32.70455074661978,0.09946512698127791,(4696275.402858791+0j),33.71672113000143,8.924950181611978e-09,(1406.7633227635904+0j)
10.102253144319327,32.69907442128827,0.10299853181340077,(-2348841.0830907756+4161902.3769976026j),32.69907442128827,0.10299853181340077,(-2348841.0830907756-4161902.3769976026j),32.71972780398798,0.09946512698127791,(4696275.402858791+0j),33.71672164489281,8.924950181611978e-09,(1406.7633227635904+0j)
10.119948100152236,32.71375805778649,0.10299853181340077,(-2348841.0830907756+4161902.3769976026j),32.71375805778649,0.10299853181340077,(-2348841.0830907756-4161902.3769976026j),32.73518577333799,0.09946512698127791,(4696275.402858791+0j),33.7167221407144,8.924950181611978e-09,(1406.7633227635904+0j)
10.137643055985144,32.72870851849326,0.10299853181340077,(-2348841.0830907756+4161902.3769976026j),32.72870851849326,0.10299853181340077,(-2348841.0830907756-4161902.3769976026j),32.750924354927655,0.09946512698127791,(4696275.402858791+0j),33.71672261850636,8.924950181611978e-09,(1406.7633227635904+0j)
10.155338011818051,32.74392552846222,0.10299853181340077,(-2348841.0830907756+4161902.3769976026j),32.74392552846222,0.10299853181340077,(-2348841.0830907756-4161902.3769976026j),32.766943249332606,0.09946512698127791,(4696275.402858791+0j),33.716723079234555,8.924950181611978e-09,(1406.7633227635904+0j)
10.17303296765096,32.759408813028536,0.10299853181340077,(-2348841.0830907756+4161902.3769976026j),32.759408813028536,0.10299853181340077,(-2348841.0830907756-4161902.3769976026j),32.783242157445834,0.09946512698127791,(4696275.402858791+0j),33.716723523797064,8.924950181611978e-09,(1406.7633227635904+0j)
10.19072792348387,32.775158097808564,0.10299853181340077,(-2348841.0830907756+4161902.3769976026j),32.775158097808564,0.10299853181340077,(-2348841.0830907756-4161902.3769976026j),32.79982078047737,0.09946512698127791,(4696275.402858791+0j),33.716723953030034,8.924950181611978e-09,(1406.7633227635904+0j)
10.208422879316778,32.7911731086995,0.10299853181340077,(-2348841.0830907756+4161902.3769976026j),32.7911731086995,0.10299853181340077,(-2348841.0830907756-4161902.3769976026j),32.81667881995386,0.09946512698127791,(4696275.402858791+0j),33.71672436771292,8.924950181611978e-09,(1406.7633227635904+0j)
10.226117835149685,32.80745357187914,0.10299853181340077,(-2348841.0830907756+4161902.3769976026j),32.80745357187914,0.10299853181340077,(-2348841.0830907756-4161902.3769976026j),32.833815977718224,0.09946512698127791,(4696275.402858791+0j),33.71672476857322,8.924950181611978e-09,(1406.7633227635904+0j)
10.243812790982593,32.82399921380546,0.10299853181340077,(-2348841.0830907756+4161902.3769976026j),32.82399921380546,0.10299853181340077,(-2348841.0830907756-4161902.3769976026j),32.851231955929286,0.09946512698127791,(4696275.402858791+0j),33.71672515629072,8.924950181611978e-09,(1406.7633227635904+0j)
10.261507746815502,32.84080976121636,0.10299853181340077,(-2348841.0830907756+4161902.3769976026j),32.84080976121636,0.10299853181340077,(-2348841.0830907756-4161902.3769976026j),32.868926457061384,0.09946512698127791,(4696275.402858791+0j),33.71672553150135,8.924950181611978e-09,(1406.7633227635904+0j)
10.279202702648409,32.85788494112937,0.10299853181340077,(-2348841.0830907756+4161902.3769976026j),32.85788494112937,0.10299853181340077,(-2348841.0830907756-4161902.3769976026j),32.88689918390402,0.09946512698127791,(4696275.402858791+0j),33.71672589480069,8.924950181611978e-09,(1406.7633227635904+0j)
10.296897658481317,32.87522448084126,0.10299853181340077,(-2348841.0830907756+4161902.3769976026j),32.87522448084126,0.10299853181340077,(-2348841.0830907756-4161902.3769976026j),32.90514983956145,0.09946512698127791,(4696275.402858791+0j),33.716726246747044,8.924950181611978e-09,(1406.7633227635904+0j)
10.314592614314225,32.89282810792776,0.10299853181340077,(-2348841.0830907756+4161902.3769976026j),32.89282810792776,0.10299853181340077,(-2348841.0830907756-4161902.3769976026j),32.9236781274524,0.09946512698127791,(4696275.402858791+0j),33.71672658786441,8.924950181611978e-09,(1406.7633227635904+0j)
10.332287570147134,32.91069555024328,0.10299853181340077,(-2348841.0830907756+4161902.3769976026j),32.91069555024328,0.10299853181340077,(-2348841.0830907756-4161902.3769976026j),32.942483751309574,0.09946512698127791,(4696275.402858791+0j),33.71672691864501,8.924950181611978e-09,(1406.7633227635904+0j)
10.34998252598004,32.928826535920535,0.10299853181340077,(-2348841.0830907756+4161902.3769976026j),32.928826535920535,0.10299853181340077,(-2348841.0830907756-4161902.3769976026j),32.961566415179405,0.09946512698127791,(4696275.402858791+0j),33.716727239551666,8.924950181611978e-09,(1406.7633227635904+0j)
10.367677481812951,32.947220793370235,0.10299853181340077,(-2348841.0830907756+4161902.3769976026j),32.947220793370235,0.10299853181340077,(-2348841.0830907756-4161902.3769976026j),32.9809258234216,0.09946512698127791,(4696275.402858791+0j),33.71672755102,8.924950181611978e-09,(1406.7633227635904+0j)
10.38537243764586,32.96587805128083,0.10299853181340077,(-2348841.0830907756+4161902.3769976026j),32.96587805128083,0.10299853181340077,(-2348841.0830907756-4161902.3769976026j),33.00056168070882,0.09946512698127791,(4696275.402858791+0j),33.71672785346036,8.924950181611978e-09,(1406.7633227635904+0j)
10.403067393478768,32.984798038618116,0.10299853181340077,(-2348841.0830907756+4161902.3769976026j),32.984798038618116,0.10299853181340077,(-2348841.0830907756-4161902.3769976026j),33.02047369202629,0.09946512698127791,(4696275.402858791+0j),33.716728147259666,8.924950181611978e-09,(1406.7633227635904+0j)
10.420762349311675,33.003980484624975,0.10299853181340077,(-2348841.0830907756+4161902.3769976026j),33.003980484624975,0.10299853181340077,(-2348841.0830907756-4161902.3769976026j),33.04066156267146,0.09946512698127791,(4696275.402858791+0j),33.71672843278302,8.924950181611978e-09,(1406.7633227635904+0j)
10.438457305144583,33.023425118821045,0.10299853181340077,(-2348841.0830907756+4161902.3769976026j),33.023425118821045,0.10299853181340077,(-2348841.0830907756-4161902.3769976026j),33.0611249982536,0.09946512698127791,(4696275.402858791+0j),33.71672871037526,8.924950181611978e-09,(1406.7633227635904+0j)
10.456152260977492,33.0431316710024,0.10299853181340077,(-2348841.0830907756+4161902.3769976026j),33.0431316710024,0.10299853181340077,(-2348841.0830907756-4161902.3769976026j),33.08186370469345,0.09946512698127791,(4696275.402858791+0j),33.716728980362305,8.924950181611978e-09,(1406.7633227635904+0j)
10.4738472168104,33.063099871241235,0.10299853181340077,(-2348841.0830907756+4161902.3769976026j),33.063099871241235,0.10299853181340077,(-2348841.0830907756-4161902.3769976026j),33.102877388222865,0.09946512698127791,(4696275.402858791+0j),33.71672924305248,8.924950181611978e-09,(1406.7633227635904+0j)
10.491542172643307,33.08332944988556,0.10299853181340077,(-2348841.0830907756+4161902.3769976026j),33.08332944988556,0.10299853181340077,(-2348841.0830907756-4161902.3769976026j),33.12416575538445,0.09946512698127791,(4696275.402858791+0j),33.71672949873765,8.924950181611978e-09,(1406.7633227635904+0j)
10.509237128476217,33.103820137558905,0.10299853181340077,(-2348841.0830907756+4161902.3769976026j),33.103820137558905,0.10299853181340077,(-2348841.0830907756-4161902.3769976026j),33.1457285130312,0.09946512698127791,(4696275.402858791+0j),33.71672974769434,8.924950181611978e-09,(1406.7633227635904+0j)
10.526932084309125,33.124571665159976,0.10299853181340077,(-2348841.0830907756+4161902.3769976026j),33.124571665159976,0.10299853181340077,(-2348841.0830907756-4161902.3769976026j),33.16756536832609,0.09946512698127791,(4696275.402858791+0j),33.716729990184675,8.924950181611978e-09,(1406.7633227635904+0j)
10.544627040142032,33.14558376386236,0.10299853181340077,(-2348841.0830907756+4161902.3769976026j),33.14558376386236,0.10299853181340077,(-2348841.0830907756-4161902.3769976026j),33.189676028741765,0.09946512698127791,(4696275.402858791+0j),33.71673022645737,8.924950181611978e-09,(1406.7633227635904+0j)
10.56232199597494,33.16685616511421,0.10299853181340077,(-2348841.0830907756+4161902.3769976026j),33.16685616511421,0.10299853181340077,(-2348841.0830907756-4161902.3769976026j),33.212060202060165,0.09946512698127791,(4696275.402858791+0j),33.71673045674855,8.924950181611978e-09,(1406.7633227635904+0j)
10.580016951807849,33.188388600637936,0.10299853181340077,(-2348841.0830907756+4161902.3769976026j),33.188388600637936,0.10299853181340077,(-2348841.0830907756-4161902.3769976026j),33.23471759637215,0.09946512698127791,(4696275.402858791+0j),33.71673068128249,8.924950181611978e-09,(1406.7633227635904+0j)
10.597711907640758,33.210180802429896,0.10299853181340077,(-2348841.0830907756+4161902.3769976026j),33.210180802429896,0.10299853181340077,(-2348841.0830907756-4161902.3769976026j),33.25764792007714,0.09946512698127791,(4696275.402858791+0j),33.71673090027244,8.924950181611978e-09,(1406.7633227635904+0j)
10.615406863473664,33.23223250276008,0.10299853181340077,(-2348841.0830907756+4161902.3769976026j),33.23223250276008,0.10299853181340077,(-2348841.0830907756-4161902.3769976026j),33.28085088188276,0.09946512698127791,(4696275.402858791+0j),33.71673111392122,8.924950181611978e-09,(1406.7633227635904+0j)
10.633101819306573,33.2545434341718,0.10299853181340077,(-2348841.0830907756+4161902.3769976026j),33.2545434341718,0.10299853181340077,(-2348841.0830907756-4161902.3769976026j),33.30432619080449,0.09946512698127791,(4696275.402858791+0j),33.71673132242188,8.924950181611978e-09,(1406.7633227635904+0j)
10.650796775139481,33.2771133294814,0.10299853181340077,(-2348841.0830907756+4161902.3769976026j),33.2771133294814,0.10299853181340077,(-2348841.0830907756-4161902.3769976026j),33.32807355616527,0.09946512698127791,(4696275.402858791+0j),33.71673152595828,8.924950181611978e-09,(1406.7633227635904+0j)
10.66849173097239,33.29994192177793,0.10299853181340077,(-2348841.0830907756+4161902.3769976026j),33.29994192177793,0.10299853181340077,(-2348841.0830907756-4161902.3769976026j),33.35209268759516,0.09946512698127791,(4696275.402858791+0j),33.71673172470564,8.924950181611978e-09,(1406.7633227635904+0j)
10.686186686805298,33.323028944422816,0.10299853181340077,(-2348841.0830907756+4161902.3769976026j),33.323028944422816,0.10299853181340077,(-2348841.0830907756-4161902.3769976026j),33.37638329503102,0.09946512698127791,(4696275.402858791+0j),33.71673191883101,8.924950181611978e-09,(1406.7633227635904+0j)
10.703881642638207,33.34637413104961,0.10299853181340077,(-2348841.0830907756+4161902.3769976026j),33.34637413104961,0.10299853181340077,(-2348841.0830907756-4161902.3769976026j),33.40094508871606,0.09946512698127791,(4696275.402858791+0j),33.71673210849376,8.924950181611978e-09,(1406.7633227635904+0j)
10.721576598471115,33.369977215563615,0.10299853181340077,(-2348841.0830907756+4161902.3769976026j),33.369977215563615,0.10299853181340077,(-2348841.0830907756-4161902.3769976026j),33.425777779199564,0.09946512698127791,(4696275.402858791+0j),33.716732293846036,8.924950181611978e-09,(1406.7633227635904+0j)
10.739271554304024,33.393837932141636,0.10299853181340077,(-2348841.0830907756+4161902.3769976026j),33.393837932141636,0.10299853181340077,(-2348841.0830907756-4161902.3769976026j),33.45088107733649,0.09946512698127791,(4696275.402858791+0j),33.71673247503312,8.924950181611978e-09,(1406.7633227635904+0j)
10.75696651013693,33.41795601523163,0.10299853181340077,(-2348841.0830907756+4161902.3769976026j),33.41795601523163,0.10299853181340077,(-2348841.0830907756-4161902.3769976026j),33.47625469428714,0.09946512698127791,(4696275.402858791+0j),33.71673265219386,8.924950181611978e-09,(1406.7633227635904+0j)
10.774661465969839,33.442331199552434,0.10299853181340077,(-2348841.0830907756+4161902.3769976026j),33.442331199552434,0.10299853181340077,(-2348841.0830907756-4161902.3769976026j),33.50189834151678,0.09946512698127791,(4696275.402858791+0j),33.716732825460994,8.924950181611978e-09,(1406.7633227635904+0j)
10.792356421802747,33.466963220093426,0.10299853181340077,(-2348841.0830907756+4161902.3769976026j),33.466963220093426,0.10299853181340077,(-2348841.0830907756-4161902.3769976026j),33.52781173079526,0.09946512698127791,(4696275.402858791+0j),33.71673299496148,8.924950181611978e-09,(1406.7633227635904+0j)
10.810051377635654,33.49185181211424,0.10299853181340077,(-2348841.0830907756+4161902.3769976026j),33.49185181211424,0.10299853181340077,(-2348841.0830907756-4161902.3769976026j),33.55399457419673,0.09946512698127791,(4696275.402858791+0j),33.71673316081682,8.924950181611978e-09,(1406.7633227635904+0j)
10.827746333468564,33.516996711144465,0.10299853181340077,(-2348841.0830907756+4161902.3769976026j),33.516996711144465,0.10299853181340077,(-2348841.0830907756-4161902.3769976026j),33.58044658409923,0.09946512698127791,(4696275.402858791+0j),33.71673332314336,8.924950181611978e-09,(1406.7633227635904+0j)
10.845441289301473,33.54239765298331,0.10299853181340077,(-2348841.0830907756+4161902.3769976026j),33.54239765298331,0.10299853181340077,(-2348841.0830907756-4161902.3769976026j),33.60716747318432,0.09946512698127791,(4696275.402858791+0j),33.71673348205252,8.924950181611978e-09,(1406.7633227635904+0j)
10.863136245134381,33.56805437369934,0.10299853181340077,(-2348841.0830907756+4161902.3769976026j),33.56805437369934,0.10299853181340077,(-2348841.0830907756-4161902.3769976026j),33.63415695443678,0.09946512698127791,(4696275.402858791+0j),33.7167336376511,8.924950181611978e-09,(1406.7633227635904+0j)
10.880831200967288,33.593966609630144,0.10299853181340077,(-2348841.0830907756+4161902.3769976026j),33.593966609630144,0.10299853181340077,(-2348841.0830907756-4161902.3769976026j),33.661414741144235,0.09946512698127791,(4696275.402858791+0j),33.716733790041495,8.924950181611978e-09,(1406.7633227635904+0j)
10.898526156800196,33.62013409738205,0.10299853181340077,(-2348841.0830907756+4161902.3769976026j),33.62013409738205,0.10299853181340077,(-2348841.0830907756-4161902.3769976026j),33.688940546896745,0.09946512698127791,(4696275.402858791+0j),33.71673393932189,8.924950181611978e-09,(1406.7633227635904+0j)
10.916221112633105,33.646556573829784,0.10299853181340077,(-2348841.0830907756+4161902.3769976026j),33.646556573829784,0.10299853181340077,(-2348841.0830907756-4161902.3769976026j),33.71673408558655,0.09946512698127791,(4696275.402858791+0j),33.71673408558655,8.924950181611978e-09,(1406.7633227635904+0j)
10.916221112633105,33.71673408558655,0.10299853181339828,(-2348841.0830907505+4161902.3769975584j),33.71673408558655,0.10299853181339828,(-2348841.0830907505-4161902.3769975584j),33.71673408558655,0.09946512698127533,(4696275.402858737+0j),33.71673408558655,8.924950181612597e-09,(1406.763322763641+0j)
10.933916068466013,33.716875086310395,0.10299853181339828,(-2348841.0830907505+4161902.3769975584j),33.716875086310395,0.10299853181339828,(-2348841.0830907505-4161902.3769975584j),33.716882664210274,0.09946512698127533,(4696275.402858737+0j),35.1220793997209,8.924950181612597e-09,(1406.763322763641+0j)
10.95161102429892,33.7172978947758,0.10299853181339828,(-2348841.0830907505+4161902.3769975584j),33.7172978947758,0.10299853181339828,(-2348841.0830907505-4161902.3769975584j),33.717328188717026,0.09946512698127533,(4696275.402858737+0j),35.12278813589843,8.924950181612597e-09,(1406.763322763641+0j)
10.969305980131828,33.718002220648124,0.10299853181339828,(-2348841.0830907505+4161902.3769975584j),33.718002220648124,0.10299853181339828,(-2348841.0830907505-4161902.3769975584j),33.718070342313865,0.09946512698127533,(4696275.402858737+0j),35.12302450043628,8.924950181612597e-09,(1406.763322763641+0j)
10.987000935964737,33.718987773891776,0.10299853181339828,(-2348841.0830907505+4161902.3769975584j),33.718987773891776,0.10299853181339828,(-2348841.0830907505-4161902.3769975584j),33.71910880854571,0.09946512698127533,(4696275.402858737+0j),35.123142705056225,8.924950181612597e-09,(1406.763322763641+0j)
11.004695891797645,33.72025426476986,0.10299853181339828,(-2348841.0830907505+4161902.3769975584j),33.72025426476986,0.10299853181339828,(-2348841.0830907505-4161902.3769975584j),33.72044327129503,0.09946512698127533,(4696275.402858737+0j),35.123213634981965,8.924950181612597e-09,(1406.763322763641+0j)
11.022390847630554,33.72180140384386,0.10299853181339828,(-2348841.0830907505+4161902.3769975584j),33.72180140384386,0.10299853181339828,(-2348841.0830907505-4161902.3769975584j),33.72207341478129,0.09946512698127533,(4696275.402858737+0j),35.12326092458019,8.924950181612597e-09,(1406.763322763641+0j)
11.040085803463462,33.72362890197328,0.10299853181339828,(-2348841.0830907505+4161902.3769975584j),33.72362890197328,0.10299853181339828,(-2348841.0830907505-4161902.3769975584j),33.723998923560714,0.09946512698127533,(4696275.402858737+0j),35.123294704324856,8.924950181612597e-09,(1406.763322763641+0j)
11.05778075929637,33.7257364703153,0.10299853181339828,(-2348841.0830907505+4161902.3769975584j),33.7257364703153,0.10299853181339828,(-2348841.0830907505-4161902.3769975584j),33.726219482525785,0.09946512698127533,(4696275.402858737+0j),35.12332003993196,8.924950181612597e-09,(1406.763322763641+0j)
11.075475715129278,33.728123820324456,0.10299853181339828,(-2348841.0830907505+4161902.3769975584j),33.728123820324456,0.10299853181339828,(-2348841.0830907505-4161902.3769975584j),33.728734776904865,0.09946512698127533,(4696275.402858737+0j),35.12333974587741,8.924950181612597e-09,(1406.763322763641+0j)
11.093170670962186,33.73079066375229,0.10299853181339828,(-2348841.0830907505+4161902.3769975584j),33.73079066375229,0.10299853181339828,(-2348841.0830907505-4161902.3769975584j),33.73154449226184,0.09946512698127533,(4696275.402858737+0j),35.12335551093194,8.924950181612597e-09,(1406.763322763641+0j)
11.110865626795094,33.733736712647,0.10299853181339828,(-2348841.0830907505+4161902.3769975584j),33.733736712647,0.10299853181339828,(-2348841.0830907505-4161902.3769975584j),33.73464831449566,0.09946512698127533,(4696275.402858737+0j),35.12336840981005,8.924950181612597e-09,(1406.763322763641+0j)
11.128560582628003,33.73696167935311,0.10299853181339828,(-2348841.0830907505+4161902.3769975584j),33.73696167935311,0.10299853181339828,(-2348841.0830907505-4161902.3769975584j),33.73804592983999,0.09946512698127533,(4696275.402858737+0j),35.123379159010675,8.924950181612597e-09,(1406.763322763641+0j)
11.14625553846091,33.740465276511145,0.10299853181339828,(-2348841.0830907505+4161902.3769975584j),33.740465276511145,0.10299853181339828,(-2348841.0830907505-4161902.3769975584j),33.74173702486281,0.09946512698127533,(4696275.402858737+0j),35.12338825458438,8.924950181612597e-09,(1406.763322763641+0j)
11.163950494293818,33.744247217057264,0.10299853181339828,(-2348841.0830907505+4161902.3769975584j),33.744247217057264,0.10299853181339828,(-2348841.0830907505-4161902.3769975584j),33.745721286465965,0.09946512698127533,(4696275.402858737+0j),35.12339605086061,8.924950181612597e-09,(1406.763322763641+0j)
11.181645450126728,33.74830721422295,0.10299853181339828,(-2348841.0830907505+4161902.3769975584j),33.74830721422295,0.10299853181339828,(-2348841.0830907505-4161902.3769975584j),33.74999840188485,0.09946512698127533,(4696275.402858737+0j),35.12340280768578,8.924950181612597e-09,(1406.763322763641+0j)
11.199340405959637,33.752644981534644,0.10299853181339828,(-2348841.0830907505+4161902.3769975584j),33.752644981534644,0.10299853181339828,(-2348841.0830907505-4161902.3769975584j),33.75456805868797,0.09946512698127533,(4696275.402858737+0j),35.12340871994773,8.924950181612597e-09,(1406.763322763641+0j)
11.217035361792544,33.75726023281343,0.10299853181339828,(-2348841.0830907505+4161902.3769975584j),33.75726023281343,0.10299853181339828,(-2348841.0830907505-4161902.3769975584j),33.75942994477655,0.09946512698127533,(4696275.402858737+0j),35.12341393668042,8.924950181612597e-09,(1406.763322763641+0j)
11.234730317625452,33.762152682174694,0.10299853181339828,(-2348841.0830907505+4161902.3769975584j),33.762152682174694,0.10299853181339828,(-2348841.0830907505-4161902.3769975584j),33.76458374838414,0.09946512698127533,(4696275.402858737+0j),35.12341857380051,8.924950181612597e-09,(1406.763322763641+0j)
11.25242527345836,33.7673220440278,0.10299853181339828,(-2348841.0830907505+4161902.3769975584j),33.7673220440278,0.10299853181339828,(-2348841.0830907505-4161902.3769975584j),33.77002915807622,0.09946512698127533,(4696275.402858737+0j),35.12342272282211,8.924950181612597e-09,(1406.763322763641+0j)
11.270120229291267,33.772768033075714,0.10299853181339828,(-2348841.0830907505+4161902.3769975584j),33.772768033075714,0.10299853181339828,(-2348841.0830907505-4161902.3769975584j),33.77576586274983,0.09946512698127533,(4696275.402858737+0j),35.12342645695726,8.924950181612597e-09,(1406.763322763641+0j)
11.287815185124176,33.77849036431471,0.10299853181339828,(-2348841.0830907505+4161902.3769975584j),33.77849036431471,0.10299853181339828,(-2348841.0830907505-4161902.3769975584j),33.781793551633164,0.09946512698127533,(4696275.402858737+0j),35.1234298354733,8.924950181612597e-09,(1406.763322763641+0j)
11.305510140957084,33.784488753034026,0.10299853181339828,(-2348841.0830907505+4161902.3769975584j),33.784488753034026,0.10299853181339828,(-2348841.0830907505-4161902.3769975584j),33.78811191428516,0.09946512698127533,(4696275.402858737+0j),35.12343290686208,8.924950181612597e-09,(1406.763322763641+0j)
11.323205096789993,33.7907629148155,0.10299853181339828,(-2348841.0830907505+4161902.3769975584j),33.7907629148155,0.10299853181339828,(-2348841.0830907505-4161902.3769975584j),33.79472064059515,0.09946512698127533,(4696275.402858737+0j),35.12343571118236,8.924950181612597e-09,(1406.763322763641+0j)
11.3409000526229,33.7973125655333,0.10299853181339828,(-2348841.0830907505+4161902.3769975584j),33.7973125655333,0.10299853181339828,(-2348841.0830907505-4161902.3769975584j),33.80161942078242,0.09946512698127533,(4696275.402858737+0j),35.12343828181665,8.924950181612597e-09,(1406.763322763641+0j)
11.35859500845581,33.804137421353516,0.10299853181339828,(-2348841.0830907505+4161902.3769975584j),33.804137421353516,0.10299853181339828,(-2348841.0830907505-4161902.3769975584j),33.80880794539586,0.09946512698127533,(4696275.402858737+0j),35.12344064680642,8.924950181612597e-09,(1406.763322763641+0j)
11.376289964288718,33.81123719873387,0.10299853181339828,(-2348841.0830907505+4161902.3769975584j),33.81123719873387,0.10299853181339828,(-2348841.0830907505-4161902.3769975584j),33.81628590531357,0.09946512698127533,(4696275.402858737+0j),35.123442829879195,8.924950181612597e-09,(1406.763322763641+0j)
11.393984920121627,33.81861161442338,0.10299853181339828,(-2348841.0830907505+4161902.3769975584j),33.81861161442338,0.10299853181339828,(-2348841.0830907505-4161902.3769975584j),33.82405299174243,0.09946512698127533,(4696275.402858737+0j),35.123444851247406,8.924950181612597e-09,(1406.763322763641+0j)
11.411679875954533,33.826260385462035,0.10299853181339828,(-2348841.0830907505+4161902.3769975584j),33.826260385462035,0.10299853181339828,(-2348841.0830907505-4161902.3769975584j),33.83210889621778,0.09946512698127533,(4696275.402858737+0j),35.12344672823607,8.924950181612597e-09,(1406.763322763641+0j)
11.429374831787442,33.83418322918042,0.10299853181339828,(-2348841.0830907505+4161902.3769975584j),33.83418322918042,0.10299853181339828,(-2348841.0830907505-4161902.3769975584j),33.84045331060298,0.09946512698127533,(4696275.402858737+0j),35.12344847578063,8.924950181612597e-09,(1406.763322763641+0j)
11.44706978762035,33.84237986319943,0.10299853181339828,(-2348841.0830907505+4161902.3769975584j),33.84237986319943,0.10299853181339828,(-2348841.0830907505-4161902.3769975584j),33.84908592708904,0.09946512698127533,(4696275.402858737+0j),35.12345010682514,8.924950181612597e-09,(1406.763322763641+0j)
11.464764743453259,33.85085000542994,0.10299853181339828,(-2348841.0830907505+4161902.3769975584j),33.85085000542994,0.10299853181339828,(-2348841.0830907505-4161902.3769975584j),33.85800643819423,0.09946512698127533,(4696275.402858737+0j),35.12345163264356,8.924950181612597e-09,(1406.763322763641+0j)
11.482459699286165,33.85959337407246,0.10299853181339828,(-2348841.0830907505+4161902.3769975584j),33.85959337407246,0.10299853181339828,(-2348841.0830907505-4161902.3769975584j),33.86721453676369,0.09946512698127533,(4696275.402858737+0j),35.12345306310056,8.924950181612597e-09,(1406.763322763641+0j)
11.500154655119074,33.86860968761676,0.10299853181339828,(-2348841.0830907505+4161902.3769975584j),33.86860968761676,0.10299853181339828,(-2348841.0830907505-4161902.3769975584j),33.876709915969066,0.09946512698127533,(4696275.402858737+0j),35.1234544068652,8.924950181612597e-09,(1406.763322763641+0j)
11.517849610951982,33.877898664841624,0.10299853181339828,(-2348841.0830907505+4161902.3769975584j),33.877898664841624,0.10299853181339828,(-2348841.0830907505-4161902.3769975584j),33.886492269308086,0.09946512698127533,(4696275.402858737+0j),35.12345567158662,8.924950181612597e-09,(1406.763322763641+0j)
11.53554456678489,33.88746002481449,0.10299853181339828,(-2348841.0830907505+4161902.3769975584j),33.88746002481449,0.10299853181339828,(-2348841.0830907505-4161902.3769975584j),33.89656129060423,0.09946512698127533,(4696275.402858737+0j),35.1234568640398,8.924950181612597e-09,(1406.763322763641+0j)
11.5532395226178,33.89729348689107,0.10299853181339828,(-2348841.0830907505+4161902.3769975584j),33.89729348689107,0.10299853181339828,(-2348841.0830907505-4161902.3769975584j),33.90691667400629,0.09946512698127533,(4696275.402858737+0j),35.123457990246976,8.924950181612597e-09,(1406.763322763641+0j)
11.570934478450708,33.90739877071511,0.10299853181339828,(-2348841.0830907505+4161902.3769975584j),33.90739877071511,0.10299853181339828,(-2348841.0830907505-4161902.3769975584j),33.917558113988,0.09946512698127533,(4696275.402858737+0j),35.12345905557933,8.924950181612597e-09,(1406.763322763641+0j)
11.588629434283616,33.917775596217986,0.10299853181339828,(-2348841.0830907505+4161902.3769975584j),33.917775596217986,0.10299853181339828,(-2348841.0830907505-4161902.3769975584j),33.92848530534771,0.09946512698127533,(4696275.402858737+0j),35.12346006484269,8.924950181612597e-09,(1406.763322763641+0j)
11.606324390116523,33.92842368361841,0.10299853181339828,(-2348841.0830907505+4161902.3769975584j),33.92842368361841,0.10299853181339828,(-2348841.0830907505-4161902.3769975584j),33.9396979432079,0.09946512698127533,(4696275.402858737+0j),35.12346102234994,8.924950181612597e-09,(1406.763322763641+0j)
11.624019345949431,33.93934275342211,0.10299853181339828,(-2348841.0830907505+4161902.3769975584j),33.93934275342211,0.10299853181339828,(-2348841.0830907505-4161902.3769975584j),33.951195723014884,0.09946512698127533,(4696275.402858737+0j),35.12346193198274,8.924950181612597e-09,(1406.763322763641+0j)
11.64171430178234,33.95053252642148,0.10299853181339828,(-2348841.0830907505+4161902.3769975584j),33.95053252642148,0.10299853181339828,(-2348841.0830907505-4161902.3769975584j),33.962978340538406,0.09946512698127533,(4696275.402858737+0j),35.12346279724403,8.924950181612597e-09,(1406.763322763641+0j)
11.659409257615248,33.96199272369529,0.10299853181339828,(-2348841.0830907505+4161902.3769975584j),33.96199272369529,0.10299853181339828,(-2348841.0830907505-4161902.3769975584j),33.975045491871235,0.09946512698127533,(4696275.402858737+0j),35.12346362130314,8.924950181612597e-09,(1406.763322763641+0j)
11.677104213448155,33.973723066608294,0.10299853181339828,(-2348841.0830907505+4161902.3769975584j),33.973723066608294,0.10299853181339828,(-2348841.0830907505-4161902.3769975584j),33.98739687342881,0.09946512698127533,(4696275.402858737+0j),35.1234644070346,8.924950181612597e-09,(1406.763322763641+0j)
11.694799169281064,33.98572327681098,0.10299853181339828,(-2348841.0830907505+4161902.3769975584j),33.98572327681098,0.10299853181339828,(-2348841.0830907505-4161902.3769975584j),34.00003218194883,0.09946512698127533,(4696275.402858737+0j),35.1234651570516,8.924950181612597e-09,(1406.763322763641+0j)
11.712494125113974,33.99799307623922,0.10299853181339828,(-2348841.0830907505+4161902.3769975584j),33.99799307623922,0.10299853181339828,(-2348841.0830907505-4161902.3769975584j),34.01295111449093,0.09946512698127533,(4696275.402858737+0j),35.12346587373508,8.924950181612597e-09,(1406.763322763641+0j)
11.73018908094688,34.010532187113895,0.10299853181339828,(-2348841.0830907505+4161902.3769975584j),34.010532187113895,0.10299853181339828,(-2348841.0830907505-4161902.3769975584j),34.026153368436255,0.09946512698127533,(4696275.402858737+0j),35.123466559258915,8.924950181612597e-09,(1406.763322763641+0j)
11.747884036779789,34.02334033194066,0.10299853181339828,(-2348841.0830907505+4161902.3769975584j),34.02334033194066,0.10299853181339828,(-2348841.0830907505-4161902.3769975584j),34.039638641487066,0.09946512698127533,(4696275.402858737+0j),35.123467215611996,8.924950181612597e-09,(1406.763322763641+0j)
11.765578992612697,34.03641723350954,0.10299853181339828,(-2348841.0830907505+4161902.3769975584j),34.03641723350954,0.10299853181339828,(-2348841.0830907505-4161902.3769975584j),34.053406631666434,0.09946512698127533,(4696275.402858737+0j),35.12346784461746,8.924950181612597e-09,(1406.763322763641+0j)
11.783273948445606,34.049762614894654,0.10299853181339828,(-2348841.0830907505+4161902.3769975584j),34.049762614894654,0.10299853181339828,(-2348841.0830907505-4161902.3769975584j),34.06745703731778,0.09946512698127533,(4696275.402858737+0j),35.12346844794963,8.924950181612597e-09,(1406.763322763641+0j)
11.800968904278513,34.06337619945386,0.10299853181339828,(-2348841.0830907505+4161902.3769975584j),34.06337619945386,0.10299853181339828,(-2348841.0830907505-4161902.3769975584j),34.08178955710455,0.09946512698127533,(4696275.402858737+0j),35.12346902714887,8.924950181612597e-09,(1406.763322763641+0j)
11.818663860111421,34.0772577108285,0.10299853181339828,(-2348841.0830907505+4161902.3769975584j),34.0772577108285,0.10299853181339828,(-2348841.0830907505-4161902.3769975584j),34.09640389000984,0.09946512698127533,(4696275.402858737+0j),35.12346958363476,8.924950181612597e-09,(1406.763322763641+0j)
11.83635881594433,34.09140687294296,0.10299853181339828,(-2348841.0830907505+4161902.3769975584j),34.09140687294296,0.10299853181339828,(-2348841.0830907505-4161902.3769975584j),34.11129973533597,0.09946512698127533,(4696275.402858737+0j),35.12347011871766,8.924950181612597e-09,(1406.763322763641+0j)
11.854053771777238,34.10582341000446,0.10299853181339828,(-2348841.0830907505+4161902.3769975584j),34.10582341000446,0.10299853181339828,(-2348841.0830907505-4161902.3769975584j),34.126476792704175,0.09946512698127533,(4696275.402858737+0j),35.12347063360904,8.924950181612597e-09,(1406.763322763641+0j)
11.871748727610147,34.12050704650269,0.10299853181339828,(-2348841.0830907505+4161902.3769975584j),34.12050704650269,0.10299853181339828,(-2348841.0830907505-4161902.3769975584j),34.141934762054184,0.09946512698127533,(4696275.402858737+0j),35.123471129430634,8.924950181612597e-09,(1406.763322763641+0j)
11.889443683443055,34.13545750720945,0.10299853181339828,(-2348841.0830907505+4161902.3769975584j),34.13545750720945,0.10299853181339828,(-2348841.0830907505-4161902.3769975584j),34.15767334364385,0.09946512698127533,(4696275.402858737+0j),35.12347160722259,8.924950181612597e-09,(1406.763322763641+0j)
11.907138639275963,34.150674517178416,0.10299853181339828,(-2348841.0830907505+4161902.3769975584j),34.150674517178416,0.10299853181339828,(-2348841.0830907505-4161902.3769975584j),34.173692238048794,0.09946512698127533,(4696275.402858737+0j),35.123472067950786,8.924950181612597e-09,(1406.763322763641+0j)
11.924833595108872,34.16615780174473,0.10299853181339828,(-2348841.0830907505+4161902.3769975584j),34.16615780174473,0.10299853181339828,(-2348841.0830907505-4161902.3769975584j),34.18999114616203,0.09946512698127533,(4696275.402858737+0j),35.123472512513295,8.924950181612597e-09,(1406.763322763641+0j)
11.942528550941779,34.18190708652475,0.10299853181339828,(-2348841.0830907505+4161902.3769975584j),34.18190708652475,0.10299853181339828,(-2348841.0830907505-4161902.3769975584j),34.206569769193564,0.09946512698127533,(4696275.402858737+0j),35.123472941746265,8.924950181612597e-09,(1406.763322763641+0j)
11.960223506774687,34.197922097415706,0.10299853181339828,(-2348841.0830907505+4161902.3769975584j),34.197922097415706,0.10299853181339828,(-2348841.0830907505-4161902.3769975584j),34.22342780867005,0.09946512698127533,(4696275.402858737+0j),35.12347335642915,8.924950181612597e-09,(1406.763322763641+0j)
11.977918462607596,34.21420256059534,0.10299853181339828,(-2348841.0830907505+4161902.3769975584j),34.21420256059534,0.10299853181339828,(-2348841.0830907505-4161902.3769975584j),34.24056496643443,0.09946512698127533,(4696275.402858737+0j),35.12347375728945,8.924950181612597e-09,(1406.763322763641+0j)
11.995613418440502,34.23074820252165,0.10299853181339828,(-2348841.0830907505+4161902.3769975584j),34.23074820252165,0.10299853181339828,(-2348841.0830907505-4161902.3769975584j),34.25798094464548,0.09946512698127533,(4696275.402858737+0j),35.12347414500695,8.924950181612597e-09,(1406.763322763641+0j)
12.01330837427341,34.247558749932566,0.10299853181339828,(-2348841.0830907505+4161902.3769975584j),34.247558749932566,0.10299853181339828,(-2348841.0830907505-4161902.3769975584j),34.27567544577758,0.09946512698127533,(4696275.402858737+0j),35.123474520217584,8.924950181612597e-09,(1406.763322763641+0j)
12.03100333010632,34.26463392984557,0.10299853181339828,(-2348841.0830907505+4161902.3769975584j),34.26463392984557,0.10299853181339828,(-2348841.0830907505-4161902.3769975584j),34.293648172620216,0.09946512698127533,(4696275.402858737+0j),35.12347488351691,8.924950181612597e-09,(1406.763322763641+0j)
12.048698285939228,34.28197346955745,0.10299853181339828,(-2348841.0830907505+4161902.3769975584j),34.28197346955745,0.10299853181339828,(-2348841.0830907505-4161902.3769975584j),34.311898828277656,0.09946512698127533,(4696275.402858737+0j),35.123475235463275,8.924950181612597e-09,(1406.763322763641+0j)
12.066393241772136,34.29957709664396,0.10299853181339828,(-2348841.0830907505+4161902.3769975584j),34.29957709664396,0.10299853181339828,(-2348841.0830907505-4161902.3769975584j),34.33042711616861,0.09946512698127533,(4696275.402858737+0j),35.12347557658064,8.924950181612597e-09,(1406.763322763641+0j)
12.084088197605045,34.317444538959485,0.10299853181339828,(-2348841.0830907505+4161902.3769975584j),34.317444538959485,0.10299853181339828,(-2348841.0830907505-4161902.3769975584j),34.349232740025776,0.09946512698127533,(4696275.402858737+0j),35.12347590736124,8.924950181612597e-09,(1406.763322763641+0j)
12.101783153437953,34.33557552463673,0.10299853181339828,(-2348841.0830907505+4161902.3769975584j),34.33557552463673,0.10299853181339828,(-2348841.0830907505-4161902.3769975584j),34.368315403895615,0.09946512698127533,(4696275.402858737+0j),35.12347622826789,8.924950181612597e-09,(1406.763322763641+0j)
12.119478109270862,34.35396978208644,0.10299853181339828,(-2348841.0830907505+4161902.3769975584j),34.35396978208644,0.10299853181339828,(-2348841.0830907505-4161902.3769975584j),34.3876748121378,0.09946512698127533,(4696275.402858737+0j),35.12347653973623,8.924950181612597e-09,(1406.763322763641+0j)
12.137173065103768,34.37262703999703,0.10299853181339828,(-2348841.0830907505+4161902.3769975584j),34.37262703999703,0.10299853181339828,(-2348841.0830907505-4161902.3769975584j),34.40731066942502,0.09946512698127533,(4696275.402858737+0j),35.12347684217659,8.924950181612597e-09,(1406.763322763641+0j)
12.154868020936677,34.391547027334326,0.10299853181339828,(-2348841.0830907505+4161902.3769975584j),34.391547027334326,0.10299853181339828,(-2348841.0830907505-4161902.3769975584j),34.4272226807425,0.09946512698127533,(4696275.402858737+0j),35.1234771359759,8.924950181612597e-09,(1406.763322763641+0j)
12.172562976769585,34.410729473341185,0.10299853181339828,(-2348841.0830907505+4161902.3769975584j),34.410729473341185,0.10299853181339828,(-2348841.0830907505-4161902.3769975584j),34.44741055138767,0.09946512698127533,(4696275.402858737+0j),35.12347742149925,8.924950181612597e-09,(1406.763322763641+0j)
12.190257932602494,34.430174107537255,0.10299853181339828,(-2348841.0830907505+4161902.3769975584j),34.430174107537255,0.10299853181339828,(-2348841.0830907505-4161902.3769975584j),34.467873986969806,0.09946512698127533,(4696275.402858737+0j),35.12347769909148,8.924950181612597e-09,(1406.763322763641+0j)
12.2079528884354,34.4498806597186,0.10299853181339828,(-2348841.0830907505+4161902.3769975584j),34.4498806597186,0.10299853181339828,(-2348841.0830907505-4161902.3769975584j),34.48861269340966,0.09946512698127533,(4696275.402858737+0j),35.123477969078536,8.924950181612597e-09,(1406.763322763641+0j)
12.22564784426831,34.46984885995743,0.10299853181339828,(-2348841.0830907505+4161902.3769975584j),34.46984885995743,0.10299853181339828,(-2348841.0830907505-4161902.3769975584j),34.509626376939075,0.09946512698127533,(4696275.402858737+0j),35.12347823176871,8.924950181612597e-09,(1406.763322763641+0j)
12.24334280010122,34.49007843860177,0.10299853181339828,(-2348841.0830907505+4161902.3769975584j),34.49007843860177,0.10299853181339828,(-2348841.0830907505-4161902.3769975584j),34.53091474410067,0.09946512698127533,(4696275.402858737+0j),35.12347848745388,8.924950181612597e-09,(1406.763322763641+0j)
12.261037755934126,34.510569126275115,0.10299853181339828,(-2348841.0830907505+4161902.3769975584j),34.510569126275115,0.10299853181339828,(-2348841.0830907505-4161902.3769975584j),34.55247750174742,0.09946512698127533,(4696275.402858737+0j),35.12347873641057,8.924950181612597e-09,(1406.763322763641+0j)
12.278732711767034,34.531320653876186,0.10299853181339828,(-2348841.0830907505+4161902.3769975584j),34.531320653876186,0.10299853181339828,(-2348841.0830907505-4161902.3769975584j),34.5743143570423,0.09946512698127533,(4696275.402858737+0j),35.123478978900906,8.924950181612597e-09,(1406.763322763641+0j)
12.296427667599943,34.55233275257857,0.10299853181339828,(-2348841.0830907505+4161902.3769975584j),34.55233275257857,0.10299853181339828,(-2348841.0830907505-4161902.3769975584j),34.59642501745798,0.09946512698127533,(4696275.402858737+0j),35.1234792151736,8.924950181612597e-09,(1406.763322763641+0j)
12.314122623432851,34.57360515383042,0.10299853181339828,(-2348841.0830907505+4161902.3769975584j),34.57360515383042,0.10299853181339828,(-2348841.0830907505-4161902.3769975584j),34.61880919077638,0.09946512698127533,(4696275.402858737+0j),35.12347944546478,8.924950181612597e-09,(1406.763322763641+0j)
12.331817579265758,34.595137589354145,0.10299853181339828,(-2348841.0830907505+4161902.3769975584j),34.595137589354145,0.10299853181339828,(-2348841.0830907505-4161902.3769975584j),34.64146658508837,0.09946512698127533,(4696275.402858737+0j),35.12347966999872,8.924950181612597e-09,(1406.763322763641+0j)
12.349512535098667,34.616929791146106,0.10299853181339828,(-2348841.0830907505+4161902.3769975584j),34.616929791146106,0.10299853181339828,(-2348841.0830907505-4161902.3769975584j),34.66439690879336,0.09946512698127533,(4696275.402858737+0j),35.12347988898867,8.924950181612597e-09,(1406.763322763641+0j)
12.367207490931575,34.63898149147628,0.10299853181339828,(-2348841.0830907505+4161902.3769975584j),34.63898149147628,0.10299853181339828,(-2348841.0830907505-4161902.3769975584j),34.68759987059898,0.09946512698127533,(4696275.402858737+0j),35.12348010263745,8.924950181612597e-09,(1406.763322763641+0j)
12.384902446764483,34.66129242288801,0.10299853181339828,(-2348841.0830907505+4161902.3769975584j),34.66129242288801,0.10299853181339828,(-2348841.0830907505-4161902.3769975584j),34.711075179520705,0.09946512698127533,(4696275.402858737+0j),35.12348031113811,8.924950181612597e-09,(1406.763322763641+0j)
12.40259740259739,34.68386231819761,0.10299853181339828,(-2348841.0830907505+4161902.3769975584j),34.68386231819761,0.10299853181339828,(-2348841.0830907505-4161902.3769975584j),34.73482254488148,0.09946512698127533,(4696275.402858737+0j),35.12348051467451,8.924950181612597e-09,(1406.763322763641+0j)
12.4202923584303,34.70669091049414,0.10299853181339828,(-2348841.0830907505+4161902.3769975584j),34.70669091049414,0.10299853181339828,(-2348841.0830907505-4161902.3769975584j),34.758841676311384,0.09946512698127533,(4696275.402858737+0j),35.12348071342187,8.924950181612597e-09,(1406.763322763641+0j)
12.437987314263209,34.729777933139026,0.10299853181339828,(-2348841.0830907505+4161902.3769975584j),34.729777933139026,0.10299853181339828,(-2348841.0830907505-4161902.3769975584j),34.78313228374724,0.09946512698127533,(4696275.402858737+0j),35.12348090754724,8.924950181612597e-09,(1406.763322763641+0j)
12.455682270096117,34.75312311976582,0.10299853181339828,(-2348841.0830907505+4161902.3769975584j),34.75312311976582,0.10299853181339828,(-2348841.0830907505-4161902.3769975584j),34.80769407743228,0.09946512698127533,(4696275.402858737+0j),35.12348109720999,8.924950181612597e-09,(1406.763322763641+0j)
12.473377225929024,34.77672620427983,0.10299853181339828,(-2348841.0830907505+4161902.3769975584j),34.77672620427983,0.10299853181339828,(-2348841.0830907505-4161902.3769975584j),34.83252676791579,0.09946512698127533,(4696275.402858737+0j),35.12348128256227,8.924950181612597e-09,(1406.763322763641+0j)
12.491072181761933,34.80058692085785,0.10299853181339828,(-2348841.0830907505+4161902.3769975584j),34.80058692085785,0.10299853181339828,(-2348841.0830907505-4161902.3769975584j),34.857630066052714,0.09946512698127533,(4696275.402858737+0j),35.12348146374935,8.924950181612597e-09,(1406.763322763641+0j)
12.508767137594841,34.82470500394785,0.10299853181339828,(-2348841.0830907505+4161902.3769975584j),34.82470500394785,0.10299853181339828,(-2348841.0830907505-4161902.3769975584j),34.883003683003366,0.09946512698127533,(4696275.402858737+0j),35.12348164091009,8.924950181612597e-09,(1406.763322763641+0j)
12.526462093427748,34.84908018826866,0.10299853181339828,(-2348841.0830907505+4161902.3769975584j),34.84908018826866,0.10299853181339828,(-2348841.0830907505-4161902.3769975584j),34.908647330232995,0.09946512698127533,(4696275.402858737+0j),35.123481814177225,8.924950181612597e-09,(1406.763322763641+0j)
12.544157049260656,34.87371220880964,0.10299853181339828,(-2348841.0830907505+4161902.3769975584j),34.87371220880964,0.10299853181339828,(-2348841.0830907505-4161902.3769975584j),34.93456071951149,0.09946512698127533,(4696275.402858737+0j),35.123481983677706,8.924950181612597e-09,(1406.763322763641+0j)
12.561852005093566,34.898600800830465,0.10299853181339828,(-2348841.0830907505+4161902.3769975584j),34.898600800830465,0.10299853181339828,(-2348841.0830907505-4161902.3769975584j),34.96074356291295,0.09946512698127533,(4696275.402858737+0j),35.123482149533054,8.924950181612597e-09,(1406.763322763641+0j)
12.579546960926475,34.92374569986069,0.10299853181339828,(-2348841.0830907505+4161902.3769975584j),34.92374569986069,0.10299853181339828,(-2348841.0830907505-4161902.3769975584j),34.98719557281545,0.09946512698127533,(4696275.402858737+0j),35.12348231185959,8.924950181612597e-09,(1406.763322763641+0j)
12.597241916759382,34.949146641699535,0.10299853181339828,(-2348841.0830907505+4161902.3769975584j),34.949146641699535,0.10299853181339828,(-2348841.0830907505-4161902.3769975584j),35.01391646190054,0.09946512698127533,(4696275.402858737+0j),35.12348247076875,8.924950181612597e-09,(1406.763322763641+0j)
12.61493687259229,34.974803362415564,0.10299853181339828,(-2348841.0830907505+4161902.3769975584j),34.974803362415564,0.10299853181339828,(-2348841.0830907505-4161902.3769975584j),35.040905943153014,0.09946512698127533,(4696275.402858737+0j),35.123482626367334,8.924950181612597e-09,(1406.763322763641+0j)
12.632631828425199,35.000715598346375,0.10299853181339828,(-2348841.0830907505+4161902.3769975584j),35.000715598346375,0.10299853181339828,(-2348841.0830907505-4161902.3769975584j),35.06816372986046,0.09946512698127533,(4696275.402858737+0j),35.123482778757726,8.924950181612597e-09,(1406.763322763641+0j)
12.650326784258107,35.02688308609827,0.10299853181339828,(-2348841.0830907505+4161902.3769975584j),35.02688308609827,0.10299853181339828,(-2348841.0830907505-4161902.3769975584j),35.095689535612976,0.09946512698127533,(4696275.402858737+0j),35.12348292803812,8.924950181612597e-09,(1406.763322763641+0j)
12.668021740091014,35.12348307430278,0.029206195519217486,(-1437339.8877578191+2674856.791390863j),35.12348307430278,0.029206195519217486,(-1437339.8877578191-2674856.791390863j),35.12348307430278,0.026008597022637032,(2865532.7944662822+0j),35.12348307430278,2.6500966811933236e-07,(9146.981049362284+0j)
12.668021740091014,35.053305562546,0.10299853181339828,(-2348841.0830907505+4161902.3769975584j),35.053305562546,0.10299853181339828,(-2348841.0830907505-4161902.3769975584j),35.12348307430278,0.09946512698127533,(4696275.402858737+0j),35.12348307430278,8.924950181612597e-09,(1406.763322763641+0j)
12.683750589720265,35.12436282720981,0.029206195519217486,(-1437339.8877578191+2674856.791390863j),35.12436282720981,0.029206195519217486,(-1437339.8877578191-2674856.791390863j),35.12452981793405,0.026008597022637032,(2865532.7944662822+0j),43.969854263409076,2.6500966811933236e-07,(9146.981049362284+0j)
12.699479439349519,35.12699830073539,0.029206195519217486,(-1437339.8877578191+2674856.791390863j),35.12699830073539,0.029206195519217486,(-1437339.8877578191-2674856.791390863j),35.127664992279065,0.026008597022637032,(2865532.7944662822+0j),44.11827577936524,2.6500966811933236e-07,(9146.981049362284+0j)
12.71520828897877,35.13138383082027,0.029206195519217486,(-1437339.8877578191+2674856.791390863j),35.13138383082027,0.029206195519217486,(-1437339.8877578191-2674856.791390863j),35.13288103311243,0.026008597022637032,(2865532.7944662822+0j),44.16858045347184,2.6500966811933236e-07,(9146.981049362284+0j)
12.730937138608022,35.13751377166467,0.029206195519217486,(-1437339.8877578191+2674856.791390863j),35.13751377166467,0.029206195519217486,(-1437339.8877578191-2674856.791390863j),35.14017040358408,0.026008597022637032,(2865532.7944662822+0j),44.19389118981616,2.6500966811933236e-07,(9146.981049362284+0j)
12.746665988237273,35.14538249566297,0.029206195519217486,(-1437339.8877578191+2674856.791390863j),35.14538249566297,0.029206195519217486,(-1437339.8877578191-2674856.791390863j),35.14952559410923,0.026008597022637032,(2865532.7944662822+0j),44.20912866008658,2.6500966811933236e-07,(9146.981049362284+0j)
12.762394837866527,35.15498439333854,0.029206195519217486,(-1437339.8877578191+2674856.791390863j),35.15498439333854,0.029206195519217486,(-1437339.8877578191-2674856.791390863j),35.160939122258895,0.026008597022637032,(2865532.7944662822+0j),44.21930831487608,2.6500966811933236e-07,(9146.981049362284+0j)
12.778123687495778,35.16631387327895,0.029206195519217486,(-1437339.8877578191+2674856.791390863j),35.16631387327895,0.029206195519217486,(-1437339.8877578191-2674856.791390863j),35.17440353265091,0.026008597022637032,(2865532.7944662822+0j),44.226589974844124,2.6500966811933236e-07,(9146.981049362284+0j)
12.79385253712503,35.17936536207139,0.029206195519217486,(-1437339.8877578191+2674856.791390863j),35.17936536207139,0.029206195519217486,(-1437339.8877578191-2674856.791390863j),35.18991139684133,0.026008597022637032,(2865532.7944662822+0j),44.232056959599056,2.6500966811933236e-07,(9146.981049362284+0j)
12.80958138675428,35.1941333042383,0.029206195519217486,(-1437339.8877578191+2674856.791390863j),35.1941333042383,0.029206195519217486,(-1437339.8877578191-2674856.791390863j),35.20745531321644,0.026008597022637032,(2865532.7944662822+0j),44.23631246444107,2.6500966811933236e-07,(9146.981049362284+0j)
12.825310236383531,35.21061216217335,0.029206195519217486,(-1437339.8877578191+2674856.791390863j),35.21061216217335,0.029206195519217486,(-1437339.8877578191-2674856.791390863j),35.22702790688521,0.026008597022637032,(2865532.7944662822+0j),44.23971901589765,2.6500966811933236e-07,(9146.981049362284+0j)
12.841039086012785,35.22879641607763,0.029206195519217486,(-1437339.8877578191+2674856.791390863j),35.22879641607763,0.029206195519217486,(-1437339.8877578191-2674856.791390863j),35.24862182957221,0.026008597022637032,(2865532.7944662822+0j),44.242507615337544,2.6500966811933236e-07,(9146.981049362284+0j)
12.856767935642036,35.2486805638961,0.029206195519217486,(-1437339.8877578191+2674856.791390863j),35.2486805638961,0.029206195519217486,(-1437339.8877578191-2674856.791390863j),35.27222975951102,0.026008597022637032,(2865532.7944662822+0j),44.244832425733534,2.6500966811933236e-07,(9146.981049362284+0j)
12.872496785271288,35.27025912125428,0.029206195519217486,(-1437339.8877578191+2674856.791390863j),35.27025912125428,0.029206195519217486,(-1437339.8877578191-2674856.791390863j),35.297844401338175,0.026008597022637032,(2865532.7944662822+0j),44.24680026745479,2.6500966811933236e-07,(9146.981049362284+0j)
12.88822563490054,35.293526621395216,0.029206195519217486,(-1437339.8877578191+2674856.791390863j),35.293526621395216,0.029206195519217486,(-1437339.8877578191-2674856.791390863j),35.32545848598748,0.026008597022637032,(2865532.7944662822+0j),44.24848749582626,2.6500966811933236e-07,(9146.981049362284+0j)
12.903954484529791,35.318477615116706,0.029206195519217486,(-1437339.8877578191+2674856.791390863j),35.318477615116706,0.029206195519217486,(-1437339.8877578191-2674856.791390863j),35.35506477058492,0.026008597022637032,(2865532.7944662822+0j),44.24995013903884,2.6500966811933236e-07,(9146.981049362284+0j)
12.919683334159044,35.34510667070874,0.029206195519217486,(-1437339.8877578191+2674856.791390863j),35.34510667070874,0.029206195519217486,(-1437339.8877578191-2674856.791390863j),35.386656038343915,0.026008597022637032,(2865532.7944662822+0j),44.251230240348185,2.6500966811933236e-07,(9146.981049362284+0j)
12.935412183788296,35.37340837389124,0.029206195519217486,(-1437339.8877578191+2674856.791390863j),35.37340837389124,0.029206195519217486,(-1437339.8877578191-2674856.791390863j),35.42022509846118,0.026008597022637032,(2865532.7944662822+0j),44.25235996517792,2.6500966811933236e-07,(9146.981049362284+0j)
12.951141033417548,35.40337732775201,0.029206195519217486,(-1437339.8877578191+2674856.791390863j),35.40337732775201,0.029206195519217486,(-1437339.8877578191-2674856.791390863j),35.455764786012935,0.026008597022637032,(2865532.7944662822+0j),44.25336434111052,2.6500966811933236e-07,(9146.981049362284+0j)
12.9668698830468,35.43500815268494,0.029206195519217486,(-1437339.8877578191+2674856.791390863j),35.43500815268494,0.029206195519217486,(-1437339.8877578191-2674856.791390863j),35.493267961851664,0.026008597022637032,(2865532.7944662822+0j),44.25426313376882,2.6500966811933236e-07,(9146.981049362284+0j)
12.98259873267605,35.46829548632848,0.029206195519217486,(-1437339.8877578191+2674856.791390863j),35.46829548632848,0.029206195519217486,(-1437339.8877578191-2674856.791390863j),35.532727512503286,0.026008597022637032,(2865532.7944662822+0j),44.25507216064402,2.6500966811933236e-07,(9146.981049362284+0j)
12.998327582305304,35.503233983504316,0.029206195519217486,(-1437339.8877578191+2674856.791390863j),35.503233983504316,0.029206195519217486,(-1437339.8877578191-2674856.791390863j),35.574136350064784,0.026008597022637032,(2865532.7944662822+0j),44.25580422999611,2.6500966811933236e-07,(9146.981049362284+0j)
13.014056431934556,35.53981831615637,0.029206195519217486,(-1437339.8877578191+2674856.791390863j),35.53981831615637,0.029206195519217486,(-1437339.8877578191-2674856.791390863j),35.61748741210239,0.026008597022637032,(2865532.7944662822+0j),44.25646982398456,2.6500966811933236e-07,(9146.981049362284+0j)
13.029785281563807,35.578043173289956,0.029206195519217486,(-1437339.8877578191+2674856.791390863j),35.578043173289956,0.029206195519217486,(-1437339.8877578191-2674856.791390863j),35.66277366155005,0.026008597022637032,(2865532.7944662822+0j),44.25707760378687,2.6500966811933236e-07,(9146.981049362284+0j)
13.045514131193059,35.617903260911184,0.029206195519217486,(-1437339.8877578191+2674856.791390863j),35.617903260911184,0.029206195519217486,(-1437339.8877578191-2674856.791390863j),35.709988086608504,0.026008597022637032,(2865532.7944662822+0j),44.257634788570435,2.6500966811933236e-07,(9146.981049362284+0j)
13.061242980822309,35.65939330196673,0.029206195519217486,(-1437339.8877578191+2674856.791390863j),35.65939330196673,0.029206195519217486,(-1437339.8877578191-2674856.791390863j),35.759123700644764,0.026008597022637032,(2865532.7944662822+0j),44.25814744360308,2.6500966811933236e-07,(9146.981049362284+0j)
13.076971830451562,35.70250803628366,0.029206195519217486,(-1437339.8877578191+2674856.791390863j),35.70250803628366,0.029206195519217486,(-1437339.8877578191-2674856.791390863j),35.81017354209197,0.026008597022637032,(2865532.7944662822+0j),44.25862070194117,2.6500966811933236e-07,(9146.981049362284+0j)
13.092700680080814,35.747242220509655,0.029206195519217486,(-1437339.8877578191+2674856.791390863j),35.747242220509655,0.029206195519217486,(-1437339.8877578191-2674856.791390863j),35.86313067434981,0.026008597022637032,(2865532.7944662822+0j),44.25905893689982,2.6500966811933236e-07,(9146.981049362284+0j)
13.108429529710065,35.79359062805334,0.029206195519217486,(-1437339.8877578191+2674856.791390863j),35.79359062805334,0.029206195519217486,(-1437339.8877578191-2674856.791390863j),35.91798818568535,0.026008597022637032,(2865532.7944662822+0j),44.25946589759856,2.6500966811933236e-07,(9146.981049362284+0j)
13.124158379339317,35.84154804902499,0.029206195519217486,(-1437339.8877578191+2674856.791390863j),35.84154804902499,0.029206195519217486,(-1437339.8877578191-2674856.791390863j),35.97473918913421,0.026008597022637032,(2865532.7944662822+0j),44.25984481648749,2.6500966811933236e-07,(9146.981049362284+0j)
13.139887228968568,35.89110929017735,0.029206195519217486,(-1437339.8877578191+2674856.791390863j),35.89110929017735,0.029206195519217486,(-1437339.8877578191-2674856.791390863j),36.03337682240233,0.026008597022637032,(2865532.7944662822+0j),44.26019849538631,2.6500966811933236e-07,(9146.981049362284+0j)
13.155616078597822,35.942269174846736,0.029206195519217486,(-1437339.8877578191+2674856.791390863j),35.942269174846736,0.029206195519217486,(-1437339.8877578191-2674856.791390863j),36.09389424776807,0.026008597022637032,(2865532.7944662822+0j),44.26052937488424,2.6500966811933236e-07,(9146.981049362284+0j)
13.171344928227073,35.995022542894404,0.029206195519217486,(-1437339.8877578191+2674856.791390863j),35.995022542894404,0.029206195519217486,(-1437339.8877578191-2674856.791390863j),36.15628465198477,0.026008597022637032,(2865532.7944662822+0j),44.260839590737724,2.6500966811933236e-07,(9146.981049362284+0j)
13.187073777856325,36.04936425064812,0.029206195519217486,(-1437339.8877578191+2674856.791390863j),36.04936425064812,0.029206195519217486,(-1437339.8877578191-2674856.791390863j),36.22054124618377,0.026008597022637032,(2865532.7944662822+0j),44.26113102002183,2.6500966811933236e-07,(9146.981049362284+0j)
13.202802627485577,36.10528917084391,0.029206195519217486,(-1437339.8877578191+2674856.791390863j),36.10528917084391,0.029206195519217486,(-1437339.8877578191-2674856.791390863j),36.286657265777876,0.026008597022637032,(2865532.7944662822+0j),44.26140531914334,2.6500966811933236e-07,(9146.981049362284+0j)
13.218531477114828,36.16279219256819,0.029206195519217486,(-1437339.8877578191+2674856.791390863j),36.16279219256819,0.029206195519217486,(-1437339.8877578191-2674856.791390863j),36.35462597036513,0.026008597022637032,(2865532.7944662822+0j),44.261663955342094,2.6500966811933236e-07,(9146.981049362284+0j)
13.234260326744081,36.22186822119991,0.029206195519217486,(-1437339.8877578191+2674856.791390863j),36.22186822119991,0.029206195519217486,(-1437339.8877578191-2674856.791390863j),36.424440643633204,0.026008597022637032,(2865532.7944662822+0j),44.26190823294569,2.6500966811933236e-07,(9146.981049362284+0j)
13.249989176373333,36.282512178353166,0.029206195519217486,(-1437339.8877578191+2674856.791390863j),36.282512178353166,0.029206195519217486,(-1437339.8877578191-2674856.791390863j),36.496094593264054,0.026008597022637032,(2865532.7944662822+0j),44.26213931536961,2.6500966811933236e-07,(9146.981049362284+0j)
13.265718026002585,36.34471900181983,0.029206195519217486,(-1437339.8877578191+2674856.791390863j),36.34471900181983,0.029206195519217486,(-1437339.8877578191-2674856.791390863j),36.56958115083907,0.026008597022637032,(2865532.7944662822+0j),44.262358243645984,2.6500966811933236e-07,(9146.981049362284+0j)
13.281446875631836,36.40848364551256,0.029206195519217486,(-1437339.8877578191+2674856.791390863j),36.40848364551256,0.029206195519217486,(-1437339.8877578191-2674856.791390863j),36.64489367174464,0.026008597022637032,(2865532.7944662822+0j),44.2625659521036,2.6500966811933236e-07,(9146.981049362284+0j)
13.297175725261088,36.47380107940794,0.029206195519217486,(-1437339.8877578191+2674856.791390863j),36.47380107940794,0.029206195519217486,(-1437339.8877578191-2674856.791390863j),36.72202553507816,0.026008597022637032,(2865532.7944662822+0j),44.26276328169735,2.6500966811933236e-07,(9146.981049362284+0j)
13.312904574890341,36.54066628948987,0.029206195519217486,(-1437339.8877578191+2674856.791390863j),36.54066628948987,0.029206195519217486,(-1437339.8877578191-2674856.791390863j),36.800970143554366,0.026008597022637032,(2865532.7944662822+0j),44.262950991388365,2.6500966811933236e-07,(9146.981049362284+0j)
13.328633424519591,36.60907427769324,0.029206195519217486,(-1437339.8877578191+2674856.791390863j),36.60907427769324,0.029206195519217486,(-1437339.8877578191-2674856.791390863j),36.88172092341222,0.026008597022637032,(2865532.7944662822+0j),44.26312976789918,2.6500966811933236e-07,(9146.981049362284+0j)
13.344362274148843,36.679020061847716,0.029206195519217486,(-1437339.8877578191+2674856.791390863j),36.679020061847716,0.029206195519217486,(-1437339.8877578191-2674856.791390863j),36.96427132432205,0.026008597022637032,(2865532.7944662822+0j),44.26330023410876,2.6500966811933236e-07,(9146.981049362284+0j)
13.360091123778094,36.75049867562186,0.029206195519217486,(-1437339.8877578191+2674856.791390863j),36.75049867562186,0.029206195519217486,(-1437339.8877578191-2674856.791390863j),37.04861481929326,0.026008597022637032,(2865532.7944662822+0j),44.26346295630319,2.6500966811933236e-07,(9146.981049362284+0j)
13.375819973407348,36.823505168467385,0.029206195519217486,(-1437339.8877578191+2674856.791390863j),36.823505168467385,0.029206195519217486,(-1437339.8877578191-2674856.791390863j),37.13474490458235,0.026008597022637032,(2865532.7944662822+0j),44.26361845046027,2.6500966811933236e-07,(9146.981049362284+0j)
13.391548823036599,36.898034605563645,0.029206195519217486,(-1437339.8877578191+2674856.791390863j),36.898034605563645,0.029206195519217486,(-1437339.8877578191-2674856.791390863j),37.22265509960133,0.026008597022637032,(2865532.7944662822+0j),44.26376718771486,2.6500966811933236e-07,(9146.981049362284+0j)
13.40727767266585,36.974082067762446,0.029206195519217486,(-1437339.8877578191+2674856.791390863j),36.974082067762446,0.029206195519217486,(-1437339.8877578191-2674856.791390863j),37.31233894682665,0.026008597022637032,(2865532.7944662822+0j),44.26390959912674,2.6500966811933236e-07,(9146.981049362284+0j)
13.423006522295102,37.05164265153288,0.029206195519217486,(-1437339.8877578191+2674856.791390863j),37.05164265153288,0.029206195519217486,(-1437339.8877578191-2674856.791390863j),37.40379001170835,0.026008597022637032,(2865532.7944662822+0j),44.264046079852974,2.6500966811933236e-07,(9146.981049362284+0j)
13.438735371924354,37.13071146890659,0.029206195519217486,(-1437339.8877578191+2674856.791390863j),37.13071146890659,0.029206195519217486,(-1437339.8877578191-2674856.791390863j),37.497001882579845,0.026008597022637032,(2865532.7944662822+0j),44.26417699280954,2.6500966811933236e-07,(9146.981049362284+0j)
13.454464221553607,37.21128364742309,0.029206195519217486,(-1437339.8877578191+2674856.791390863j),37.21128364742309,0.029206195519217486,(-1437339.8877578191-2674856.791390863j),37.591968170567874,0.026008597022637032,(2865532.7944662822+0j),44.26430267189381,2.6500966811933236e-07,(9146.981049362284+0j)
13.470193071182859,37.29335433007535,0.029206195519217486,(-1437339.8877578191+2674856.791390863j),37.29335433007535,0.029206195519217486,(-1437339.8877578191-2674856.791390863j),37.68868250950302,0.026008597022637032,(2865532.7944662822+0j),44.26442342482808,2.6500966811933236e-07,(9146.981049362284+0j)
13.48592192081211,37.37691867525568,0.029206195519217486,(-1437339.8877578191+2674856.791390863j),37.37691867525568,0.029206195519217486,(-1437339.8877578191-2674856.791390863j),37.7871385558305,0.026008597022637032,(2865532.7944662822+0j),44.264539535675254,2.6500966811933236e-07,(9146.981049362284+0j)
13.501650770441362,37.46197185670165,0.029206195519217486,(-1437339.8877578191+2674856.791390863j),37.46197185670165,0.029206195519217486,(-1437339.8877578191-2674856.791390863j),37.8873299885215,0.026008597022637032,(2865532.7944662822+0j),44.264651267069695,2.6500966811933236e-07,(9146.981049362284+0j)
13.517379620070614,37.54850906344242,0.029206195519217486,(-1437339.8877578191+2674856.791390863j),37.54850906344242,0.029206195519217486,(-1437339.8877578191-2674856.791390863j),37.989250508984696,0.026008597022637032,(2865532.7944662822+0j),44.264758862200495,2.6500966811933236e-07,(9146.981049362284+0j)
13.533108469699867,37.6365254997451,0.029206195519217486,(-1437339.8877578191+2674856.791390863j),37.6365254997451,0.029206195519217486,(-1437339.8877578191-2674856.791390863j),38.09289384097834,0.026008597022637032,(2865532.7944662822+0j),44.264862546578385,2.6500966811933236e-07,(9146.981049362284+0j)
13.548837319329119,37.72601638506147,0.029206195519217486,(-1437339.8877578191+2674856.791390863j),37.72601638506147,0.029206195519217486,(-1437339.8877578191-2674856.791390863j),38.19825373052269,0.026008597022637032,(2865532.7944662822+0j),44.26496252961346,2.6500966811933236e-07,(9146.981049362284+0j)
13.56456616895837,37.81697695397484,0.029206195519217486,(-1437339.8877578191+2674856.791390863j),37.81697695397484,0.029206195519217486,(-1437339.8877578191-2674856.791390863j),38.30532394581272,0.026008597022637032,(2865532.7944662822+0j),44.26505900602689,2.6500966811933236e-07,(9146.981049362284+0j)
13.58029501858762,37.90940245614706,0.029206195519217486,(-1437339.8877578191+2674856.791390863j),37.90940245614706,0.029206195519217486,(-1437339.8877578191-2674856.791390863j),38.414098277131366,0.026008597022637032,(2865532.7944662822+0j),44.265152157116624,2.6500966811933236e-07,(9146.981049362284+0j)
13.596023868216871,38.00328815626591,0.029206195519217486,(-1437339.8877578191+2674856.791390863j),38.00328815626591,0.029206195519217486,(-1437339.8877578191-2674856.791390863j),38.524570536763065,0.026008597022637032,(2865532.7944662822+0j),44.265242151894526,2.6500966811933236e-07,(9146.981049362284+0j)
13.611752717846125,38.098629333992484,0.029206195519217486,(-1437339.8877578191+2674856.791390863j),38.098629333992484,0.029206195519217486,(-1437339.8877578191-2674856.791390863j),38.636734558907705,0.026008597022637032,(2865532.7944662822+0j),44.26532914810972,2.6500966811933236e-07,(9146.981049362284+0j)
13.627481567475376,38.19542128390895,0.029206195519217486,(-1437339.8877578191+2674856.791390863j),38.19542128390895,0.029206195519217486,(-1437339.8877578191-2674856.791390863j),38.75058419959489,0.026008597022637032,(2865532.7944662822+0j),44.26541329317142,2.6500966811933236e-07,(9146.981049362284+0j)
13.643210417104628,38.29365931546644,0.029206195519217486,(-1437339.8877578191+2674856.791390863j),38.29365931546644,0.029206195519217486,(-1437339.8877578191-2674856.791390863j),38.866113336598694,0.026008597022637032,(2865532.7944662822+0j),44.26549472498244,2.6500966811933236e-07,(9146.981049362284+0j)
13.65893926673388,38.393338752933126,0.029206195519217486,(-1437339.8877578191+2674856.791390863j),38.393338752933126,0.029206195519217486,(-1437339.8877578191-2674856.791390863j),38.9833158693527,0.026008597022637032,(2865532.7944662822+0j),44.26557357269337,2.6500966811933236e-07,(9146.981049362284+0j)
13.674668116363131,38.49445493534256,0.029206195519217486,(-1437339.8877578191+2674856.791390863j),38.49445493534256,0.029206195519217486,(-1437339.8877578191-2674856.791390863j),39.10218571886542,0.026008597022637032,(2865532.7944662822+0j),44.265649957386096,2.6500966811933236e-07,(9146.981049362284+0j)
13.690396965992385,38.597003216442154,0.029206195519217486,(-1437339.8877578191+2674856.791390863j),38.597003216442154,0.029206195519217486,(-1437339.8877578191-2674856.791390863j),39.22271682763613,0.026008597022637032,(2865532.7944662822+0j),44.26572399269417,2.6500966811933236e-07,(9146.981049362284+0j)
13.706125815621636,38.70097896464195,0.029206195519217486,(-1437339.8877578191+2674856.791390863j),38.70097896464195,0.029206195519217486,(-1437339.8877578191-2674856.791390863j),39.34490315957101,0.026008597022637032,(2865532.7944662822+0j),44.26579578536693,2.6500966811933236e-07,(9146.981049362284+0j)
13.721854665250888,38.806377562963426,0.029206195519217486,(-1437339.8877578191+2674856.791390863j),38.806377562963426,0.029206195519217486,(-1437339.8877578191-2674856.791390863j),39.468738699899745,0.026008597022637032,(2865532.7944662822+0j),44.26586543578301,2.6500966811933236e-07,(9146.981049362284+0j)
13.73758351488014,38.91319440898872,0.029206195519217486,(-1437339.8877578191+2674856.791390863j),38.91319440898872,0.029206195519217486,(-1437339.8877578191-2674856.791390863j),39.59421745509238,0.026008597022637032,(2865532.7944662822+0j),44.26593303841863,2.6500966811933236e-07,(9146.981049362284+0j)
13.75331236450939,39.02142491480989,0.029206195519217486,(-1437339.8877578191+2674856.791390863j),39.02142491480989,0.029206195519217486,(-1437339.8877578191-2674856.791390863j),39.72133345277659,0.026008597022637032,(2865532.7944662822+0j),44.2659986822751,2.6500966811933236e-07,(9146.981049362284+0j)
13.769041214138644,39.13106450697838,0.029206195519217486,(-1437339.8877578191+2674856.791390863j),39.13106450697838,0.029206195519217486,(-1437339.8877578191-2674856.791390863j),39.850080741655354,0.026008597022637032,(2865532.7944662822+0j),44.266062451269796,2.6500966811933236e-07,(9146.981049362284+0j)
13.784770063767896,39.24210862645484,0.029206195519217486,(-1437339.8877578191+2674856.791390863j),39.24210862645484,0.029206195519217486,(-1437339.8877578191-2674856.791390863j),39.98045339142491,0.026008597022637032,(2865532.7944662822+0j),44.26612442459404,2.6500966811933236e-07,(9146.981049362284+0j)
13.800498913397147,39.35455272855889,0.029206195519217486,(-1437339.8877578191+2674856.791390863j),39.35455272855889,0.029206195519217486,(-1437339.8877578191-2674856.791390863j),40.11244549269311,0.026008597022637032,(2865532.7944662822+0j),44.26618467704118,2.6500966811933236e-07,(9146.981049362284+0j)
13.816227763026399,39.46839228291932,0.029206195519217486,(-1437339.8877578191+2674856.791390863j),39.46839228291932,0.029206195519217486,(-1437339.8877578191-2674856.791390863j),40.246051156898154,0.026008597022637032,(2865532.7944662822+0j),44.26624327930771,2.6500966811933236e-07,(9146.981049362284+0j)
13.83195661265565,39.583622773424324,0.029206195519217486,(-1437339.8877578191+2674856.791390863j),39.583622773424324,0.029206195519217486,(-1437339.8877578191-2674856.791390863j),40.38126451622758,0.026008597022637032,(2865532.7944662822+0j),44.266300298270004,2.6500966811933236e-07,(9146.981049362284+0j)
13.847685462284904,39.700239698172034,0.029206195519217486,(-1437339.8877578191+2674856.791390863j),39.700239698172034,0.029206195519217486,(-1437339.8877578191-2674856.791390863j),40.51807972353777,0.026008597022637032,(2865532.7944662822+0j),44.26635579723889,2.6500966811933236e-07,(9146.981049362284+0j)
13.863414311914154,39.81823856942114,0.029206195519217486,(-1437339.8877578191+2674856.791390863j),39.81823856942114,0.029206195519217486,(-1437339.8877578191-2674856.791390863j),40.65649095227363,0.026008597022637032,(2865532.7944662822+0j),44.26640983619416,2.6500966811933236e-07,(9146.981049362284+0j)
13.879143161543405,39.937614913541815,0.029206195519217486,(-1437339.8877578191+2674856.791390863j),39.937614913541815,0.029206195519217486,(-1437339.8877578191-2674856.791390863j),40.79649239638876,0.026008597022637032,(2865532.7944662822+0j),44.26646247200079,2.6500966811933236e-07,(9146.981049362284+0j)
13.894872011172657,40.058364270966734,0.029206195519217486,(-1437339.8877578191+2674856.791390863j),40.058364270966734,0.029206195519217486,(-1437339.8877578191-2674856.791390863j),40.938078270265855,0.026008597022637032,(2865532.7944662822+0j),44.26651375860856,2.6500966811933236e-07,(9146.981049362284+0j)
13.910600860801908,40.18048219614236,0.029206195519217486,(-1437339.8877578191+2674856.791390863j),40.18048219614236,0.029206195519217486,(-1437339.8877578191-2674856.791390863j),41.08124280863759,0.026008597022637032,(2865532.7944662822+0j),44.26656374723649,2.6500966811933236e-07,(9146.981049362284+0j)
13.926329710431162,40.30396425748034,0.029206195519217486,(-1437339.8877578191+2674856.791390863j),40.30396425748034,0.029206195519217486,(-1437339.8877578191-2674856.791390863j),41.22598026650768,0.026008597022637032,(2865532.7944662822+0j),44.26661248654342,2.6500966811933236e-07,(9146.981049362284+0j)
13.942058560060413,40.42880603730919,0.029206195519217486,(-1437339.8877578191+2674856.791390863j),40.42880603730919,0.029206195519217486,(-1437339.8877578191-2674856.791390863j),41.37228491907247,0.026008597022637032,(2865532.7944662822+0j),44.266660022786105,2.6500966811933236e-07,(9146.981049362284+0j)
13.957787409689665,40.55500313182607,0.029206195519217486,(-1437339.8877578191+2674856.791390863j),40.55500313182607,0.029206195519217486,(-1437339.8877578191-2674856.791390863j),41.52015106164265,0.026008597022637032,(2865532.7944662822+0j),44.26670639996549,2.6500966811933236e-07,(9146.981049362284+0j)
13.973516259318917,40.6825511510488,0.029206195519217486,(-1437339.8877578191+2674856.791390863j),40.6825511510488,0.029206195519217486,(-1437339.8877578191-2674856.791390863j),41.669573009565546,0.026008597022637032,(2865532.7944662822+0j),44.266751659962694,2.6500966811933236e-07,(9146.981049362284+0j)
13.989245108948168,40.81144571876807,0.029206195519217486,(-1437339.8877578191+2674856.791390863j),40.81144571876807,0.029206195519217486,(-1437339.8877578191-2674856.791390863j),41.82054509814753,0.026008597022637032,(2865532.7944662822+0j),44.266795842665076,2.6500966811933236e-07,(9146.981049362284+0j)
14.004973958577422,40.941682472499785,0.029206195519217486,(-1437339.8877578191+2674856.791390863j),40.941682472499785,0.029206195519217486,(-1437339.8877578191-2674856.791390863j),41.97306168257694,0.026008597022637032,(2865532.7944662822+0j),44.26683898608349,2.6500966811933236e-07,(9146.981049362284+0j)
14.020702808206673,41.07325706343764,0.029206195519217486,(-1437339.8877578191+2674856.791390863j),41.07325706343764,0.029206195519217486,(-1437339.8877578191-2674856.791390863j),42.12711713784721,0.026008597022637032,(2865532.7944662822+0j),44.2668811264614,2.6500966811933236e-07,(9146.981049362284+0j)
14.036431657835925,41.20616515640588,0.029206195519217486,(-1437339.8877578191+2674856.791390863j),41.20616515640588,0.029206195519217486,(-1437339.8877578191-2674856.791390863j),42.282705858680394,0.026008597022637032,(2865532.7944662822+0j),44.266922298376336,2.6500966811933236e-07,(9146.981049362284+0j)
14.052160507465176,41.34040242981218,0.029206195519217486,(-1437339.8877578191+2674856.791390863j),41.34040242981218,0.029206195519217486,(-1437339.8877578191-2674856.791390863j),42.43982225945105,0.026008597022637032,(2865532.7944662822+0j),44.26696253483463,2.6500966811933236e-07,(9146.981049362284+0j)
14.067889357094428,41.47596457560084,0.029206195519217486,(-1437339.8877578191+2674856.791390863j),41.47596457560084,0.029206195519217486,(-1437339.8877578191-2674856.791390863j),42.59846077411034,0.026008597022637032,(2865532.7944662822+0j),44.267001867359554,2.6500966811933236e-07,(9146.981049362284+0j)
14.08361820672368,41.61284729920596,0.029206195519217486,(-1437339.8877578191+2674856.791390863j),41.61284729920596,0.029206195519217486,(-1437339.8877578191-2674856.791390863j),42.75861585611058,0.026008597022637032,(2865532.7944662822+0j),44.26704032607377,2.6500966811933236e-07,(9146.981049362284+0j)
14.099347056352931,41.751046319505036,0.029206195519217486,(-1437339.8877578191+2674856.791390863j),41.751046319505036,0.029206195519217486,(-1437339.8877578191-2674856.791390863j),42.92028197833006,0.026008597022637032,(2865532.7944662822+0j),44.267077939776215,2.6500966811933236e-07,(9146.981049362284+0j)
14.115075905982183,41.890557368772505,0.029206195519217486,(-1437339.8877578191+2674856.791390863j),41.890557368772505,0.029206195519217486,(-1437339.8877578191-2674856.791390863j),43.08345363299817,0.026008597022637032,(2865532.7944662822+0j),44.267114736014065,2.6500966811933236e-07,(9146.981049362284+0j)
14.130804755611434,42.03137619263364,0.029206195519217486,(-1437339.8877578191+2674856.791390863j),42.03137619263364,0.029206195519217486,(-1437339.8877578191-2674856.791390863j),43.248125331620905,0.026008597022637032,(2865532.7944662822+0j),44.267150741149976,2.6500966811933236e-07,(9146.981049362284+0j)
14.146533605240688,42.173498550018536,0.029206195519217486,(-1437339.8877578191+2674856.791390863j),42.173498550018536,0.029206195519217486,(-1437339.8877578191-2674856.791390863j),43.41429160490665,0.026008597022637032,(2865532.7944662822+0j),44.26718598042509,2.6500966811933236e-07,(9146.981049362284+0j)
14.16226245486994,42.316920213116305,0.029206195519217486,(-1437339.8877578191+2674856.791390863j),42.316920213116305,0.029206195519217486,(-1437339.8877578191-2674856.791390863j),43.58194700269228,0.026008597022637032,(2865532.7944662822+0j),44.26722047801806,2.6500966811933236e-07,(9146.981049362284+0j)
14.17799130449919,42.46163696732945,0.029206195519217486,(-1437339.8877578191+2674856.791390863j),42.46163696732945,0.029206195519217486,(-1437339.8877578191-2674856.791390863j),43.75108609386961,0.026008597022637032,(2865532.7944662822+0j),44.26725425710035,2.6500966811933236e-07,(9146.981049362284+0j)
14.193720154128442,42.607644611228345,0.029206195519217486,(-1437339.8877578191+2674856.791390863j),42.607644611228345,0.029206195519217486,(-1437339.8877578191-2674856.791390863j),43.92170346631216,0.026008597022637032,(2865532.7944662822+0j),44.26728733988815,2.6500966811933236e-07,(9146.981049362284+0j)
14.209449003757694,42.75493895650605,0.029206195519217486,(-1437339.8877578191+2674856.791390863j),42.75493895650605,0.029206195519217486,(-1437339.8877578191-2674856.791390863j),44.093793726802176,0.026008597022637032,(2865532.7944662822+0j),44.2673197476911,2.6500966811933236e-07,(9146.981049362284+0j)
14.225177853386947,42.90351582793311,0.029206195519217486,(-1437339.8877578191+2674856.791390863j),42.90351582793311,0.029206195519217486,(-1437339.8877578191-2674856.791390863j),44.26735150095805,0.026008597022637032,(2865532.7944662822+0j),44.26735150095806,2.6500966811933236e-07,(9146.981049362284+0j)
14.225177853386947,44.26735150095806,0.03522111619718934,(-1127104.330257895+2103086.579069166j),44.26735150095806,0.03522111619718934,(-1127104.330257895-2103086.579069166j),44.26735150095806,0.03122028776063801,(2246468.594390807+0j),44.26735150095806,3.7061717429869954e-07,(7740.066124983282+0j)
14.24483891542351,44.26809418902896,0.03522111619718934,(-1127104.330257895+2103086.579069166j),44.26809418902896,0.03522111619718934,(-1127104.330257895-2103086.579069166j),44.26824130355945,0.03122028776063801,(2246468.594390807+0j),51.723660621301065,3.7061717429869954e-07,(7740.066124983282+0j)
14.264499977460076,44.27031894120902,0.03522111619718934,(-1127104.330257895+2103086.579069166j),44.27031894120902,0.03522111619718934,(-1127104.330257895-2103086.579069166j),44.27090623556561,0.03122028776063801,(2246468.594390807+0j),51.863552069570076,3.7061717429869954e-07,(7740.066124983282+0j)
14.28416103949664,44.274020801904655,0.03522111619718934,(-1127104.330257895+2103086.579069166j),44.274020801904655,0.03522111619718934,(-1127104.330257895-2103086.579069166j),44.275339602263536,0.03122028776063801,(2246468.594390807+0j),51.91105832919555,3.7061717429869954e-07,(7740.066124983282+0j)
14.303822101533205,44.279194832079995,0.03522111619718934,(-1127104.330257895+2103086.579069166j),44.279194832079995,0.03522111619718934,(-1127104.330257895-2103086.579069166j),44.281534734167465,0.03122028776063801,(2246468.594390807+0j),51.934978753224485,3.7061717429869954e-07,(7740.066124983282+0j)
14.323483163569769,44.28583610919551,0.03522111619718934,(-1127104.330257895+2103086.579069166j),44.28583610919551,0.03522111619718934,(-1127104.330257895-2103086.579069166j),44.289484986913315,0.03122028776063801,(2246468.594390807+0j),51.94938494423294,3.7061717429869954e-07,(7740.066124983282+0j)
14.343144225606334,44.29393972714683,0.03522111619718934,(-1127104.330257895+2103086.579069166j),44.29393972714683,0.03522111619718934,(-1127104.330257895-2103086.579069166j),44.29918374115368,0.03122028776063801,(2246468.594390807+0j),51.95901163903919,3.7061717429869954e-07,(7740.066124983282+0j)
14.362805287642898,44.30350079620381,0.03522111619718934,(-1127104.330257895+2103086.579069166j),44.30350079620381,0.03522111619718934,(-1127104.330257895-2103086.579069166j),44.31062440245319,0.03122028776063801,(2246468.594390807+0j),51.96589893276312,3.7061717429869954e-07,(7740.066124983282+0j)
14.382466349679463,44.314514442949864,0.03522111619718934,(-1127104.330257895+2103086.579069166j),44.314514442949864,0.03522111619718934,(-1127104.330257895-2103086.579069166j),44.3238004011845,0.03122028776063801,(2246468.594390807+0j),51.971070475553546,3.7061717429869954e-07,(7740.066124983282+0j)
14.402127411716027,44.32697581022154,0.03522111619718934,(-1127104.330257895+2103086.579069166j),44.32697581022154,0.03522111619718934,(-1127104.330257895-2103086.579069166j),44.338705192424655,0.03122028776063801,(2246468.594390807+0j),51.97509639014477,3.7061717429869954e-07,(7740.066124983282+0j)
14.421788473752592,44.3408800570484,0.03522111619718934,(-1127104.330257895+2103086.579069166j),44.3408800570484,0.03522111619718934,(-1127104.330257895-2103086.579069166j),44.35533225585207,0.03122028776063801,(2246468.594390807+0j),51.978319394484004,3.7061717429869954e-07,(7740.066124983282+0j)
14.441449535789156,44.356222358593044,0.03522111619718934,(-1127104.330257895+2103086.579069166j),44.356222358593044,0.03522111619718934,(-1127104.330257895-2103086.579069166j),44.37367509564384,0.03122028776063801,(2246468.594390807+0j),51.98095790190894,3.7061717429869954e-07,(7740.066124983282+0j)
14.461110597825721,44.37299790609148,0.03522111619718934,(-1127104.330257895+2103086.579069166j),44.37299790609148,0.03522111619718934,(-1127104.330257895-2103086.579069166j),44.39372724037365,0.03122028776063801,(2246468.594390807+0j),51.98315769273097,3.7061717429869954e-07,(7740.066124983282+0j)
14.480771659862285,44.39120190679371,0.03522111619718934,(-1127104.330257895+2103086.579069166j),44.39120190679371,0.03522111619718934,(-1127104.330257895-2103086.579069166j),44.415482242910116,0.03122028776063801,(2246468.594390807+0j),51.98501978927307,3.7061717429869954e-07,(7740.066124983282+0j)
14.50043272189885,44.41082958390457,0.03522111619718934,(-1127104.330257895+2103086.579069166j),44.41082958390457,0.03522111619718934,(-1127104.330257895-2103086.579069166j),44.4389336803156,0.03122028776063801,(2246468.594390807+0j),51.98661640859208,3.7061717429869954e-07,(7740.066124983282+0j)
14.520093783935414,44.43187617652478,0.03522111619718934,(-1127104.330257895+2103086.579069166j),44.43187617652478,0.03522111619718934,(-1127104.330257895-2103086.579069166j),44.46407515374551,0.03122028776063801,(2246468.594390807+0j),51.98800054614075,3.7061717429869954e-07,(7740.066124983282+0j)
14.539754845971979,44.45433693959226,0.03522111619718934,(-1127104.330257895+2103086.579069166j),44.45433693959226,0.03522111619718934,(-1127104.330257895-2103086.579069166j),44.49090028834808,0.03122028776063801,(2246468.594390807+0j),51.9892119719075,3.7061717429869954e-07,(7740.066124983282+0j)
14.559415908008543,44.478207143823724,0.03522111619718934,(-1127104.330257895+2103086.579069166j),44.478207143823724,0.03522111619718934,(-1127104.330257895-2103086.579069166j),44.519402733164576,0.03122028776063801,(2246468.594390807+0j),51.99028111379116,3.7061717429869954e-07,(7740.066124983282+0j)
14.579076970045108,44.50348207565648,0.03522111619718934,(-1127104.330257895+2103086.579069166j),44.50348207565648,0.03522111619718934,(-1127104.330257895-2103086.579069166j),44.54957616103004,0.03122028776063801,(2246468.594390807+0j),51.99123164855091,3.7061717429869954e-07,(7740.066124983282+0j)
14.598738032081672,44.53015703719047,0.03522111619718934,(-1127104.330257895+2103086.579069166j),44.53015703719047,0.03522111619718934,(-1127104.330257895-2103086.579069166j),44.581414268474425,0.03122028776063801,(2246468.594390807+0j),51.992082275778856,3.7061717429869954e-07,(7740.066124983282+0j)
14.618399094118237,44.55822734613054,0.03522111619718934,(-1127104.330257895+2103086.579069166j),44.55822734613054,0.03522111619718934,(-1127104.330257895-2103086.579069166j),44.61491077562422,0.03122028776063801,(2246468.594390807+0j),51.99284796043328,3.7061717429869954e-07,(7740.066124983282+0j)
14.638060156154802,44.58768833572903,0.03522111619718934,(-1127104.330257895+2103086.579069166j),44.58768833572903,0.03522111619718934,(-1127104.330257895-2103086.579069166j),44.650059426104555,0.03122028776063801,(2246468.594390807+0j),51.99354082084025,3.7061717429869954e-07,(7740.066124983282+0j)
14.657721218191366,44.618535354728444,0.03522111619718934,(-1127104.330257895+2103086.579069166j),44.618535354728444,0.03522111619718934,(-1127104.330257895-2103086.579069166j),44.68685398694175,0.03122028776063801,(2246468.594390807+0j),51.99417077482424,3.7061717429869954e-07,(7740.066124983282+0j)
14.677382280227931,44.65076376730455,0.03522111619718934,(-1127104.330257895+2103086.579069166j),44.65076376730455,0.03522111619718934,(-1127104.330257895-2103086.579069166j),44.72528824846628,0.03122028776063801,(2246468.594390807+0j),51.99474601749016,3.7061717429869954e-07,(7740.066124983282+0j)
14.697043342264495,44.684368953009525,0.03522111619718934,(-1127104.330257895+2103086.579069166j),44.684368953009525,0.03522111619718934,(-1127104.330257895-2103086.579069166j),44.76535602421625,0.03122028776063801,(2246468.594390807+0j),51.9952733797005,3.7061717429869954e-07,(7740.066124983282+0j)
14.71670440430106,44.71934630671551,0.03522111619718934,(-1127104.330257895+2103086.579069166j),44.71934630671551,0.03522111619718934,(-1127104.330257895-2103086.579069166j),44.80705115084128,0.03122028776063801,(2246468.594390807+0j),51.99575860061536,3.7061717429869954e-07,(7740.066124983282+0j)
14.736365466337624,44.75569123855826,0.03522111619718934,(-1127104.330257895+2103086.579069166j),44.75569123855826,0.03522111619718934,(-1127104.330257895-2103086.579069166j),44.85036748800687,0.03122028776063801,(2246468.594390807+0j),51.99620653740693,3.7061717429869954e-07,(7740.066124983282+0j)
14.75602652837419,44.79339917388111,0.03522111619718934,(-1127104.330257895+2103086.579069166j),44.79339917388111,0.03522111619718934,(-1127104.330257895-2103086.579069166j),44.89529891829915,0.03122028776063801,(2246468.594390807+0j),51.996621328419586,3.7061717429869954e-07,(7740.066124983282+0j)
14.775687590410753,44.832465553179134,0.03522111619718934,(-1127104.330257895+2103086.579069166j),44.832465553179134,0.03522111619718934,(-1127104.330257895-2103086.579069166j),44.94183934713014,0.03122028776063801,(2246468.594390807+0j),51.99700652140243,3.7061717429869954e-07,(7740.066124983282+0j)
14.795348652447318,44.87288583204352,0.03522111619718934,(-1127104.330257895+2103086.579069166j),44.87288583204352,0.03522111619718934,(-1127104.330257895-2103086.579069166j),44.989982702643445,0.03122028776063801,(2246468.594390807+0j),51.99736517523681,3.7061717429869954e-07,(7740.066124983282+0j)
14.815009714483882,44.91465548110625,0.03522111619718934,(-1127104.330257895+2103086.579069166j),44.91465548110625,0.03522111619718934,(-1127104.330257895-2103086.579069166j),45.03972293562031,0.03122028776063801,(2246468.594390807+0j),51.99769994133745,3.7061717429869954e-07,(7740.066124983282+0j)
14.834670776520447,44.957769985984925,0.03522111619718934,(-1127104.330257895+2103086.579069166j),44.957769985984925,0.03522111619718934,(-1127104.330257895-2103086.579069166j),45.09105401938621,0.03122028776063801,(2246468.594390807+0j),51.998013129312994,3.7061717429869954e-07,(7740.066124983282+0j)
14.85433183855701,45.00222484722783,0.03522111619718934,(-1127104.330257895+2103086.579069166j),45.00222484722783,0.03522111619718934,(-1127104.330257895-2103086.579069166j),45.14396994971781,0.03122028776063801,(2246468.594390807+0j),51.99830676032603,3.7061717429869954e-07,(7740.066124983282+0j)
14.873992900593576,45.04801558025931,0.03522111619718934,(-1127104.330257895+2103086.579069166j),45.04801558025931,0.03522111619718934,(-1127104.330257895-2103086.579069166j),45.19846474475036,0.03122028776063801,(2246468.594390807+0j),51.998582610759556,3.7061717429869954e-07,(7740.066124983282+0j)
14.89365396263014,45.09513771532521,0.03522111619718934,(-1127104.330257895+2103086.579069166j),45.09513771532521,0.03522111619718934,(-1127104.330257895-2103086.579069166j),45.254532444885584,0.03122028776063801,(2246468.594390807+0j),51.9988422481841,3.7061717429869954e-07,(7740.066124983282+0j)
14.913315024666705,45.14358679743873,0.03522111619718934,(-1127104.330257895+2103086.579069166j),45.14358679743873,0.03522111619718934,(-1127104.330257895-2103086.579069166j),45.312167112699875,0.03122028776063801,(2246468.594390807+0j),51.999087061163934,3.7061717429869954e-07,(7740.066124983282+0j)
14.932976086703269,45.19335838632633,0.03522111619718934,(-1127104.330257895+2103086.579069166j),45.19335838632633,0.03522111619718934,(-1127104.330257895-2103086.579069166j),45.37136283285306,0.03122028776063801,(2246468.594390807+0j),51.99931828409957,3.7061717429869954e-07,(7740.066124983282+0j)
14.952637148739834,45.24444805637399,0.03522111619718934,(-1127104.330257895+2103086.579069166j),45.24444805637399,0.03522111619718934,(-1127104.330257895-2103086.579069166j),45.43211371199745,0.03122028776063801,(2246468.594390807+0j),51.999537018044755,3.7061717429869954e-07,(7740.066124983282+0j)
14.972298210776398,45.29685139657361,0.03522111619718934,(-1127104.330257895+2103086.579069166j),45.29685139657361,0.03522111619718934,(-1127104.330257895-2103086.579069166j),45.494413878687396,0.03122028776063801,(2246468.594390807+0j),51.99974424823906,3.7061717429869954e-07,(7740.066124983282+0j)
14.991959272812963,45.35056401046961,0.03522111619718934,(-1127104.330257895+2103086.579069166j),45.35056401046961,0.03522111619718934,(-1127104.330257895-2103086.579069166j),45.55825748328923,0.03122028776063801,(2246468.594390807+0j),51.999940858945074,3.7061717429869954e-07,(7740.066124983282+0j)
15.011620334849527,45.405581516105904,0.03522111619718934,(-1127104.330257895+2103086.579069166j),45.405581516105904,0.03522111619718934,(-1127104.330257895-2103086.579069166j),45.62363869789168,0.03122028776063801,(2246468.594390807+0j),52.00012764606164,3.7061717429869954e-07,(7740.066124983282+0j)
15.031281396886092,45.46189954597288,0.03522111619718934,(-1127104.330257895+2103086.579069166j),45.46189954597288,0.03522111619718934,(-1127104.330257895-2103086.579069166j),45.690551716216554,0.03122028776063801,(2246468.594390807+0j),52.00030532789244,3.7061717429869954e-07,(7740.066124983282+0j)
15.050942458922655,45.519513746954715,0.03522111619718934,(-1127104.330257895+2103086.579069166j),45.519513746954715,0.03522111619718934,(-1127104.330257895-2103086.579069166j),45.758990753530014,0.03122028776063801,(2246468.594390807+0j),52.00047455437735,3.7061717429869954e-07,(7740.066124983282+0j)
15.07060352095922,45.578419780276946,0.03522111619718934,(-1127104.330257895+2103086.579069166j),45.578419780276946,0.03522111619718934,(-1127104.330257895-2103086.579069166j),45.82895004655413,0.03122028776063801,(2246468.594390807+0j),52.00063591503645,3.7061717429869954e-07,(7740.066124983282+0j)
15.090264582995786,45.63861332145414,0.03522111619718934,(-1127104.330257895+2103086.579069166j),45.63861332145414,0.03522111619718934,(-1127104.330257895-2103086.579069166j),45.9004238533789,0.03122028776063801,(2246468.594390807+0j),52.0007899458315,3.7061717429869954e-07,(7740.066124983282+0j)
15.10992564503235,45.700090060237855,0.03522111619718934,(-1127104.330257895+2103086.579069166j),45.700090060237855,0.03522111619718934,(-1127104.330257895-2103086.579069166j),45.97340645337469,0.03122028776063801,(2246468.594390807+0j),52.00093713511319,3.7061717429869954e-07,(7740.066124983282+0j)
15.129586707068913,45.7628457005648,0.03522111619718934,(-1127104.330257895+2103086.579069166j),45.7628457005648,0.03522111619718934,(-1127104.330257895-2103086.579069166j),46.04789214710498,0.03122028776063801,(2246468.594390807+0j),52.00107792879299,3.7061717429869954e-07,(7740.066124983282+0j)
15.149247769105479,45.8268759605052,0.03522111619718934,(-1127104.330257895+2103086.579069166j),45.8268759605052,0.03522111619718934,(-1127104.330257895-2103086.579069166j),46.12387525623964,0.03122028776063801,(2246468.594390807+0j),52.0012127348553,3.7061717429869954e-07,(7740.066124983282+0j)
15.168908831142044,45.89217657221137,0.03522111619718934,(-1127104.330257895+2103086.579069166j),45.89217657221137,0.03522111619718934,(-1127104.330257895-2103086.579069166j),46.20135012346852,0.03122028776063801,(2246468.594390807+0j),52.00134192730583,3.7061717429869954e-07,(7740.066124983282+0j)
15.188569893178608,45.95874328186651,0.03522111619718934,(-1127104.330257895+2103086.579069166j),45.95874328186651,0.03522111619718934,(-1127104.330257895-2103086.579069166j),46.28031111241548,0.03122028776063801,(2246468.594390807+0j),52.001465849636844,3.7061717429869954e-07,(7740.066124983282+0j)
15.208230955215173,46.026571849633704,0.03522111619718934,(-1127104.330257895+2103086.579069166j),46.026571849633704,0.03522111619718934,(-1127104.330257895-2103086.579069166j),46.360752607552755,0.03122028776063801,(2246468.594390807+0j),52.00158481787673,3.7061717429869954e-07,(7740.066124983282+0j)
15.227892017251737,46.09565804960512,0.03522111619718934,(-1127104.330257895+2103086.579069166j),46.09565804960512,0.03522111619718934,(-1127104.330257895-2103086.579069166j),46.442669014115786,0.03122028776063801,(2246468.594390807+0j),52.001699123281114,3.7061717429869954e-07,(7740.066124983282+0j)
15.247553079288302,46.165997669751405,0.03522111619718934,(-1127104.330257895+2103086.579069166j),46.165997669751405,0.03522111619718934,(-1127104.330257895-2103086.579069166j),46.52605475801842,0.03122028776063801,(2246468.594390807+0j),52.001809034713496,3.7061717429869954e-07,(7740.066124983282+0j)
15.267214141324866,46.237586511871356,0.03522111619718934,(-1127104.330257895+2103086.579069166j),46.237586511871356,0.03522111619718934,(-1127104.330257895-2103086.579069166j),46.610904285768456,0.03122028776063801,(2246468.594390807+0j),52.00191480075661,3.7061717429869954e-07,(7740.066124983282+0j)
15.286875203361431,46.31042039154168,0.03522111619718934,(-1127104.330257895+2103086.579069166j),46.31042039154168,0.03522111619718934,(-1127104.330257895-2103086.579069166j),46.697212064383606,0.03122028776063801,(2246468.594390807+0j),52.00201665158932,3.7061717429869954e-07,(7740.066124983282+0j)
15.306536265397995,46.384495138067074,0.03522111619718934,(-1127104.330257895+2103086.579069166j),46.384495138067074,0.03522111619718934,(-1127104.330257895-2103086.579069166j),46.784972581307905,0.03122028776063801,(2246468.594390807+0j),52.002114800658795,3.7061717429869954e-07,(7740.066124983282+0j)
15.32619732743456,46.45980659443043,0.03522111619718934,(-1127104.330257895+2103086.579069166j),46.45980659443043,0.03522111619718934,(-1127104.330257895-2103086.579069166j),46.87418034432836,0.03122028776063801,(2246468.594390807+0j),52.00220944617368,3.7061717429869954e-07,(7740.066124983282+0j)
15.345858389471124,46.536350617243286,0.03522111619718934,(-1127104.330257895+2103086.579069166j),46.536350617243286,0.03522111619718934,(-1127104.330257895-2103086.579069166j),46.964829881492115,0.03122028776063801,(2246468.594390807+0j),52.002300772440115,3.7061717429869954e-07,(7740.066124983282+0j)
15.365519451507689,46.61412307669644,0.03522111619718934,(-1127104.330257895+2103086.579069166j),46.61412307669644,0.03522111619718934,(-1127104.330257895-2103086.579069166j),47.05691574102393,0.03122028776063801,(2246468.594390807+0j),52.00238895105972,3.7061717429869954e-07,(7740.066124983282+0j)
15.385180513544254,46.69311985651078,0.03522111619718934,(-1127104.330257895+2103086.579069166j),46.69311985651078,0.03522111619718934,(-1127104.330257895-2103086.579069166j),47.15043249124406,0.03122028776063801,(2246468.594390807+0j),52.00247414200564,3.7061717429869954e-07,(7740.066124983282+0j)
15.404841575580818,46.773336853888395,0.03522111619718934,(-1127104.330257895+2103086.579069166j),46.773336853888395,0.03522111619718934,(-1127104.330257895-2103086.579069166j),47.24537472048648,0.03122028776063801,(2246468.594390807+0j),52.00255649459116,3.7061717429869954e-07,(7740.066124983282+0j)
15.424502637617381,46.8547699794637,0.03522111619718934,(-1127104.330257895+2103086.579069166j),46.8547699794637,0.03522111619718934,(-1127104.330257895-2103086.579069166j),47.34173703701749,0.03122028776063801,(2246468.594390807+0j),52.002636148343115,3.7061717429869954e-07,(7740.066124983282+0j)
15.444163699653947,46.93741515725494,0.03522111619718934,(-1127104.330257895+2103086.579069166j),46.93741515725494,0.03522111619718934,(-1127104.330257895-2103086.579069166j),47.43951406895476,0.03122028776063801,(2246468.594390807+0j),52.002713233790665,3.7061717429869954e-07,(7740.066124983282+0j)
15.46382476169051,47.02126832461581,0.03522111619718934,(-1127104.330257895+2103086.579069166j),47.02126832461581,0.03522111619718934,(-1127104.330257895-2103086.579069166j),47.538700464186626,0.03122028776063801,(2246468.594390807+0j),52.00278787317916,3.7061717429869954e-07,(7740.066124983282+0j)
15.483485823727076,47.10632543218729,0.03522111619718934,(-1127104.330257895+2103086.579069166j),47.10632543218729,0.03522111619718934,(-1127104.330257895-2103086.579069166j),47.639290890291825,0.03122028776063801,(2246468.594390807+0j),52.00286018111695,3.7061717429869954e-07,(7740.066124983282+0j)
15.50314688576364,47.1925824438496,0.03522111619718934,(-1127104.330257895+2103086.579069166j),47.1925824438496,0.03522111619718934,(-1127104.330257895-2103086.579069166j),47.74128003445964,0.03122028776063801,(2246468.594390807+0j),52.002930265162675,3.7061717429869954e-07,(7740.066124983282+0j)
15.522807947800205,47.28003533667453,0.03522111619718934,(-1127104.330257895+2103086.579069166j),47.28003533667453,0.03522111619718934,(-1127104.330257895-2103086.579069166j),47.844662603410264,0.03122028776063801,(2246468.594390807+0j),52.00299822635903,3.7061717429869954e-07,(7740.066124983282+0j)
15.54246900983677,47.36868010087773,0.03522111619718934,(-1127104.330257895+2103086.579069166j),47.36868010087773,0.03522111619718934,(-1127104.330257895-2103086.579069166j),47.9494333233157,0.03122028776063801,(2246468.594390807+0j),52.003064159718875,3.7061717429869954e-07,(7740.066124983282+0j)
15.562130071873334,47.45851273977141,0.03522111619718934,(-1127104.330257895+2103086.579069166j),47.45851273977141,0.03522111619718934,(-1127104.330257895-2103086.579069166j),48.05558693972088,0.03122028776063801,(2246468.594390807+0j),52.00312815466839,3.7061717429869954e-07,(7740.066124983282+0j)
15.581791133909897,47.549529269717056,0.03522111619718934,(-1127104.330257895+2103086.579069166j),47.549529269717056,0.03522111619718934,(-1127104.330257895-2103086.579069166j),48.16311821746522,0.03122028776063801,(2246468.594390807+0j),52.00319029545175,3.7061717429869954e-07,(7740.066124983282+0j)
15.601452195946463,47.64172572007849,0.03522111619718934,(-1127104.330257895+2103086.579069166j),47.64172572007849,0.03522111619718934,(-1127104.330257895-2103086.579069166j),48.2720219406045,0.03122028776063801,(2246468.594390807+0j),52.00325066150113,3.7061717429869954e-07,(7740.066124983282+0j)
15.621113257983028,47.73509813317496,0.03522111619718934,(-1127104.330257895+2103086.579069166j),47.73509813317496,0.03522111619718934,(-1127104.330257895-2103086.579069166j),48.38229291233314,0.03122028776063801,(2246468.594390807+0j),52.00330932777544,3.7061717429869954e-07,(7740.066124983282+0j)
15.64077432001959,47.829642564234575,0.03522111619718934,(-1127104.330257895+2103086.579069166j),47.829642564234575,0.03522111619718934,(-1127104.330257895-2103086.579069166j),48.49392595490675,0.03122028776063801,(2246468.594390807+0j),52.003366365070825,3.7061717429869954e-07,(7740.066124983282+0j)
15.660435382056157,47.925355081347824,0.03522111619718934,(-1127104.330257895+2103086.579069166j),47.925355081347824,0.03522111619718934,(-1127104.330257895-2103086.579069166j),48.60691590956511,0.03122028776063801,(2246468.594390807+0j),52.00342184030571,3.7061717429869954e-07,(7740.066124983282+0j)
15.680096444092722,48.02223176542132,0.03522111619718934,(-1127104.330257895+2103086.579069166j),48.02223176542132,0.03522111619718934,(-1127104.330257895-2103086.579069166j),48.72125763645546,0.03122028776063801,(2246468.594390807+0j),52.00347581678267,3.7061717429869954e-07,(7740.066124983282+0j)
15.699757506129286,48.12026871013172,0.03522111619718934,(-1127104.330257895+2103086.579069166j),48.12026871013172,0.03522111619718934,(-1127104.330257895-2103086.579069166j),48.83694601455615,0.03122028776063801,(2246468.594390807+0j),52.00352835442942,3.7061717429869954e-07,(7740.066124983282+0j)
15.71941856816585,48.21946202187985,0.03522111619718934,(-1127104.330257895+2103086.579069166j),48.21946202187985,0.03522111619718934,(-1127104.330257895-2103086.579069166j),48.953975941600596,0.03122028776063801,(2246468.594390807+0j),52.003579510020785,3.7061717429869954e-07,(7740.066124983282+0j)
15.739079630202415,48.319807819744995,0.03522111619718934,(-1127104.330257895+2103086.579069166j),48.319807819744995,0.03522111619718934,(-1127104.330257895-2103086.579069166j),49.07234233400167,0.03122028776063801,(2246468.594390807+0j),52.00362933738328,3.7061717429869954e-07,(7740.066124983282+0j)
15.758740692238979,48.42130223543937,0.03522111619718934,(-1127104.330257895+2103086.579069166j),48.42130223543937,0.03522111619718934,(-1127104.330257895-2103086.579069166j),49.192040126776334,0.03122028776063801,(2246468.594390807+0j),52.00367788758414,3.7061717429869954e-07,(7740.066124983282+0j)
15.778401754275542,48.523941413262804,0.03522111619718934,(-1127104.330257895+2103086.579069166j),48.523941413262804,0.03522111619718934,(-1127104.330257895-2103086.579069166j),49.31306427347068,0.03122028776063801,(2246468.594390807+0j),52.00372520910581,3.7061717429869954e-07,(7740.066124983282+0j)
15.79806281631211,48.627721510057555,0.03522111619718934,(-1127104.330257895+2103086.579069166j),48.627721510057555,0.03522111619718934,(-1127104.330257895-2103086.579069166j),49.435409746085256,0.03122028776063801,(2246468.594390807+0j),52.00377134800748,3.7061717429869954e-07,(7740.066124983282+0j)
15.817723878348675,48.73263869516338,0.03522111619718934,(-1127104.330257895+2103086.579069166j),48.73263869516338,0.03522111619718934,(-1127104.330257895-2103086.579069166j),49.559071535000804,0.03122028776063801,(2246468.594390807+0j),52.0038163480746,3.7061717429869954e-07,(7740.066124983282+0j)
15.837384940385238,48.83868915037271,0.03522111619718934,(-1127104.330257895+2103086.579069166j),48.83868915037271,0.03522111619718934,(-1127104.330257895-2103086.579069166j),49.684044648904234,0.03122028776063801,(2246468.594390807+0j),52.00386025095748,3.7061717429869954e-07,(7740.066124983282+0j)
15.857046002421802,48.945869069886044,0.03522111619718934,(-1127104.330257895+2103086.579069166j),48.945869069886044,0.03522111619718934,(-1127104.330257895-2103086.579069166j),49.81032411471504,0.03122028776063801,(2246468.594390807+0j),52.00390309629988,3.7061717429869954e-07,(7740.066124983282+0j)
15.876707064458365,49.05417466026754,0.03522111619718934,(-1127104.330257895+2103086.579069166j),49.05417466026754,0.03522111619718934,(-1127104.330257895-2103086.579069166j),49.93790497751195,0.03122028776063801,(2246468.594390807+0j),52.0039449218584,3.7061717429869954e-07,(7740.066124983282+0j)
15.89636812649493,49.16360214040071,0.03522111619718934,(-1127104.330257895+2103086.579069166j),49.16360214040071,0.03522111619718934,(-1127104.330257895-2103086.579069166j),50.066782300459955,0.03122028776063801,(2246468.594390807+0j),52.00398576361342,3.7061717429869954e-07,(7740.066124983282+0j)
15.916029188531494,49.27414774144441,0.03522111619718934,(-1127104.330257895+2103086.579069166j),49.27414774144441,0.03522111619718934,(-1127104.330257895-2103086.579069166j),50.19695116473769,0.03122028776063801,(2246468.594390807+0j),52.004025655872404,3.7061717429869954e-07,(7740.066124983282+0j)
15.935690250568058,49.385807706788896,0.03522111619718934,(-1127104.330257895+2103086.579069166j),49.385807706788896,0.03522111619718934,(-1127104.330257895-2103086.579069166j),50.32840666946509,0.03122028776063801,(2246468.594390807+0j),52.00406463136595,3.7061717429869954e-07,(7740.066124983282+0j)
15.955351312604622,49.4985782920121,0.03522111619718934,(-1127104.330257895+2103086.579069166j),49.4985782920121,0.03522111619718934,(-1127104.330257895-2103086.579069166j),50.46114393163139,0.03122028776063801,(2246468.594390807+0j),52.00410272133739,3.7061717429869954e-07,(7740.066124983282+0j)
15.97501237464119,49.61245576483609,0.03522111619718934,(-1127104.330257895+2103086.579069166j),49.61245576483609,0.03522111619718934,(-1127104.330257895-2103086.579069166j),50.59515808602347,0.03122028776063801,(2246468.594390807+0j),52.004139955626286,3.7061717429869954e-07,(7740.066124983282+0j)
15.994673436677754,49.72743640508373,0.03522111619718934,(-1127104.330257895+2103086.579069166j),49.72743640508373,0.03522111619718934,(-1127104.330257895-2103086.579069166j),50.73044428515448,0.03122028776063801,(2246468.594390807+0j),52.00417636274645,3.7061717429869954e-07,(7740.066124983282+0j)
16.01433449871432,49.843516504635424,0.03522111619718934,(-1127104.330257895+2103086.579069166j),49.843516504635424,0.03522111619718934,(-1127104.330257895-2103086.579069166j),50.866997699192844,0.03122028776063801,(2246468.594390807+0j),52.00421196995869,3.7061717429869954e-07,(7740.066124983282+0j)
16.03399556075088,49.96069236738609,0.03522111619718934,(-1127104.330257895+2103086.579069166j),49.96069236738609,0.03522111619718934,(-1127104.330257895-2103086.579069166j),51.00481351589151,0.03122028776063801,(2246468.594390807+0j),52.00424680333896,3.7061717429869954e-07,(7740.066124983282+0j)
16.053656622787447,50.078960309202365,0.03522111619718934,(-1127104.330257895+2103086.579069166j),50.078960309202365,0.03522111619718934,(-1127104.330257895-2103086.579069166j),51.1438869405176,0.03122028776063801,(2246468.594390807+0j),52.004280887841986,3.7061717429869954e-07,(7740.066124983282+0j)
16.07331768482401,50.19831665787987,0.03522111619718934,(-1127104.330257895+2103086.579069166j),50.19831665787987,0.03522111619718934,(-1127104.330257895-2103086.579069166j),51.2842131957823,0.03122028776063801,(2246468.594390807+0j),52.004314247360924,3.7061717429869954e-07,(7740.066124983282+0j)
16.092978746860574,50.318757753100705,0.03522111619718934,(-1127104.330257895+2103086.579069166j),50.318757753100705,0.03522111619718934,(-1127104.330257895-2103086.579069166j),51.42578752177109,0.03122028776063801,(2246468.594390807+0j),52.00434690478319,3.7061717429869954e-07,(7740.066124983282+0j)
16.112639808897143,50.4402799463911,0.03522111619718934,(-1127104.330257895+2103086.579069166j),50.4402799463911,0.03522111619718934,(-1127104.330257895-2103086.579069166j),51.56860517587431,0.03122028776063801,(2246468.594390807+0j),52.00437888204284,3.7061717429869954e-07,(7740.066124983282+0j)
16.132300870933705,50.56287960107926,0.03522111619718934,(-1127104.330257895+2103086.579069166j),50.56287960107926,0.03522111619718934,(-1127104.330257895-2103086.579069166j),51.71266143271804,0.03122028776063801,(2246468.594390807+0j),52.00441020016971,3.7061717429869954e-07,(7740.066124983282+0j)
16.15196193297027,50.686553092253334,0.03522111619718934,(-1127104.330257895+2103086.579069166j),50.686553092253334,0.03522111619718934,(-1127104.330257895-2103086.579069166j),51.857951584095225,0.03122028776063801,(2246468.594390807+0j),52.004440879335505,3.7061717429869954e-07,(7740.066124983282+0j)
16.171622995006835,50.811296806719604,0.03522111619718934,(-1127104.330257895+2103086.579069166j),50.811296806719604,0.03522111619718934,(-1127104.330257895-2103086.579069166j),52.00447093889714,0.03122028776063801,(2246468.594390807+0j),52.00447093889715,3.7061717429869954e-07,(7740.066124983282+0j)
