r (mm),uz_root1 (km/s),cbt_root1 (m),uz0_root1 (m/s),uz_root2 (km/s),cbt_root2 (m),uz0_root2 (m/s),uz_root3 (km/s),cbt_root3 (m),uz0_root3 (m/s),uz_root4 (km/s),cbt_root4 (m),uz0_root4 (m/s)
-17.501877955017463,58.6669057992788,0.02334745783265087,(-341860.8963657038+728184.5315778911j),58.6669057992788,0.02334745783265087,(-341860.8963657038-728184.5315778911j),66.77533532041726,0.015796993983446233,(661698.8340787222+0j),66.7753353204173,1.7498669988004618e-05,(22022.95865268551+0j)
-17.466488043351646,58.42706046329634,0.02334745783265087,(-341860.8963657038+728184.5315778911j),58.42706046329634,0.02334745783265087,(-341860.8963657038-728184.5315778911j),66.41563431825678,0.015796993983446233,(661698.8340787222+0j),66.77312402947852,1.7498669988004618e-05,(22022.95865268551+0j)
-17.431098131685832,58.18870828551302,0.02334745783265087,(-341860.8963657038+728184.5315778911j),58.18870828551302,0.02334745783265087,(-341860.8963657038-728184.5315778911j),66.0576175314515,0.015796993983446233,(661698.8340787222+0j),66.77086749175272,1.7498669988004618e-05,(22022.95865268551+0j)
-17.395708220020015,57.95186364837765,0.02334745783265087,(-341860.8963657038+728184.5315778911j),57.95186364837765,0.02334745783265087,(-341860.8963657038-728184.5315778911j),65.70131094562434,0.015796993983446233,(661698.8340787222+0j),66.76856430415465,1.7498669988004618e-05,(22022.95865268551+0j)
-17.360318308354195,57.71654105543644,0.02334745783265087,(-341860.8963657038+728184.5315778911j),57.71654105543644,0.02334745783265087,(-341860.8963657038-728184.5315778911j),65.34674086179193,0.015796993983446233,(661698.8340787222+0j),66.76621300498137,1.7498669988004618e-05,(22022.95865268551+0j)
-17.32492839668838,57.48275513243439,0.02334745783265087,(-341860.8963657038+728184.5315778911j),57.48275513243439,0.02334745783265087,(-341860.8963657038-728184.5315778911j),64.99393390042684,0.015796993983446233,(661698.8340787222+0j),66.76381207081889,1.7498669988004618e-05,(22022.95865268551+0j)
-17.289538485022565,57.25052062842787,0.02334745783265087,(-341860.8963657038+728184.5315778911j),57.25052062842787,0.02334745783265087,(-341860.8963657038-728184.5315778911j),64.64291700557762,0.015796993983446233,(661698.8340787222+0j),66.76135991325063,1.7498669988004618e-05,(22022.95865268551+0j)
-17.254148573356748,57.019852416908364,0.02334745783265087,(-341860.8963657038+728184.5315778911j),57.019852416908364,0.02334745783265087,(-341860.8963657038-728184.5315778911j),64.29371744904783,0.015796993983446233,(661698.8340787222+0j),66.7588548753532,1.7498669988004618e-05,(22022.95865268551+0j)
-17.21875866169093,56.79076549693781,0.02334745783265087,(-341860.8963657038+728184.5315778911j),56.79076549693781,0.02334745783265087,(-341860.8963657038-728184.5315778911j),63.946362834634826,0.015796993983446233,(661698.8340787222+0j),66.75629522796281,1.7498669988004618e-05,(22022.95865268551+0j)
-17.183368750025117,56.56327499429529,0.02334745783265087,(-341860.8963657038+728184.5315778911j),56.56327499429529,0.02334745783265087,(-341860.8963657038-728184.5315778911j),63.60088110242921,0.015796993983446233,(661698.8340787222+0j),66.7536791656949,1.7498669988004618e-05,(22022.95865268551+0j)
-17.1479788383593,56.337396162635606,0.02334745783265087,(-341860.8963657038+728184.5315778911j),56.337396162635606,0.02334745783265087,(-341860.8963657038-728184.5315778911j),63.257300533176135,0.015796993983446233,(661698.8340787222+0j),66.7510048026977,1.7498669988004618e-05,(22022.95865268551+0j)
-17.112588926693483,56.11314438465941,0.02334745783265087,(-341860.8963657038+728184.5315778911j),56.11314438465941,0.02334745783265087,(-341860.8963657038-728184.5315778911j),62.91564975269916,0.015796993983446233,(661698.8340787222+0j),66.74827016811854,1.7498669988004618e-05,(22022.95865268551+0j)
-17.077199015027666,55.890535173295476,0.02334745783265087,(-341860.8963657038+728184.5315778911j),55.890535173295476,0.02334745783265087,(-341860.8963657038-728184.5315778911j),62.575957736387906,0.015796993983446233,(661698.8340787222+0j),66.74547320126044,1.7498669988004618e-05,(22022.95865268551+0j)
-17.04180910336185,55.66958417289497,0.02334745783265087,(-341860.8963657038+728184.5315778911j),55.66958417289497,0.02334745783265087,(-341860.8963657038-728184.5315778911j),62.23825381375041,0.015796993983446233,(661698.8340787222+0j),66.74261174640333,1.7498669988004618e-05,(22022.95865268551+0j)
-17.006419191696033,55.450307160437944,0.02334745783265087,(-341860.8963657038+728184.5315778911j),55.450307160437944,0.02334745783265087,(-341860.8963657038-728184.5315778911j),61.902567673031214,0.015796993983446233,(661698.8340787222+0j),66.73968354726324,1.7498669988004618e-05,(22022.95865268551+0j)
-16.971029280030216,55.23272004675212,0.02334745783265087,(-341860.8963657038+728184.5315778911j),55.23272004675212,0.02334745783265087,(-341860.8963657038-728184.5315778911j),61.56892936589631,0.015796993983446233,(661698.8340787222+0j),66.73668624105889,1.7498669988004618e-05,(22022.95865268551+0j)
-16.9356393683644,55.01683887774428,0.02334745783265087,(-341860.8963657038+728184.5315778911j),55.01683887774428,0.02334745783265087,(-341860.8963657038-728184.5315778911j),61.23736931218594,0.015796993983446233,(661698.8340787222+0j),66.73361735215354,1.7498669988004618e-05,(22022.95865268551+0j)
-16.900249456698585,54.802679835644206,0.02334745783265087,(-341860.8963657038+728184.5315778911j),54.802679835644206,0.02334745783265087,(-341860.8963657038-728184.5315778911j),60.90791830473645,0.015796993983446233,(661698.8340787222+0j),66.73047428523533,1.7498669988004618e-05,(22022.95865268551+0j)
-16.86485954503277,54.590259240261446,0.02334745783265087,(-341860.8963657038+728184.5315778911j),54.590259240261446,0.02334745783265087,(-341860.8963657038-728184.5315778911j),60.58060751427218,0.015796993983446233,(661698.8340787222+0j),66.72725431799768,1.7498669988004618e-05,(22022.95865268551+0j)
-16.82946963336695,54.37959355025497,0.02334745783265087,(-341860.8963657038+728184.5315778911j),54.37959355025497,0.02334745783265087,(-341860.8963657038-728184.5315778911j),60.25546849436864,0.015796993983446233,(661698.8340787222+0j),66.72395459327518,1.7498669988004618e-05,(22022.95865268551+0j)
-16.794079721701134,54.17069936441592,0.02334745783265087,(-341860.8963657038+728184.5315778911j),54.17069936441592,0.02334745783265087,(-341860.8963657038-728184.5315778911j),59.9325331864881,0.015796993983446233,(661698.8340787222+0j),66.72057211058824,1.7498669988004618e-05,(22022.95865268551+0j)
-16.758689810035317,53.96359342296359,0.02334745783265087,(-341860.8963657038+728184.5315778911j),53.96359342296359,0.02334745783265087,(-341860.8963657038-728184.5315778911j),59.6118339250887,0.015796993983446233,(661698.8340787222+0j),66.71710371704336,1.7498669988004618e-05,(22022.95865268551+0j)
-16.7232998983695,53.75829260885481,0.02334745783265087,(-341860.8963657038+728184.5315778911j),53.75829260885481,0.02334745783265087,(-341860.8963657038-728184.5315778911j),59.29340344280837,0.015796993983446233,(661698.8340787222+0j),66.71354609753101,1.7498669988004618e-05,(22022.95865268551+0j)
-16.687909986703684,53.554813949106794,0.02334745783265087,(-341860.8963657038+728184.5315778911j),53.554813949106794,0.02334745783265087,(-341860.8963657038-728184.5315778911j),58.977274875724774,0.015796993983446233,(661698.8340787222+0j),66.70989576415752,1.7498669988004618e-05,(22022.95865268551+0j)
-16.65252007503787,53.35317461613371,0.02334745783265087,(-341860.8963657038+728184.5315778911j),53.35317461613371,0.02334745783265087,(-341860.8963657038-728184.5315778911j),58.66348176869241,0.015796993983446233,(661698.8340787222+0j),66.70614904483945,1.7498669988004618e-05,(22022.95865268551+0j)
-16.617130163372053,53.153391929097126,0.02334745783265087,(-341860.8963657038+728184.5315778911j),53.153391929097126,0.02334745783265087,(-341860.8963657038-728184.5315778911j),58.352058080758276,0.015796993983446233,(661698.8340787222+0j),66.70230207098271,1.7498669988004618e-05,(22022.95865268551+0j)
-16.581740251706236,52.95548335527047,0.02334745783265087,(-341860.8963657038+728184.5315778911j),52.95548335527047,0.02334745783265087,(-341860.8963657038-728184.5315778911j),58.04303819065728,0.015796993983446233,(661698.8340787222+0j),66.69835076415926,1.7498669988004618e-05,(22022.95865268551+0j)
-16.54635034004042,52.75946651141753,0.02334745783265087,(-341860.8963657038+728184.5315778911j),52.75946651141753,0.02334745783265087,(-341860.8963657038-728184.5315778911j),57.7364569023888,0.015796993983446233,(661698.8340787222+0j),66.69429082168476,1.7498669988004618e-05,(22022.95865268551+0j)
-16.510960428374606,52.565359165185505,0.02334745783265087,(-341860.8963657038+728184.5315778911j),52.565359165185505,0.02334745783265087,(-341860.8963657038-728184.5315778911j),57.43234945087563,0.015796993983446233,(661698.8340787222+0j),66.69011770099033,1.7498669988004618e-05,(22022.95865268551+0j)
-16.475570516708785,52.37317923651233,0.02334745783265087,(-341860.8963657038+728184.5315778911j),52.37317923651233,0.02334745783265087,(-341860.8963657038-728184.5315778911j),57.130751507706655,0.015796993983446233,(661698.8340787222+0j),66.68582660266877,1.7498669988004618e-05,(22022.95865268551+0j)
-16.44018060504297,52.18294479904884,0.02334745783265087,(-341860.8963657038+728184.5315778911j),52.18294479904884,0.02334745783265087,(-341860.8963657038-728184.5315778911j),56.83169918696489,0.015796993983446233,(661698.8340787222+0j),66.68141245206237,1.7498669988004618e-05,(22022.95865268551+0j)
-16.404790693377155,51.99467408159571,0.02334745783265087,(-341860.8963657038+728184.5315778911j),51.99467408159571,0.02334745783265087,(-341860.8963657038-728184.5315778911j),56.535229051141876,0.015796993983446233,(661698.8340787222+0j),66.6768698792439,1.7498669988004618e-05,(22022.95865268551+0j)
-16.369400781711338,51.808385469555354,0.02334745783265087,(-341860.8963657038+728184.5315778911j),51.808385469555354,0.02334745783265087,(-341860.8963657038-728184.5315778911j),56.24137811714026,0.015796993983446233,(661698.8340787222+0j),66.67219319722442,1.7498669988004618e-05,(22022.95865268551+0j)
-16.33401087004552,51.62409750639911,0.02334745783265087,(-341860.8963657038+728184.5315778911j),51.62409750639911,0.02334745783265087,(-341860.8963657038-728184.5315778911j),55.95018386236575,0.015796993983446233,(661698.8340787222+0j),66.66737637820242,1.7498669988004618e-05,(22022.95865268551+0j)
-16.298620958379704,51.44182889514974,0.02334745783265087,(-341860.8963657038+728184.5315778911j),51.44182889514974,0.02334745783265087,(-341860.8963657038-728184.5315778911j),55.661684230910076,0.015796993983446233,(661698.8340787222+0j),66.66241302764533,1.7498669988004618e-05,(22022.95865268551+0j)
-16.26323104671389,51.26159849987944,0.02334745783265087,(-341860.8963657038+728184.5315778911j),51.26159849987944,0.02334745783265087,(-341860.8963657038-728184.5315778911j),55.375917639826454,0.015796993983446233,(661698.8340787222+0j),66.65729635596941,1.7498669988004618e-05,(22022.95865268551+0j)
-16.22784113504807,51.08342534722367,0.02334745783265087,(-341860.8963657038+728184.5315778911j),51.08342534722367,0.02334745783265087,(-341860.8963657038-728184.5315778911j),55.09292298549903,0.015796993983446233,(661698.8340787222+0j),66.65201914755397,1.7498669988004618e-05,(22022.95865268551+0j)
-16.192451223382253,50.907328627910786,0.02334745783265087,(-341860.8963657038+728184.5315778911j),50.907328627910786,0.02334745783265087,(-341860.8963657038-728184.5315778911j),54.81273965010794,0.015796993983446233,(661698.8340787222+0j),66.64657372679292,1.7498669988004618e-05,(22022.95865268551+0j)
-16.157061311716436,50.73332769830787,0.02334745783265087,(-341860.8963657038+728184.5315778911j),50.73332769830787,0.02334745783265087,(-341860.8963657038-728184.5315778911j),54.53540750819158,0.015796993983446233,(661698.8340787222+0j),66.64095192084747,1.7498669988004618e-05,(22022.95865268551+0j)
-16.121671400050623,50.56144208198276,0.02334745783265087,(-341860.8963657038+728184.5315778911j),50.56144208198276,0.02334745783265087,(-341860.8963657038-728184.5315778911j),54.26096693330767,0.015796993983446233,(661698.8340787222+0j),66.63514501872001,1.7498669988004618e-05,(22022.95865268551+0j)
-16.086281488384806,50.39169147128265,0.02334745783265087,(-341860.8963657038+728184.5315778911j),50.39169147128265,0.02334745783265087,(-341860.8963657038-728184.5315778911j),53.98945880479485,0.015796993983446233,(661698.8340787222+0j),66.62914372621829,1.7498669988004618e-05,(22022.95865268551+0j)
-16.05089157671899,50.22409572892924,0.02334745783265087,(-341860.8963657038+728184.5315778911j),50.22409572892924,0.02334745783265087,(-341860.8963657038-728184.5315778911j),53.720924514636415,0.015796993983446233,(661698.8340787222+0j),66.6229381163199,1.7498669988004618e-05,(22022.95865268551+0j)
-16.015501665053172,50.058674889630915,0.02334745783265087,(-341860.8963657038+728184.5315778911j),50.058674889630915,0.02334745783265087,(-341860.8963657038-728184.5315778911j),53.45540597442799,0.015796993983446233,(661698.8340787222+0j),66.61651757437991,1.7498669988004618e-05,(22022.95865268551+0j)
-15.980111753387357,49.89544916171186,0.02334745783265087,(-341860.8963657038+728184.5315778911j),49.89544916171186,0.02334745783265087,(-341860.8963657038-728184.5315778911j),53.19294562245087,0.015796993983446233,(661698.8340787222+0j),66.60987073754536,1.7498669988004618e-05,(22022.95865268551+0j)
-15.944721841721542,49.73443892875849,0.02334745783265087,(-341860.8963657038+728184.5315778911j),49.73443892875849,0.02334745783265087,(-341860.8963657038-728184.5315778911j),52.933586430852785,0.015796993983446233,(661698.8340787222+0j),66.60298542764913,1.7498669988004618e-05,(22022.95865268551+0j)
-15.909331930055723,49.57566475128341,0.02334745783265087,(-341860.8963657038+728184.5315778911j),49.57566475128341,0.02334745783265087,(-341860.8963657038-728184.5315778911j),52.677371912937915,0.015796993983446233,(661698.8340787222+0j),66.59584857674965,1.7498669988004618e-05,(22022.95865268551+0j)
-15.873942018389906,49.419147368406946,0.02334745783265087,(-341860.8963657038+728184.5315778911j),49.419147368406946,0.02334745783265087,(-341860.8963657038-728184.5315778911j),52.42434613056817,0.015796993983446233,(661698.8340787222+0j),66.5884461443589,1.7498669988004618e-05,(22022.95865268551+0j)
-15.83855210672409,49.26490769955671,0.02334745783265087,(-341860.8963657038+728184.5315778911j),49.26490769955671,0.02334745783265087,(-341860.8963657038-728184.5315778911j),52.174553701677276,0.015796993983446233,(661698.8340787222+0j),66.58076302525528,1.7498669988004618e-05,(22022.95865268551+0j)
-15.803162195058274,49.11296684618513,0.02334745783265087,(-341860.8963657038+728184.5315778911j),49.11296684618513,0.02334745783265087,(-341860.8963657038-728184.5315778911j),51.928039807900014,0.015796993983446233,(661698.8340787222+0j),66.57278294660811,1.7498669988004618e-05,(22022.95865268551+0j)
-15.767772283392459,48.963346093505415,0.02334745783265087,(-341860.8963657038+728184.5315778911j),48.963346093505415,0.02334745783265087,(-341860.8963657038-728184.5315778911j),51.684850202318295,0.015796993983446233,(661698.8340787222+0j),66.56448835293968,1.7498669988004618e-05,(22022.95865268551+0j)
-15.732382371726642,48.816066912246,0.02334745783265087,(-341860.8963657038+728184.5315778911j),48.816066912246,0.02334745783265087,(-341860.8963657038-728184.5315778911j),51.44503121732611,0.015796993983446233,(661698.8340787222+0j),66.55586027721307,1.7498669988004618e-05,(22022.95865268551+0j)
-15.696992460060827,48.671150960423795,0.02334745783265087,(-341860.8963657038+728184.5315778911j),48.671150960423795,0.02334745783265087,(-341860.8963657038-728184.5315778911j),51.20862977261551,0.015796993983446233,(661698.8340787222+0j),66.54687819605441,1.7498669988004618e-05,(22022.95865268551+0j)
-15.661602548395006,48.528620085136346,0.02334745783265087,(-341860.8963657038+728184.5315778911j),48.528620085136346,0.02334745783265087,(-341860.8963657038-728184.5315778911j),50.975693383285595,0.015796993983446233,(661698.8340787222+0j),66.53751986678292,1.7498669988004618e-05,(22022.95865268551+0j)
-15.626212636729191,48.388496324373314,0.02334745783265087,(-341860.8963657038+728184.5315778911j),48.388496324373314,0.02334745783265087,(-341860.8963657038-728184.5315778911j),50.74627016807665,0.015796993983446233,(661698.8340787222+0j),66.52776114352552,1.7498669988004618e-05,(22022.95865268551+0j)
-15.590822725063374,48.25080190884734,0.02334745783265087,(-341860.8963657038+728184.5315778911j),48.25080190884734,0.02334745783265087,(-341860.8963657038-728184.5315778911j),50.520408857731624,0.015796993983446233,(661698.8340787222+0j),66.51757576921584,1.7498669988004618e-05,(22022.95865268551+0j)
-15.555432813397559,48.115559263844574,0.02334745783265087,(-341860.8963657038+728184.5315778911j),48.115559263844574,0.02334745783265087,(-341860.8963657038-728184.5315778911j),50.298158803487055,0.015796993983446233,(661698.8340787222+0j),66.50693513970523,1.7498669988004618e-05,(22022.95865268551+0j)
-15.520042901731742,47.98279101109515,0.02334745783265087,(-341860.8963657038+728184.5315778911j),47.98279101109515,0.02334745783265087,(-341860.8963657038-728184.5315778911j),50.079569985695876,0.015796993983446233,(661698.8340787222+0j),66.49580803552453,1.7498669988004618e-05,(22022.95865268551+0j)
-15.484652990065927,47.85251997066381,0.02334745783265087,(-341860.8963657038+728184.5315778911j),47.85251997066381,0.02334745783265087,(-341860.8963657038-728184.5315778911j),49.86469302258409,0.015796993983446233,(661698.8340787222+0j),66.48416031599935,1.7498669988004618e-05,(22022.95865268551+0j)
-15.44926307840011,47.724769162860945,0.02334745783265087,(-341860.8963657038+728184.5315778911j),47.724769162860945,0.02334745783265087,(-341860.8963657038-728184.5315778911j),49.653579179144025,0.015796993983446233,(661698.8340787222+0j),66.47195456940788,1.7498669988004618e-05,(22022.95865268551+0j)
-15.413873166734293,47.5995618101742,0.02334745783265087,(-341860.8963657038+728184.5315778911j),47.5995618101742,0.02334745783265087,(-341860.8963657038-728184.5315778911j),49.446280376166136,0.015796993983446233,(661698.8340787222+0j),66.45914971163063,1.7498669988004618e-05,(22022.95865268551+0j)
-15.378483255068478,47.47692133922111,0.02334745783265087,(-341860.8963657038+728184.5315778911j),47.47692133922111,0.02334745783265087,(-341860.8963657038-728184.5315778911j),49.242849199412106,0.015796993983446233,(661698.8340787222+0j),66.44570052422223,1.7498669988004618e-05,(22022.95865268551+0j)
-15.34309334340266,47.35687138272273,0.02334745783265087,(-341860.8963657038+728184.5315778911j),47.35687138272273,0.02334745783265087,(-341860.8963657038-728184.5315778911j),49.04333890893155,0.015796993983446233,(661698.8340787222+0j),66.43155712096357,1.7498669988004618e-05,(22022.95865268551+0j)
-15.307703431736844,47.239435781498806,0.02334745783265087,(-341860.8963657038+728184.5315778911j),47.239435781498806,0.02334745783265087,(-341860.8963657038-728184.5315778911j),48.847803448524864,0.015796993983446233,(661698.8340787222+0j),66.41666432963362,1.7498669988004618e-05,(22022.95865268551+0j)
-15.272313520071027,47.12463858648448,0.02334745783265087,(-341860.8963657038+728184.5315778911j),47.12463858648448,0.02334745783265087,(-341860.8963657038-728184.5315778911j),48.65629745535473,0.015796993983446233,(661698.8340787222+0j),66.40096097285434,1.7498669988004618e-05,(22022.95865268551+0j)
-15.236923608405212,47.01250406076905,0.02334745783265087,(-341860.8963657038+728184.5315778911j),47.01250406076905,0.02334745783265087,(-341860.8963657038-728184.5315778911j),48.46887626970911,0.015796993983446233,(661698.8340787222+0j),66.38437902824955,1.7498669988004618e-05,(22022.95865268551+0j)
-15.201533696739395,46.9030566816568,0.02334745783265087,(-341860.8963657038+728184.5315778911j),46.9030566816568,0.02334745783265087,(-341860.8963657038-728184.5315778911j),48.285595944918036,0.015796993983446233,(661698.8340787222+0j),66.3668426436109,1.7498669988004618e-05,(22022.95865268551+0j)
-15.166143785073578,46.796321142750415,0.02334745783265087,(-341860.8963657038+728184.5315778911j),46.796321142750415,0.02334745783265087,(-341860.8963657038-728184.5315778911j),48.10651325742729,0.015796993983446233,(661698.8340787222+0j),66.34826697700251,1.7498669988004618e-05,(22022.95865268551+0j)
-15.13075387340776,46.692322356057,0.02334745783265087,(-341860.8963657038+728184.5315778911j),46.692322356057,0.02334745783265087,(-341860.8963657038-728184.5315778911j),47.931685717031435,0.015796993983446233,(661698.8340787222+0j),66.32855682439491,1.7498669988004618e-05,(22022.95865268551+0j)
-15.095363961741946,46.59108545411722,0.02334745783265087,(-341860.8963657038+728184.5315778911j),46.59108545411722,0.02334745783265087,(-341860.8963657038-728184.5315778911j),47.76117157726923,0.015796993983446233,(661698.8340787222+0j),66.30760498799273,1.7498669988004618e-05,(22022.95865268551+0j)
-15.059974050076129,46.49263579215772,0.02334745783265087,(-341860.8963657038+728184.5315778911j),46.49263579215772,0.02334745783265087,(-341860.8963657038-728184.5315778911j),47.595029845984264,0.015796993983446233,(661698.8340787222+0j),66.28529032624154,1.7498669988004618e-05,(22022.95865268551+0j)
-15.024584138410312,46.396998950267054,0.02334745783265087,(-341860.8963657038+728184.5315778911j),46.396998950267054,0.02334745783265087,(-341860.8963657038-728184.5315778911j),47.43332029605359,0.015796993983446233,(661698.8340787222+0j),66.26147541063307,1.7498669988004618e-05,(22022.95865268551+0j)
-14.989194226744495,46.304200735595586,0.02334745783265087,(-341860.8963657038+728184.5315778911j),46.304200735595586,0.02334745783265087,(-341860.8963657038-728184.5315778911j),47.27610347628762,0.015796993983446233,(661698.8340787222+0j),66.23600369360004,1.7498669988004618e-05,(22022.95865268551+0j)
-14.95380431507868,46.214267184579484,0.02334745783265087,(-341860.8963657038+728184.5315778911j),46.214267184579484,0.02334745783265087,(-341860.8963657038-728184.5315778911j),47.12344072250415,0.015796993983446233,(661698.8340787222+0j),66.20869606421012,1.7498669988004618e-05,(22022.95865268551+0j)
-14.918414403412864,46.12722456518919,0.02334745783265087,(-341860.8963657038+728184.5315778911j),46.12722456518919,0.02334745783265087,(-341860.8963657038-728184.5315778911j),46.975394168779665,0.015796993983446233,(661698.8340787222+0j),66.17934663151192,1.7498669988004618e-05,(22022.95865268551+0j)
-14.883024491747046,46.04309937920269,0.02334745783265087,(-341860.8963657038+728184.5315778911j),46.04309937920269,0.02334745783265087,(-341860.8963657038-728184.5315778911j),46.83202675888114,0.015796993983446233,(661698.8340787222+0j),66.14771752565555,1.7498669988004618e-05,(22022.95865268551+0j)
-14.84763458008123,45.961918364503795,0.02334745783265087,(-341860.8963657038+728184.5315778911j),45.961918364503795,0.02334745783265087,(-341860.8963657038-728184.5315778911j),46.693402257881544,0.015796993983446233,(661698.8340787222+0j),66.1135324391054,1.7498669988004618e-05,(22022.95865268551+0j)
-14.812244668415413,45.883708497405856,0.02334745783265087,(-341860.8963657038+728184.5315778911j),45.883708497405856,0.02334745783265087,(-341860.8963657038-728184.5315778911j),46.55958526396238,0.015796993983446233,(661698.8340787222+0j),66.0764685367817,1.7498669988004618e-05,(22022.95865268551+0j)
-14.776854756749598,45.808496995001114,0.02334745783265087,(-341860.8963657038+728184.5315778911j),45.808496995001114,0.02334745783265087,(-341860.8963657038-728184.5315778911j),46.43064122040665,0.015796993983446233,(661698.8340787222+0j),66.03614623353232,1.7498669988004618e-05,(22022.95865268551+0j)
-14.74146484508378,45.73631131753612,0.02334745783265087,(-341860.8963657038+728184.5315778911j),45.73631131753612,0.02334745783265087,(-341860.8963657038-728184.5315778911j),46.306636427785556,0.015796993983446233,(661698.8340787222+0j),65.99211615297173,1.7498669988004618e-05,(22022.95865268551+0j)
-14.706074933417964,45.667179170813434,0.02334745783265087,(-341860.8963657038+728184.5315778911j),45.667179170813434,0.02334745783265087,(-341860.8963657038-728184.5315778911j),46.18763805634264,0.015796993983446233,(661698.8340787222+0j),65.94384231747017,1.7498669988004618e-05,(22022.95865268551+0j)
-14.670685021752147,45.60112850862001,0.02334745783265087,(-341860.8963657038+728184.5315778911j),45.60112850862001,0.02334745783265087,(-341860.8963657038-728184.5315778911j),46.07371415857886,0.015796993983446233,(661698.8340787222+0j),65.8906802345246,1.7498669988004618e-05,(22022.95865268551+0j)
-14.635295110086332,45.538187535182566,0.02334745783265087,(-341860.8963657038+728184.5315778911j),45.538187535182566,0.02334745783265087,(-341860.8963657038-728184.5315778911j),45.96493368204211,0.015796993983446233,(661698.8340787222+0j),65.83184797582723,1.7498669988004618e-05,(22022.95865268551+0j)
-14.599905198420513,45.47838470765029,0.02334745783265087,(-341860.8963657038+728184.5315778911j),45.47838470765029,0.02334745783265087,(-341860.8963657038-728184.5315778911j),45.86136648232521,0.015796993983446233,(661698.8340787222+0j),65.76638748834698,1.7498669988004618e-05,(22022.95865268551+0j)
-14.564515286754698,45.42174873860523,0.02334745783265087,(-341860.8963657038+728184.5315778911j),45.42174873860523,0.02334745783265087,(-341860.8963657038-728184.5315778911j),45.763083336275905,0.015796993983446233,(661698.8340787222+0j),65.69311205996019,1.7498669988004618e-05,(22022.95865268551+0j)
-14.529125375088881,45.36830859860061,0.02334745783265087,(-341860.8963657038+728184.5315778911j),45.36830859860061,0.02334745783265087,(-341860.8963657038-728184.5315778911j),45.67015595542283,0.015796993983446233,(661698.8340787222+0j),65.61053379424982,1.7498669988004618e-05,(22022.95865268551+0j)
-14.493735463423066,45.318093518727636,0.02334745783265087,(-341860.8963657038+728184.5315778911j),45.318093518727636,0.02334745783265087,(-341860.8963657038-728184.5315778911j),45.58265699962147,0.015796993983446233,(661698.8340787222+0j),65.51676162193033,1.7498669988004618e-05,(22022.95865268551+0j)
-14.45834555175725,45.271132993210905,0.02334745783265087,(-341860.8963657038+728184.5315778911j),45.271132993210905,0.02334745783265087,(-341860.8963657038-728184.5315778911j),45.50066009092408,0.015796993983446233,(661698.8340787222+0j),65.40935487651512,1.7498669988004618e-05,(22022.95865268551+0j)
-14.422955640091432,45.22745678203302,0.02334745783265087,(-341860.8963657038+728184.5315778911j),45.22745678203302,0.02334745783265087,(-341860.8963657038-728184.5315778911j),45.424239827677674,0.015796993983446233,(661698.8340787222+0j),65.28510809046925,1.7498669988004618e-05,(22022.95865268551+0j)
-14.387565728425617,45.187094913588496,0.02334745783265087,(-341860.8963657038+728184.5315778911j),45.187094913588496,0.02334745783265087,(-341860.8963657038-728184.5315778911j),45.35347179885437,0.015796993983446233,(661698.8340787222+0j),65.13972614222102,1.7498669988004618e-05,(22022.95865268551+0j)
-14.3521758167598,45.150077687367585,0.02334745783265087,(-341860.8963657038+728184.5315778911j),45.150077687367585,0.02334745783265087,(-341860.8963657038-728184.5315778911j),45.28843259861825,0.015796993983446233,(661698.8340787222+0j),64.96731857779625,1.7498669988004618e-05,(22022.95865268551+0j)
-14.316785905093983,45.116435676670285,0.02334745783265087,(-341860.8963657038+728184.5315778911j),45.116435676670285,0.02334745783265087,(-341860.8963657038-728184.5315778911j),45.22919984113331,0.015796993983446233,(661698.8340787222+0j),64.75958378507609,1.7498669988004618e-05,(22022.95865268551+0j)
-14.281395993428166,45.086199731350874,0.02334745783265087,(-341860.8963657038+728184.5315778911j),45.086199731350874,0.02334745783265087,(-341860.8963657038-728184.5315778911j),45.17585217561671,0.015796993983446233,(661698.8340787222+0j),64.50443611038708,1.7498669988004618e-05,(22022.95865268551+0j)
-14.246006081762351,45.05940098059343,0.02334745783265087,(-341860.8963657038+728184.5315778911j),45.05940098059343,0.02334745783265087,(-341860.8963657038-728184.5315778911j),45.12846930164215,0.015796993983446233,(661698.8340787222+0j),64.18357593335901,1.7498669988004618e-05,(22022.95865268551+0j)
-14.210616170096534,45.0360708357187,0.02334745783265087,(-341860.8963657038+728184.5315778911j),45.0360708357187,0.02334745783265087,(-341860.8963657038-728184.5315778911j),45.08713198469784,0.015796993983446233,(661698.8340787222+0j),63.76791571189527,1.7498669988004618e-05,(22022.95865268551+0j)
-14.175226258430717,45.01624099302267,0.02334745783265087,(-341860.8963657038+728184.5315778911j),45.01624099302267,0.02334745783265087,(-341860.8963657038-728184.5315778911j),45.051922072003926,0.015796993983446233,(661698.8340787222+0j),63.2082824113462,1.7498669988004618e-05,(22022.95865268551+0j)
-14.1398363467649,44.99994343664737,0.02334745783265087,(-341860.8963657038+728184.5315778911j),44.99994343664737,0.02334745783265087,(-341860.8963657038-728184.5315778911j),45.0229225085941,0.015796993983446233,(661698.8340787222+0j),62.41455575186138,1.7498669988004618e-05,(22022.95865268551+0j)
-14.104446435099085,44.98721044148416,0.02334745783265087,(-341860.8963657038+728184.5315778911j),44.98721044148416,0.02334745783265087,(-341860.8963657038-728184.5315778911j),45.000217353666564,0.015796993983446233,(661698.8340787222+0j),61.20226168819785,1.7498669988004618e-05,(22022.95865268551+0j)
-14.069056523433268,44.978074576109954,0.02334745783265087,(-341860.8963657038+728184.5315778911j),44.978074576109954,0.02334745783265087,(-341860.8963657038-728184.5315778911j),44.983891797209125,0.015796993983446233,(661698.8340787222+0j),59.12816787544508,1.7498669988004618e-05,(22022.95865268551+0j)
-14.033666611767451,44.972568705756984,0.02334745783265087,(-341860.8963657038+728184.5315778911j),44.972568705756984,0.02334745783265087,(-341860.8963657038-728184.5315778911j),44.97403217690381,0.015796993983446233,(661698.8340787222+0j),54.83149487617161,1.7498669988004618e-05,(22022.95865268551+0j)
-13.998276700101636,44.97072599531617,0.02334745783265087,(-341860.8963657038+728184.5315778911j),44.97072599531617,0.02334745783265087,(-341860.8963657038-728184.5315778911j),44.97072599531617,0.015796993983446233,(661698.8340787222+0j),44.97072599531617,1.7498669988004618e-05,(22022.95865268551+0j)
-13.998276700101636,42.57998179747083,0.04839200917036916,(-280973.53570486687+564332.0103454235j),42.57998179747083,0.04839200917036916,(-280973.53570486687-564332.0103454235j),44.97072599531616,0.03730173285988465,(553478.5037542152+0j),44.97072599531617,8.732677342334663e-06,(8468.567655519339+0j)
-13.94519183260291,42.4701313011704,0.04839200917036916,(-280973.53570486687+564332.0103454235j),42.4701313011704,0.04839200917036916,(-280973.53570486687-564332.0103454235j),44.82174456595171,0.03730173285988465,(553478.5037542152+0j),44.97044024864039,8.732677342334663e-06,(8468.567655519339+0j)
-13.892106965104185,42.361072455830325,0.04839200917036916,(-280973.53570486687+564332.0103454235j),42.361072455830325,0.04839200917036916,(-280973.53570486687-564332.0103454235j),44.67372206896349,0.03730173285988465,(553478.5037542152+0j),44.97014862524278,8.732677342334663e-06,(8468.567655519339+0j)
-13.839022097605461,42.25281062708386,0.04839200917036916,(-280973.53570486687+564332.0103454235j),42.25281062708386,0.04839200917036916,(-280973.53570486687-564332.0103454235j),44.52666711404831,0.03730173285988465,(553478.5037542152+0j),44.969850941947165,8.732677342334663e-06,(8468.567655519339+0j)
-13.785937230106738,42.14535121385349,0.04839200917036916,(-280973.53570486687+564332.0103454235j),42.14535121385349,0.04839200917036916,(-280973.53570486687-564332.0103454235j),44.38058837921965,0.03730173285988465,(553478.5037542152+0j),44.96954700788467,8.732677342334663e-06,(8468.567655519339+0j)
-13.732852362608014,42.038699648575985,0.04839200917036916,(-280973.53570486687+564332.0103454235j),42.038699648575985,0.04839200917036916,(-280973.53570486687-564332.0103454235j),44.2354946113945,0.03730173285988465,(553478.5037542152+0j),44.969236624085646,8.732677342334663e-06,(8468.567655519339+0j)
-13.679767495109287,41.93286139742924,0.04839200917036916,(-280973.53570486687+564332.0103454235j),41.93286139742924,0.04839200917036916,(-280973.53570486687-564332.0103454235j),44.09139462698565,0.03730173285988465,(553478.5037542152+0j),44.96891958304528,8.732677342334663e-06,(8468.567655519339+0j)
-13.626682627610563,41.827841960560725,0.04839200917036916,(-280973.53570486687+564332.0103454235j),41.827841960560725,0.04839200917036916,(-280973.53570486687-564332.0103454235j),43.94829731249979,0.03730173285988465,(553478.5037542152+0j),44.968595668261,8.732677342334663e-06,(8468.567655519339+0j)
-13.573597760111838,41.72364687231771,0.04839200917036916,(-280973.53570486687+564332.0103454235j),41.72364687231771,0.04839200917036916,(-280973.53570486687-564332.0103454235j),43.80621162514129,0.03730173285988465,(553478.5037542152+0j),44.96826465373939,8.732677342334663e-06,(8468.567655519339+0j)
-13.520512892613114,41.620281701479264,0.04839200917036916,(-280973.53570486687+564332.0103454235j),41.620281701479264,0.04839200917036916,(-280973.53570486687-564332.0103454235j),43.66514659342177,0.03730173285988465,(553478.5037542152+0j),44.96792630347039,8.732677342334663e-06,(8468.567655519339+0j)
-13.46742802511439,41.51775205148998,0.04839200917036916,(-280973.53570486687+564332.0103454235j),41.51775205148998,0.04839200917036916,(-280973.53570486687-564332.0103454235j),43.52511131777559,0.03730173285988465,(553478.5037542152+0j),44.96758037086612,8.732677342334663e-06,(8468.567655519339+0j)
-13.414343157615665,41.41606356069546,0.04839200917036916,(-280973.53570486687+564332.0103454235j),41.41606356069546,0.04839200917036916,(-280973.53570486687-564332.0103454235j),43.38611497118116,0.03730173285988465,(553478.5037542152+0j),44.96722659816157,8.732677342334663e-06,(8468.567655519339+0j)
-13.36125829011694,41.31522190257963,0.04839200917036916,(-280973.53570486687+564332.0103454235j),41.31522190257963,0.04839200917036916,(-280973.53570486687-564332.0103454235j),43.24816679978837,0.03730173285988465,(553478.5037542152+0j),44.96686471577397,8.732677342334663e-06,(8468.567655519339+0j)
-13.308173422618216,41.215232786003796,0.04839200917036916,(-280973.53570486687+564332.0103454235j),41.215232786003796,0.04839200917036916,(-280973.53570486687-564332.0103454235j),43.11127612355196,0.03730173285988465,(553478.5037542152+0j),44.96649444161785,8.732677342334663e-06,(8468.567655519339+0j)
-13.25508855511949,41.11610195544761,0.04839200917036916,(-280973.53570486687+564332.0103454235j),41.11610195544761,0.04839200917036916,(-280973.53570486687-564332.0103454235j),42.975452336871065,0.03730173285988465,(553478.5037542152+0j),44.966115480371506,8.732677342334663e-06,(8468.567655519339+0j)
-13.202003687620767,41.01783519125178,0.04839200917036916,(-280973.53570486687+564332.0103454235j),41.01783519125178,0.04839200917036916,(-280973.53570486687-564332.0103454235j),42.84070490923494,0.03730173285988465,(553478.5037542152+0j),44.96572752269163,8.732677342334663e-06,(8468.567655519339+0j)
-13.148918820122041,40.92043830986268,0.04839200917036916,(-280973.53570486687+564332.0103454235j),40.92043830986268,0.04839200917036916,(-280973.53570486687-564332.0103454235j),42.70704338587493,0.03730173285988465,(553478.5037542152+0j),44.96533024437103,8.732677342334663e-06,(8468.567655519339+0j)
-13.095833952623318,40.82391716407882,0.04839200917036916,(-280973.53570486687+564332.0103454235j),40.82391716407882,0.04839200917036916,(-280973.53570486687-564332.0103454235j),42.57447738842274,0.03730173285988465,(553478.5037542152+0j),44.964923305435065,8.732677342334663e-06,(8468.567655519339+0j)
-13.042749085124594,40.7282776432992,0.04839200917036916,(-280973.53570486687+564332.0103454235j),40.7282776432992,0.04839200917036916,(-280973.53570486687-564332.0103454235j),42.443016615575125,0.03730173285988465,(553478.5037542152+0j),44.96450634917129,8.732677342334663e-06,(8468.567655519339+0j)
-12.989664217625869,40.633525673773526,0.04839200917036916,(-280973.53570486687+564332.0103454235j),40.633525673773526,0.04839200917036916,(-280973.53570486687-564332.0103454235j),42.312670843765,0.03730173285988465,(553478.5037542152+0j),44.96407900108656,8.732677342334663e-06,(8468.567655519339+0j)
-12.936579350127143,40.53966721885439,0.04839200917036916,(-280973.53570486687+564332.0103454235j),40.53966721885439,0.04839200917036916,(-280973.53570486687-564332.0103454235j),42.1834499278391,0.03730173285988465,(553478.5037542152+0j),44.96364086778524,8.732677342334663e-06,(8468.567655519339+0j)
-12.883494482628418,40.446708279251354,0.04839200917036916,(-280973.53570486687+564332.0103454235j),40.446708279251354,0.04839200917036916,(-280973.53570486687-564332.0103454235j),42.05536380174227,0.03730173285988465,(553478.5037542152+0j),44.96319153576123,8.732677342334663e-06,(8468.567655519339+0j)
-12.830409615129694,40.35465489328699,0.04839200917036916,(-280973.53570486687+564332.0103454235j),40.35465489328699,0.04839200917036916,(-280973.53570486687-564332.0103454235j),41.92842247920828,0.03730173285988465,(553478.5037542152+0j),44.962730570096376,8.732677342334663e-06,(8468.567655519339+0j)
-12.77732474763097,40.263513137154874,0.04839200917036916,(-280973.53570486687+564332.0103454235j),40.263513137154874,0.04839200917036916,(-280973.53570486687-564332.0103454235j),41.80263605445762,0.03730173285988465,(553478.5037542152+0j),44.96225751305629,8.732677342334663e-06,(8468.567655519339+0j)
-12.724239880132247,40.17328912517955,0.04839200917036916,(-280973.53570486687+564332.0103454235j),40.17328912517955,0.04839200917036916,(-280973.53570486687-564332.0103454235j),41.678014702901876,0.03730173285988465,(553478.5037542152+0j),44.96177188257427,8.732677342334663e-06,(8468.567655519339+0j)
-12.671155012633522,40.08398901007854,0.04839200917036916,(-280973.53570486687+564332.0103454235j),40.08398901007854,0.04839200917036916,(-280973.53570486687-564332.0103454235j),41.55456868185511,0.03730173285988465,(553478.5037542152+0j),44.96127317061273,8.732677342334663e-06,(8468.567655519339+0j)
-12.618070145134796,39.99561898322632,0.04839200917036916,(-280973.53570486687+564332.0103454235j),39.99561898322632,0.04839200917036916,(-280973.53570486687-564332.0103454235j),41.43230833125224,0.03730173285988465,(553478.5037542152+0j),44.96076084139036,8.732677342334663e-06,(8468.567655519339+0j)
-12.56498527763607,39.908185274920314,0.04839200917036916,(-280973.53570486687+564332.0103454235j),39.908185274920314,0.04839200917036916,(-280973.53570486687-564332.0103454235j),41.3112440743743,0.03730173285988465,(553478.5037542152+0j),44.960234329462054,8.732677342334663e-06,(8468.567655519339+0j)
-12.511900410137347,39.82169415464904,0.04839200917036916,(-280973.53570486687+564332.0103454235j),39.82169415464904,0.04839200917036916,(-280973.53570486687-564332.0103454235j),41.191386418581054,0.03730173285988465,(553478.5037542152+0j),44.95969303763719,8.732677342334663e-06,(8468.567655519339+0j)
-12.458815542638623,39.736151931362144,0.04839200917036916,(-280973.53570486687+564332.0103454235j),39.736151931362144,0.04839200917036916,(-280973.53570486687-564332.0103454235j),41.07274595605058,0.03730173285988465,(553478.5037542152+0j),44.95913633472009,8.732677342334663e-06,(8468.567655519339+0j)
-12.405730675139898,39.65156495374273,0.04839200917036916,(-280973.53570486687+564332.0103454235j),39.65156495374273,0.04839200917036916,(-280973.53570486687-564332.0103454235j),40.95533336452625,0.03730173285988465,(553478.5037542152+0j),44.95856355305463,8.732677342334663e-06,(8468.567655519339+0j)
-12.352645807641172,39.56793961048162,0.04839200917036916,(-280973.53570486687+564332.0103454235j),39.56793961048162,0.04839200917036916,(-280973.53570486687-564332.0103454235j),40.83915940807104,0.03730173285988465,(553478.5037542152+0j),44.957973985853094,8.732677342334663e-06,(8468.567655519339+0j)
-12.299560940142449,39.48528233055384,0.04839200917036916,(-280973.53570486687+564332.0103454235j),39.48528233055384,0.04839200917036916,(-280973.53570486687-564332.0103454235j),40.72423493782927,0.03730173285988465,(553478.5037542152+0j),44.95736688428663,8.732677342334663e-06,(8468.567655519339+0j)
-12.246476072643723,39.40359958349714,0.04839200917036916,(-280973.53570486687+564332.0103454235j),39.40359958349714,0.04839200917036916,(-280973.53570486687-564332.0103454235j),40.61057089279587,0.03730173285988465,(553478.5037542152+0j),44.95674145431219,8.732677342334663e-06,(8468.567655519339+0j)
-12.193391205145,39.32289787969284,0.04839200917036916,(-280973.53570486687+564332.0103454235j),39.32289787969284,0.04839200917036916,(-280973.53570486687-564332.0103454235j),40.49817830059321,0.03730173285988465,(553478.5037542152+0j),44.956096853207725,8.732677342334663e-06,(8468.567655519339+0j)
-12.140306337646276,39.243183770648685,0.04839200917036916,(-280973.53570486687+564332.0103454235j),39.243183770648685,0.04839200917036916,(-280973.53570486687-564332.0103454235j),40.387068278255676,0.03730173285988465,(553478.5037542152+0j),44.95543218578377,8.732677342334663e-06,(8468.567655519339+0j)
-12.08722147014755,39.16446384928397,0.04839200917036916,(-280973.53570486687+564332.0103454235j),39.16446384928397,0.04839200917036916,(-280973.53570486687-564332.0103454235j),40.27725203302195,0.03730173285988465,(553478.5037542152+0j),44.954746500235665,8.732677342334663e-06,(8468.567655519339+0j)
-12.034136602648825,39.08674475021686,0.04839200917036916,(-280973.53570486687+564332.0103454235j),39.08674475021686,0.04839200917036916,(-280973.53570486687-564332.0103454235j),40.168740863135206,0.03730173285988465,(553478.5037542152+0j),44.95403878359592,8.732677342334663e-06,(8468.567655519339+0j)
-11.981051735150102,39.01003315005401,0.04839200917036916,(-280973.53570486687+564332.0103454235j),39.01003315005401,0.04839200917036916,(-280973.53570486687-564332.0103454235j),40.06154615865119,0.03730173285988465,(553478.5037542152+0j),44.95330795674116,8.732677342334663e-06,(8468.567655519339+0j)
-11.927966867651376,38.934335767682306,0.04839200917036916,(-280973.53570486687+564332.0103454235j),38.934335767682306,0.04839200917036916,(-280973.53570486687-564332.0103454235j),39.95567940225434,0.03730173285988465,(553478.5037542152+0j),44.95255286890176,8.732677342334663e-06,(8468.567655519339+0j)
-11.874882000152652,38.85965936456303,0.04839200917036916,(-280973.53570486687+564332.0103454235j),38.85965936456303,0.04839200917036916,(-280973.53570486687-564332.0103454235j),39.851152170082095,0.03730173285988465,(553478.5037542152+0j),44.951772291615484,8.732677342334663e-06,(8468.567655519339+0j)
-11.821797132653929,38.786010745028165,0.04839200917036916,(-280973.53570486687+564332.0103454235j),38.786010745028165,0.04839200917036916,(-280973.53570486687-564332.0103454235j),39.74797613255731,0.03730173285988465,(553478.5037542152+0j),44.950964912058275,8.732677342334663e-06,(8468.567655519339+0j)
-11.768712265155203,38.713396756579165,0.04839200917036916,(-280973.53570486687+564332.0103454235j),38.713396756579165,0.04839200917036916,(-280973.53570486687-564332.0103454235j),39.64616305522903,0.03730173285988465,(553478.5037542152+0j),44.950129325676144,8.732677342334663e-06,(8468.567655519339+0j)
-11.715627397656478,38.64182429018794,0.04839200917036916,(-280973.53570486687+564332.0103454235j),38.64182429018794,0.04839200917036916,(-280973.53570486687-564332.0103454235j),39.545724799621645,0.03730173285988465,(553478.5037542152+0j),44.94926402803095,8.732677342334663e-06,(8468.567655519339+0j)
-11.662542530157754,38.57130028060024,0.04839200917036916,(-280973.53570486687+564332.0103454235j),38.57130028060024,0.04839200917036916,(-280973.53570486687-564332.0103454235j),39.446673324092544,0.03730173285988465,(553478.5037542152+0j),44.94836740576075,8.732677342334663e-06,(8468.567655519339+0j)
-11.609457662659029,38.50183170664141,0.04839200917036916,(-280973.53570486687+564332.0103454235j),38.50183170664141,0.04839200917036916,(-280973.53570486687-564332.0103454235j),39.34902068469835,0.03730173285988465,(553478.5037542152+0j),44.94743772654026,8.732677342334663e-06,(8468.567655519339+0j)
-11.556372795160305,38.43342559152456,0.04839200917036916,(-280973.53570486687+564332.0103454235j),38.43342559152456,0.04839200917036916,(-280973.53570486687-564332.0103454235j),39.25277903606976,0.03730173285988465,(553478.5037542152+0j),44.94647312791004,8.732677342334663e-06,(8468.567655519339+0j)
-11.50328792766158,38.36608900316109,0.04839200917036916,(-280973.53570486687+564332.0103454235j),38.36608900316109,0.04839200917036916,(-280973.53570486687-564332.0103454235j),39.15796063229531,0.03730173285988465,(553478.5037542152+0j),44.94547160482291,8.732677342334663e-06,(8468.567655519339+0j)
-11.450203060162856,38.29982905447374,0.04839200917036916,(-280973.53570486687+564332.0103454235j),38.29982905447374,0.04839200917036916,(-280973.53570486687-564332.0103454235j),39.06457782781383,0.03730173285988465,(553478.5037542152+0j),44.94443099573227,8.732677342334663e-06,(8468.567655519339+0j)
-11.39711819266413,38.234652903711996,0.04839200917036916,(-280973.53570486687+564332.0103454235j),38.234652903711996,0.04839200917036916,(-280973.53570486687-564332.0103454235j),38.97264307831607,0.03730173285988465,(553478.5037542152+0j),44.94334896701918,8.732677342334663e-06,(8468.567655519339+0j)
-11.344033325165407,38.17056775477007,0.04839200917036916,(-280973.53570486687+564332.0103454235j),38.17056775477007,0.04839200917036916,(-280973.53570486687-564332.0103454235j),38.88216894165519,0.03730173285988465,(553478.5037542152+0j),44.94222299552236,8.732677342334663e-06,(8468.567655519339+0j)
-11.290948457666682,38.10758085750731,0.04839200917036916,(-280973.53570486687+564332.0103454235j),38.10758085750731,0.04839200917036916,(-280973.53570486687-564332.0103454235j),38.793168078766605,0.03730173285988465,(553478.5037542152+0j),44.941050348895345,8.732677342334663e-06,(8468.567655519339+0j)
-11.237863590167956,38.045699508071166,0.04839200917036916,(-280973.53570486687+564332.0103454235j),38.045699508071166,0.04839200917036916,(-280973.53570486687-564332.0103454235j),38.705653254597,0.03730173285988465,(553478.5037542152+0j),44.939828063469506,8.732677342334663e-06,(8468.567655519339+0j)
-11.184778722669233,37.98493104922272,0.04839200917036916,(-280973.53570486687+564332.0103454235j),37.98493104922272,0.04839200917036916,(-280973.53570486687-564332.0103454235j),38.61963733904279,0.03730173285988465,(553478.5037542152+0j),44.93855291924483,8.732677342334663e-06,(8468.567655519339+0j)
-11.131693855170509,37.92528287066475,0.04839200917036916,(-280973.53570486687+564332.0103454235j),37.92528287066475,0.04839200917036916,(-280973.53570486687-564332.0103454235j),38.53513330789801,0.03730173285988465,(553478.5037542152+0j),44.937221411564586,8.732677342334663e-06,(8468.567655519339+0j)
-11.078608987671783,37.86676240937236,0.04839200917036916,(-280973.53570486687+564332.0103454235j),37.86676240937236,0.04839200917036916,(-280973.53570486687-564332.0103454235j),38.452154243811854,0.03730173285988465,(553478.5037542152+0j),44.93582971894898,8.732677342334663e-06,(8468.567655519339+0j)
-11.02552412017306,37.80937714992634,0.04839200917036916,(-280973.53570486687+564332.0103454235j),37.80937714992634,0.04839200917036916,(-280973.53570486687-564332.0103454235j),38.370713337255914,0.03730173285988465,(553478.5037542152+0j),44.93437366646626,8.732677342334663e-06,(8468.567655519339+0j)
-10.972439252674333,37.75313462484898,0.04839200917036916,(-280973.53570486687+564332.0103454235j),37.75313462484898,0.04839200917036916,(-280973.53570486687-564332.0103454235j),38.2908238875012,0.03730173285988465,(553478.5037542152+0j),44.93284868390171,8.732677342334663e-06,(8468.567655519339+0j)
-10.919354385175609,37.69804241494274,0.04839200917036916,(-280973.53570486687+564332.0103454235j),37.69804241494274,0.04839200917036916,(-280973.53570486687-564332.0103454235j),38.21249930360512,0.03730173285988465,(553478.5037542152+0j),44.93124975784199,8.732677342334663e-06,(8468.567655519339+0j)
-10.866269517676885,37.64410814963145,0.04839200917036916,(-280973.53570486687+564332.0103454235j),37.64410814963145,0.04839200917036916,(-280973.53570486687-564332.0103454235j),38.13575310540851,0.03730173285988465,(553478.5037542152+0j),44.92957137661617,8.732677342334663e-06,(8468.567655519339+0j)
-10.813184650178162,37.591339507304305,0.04839200917036916,(-280973.53570486687+564332.0103454235j),37.591339507304305,0.04839200917036916,(-280973.53570486687-564332.0103454235j),38.06059892454275,0.03730173285988465,(553478.5037542152+0j),44.92780746681988,8.732677342334663e-06,(8468.567655519339+0j)
-10.760099782679436,37.539744215662544,0.04839200917036916,(-280973.53570486687+564332.0103454235j),37.539744215662544,0.04839200917036916,(-280973.53570486687-564332.0103454235j),37.98705050544726,0.03730173285988465,(553478.5037542152+0j),44.92595131988177,8.732677342334663e-06,(8468.567655519339+0j)
-10.70701491518071,37.48933005206894,0.04839200917036916,(-280973.53570486687+564332.0103454235j),37.48933005206894,0.04839200917036916,(-280973.53570486687-564332.0103454235j),37.915121706397265,0.03730173285988465,(553478.5037542152+0j),44.923995506801155,8.732677342334663e-06,(8468.567655519339+0j)
-10.653930047681987,37.440104843899974,0.04839200917036916,(-280973.53570486687+564332.0103454235j),37.440104843899974,0.04839200917036916,(-280973.53570486687-564332.0103454235j),37.844826500542176,0.03730173285988465,(553478.5037542152+0j),44.92193177877249,8.732677342334663e-06,(8468.567655519339+0j)
-10.600845180183262,37.39207646890093,0.04839200917036916,(-280973.53570486687+564332.0103454235j),37.39207646890093,0.04839200917036916,(-280973.53570486687-564332.0103454235j),37.77617897695451,0.03730173285988465,(553478.5037542152+0j),44.91975095089386,8.732677342334663e-06,(8468.567655519339+0j)
-10.547760312684538,37.34525285554374,0.04839200917036916,(-280973.53570486687+564332.0103454235j),37.34525285554374,0.04839200917036916,(-280973.53570486687-564332.0103454235j),37.70919334168962,0.03730173285988465,(553478.5037542152+0j),44.91744276550219,8.732677342334663e-06,(8468.567655519339+0j)
-10.494675445185814,37.299641983387716,0.04839200917036916,(-280973.53570486687+564332.0103454235j),37.299641983387716,0.04839200917036916,(-280973.53570486687-564332.0103454235j),37.643883918856226,0.03730173285988465,(553478.5037542152+0j),44.914995730845575,8.732677342334663e-06,(8468.567655519339+0j)
-10.441590577687087,37.25525188344314,0.04839200917036916,(-280973.53570486687+564332.0103454235j),37.25525188344314,0.04839200917036916,(-280973.53570486687-564332.0103454235j),37.58026515169806,0.03730173285988465,(553478.5037542152+0j),44.912396929739586,8.732677342334663e-06,(8468.567655519339+0j)
-10.388505710188364,37.2120906385378,0.04839200917036916,(-280973.53570486687+564332.0103454235j),37.2120906385378,0.04839200917036916,(-280973.53570486687-564332.0103454235j),37.51835160368647,0.03730173285988465,(553478.5037542152+0j),44.90963179148324,8.732677342334663e-06,(8468.567655519339+0j)
-10.33542084268964,37.17016638368641,0.04839200917036916,(-280973.53570486687+564332.0103454235j),37.17016638368641,0.04839200917036916,(-280973.53570486687-564332.0103454235j),37.45815795962446,0.03730173285988465,(553478.5037542152+0j),44.90668381853268,8.732677342334663e-06,(8468.567655519339+0j)
-10.282335975190914,37.12948730646302,0.04839200917036916,(-280973.53570486687+564332.0103454235j),37.12948730646302,0.04839200917036916,(-280973.53570486687-564332.0103454235j),37.399699026761944,0.03730173285988465,(553478.5037542152+0j),44.90353425710448,8.732677342334663e-06,(8468.567655519339+0j)
-10.22925110769219,37.090061647376416,0.04839200917036916,(-280973.53570486687+564332.0103454235j),37.090061647376416,0.04839200917036916,(-280973.53570486687-564332.0103454235j),37.34298973592259,0.03730173285988465,(553478.5037542152+0j),44.90016169781443,8.732677342334663e-06,(8468.567655519339+0j)
-10.176166240193465,37.05189770024851,0.04839200917036916,(-280973.53570486687+564332.0103454235j),37.05189770024851,0.04839200917036916,(-280973.53570486687-564332.0103454235j),37.28804514264238,0.03730173285988465,(553478.5037542152+0j),44.89654158837829,8.732677342334663e-06,(8468.567655519339+0j)
-10.12308137269474,37.01500381259578,0.04839200917036916,(-280973.53570486687+564332.0103454235j),37.01500381259578,0.04839200917036916,(-280973.53570486687-564332.0103454235j),37.234880428319755,0.03730173285988465,(553478.5037542152+0j),44.89264563492317,8.732677342334663e-06,(8468.567655519339+0j)
-10.069996505196016,36.97938838601377,0.04839200917036916,(-280973.53570486687+564332.0103454235j),36.97938838601377,0.04839200917036916,(-280973.53570486687-564332.0103454235j),37.18351090137787,0.03730173285988465,(553478.5037542152+0j),44.88844106102769,8.732677342334663e-06,(8468.567655519339+0j)
-10.016911637697293,36.94505987656468,0.04839200917036916,(-280973.53570486687+564332.0103454235j),36.94505987656468,0.04839200917036916,(-280973.53570486687-564332.0103454235j),37.13395199843881,0.03730173285988465,(553478.5037542152+0j),44.88388968342096,8.732677342334663e-06,(8468.567655519339+0j)
-9.963826770198567,36.912026795168146,0.04839200917036916,(-280973.53570486687+564332.0103454235j),36.912026795168146,0.04839200917036916,(-280973.53570486687-564332.0103454235j),37.08621928551002,0.03730173285988465,(553478.5037542152+0j),44.878946749137945,8.732677342334663e-06,(8468.567655519339+0j)
-9.910741902699842,36.880297707995034,0.04839200917036916,(-280973.53570486687+564332.0103454235j),36.880297707995034,0.04839200917036916,(-280973.53570486687-564332.0103454235j),37.04032845918306,0.03730173285988465,(553478.5037542152+0j),44.873559459080504,8.732677342334663e-06,(8468.567655519339+0j)
-9.857657035201118,36.84988123686455,0.04839200917036916,(-280973.53570486687+564332.0103454235j),36.84988123686455,0.04839200917036916,(-280973.53570486687-564332.0103454235j),36.996295347844836,0.03730173285988465,(553478.5037542152+0j),44.86766507467747,8.732677342334663e-06,(8468.567655519339+0j)
-9.804572167702394,36.82078605964444,0.04839200917036916,(-280973.53570486687+564332.0103454235j),36.82078605964444,0.04839200917036916,(-280973.53570486687-564332.0103454235j),36.954135912901506,0.03730173285988465,(553478.5037542152+0j),44.861188463523824,8.732677342334663e-06,(8468.567655519339+0j)
-9.751487300203669,36.79302091065454,0.04839200917036916,(-280973.53570486687+564332.0103454235j),36.79302091065454,0.04839200917036916,(-280973.53570486687-564332.0103454235j),36.913866250015076,0.03730173285988465,(553478.5037542152+0j),44.85403887998328,8.732677342334663e-06,(8468.567655519339+0j)
-9.698402432704945,36.76659458107351,0.04839200917036916,(-280973.53570486687+564332.0103454235j),36.76659458107351,0.04839200917036916,(-280973.53570486687-564332.0103454235j),36.875502590352994,0.03730173285988465,(553478.5037542152+0j),44.84610568730538,8.732677342334663e-06,(8468.567655519339+0j)
-9.64531756520622,36.74151591934889,0.04839200917036916,(-280973.53570486687+564332.0103454235j),36.74151591934889,0.04839200917036916,(-280973.53570486687-564332.0103454235j),36.839061301850805,0.03730173285988465,(553478.5037542152+0j),44.83725259171415,8.732677342334663e-06,(8468.567655519339+0j)
-9.592232697707495,36.7177938316105,0.04839200917036916,(-280973.53570486687+564332.0103454235j),36.7177938316105,0.04839200917036916,(-280973.53570486687-564332.0103454235j),36.804558890487954,0.03730173285988465,(553478.5037542152+0j),44.82730974745749,8.732677342334663e-06,(8468.567655519339+0j)
-9.53914783020877,36.69543728208711,0.04839200917036916,(-280973.53570486687+564332.0103454235j),36.69543728208711,0.04839200917036916,(-280973.53570486687-564332.0103454235j),36.772012001577075,0.03730173285988465,(553478.5037542152+0j),44.8160627555412,8.732677342334663e-06,(8468.567655519339+0j)
-9.486062962710047,36.67445529352666,0.04839200917036916,(-280973.53570486687+564332.0103454235j),36.67445529352666,0.04839200917036916,(-280973.53570486687-564332.0103454235j),36.74143742106676,0.03730173285988465,(553478.5037542152+0j),44.803237030237995,8.732677342334663e-06,(8468.567655519339+0j)
-9.432978095211322,36.65485694761971,0.04839200917036916,(-280973.53570486687+564332.0103454235j),36.65485694761971,0.04839200917036916,(-280973.53570486687-564332.0103454235j),36.71285207685809,0.03730173285988465,(553478.5037542152+0j),44.78847508619606,8.732677342334663e-06,(8468.567655519339+0j)
-9.379893227712598,36.63665138542649,0.04839200917036916,(-280973.53570486687+564332.0103454235j),36.63665138542649,0.04839200917036916,(-280973.53570486687-564332.0103454235j),36.68627304013488,0.03730173285988465,(553478.5037542152+0j),44.771302700923535,8.732677342334663e-06,(8468.567655519339+0j)
-9.326808360213873,36.619847807807325,0.04839200917036916,(-280973.53570486687+564332.0103454235j),36.619847807807325,0.04839200917036916,(-280973.53570486687-564332.0103454235j),36.66171752670814,0.03730173285988465,(553478.5037542152+0j),44.75107703110523,8.732677342334663e-06,(8468.567655519339+0j)
-9.273723492715147,36.60445547585661,0.04839200917036916,(-280973.53570486687+564332.0103454235j),36.60445547585661,0.04839200917036916,(-280973.53570486687-564332.0103454235j),36.63920289837458,0.03730173285988465,(553478.5037542152+0j),44.72690435979849,8.732677342334663e-06,(8468.567655519339+0j)
-9.220638625216424,36.59048371134036,0.04839200917036916,(-280973.53570486687+564332.0103454235j),36.59048371134036,0.04839200917036916,(-280973.53570486687-564332.0103454235j),36.61874666428953,0.03730173285988465,(553478.5037542152+0j),44.69750449602174,8.732677342334663e-06,(8468.567655519339+0j)
-9.1675537577177,36.5779418971373,0.04839200917036916,(-280973.53570486687+564332.0103454235j),36.5779418971373,0.04839200917036916,(-280973.53570486687-564332.0103454235j),36.60036648235441,0.03730173285988465,(553478.5037542152+0j),44.660976572466915,8.732677342334663e-06,(8468.567655519339+0j)
-9.114468890218975,36.56683947768353,0.04839200917036916,(-280973.53570486687+564332.0103454235j),36.56683947768353,0.04839200917036916,(-280973.53570486687-564332.0103454235j),36.58408016061881,0.03730173285988465,(553478.5037542152+0j),44.61437107176195,8.732677342334663e-06,(8468.567655519339+0j)
-9.06138402272025,36.55718595942089,0.04839200917036916,(-280973.53570486687+564332.0103454235j),36.55718595942089,0.04839200917036916,(-280973.53570486687-564332.0103454235j),36.569905658697564,0.03730173285988465,(553478.5037542152+0j),44.5528511672931,8.732677342334663e-06,(8468.567655519339+0j)
-9.008299155221525,36.54899091124904,0.04839200917036916,(-280973.53570486687+564332.0103454235j),36.54899091124904,0.04839200917036916,(-280973.53570486687-564332.0103454235j),36.557861089202774,0.03730173285988465,(553478.5037542152+0j),44.46789622584376,8.732677342334663e-06,(8468.567655519339+0j)
-8.9552142877228,36.54226396498107,0.04839200917036916,(-280973.53570486687+564332.0103454235j),36.54226396498107,0.04839200917036916,(-280973.53570486687-564332.0103454235j),36.54796471919111,0.03730173285988465,(553478.5037542152+0j),44.34297185493413,8.732677342334663e-06,(8468.567655519339+0j)
-8.902129420224076,36.537014815803055,0.04839200917036916,(-280973.53570486687+564332.0103454235j),36.537014815803055,0.04839200917036916,(-280973.53570486687-564332.0103454235j),36.54023497162653,0.03730173285988465,(553478.5037542152+0j),44.14122205266449,8.732677342334663e-06,(8468.567655519339+0j)
-8.849044552725353,36.533253222737294,0.04839200917036916,(-280973.53570486687+564332.0103454235j),36.533253222737294,0.04839200917036916,(-280973.53570486687-564332.0103454235j),36.53469042685857,0.03730173285988465,(553478.5037542152+0j),43.76047907810161,8.732677342334663e-06,(8468.567655519339+0j)
-8.795959685226626,36.53098900910935,0.04839200917036916,(-280973.53570486687+564332.0103454235j),36.53098900910935,0.04839200917036916,(-280973.53570486687-564332.0103454235j),36.531349824116404,0.03730173285988465,(553478.5037542152+0j),42.775167197464114,8.732677342334663e-06,(8468.567655519339+0j)
-8.742874817727902,36.53023206301896,0.04839200917036916,(-280973.53570486687+564332.0103454235j),36.53023206301896,0.04839200917036916,(-280973.53570486687-564332.0103454235j),36.53023206301896,0.03730173285988465,(553478.5037542152+0j),36.53023206301896,8.732677342334663e-06,(8468.567655519339+0j)
-8.742874817727902,30.639248499844612,0.026487409925056334,(-371745.2248811653+771982.6016777689j),30.639248499844612,0.026487409925056334,(-371745.2248811653-771982.6016777689j),36.53023206301897,0.019005470733918887,(725792.4705255975+0j),36.53023206301896,1.1300588906491511e-05,(17697.979236733812+0j)
-8.707484906062087,30.431301729264568,0.026487409925056334,(-371745.2248811653+771982.6016777689j),30.431301729264568,0.026487409925056334,(-371745.2248811653-771982.6016777689j),36.23109726413927,0.019005470733918887,(725792.4705255975+0j),36.529078351979464,1.1300588906491511e-05,(17697.979236733812+0j)
-8.672094994396268,30.22473527604922,0.026487409925056334,(-371745.2248811653+771982.6016777689j),30.22473527604922,0.026487409925056334,(-371745.2248811653-771982.6016777689j),35.93359725007748,0.019005470733918887,(725792.4705255975+0j),36.52790097015787,1.1300588906491511e-05,(17697.979236733812+0j)
-8.636705082730453,30.01956070320231,0.026487409925056334,(-371745.2248811653+771982.6016777689j),30.01956070320231,0.026487409925056334,(-371745.2248811653-771982.6016777689j),35.63775200678146,0.019005470733918887,(725792.4705255975+0j),36.5266991815226,1.1300588906491511e-05,(17697.979236733812+0j)
-8.601315171064636,29.81578966018319,0.026487409925056334,(-371745.2248811653+771982.6016777689j),29.81578966018319,0.026487409925056334,(-371745.2248811653-771982.6016777689j),35.34358172426411,0.019005470733918887,(725792.4705255975+0j),36.52547221920712,1.1300588906491511e-05,(17697.979236733812+0j)
-8.56592525939882,29.613433883607872,0.026487409925056334,(-371745.2248811653+771982.6016777689j),29.613433883607872,0.026487409925056334,(-371745.2248811653-771982.6016777689j),35.051106798835946,0.019005470733918887,(725792.4705255975+0j),36.52421928387822,1.1300588906491511e-05,(17697.979236733812+0j)
-8.530535347733004,29.412505197956342,0.026487409925056334,(-371745.2248811653+771982.6016777689j),29.412505197956342,0.026487409925056334,(-371745.2248811653-771982.6016777689j),34.760347835364755,0.019005470733918887,(725792.4705255975+0j),36.522939541999385,1.1300588906491511e-05,(17697.979236733812+0j)
-8.495145436067189,29.21301551628634,0.026487409925056334,(-371745.2248811653+771982.6016777689j),29.21301551628634,0.026487409925056334,(-371745.2248811653-771982.6016777689j),34.471325649562885,0.019005470733918887,(725792.4705255975+0j),36.521632123981625,1.1300588906491511e-05,(17697.979236733812+0j)
-8.45975552440137,29.014976840953548,0.026487409925056334,(-371745.2248811653+771982.6016777689j),29.014976840953548,0.026487409925056334,(-371745.2248811653-771982.6016777689j),34.18406127030231,0.019005470733918887,(725792.4705255975+0j),36.52029612221299,1.1300588906491511e-05,(17697.979236733812+0j)
-8.424365612735555,28.818401264338352,0.026487409925056334,(-371745.2248811653+771982.6016777689j),28.818401264338352,0.026487409925056334,(-371745.2248811653-771982.6016777689j),33.89857594195797,0.019005470733918887,(725792.4705255975+0j),36.518930588957346,1.1300588906491511e-05,(17697.979236733812+0j)
-8.38897570106974,28.623300969579212,0.026487409925056334,(-371745.2248811653+771982.6016777689j),28.623300969579212,0.026487409925056334,(-371745.2248811653-771982.6016777689j),33.61489112677976,0.019005470733918887,(725792.4705255975+0j),36.51753453411238,1.1300588906491511e-05,(17697.979236733812+0j)
-8.35358578940392,28.429688231312664,0.026487409925056334,(-371745.2248811653+771982.6016777689j),28.429688231312664,0.026487409925056334,(-371745.2248811653-771982.6016777689j),33.333028507293534,0.019005470733918887,(725792.4705255975+0j),36.51610692281545,1.1300588906491511e-05,(17697.979236733812+0j)
-8.318195877738106,28.23757541642007,0.026487409925056334,(-371745.2248811653+771982.6016777689j),28.23757541642007,0.026487409925056334,(-371745.2248811653-771982.6016777689j),33.05300998873159,0.019005470733918887,(725792.4705255975+0j),36.51464667288533,1.1300588906491511e-05,(17697.979236733812+0j)
-8.282805966072289,28.046974984781198,0.026487409925056334,(-371745.2248811653+771982.6016777689j),28.046974984781198,0.026487409925056334,(-371745.2248811653-771982.6016777689j),32.77485770149285,0.019005470733918887,(725792.4705255975+0j),36.513152652086426,1.1300588906491511e-05,(17697.979236733812+0j)
-8.247416054406473,27.857899490034608,0.026487409925056334,(-371745.2248811653+771982.6016777689j),27.857899490034608,0.026487409925056334,(-371745.2248811653-771982.6016777689j),32.4985940036334,0.019005470733918887,(725792.4705255975+0j),36.51162367520091,1.1300588906491511e-05,(17697.979236733812+0j)
-8.212026142740656,27.670361580345087,0.026487409925056334,(-371745.2248811653+771982.6016777689j),27.670361580345087,0.026487409925056334,(-371745.2248811653-771982.6016777689j),32.22424148338762,0.019005470733918887,(725792.4705255975+0j),36.51005850089301,1.1300588906491511e-05,(17697.979236733812+0j)
-8.176636231074841,27.48437399917798,0.026487409925056334,(-371745.2248811653+771982.6016777689j),27.48437399917798,0.026487409925056334,(-371745.2248811653-771982.6016777689j),31.951822961720428,0.019005470733918887,(725792.4705255975+0j),36.508455828347856,1.1300588906491511e-05,(17697.979236733812+0j)
-8.141246319409023,27.299949586080686,0.026487409925056334,(-371745.2248811653+771982.6016777689j),27.299949586080686,0.026487409925056334,(-371745.2248811653-771982.6016777689j),31.681361494910888,0.019005470733918887,(725792.4705255975+0j),36.5068142936659,1.1300588906491511e-05,(17697.979236733812+0j)
-8.105856407743207,27.11710127747128,0.026487409925056334,(-371745.2248811653+771982.6016777689j),27.11710127747128,0.026487409925056334,(-371745.2248811653-771982.6016777689j),31.412880377167955,0.019005470733918887,(725792.4705255975+0j),36.50513246599166,1.1300588906491511e-05,(17697.979236733812+0j)
-8.07046649607739,26.93584210743436,0.026487409925056334,(-371745.2248811653+771982.6016777689j),26.93584210743436,0.026487409925056334,(-371745.2248811653-771982.6016777689j),31.146403143278388,0.019005470733918887,(725792.4705255975+0j),36.503408843354116,1.1300588906491511e-05,(17697.979236733812+0j)
-8.035076584411575,26.756185208524226,0.026487409925056334,(-371745.2248811653+771982.6016777689j),26.756185208524226,0.026487409925056334,(-371745.2248811653-771982.6016777689j),30.881953571287596,0.019005470733918887,(725792.4705255975+0j),36.50164184819286,1.1300588906491511e-05,(17697.979236733812+0j)
-7.999686672745757,26.578143812575412,0.026487409925056334,(-371745.2248811653+771982.6016777689j),26.578143812575412,0.026487409925056334,(-371745.2248811653-771982.6016777689j),30.61955568521373,0.019005470733918887,(725792.4705255975+0j),36.49982982254238,1.1300588906491511e-05,(17697.979236733812+0j)
-7.964296761079941,26.40173125152068,0.026487409925056334,(-371745.2248811653+771982.6016777689j),26.40173125152068,0.026487409925056334,(-371745.2248811653-771982.6016777689j),30.359233757795472,0.019005470733918887,(725792.4705255975+0j),36.49797102284327,1.1300588906491511e-05,(17697.979236733812+0j)
-7.928906849414125,26.226960958216544,0.026487409925056334,(-371745.2248811653+771982.6016777689j),26.226960958216544,0.026487409925056334,(-371745.2248811653-771982.6016777689j),30.101012313274047,0.019005470733918887,(725792.4705255975+0j),36.49606361434657,1.1300588906491511e-05,(17697.979236733812+0j)
-7.893516937748309,26.053846467276426,0.026487409925056334,(-371745.2248811653+771982.6016777689j),26.053846467276426,0.026487409925056334,(-371745.2248811653-771982.6016777689j),29.84491613020992,0.019005470733918887,(725792.4705255975+0j),36.494105665073114,1.1300588906491511e-05,(17697.979236733812+0j)
-7.858127026082493,25.88240141591144,0.026487409925056334,(-371745.2248811653+771982.6016777689j),25.88240141591144,0.026487409925056334,(-371745.2248811653-771982.6016777689j),29.59097024433458,0.019005470733918887,(725792.4705255975+0j),36.49209513928639,1.1300588906491511e-05,(17697.979236733812+0j)
-7.822737114416677,25.71263954477902,0.026487409925056334,(-371745.2248811653+771982.6016777689j),25.71263954477902,0.026487409925056334,(-371745.2248811653-771982.6016777689j),29.339199951438072,0.019005470733918887,(725792.4705255975+0j),36.4900298904324,1.1300588906491511e-05,(17697.979236733812+0j)
-7.787347202750859,25.544574698839345,0.026487409925056334,(-371745.2248811653+771982.6016777689j),25.544574698839345,0.026487409925056334,(-371745.2248811653-771982.6016777689j),29.089630810292558,0.019005470733918887,(725792.4705255975+0j),36.48790765349503,1.1300588906491511e-05,(17697.979236733812+0j)
-7.751957291085043,25.378220828219693,0.026487409925056334,(-371745.2248811653+771982.6016777689j),25.378220828219693,0.026487409925056334,(-371745.2248811653-771982.6016777689j),28.842288645612616,0.019005470733918887,(725792.4705255975+0j),36.48572603670985,1.1300588906491511e-05,(17697.979236733812+0j)
-7.716567379419227,25.21359198908682,0.026487409925056334,(-371745.2248811653+771982.6016777689j),25.21359198908682,0.026487409925056334,(-371745.2248811653-771982.6016777689j),28.597199551052626,0.019005470733918887,(725792.4705255975+0j),36.483482512572415,1.1300588906491511e-05,(17697.979236733812+0j)
-7.681177467753411,25.050702344527426,0.026487409925056334,(-371745.2248811653+771982.6016777689j),25.050702344527426,0.026487409925056334,(-371745.2248811653-771982.6016777689j),28.354389892241873,0.019005470733918887,(725792.4705255975+0j),36.481174408070174,1.1300588906491511e-05,(17697.979236733812+0j)
-7.645787556087594,24.88956616543681,0.026487409925056334,(-371745.2248811653+771982.6016777689j),24.88956616543681,0.026487409925056334,(-371745.2248811653-771982.6016777689j),28.11388630985785,0.019005470733918887,(725792.4705255975+0j),36.47879889405852,1.1300588906491511e-05,(17697.979236733812+0j)
-7.610397644421778,24.730197831415765,0.026487409925056334,(-371745.2248811653+771982.6016777689j),24.730197831415765,0.026487409925056334,(-371745.2248811653-771982.6016777689j),27.875715722738306,0.019005470733918887,(725792.4705255975+0j),36.4763529736922,1.1300588906491511e-05,(17697.979236733812+0j)
-7.575007732755962,24.572611831675808,0.026487409925056334,(-371745.2248811653+771982.6016777689j),24.572611831675808,0.026487409925056334,(-371745.2248811653-771982.6016777689j),27.639905331032537,0.019005470733918887,(725792.4705255975+0j),36.47383346981272,1.1300588906491511e-05,(17697.979236733812+0j)
-7.539617821090146,24.4168227659529,0.026487409925056334,(-371745.2248811653+771982.6016777689j),24.4168227659529,0.026487409925056334,(-371745.2248811653-771982.6016777689j),27.40648261939262,0.019005470733918887,(725792.4705255975+0j),36.471237011179994,1.1300588906491511e-05,(17697.979236733812+0j)
-7.504227909424329,24.26284534542964,0.026487409925056334,(-371745.2248811653+771982.6016777689j),24.26284534542964,0.026487409925056334,(-371745.2248811653-771982.6016777689j),27.175475360204945,0.019005470733918887,(725792.4705255975+0j),36.46856001742297,1.1300588906491511e-05,(17697.979236733812+0j)
-7.468837997758512,24.110694393666083,0.026487409925056334,(-371745.2248811653+771982.6016777689j),24.110694393666083,0.026487409925056334,(-371745.2248811653-771982.6016777689j),26.94691161686279,0.019005470733918887,(725792.4705255975+0j),36.46579868256771,1.1300588906491511e-05,(17697.979236733812+0j)
-7.433448086092696,23.960384847539256,0.026487409925056334,(-371745.2248811653+771982.6016777689j),23.960384847539256,0.026487409925056334,(-371745.2248811653-771982.6016777689j),26.720819747080412,0.019005470733918887,(725792.4705255975+0j),36.46294895698378,1.1300588906491511e-05,(17697.979236733812+0j)
-7.39805817442688,23.81193175819146,0.026487409925056334,(-371745.2248811653+771982.6016777689j),23.81193175819146,0.026487409925056334,(-371745.2248811653-771982.6016777689j),26.497228406249327,0.019005470733918887,(725792.4705255975+0j),36.46000652756885,1.1300588906491511e-05,(17697.979236733812+0j)
-7.362668262761064,23.665350291987487,0.026487409925056334,(-371745.2248811653+771982.6016777689j),23.665350291987487,0.026487409925056334,(-371745.2248811653-771982.6016777689j),26.2761665508373,0.019005470733918887,(725792.4705255975+0j),36.45696679596744,1.1300588906491511e-05,(17697.979236733812+0j)
-7.327278351095247,23.520655731480776,0.026487409925056334,(-371745.2248811653+771982.6016777689j),23.520655731480776,0.026487409925056334,(-371745.2248811653-771982.6016777689j),26.057663441830677,0.019005470733918887,(725792.4705255975+0j),36.453824854592575,1.1300588906491511e-05,(17697.979236733812+0j)
-7.29188843942943,23.377863476388637,0.026487409925056334,(-371745.2248811653+771982.6016777689j),23.377863476388637,0.026487409925056334,(-371745.2248811653-771982.6016777689j),25.841748648220733,0.019005470733918887,(725792.4705255975+0j),36.450575460187466,1.1300588906491511e-05,(17697.979236733812+0j)
-7.256498527763614,23.236989044576692,0.026487409925056334,(-371745.2248811653+771982.6016777689j),23.236989044576692,0.026487409925056334,(-371745.2248811653-771982.6016777689j),25.62845205053458,0.019005470733918887,(725792.4705255975+0j),36.44721300462741,1.1300588906491511e-05,(17697.979236733812+0j)
-7.221108616097798,23.098048073052514,0.026487409925056334,(-371745.2248811653+771982.6016777689j),23.098048073052514,0.026487409925056334,(-371745.2248811653-771982.6016777689j),25.417803844411328,0.019005470733918887,(725792.4705255975+0j),36.44373148262015,1.1300588906491511e-05,(17697.979236733812+0j)
-7.185718704431982,22.961056318968673,0.026487409925056334,(-371745.2248811653+771982.6016777689j),22.961056318968673,0.026487409925056334,(-371745.2248811653-771982.6016777689j),25.209834544224098,0.019005470733918887,(725792.4705255975+0j),36.44012445591314,1.1300588906491511e-05,(17697.979236733812+0j)
-7.150328792766166,22.826029660635214,0.026487409925056334,(-371745.2248811653+771982.6016777689j),22.826029660635214,0.026487409925056334,(-371745.2248811653-771982.6016777689j),25.004574986748626,0.019005470733918887,(725792.4705255975+0j),36.43638501355909,1.1300588906491511e-05,(17697.979236733812+0j)
-7.114938881100349,22.692984098541697,0.026487409925056334,(-371745.2248811653+771982.6016777689j),22.692984098541697,0.026487409925056334,(-371745.2248811653-771982.6016777689j),24.80205633487903,0.019005470733918887,(725792.4705255975+0j),36.43250572772387,1.1300588906491511e-05,(17697.979236733812+0j)
-7.079548969434533,22.561935756388905,0.026487409925056334,(-371745.2248811653+771982.6016777689j),22.561935756388905,0.026487409925056334,(-371745.2248811653-771982.6016777689j),24.602310081391483,0.019005470733918887,(725792.4705255975+0j),36.42847860444208,1.1300588906491511e-05,(17697.979236733812+0j)
-7.0441590577687165,22.432900882130323,0.026487409925056334,(-371745.2248811653+771982.6016777689j),22.432900882130323,0.026487409925056334,(-371745.2248811653-771982.6016777689j),24.405368052756458,0.019005470733918887,(725792.4705255975+0j),36.42429502863352,1.1300588906491511e-05,(17697.979236733812+0j)
-7.0087691461029,22.305895849023422,0.026487409925056334,(-371745.2248811653+771982.6016777689j),22.305895849023422,0.026487409925056334,(-371745.2248811653-771982.6016777689j),24.21126241300026,0.019005470733918887,(725792.4705255975+0j),36.41994570258469,1.1300588906491511e-05,(17697.979236733812+0j)
-6.9733792344370835,22.180937156691,0.026487409925056334,(-371745.2248811653+771982.6016777689j),22.180937156691,0.026487409925056334,(-371745.2248811653-771982.6016777689j),24.020025667616533,0.019005470733918887,(725792.4705255975+0j),36.41542057697076,1.1300588906491511e-05,(17697.979236733812+0j)
-6.937989322771267,22.058041432192542,0.026487409925056334,(-371745.2248811653+771982.6016777689j),22.058041432192542,0.026487409925056334,(-371745.2248811653-771982.6016777689j),23.83169066752849,0.019005470733918887,(725792.4705255975+0j),36.41070877334122,1.1300588906491511e-05,(17697.979236733812+0j)
-6.9025994111054505,21.937225431105748,0.026487409925056334,(-371745.2248811653+771982.6016777689j),21.937225431105748,0.026487409925056334,(-371745.2248811653-771982.6016777689j),23.646290613102604,0.019005470733918887,(725792.4705255975+0j),36.40579849681062,1.1300588906491511e-05,(17697.979236733812+0j)
-6.867209499439634,21.818506038618406,0.026487409925056334,(-371745.2248811653+771982.6016777689j),21.818506038618406,0.026487409925056334,(-371745.2248811653-771982.6016777689j),23.463859058214428,0.019005470733918887,(725792.4705255975+0j),36.40067693747934,1.1300588906491511e-05,(17697.979236733812+0j)
-6.8318195877738175,21.701900270630606,0.026487409925056334,(-371745.2248811653+771982.6016777689j),21.701900270630606,0.026487409925056334,(-371745.2248811653-771982.6016777689j),23.284429914367486,0.019005470733918887,(725792.4705255975+0j),36.39533015885004,1.1300588906491511e-05,(17697.979236733812+0j)
-6.7964296761080005,21.587425274867517,0.026487409925056334,(-371745.2248811653+771982.6016777689j),21.587425274867517,0.026487409925056334,(-371745.2248811653-771982.6016777689j),23.108037454865773,0.019005470733918887,(725792.4705255975+0j),36.38974297119336,1.1300588906491511e-05,(17697.979236733812+0j)
-6.7610397644421845,21.47509833200274,0.026487409925056334,(-371745.2248811653+771982.6016777689j),21.47509833200274,0.026487409925056334,(-371745.2248811653-771982.6016777689j),22.934716319040838,0.019005470733918887,(725792.4705255975+0j),36.38389878743986,1.1300588906491511e-05,(17697.979236733812+0j)
-6.725649852776368,21.36493685679242,0.026487409925056334,(-371745.2248811653+771982.6016777689j),21.36493685679242,0.026487409925056334,(-371745.2248811653-771982.6016777689j),22.764501516534136,0.019005470733918887,(725792.4705255975+0j),36.377779458719274,1.1300588906491511e-05,(17697.979236733812+0j)
-6.690259941110552,21.2569583992202,0.026487409925056334,(-371745.2248811653+771982.6016777689j),21.2569583992202,0.026487409925056334,(-371745.2248811653-771982.6016777689j),22.5974284316355,0.019005470733918887,(725792.4705255975+0j),36.37136508611255,1.1300588906491511e-05,(17697.979236733812+0j)
-6.654870029444736,21.151180645653167,0.026487409925056334,(-371745.2248811653+771982.6016777689j),21.151180645653167,0.026487409925056334,(-371745.2248811653-771982.6016777689j),22.433532827678572,0.019005470733918887,(725792.4705255975+0j),36.36463380450374,1.1300588906491511e-05,(17697.979236733812+0j)
-6.619480117778919,21.047621420008827,0.026487409925056334,(-371745.2248811653+771982.6016777689j),21.047621420008827,0.026487409925056334,(-371745.2248811653-771982.6016777689j),22.272850851493974,0.019005470733918887,(725792.4705255975+0j),36.35756153358548,1.1300588906491511e-05,(17697.979236733812+0j)
-6.584090206113103,20.94629868493336,0.026487409925056334,(-371745.2248811653+771982.6016777689j),20.94629868493336,0.026487409925056334,(-371745.2248811653-771982.6016777689j),22.11541903792113,0.019005470733918887,(725792.4705255975+0j),36.35012169004332,1.1300588906491511e-05,(17697.979236733812+0j)
-6.548700294447287,20.8472305429911,0.026487409925056334,(-371745.2248811653+771982.6016777689j),20.8472305429911,0.026487409925056334,(-371745.2248811653-771982.6016777689j),21.961274314379548,0.019005470733918887,(725792.4705255975+0j),36.342284853669334,1.1300588906491511e-05,(17697.979236733812+0j)
-6.51331038278147,20.750435237865567,0.026487409925056334,(-371745.2248811653+771982.6016777689j),20.750435237865567,0.026487409925056334,(-371745.2248811653-771982.6016777689j),21.81045400550049,0.019005470733918887,(725792.4705255975+0j),36.33401837856576,1.1300588906491511e-05,(17697.979236733812+0j)
-6.477920471115654,20.65593115557198,0.026487409925056334,(-371745.2248811653+771982.6016777689j),20.65593115557198,0.026487409925056334,(-371745.2248811653-771982.6016777689j),21.662995837819864,0.019005470733918887,(725792.4705255975+0j),36.32528593860651,1.1300588906491511e-05,(17697.979236733812+0j)
-6.442530559449837,20.56373682568152,0.026487409925056334,(-371745.2248811653+771982.6016777689j),20.56373682568152,0.026487409925056334,(-371745.2248811653-771982.6016777689j),21.518937944533334,0.019005470733918887,(725792.4705255975+0j),36.31604699381169,1.1300588906491511e-05,(17697.979236733812+0j)
-6.407140647784021,20.47387092255738,0.026487409925056334,(-371745.2248811653+771982.6016777689j),20.47387092255738,0.026487409925056334,(-371745.2248811653-771982.6016777689j),21.378318870314445,0.019005470733918887,(725792.4705255975+0j),36.306256161101786,1.1300588906491511e-05,(17697.979236733812+0j)
-6.371750736118205,20.38635226660277,0.026487409925056334,(-371745.2248811653+771982.6016777689j),20.38635226660277,0.026487409925056334,(-371745.2248811653-771982.6016777689j),21.241177576196797,0.019005470733918887,(725792.4705255975+0j),36.29586246882717,1.1300588906491511e-05,(17697.979236733812+0j)
-6.336360824452388,20.30119982552101,0.026487409925056334,(-371745.2248811653+771982.6016777689j),20.30119982552101,0.026487409925056334,(-371745.2248811653-771982.6016777689j),21.107553444521233,0.019005470733918887,(725792.4705255975+0j),36.28480846923236,1.1300588906491511e-05,(17697.979236733812+0j)
-6.300970912786572,20.218432715587813,0.026487409925056334,(-371745.2248811653+771982.6016777689j),20.218432715587813,0.026487409925056334,(-371745.2248811653-771982.6016777689j),20.977486283948874,0.019005470733918887,(725792.4705255975+0j),36.273029176234964,1.1300588906491511e-05,(17697.979236733812+0j)
-6.265581001120755,20.13807020293592,0.026487409925056334,(-371745.2248811653+771982.6016777689j),20.13807020293592,0.026487409925056334,(-371745.2248811653-771982.6016777689j),20.851016334541175,0.019005470733918887,(725792.4705255975+0j),36.26045078704724,1.1300588906491511e-05,(17697.979236733812+0j)
-6.230191089454939,20.06013170485221,0.026487409925056334,(-371745.2248811653+771982.6016777689j),20.06013170485221,0.026487409925056334,(-371745.2248811653-771982.6016777689j),20.728184272907825,0.019005470733918887,(725792.4705255975+0j),36.24698913452307,1.1300588906491511e-05,(17697.979236733812+0j)
-6.194801177789123,19.9846367910874,0.026487409925056334,(-371745.2248811653+771982.6016777689j),19.9846367910874,0.026487409925056334,(-371745.2248811653-771982.6016777689j),20.609031217423645,0.019005470733918887,(725792.4705255975+0j),36.23254780165223,1.1300588906491511e-05,(17697.979236733812+0j)
-6.159411266123307,19.91160518517851,0.026487409925056334,(-371745.2248811653+771982.6016777689j),19.91160518517851,0.026487409925056334,(-371745.2248811653-771982.6016777689j),20.493598733515427,0.019005470733918887,(725792.4705255975+0j),36.21701580891112,1.1300588906491511e-05,(17697.979236733812+0j)
-6.12402135445749,19.84105676578421,0.026487409925056334,(-371745.2248811653+771982.6016777689j),19.84105676578421,0.026487409925056334,(-371745.2248811653-771982.6016777689j),20.381928839019814,0.019005470733918887,(725792.4705255975+0j),36.20026475715285,1.1300588906491511e-05,(17697.979236733812+0j)
-6.088631442791674,19.773011568033198,0.026487409925056334,(-371745.2248811653+771982.6016777689j),19.773011568033198,0.026487409925056334,(-371745.2248811653-771982.6016777689j),20.27406400961324,0.019005470733918887,(725792.4705255975+0j),36.18214527039166,1.1300588906491511e-05,(17697.979236733812+0j)
-6.053241531125858,19.707489784885723,0.026487409925056334,(-371745.2248811653+771982.6016777689j),19.707489784885723,0.026487409925056334,(-371745.2248811653-771982.6016777689j),20.170047184315123,0.019005470733918887,(725792.4705255975+0j),36.16248252982459,1.1300588906491511e-05,(17697.979236733812+0j)
-6.017851619460041,19.64451176850844,0.026487409925056334,(-371745.2248811653+771982.6016777689j),19.64451176850844,0.026487409925056334,(-371745.2248811653-771982.6016777689j),20.069921771065253,0.019005470733918887,(725792.4705255975+0j),36.14107061620506,1.1300588906491511e-05,(17697.979236733812+0j)
-5.982461707794225,19.584098031662737,0.026487409925056334,(-371745.2248811653+771982.6016777689j),19.584098031662737,0.026487409925056334,(-371745.2248811653-771982.6016777689j),19.973731652376653,0.019005470733918887,(725792.4705255975+0j),36.11766527236829,1.1300588906491511e-05,(17697.979236733812+0j)
-5.947071796128408,19.526269249106626,0.026487409925056334,(-371745.2248811653+771982.6016777689j),19.526269249106626,0.026487409925056334,(-371745.2248811653-771982.6016777689j),19.881521191064955,0.019005470733918887,(725792.4705255975+0j),36.09197454613495,1.1300588906491511e-05,(17697.979236733812+0j)
-5.911681884462592,19.471046259010432,0.026487409925056334,(-371745.2248811653+771982.6016777689j),19.471046259010432,0.026487409925056334,(-371745.2248811653-771982.6016777689j),19.793335236055505,0.019005470733918887,(725792.4705255975+0j),36.063646552256166,1.1300588906491511e-05,(17697.979236733812+0j)
-5.876291972796776,19.418450064386352,0.026487409925056334,(-371745.2248811653+771982.6016777689j),19.418450064386352,0.026487409925056334,(-371745.2248811653-771982.6016777689j),19.70921912826935,0.019005470733918887,(725792.4705255975+0j),36.03225326265984,1.1300588906491511e-05,(17697.979236733812+0j)
-5.840902061130959,19.368501834532115,0.026487409925056334,(-371745.2248811653+771982.6016777689j),19.368501834532115,0.026487409925056334,(-371745.2248811653-771982.6016777689j),19.629218706589313,0.019005470733918887,(725792.4705255975+0j),35.99726873536981,1.1300588906491511e-05,(17697.979236733812+0j)
-5.805512149465143,19.321222906488792,0.026487409925056334,(-371745.2248811653+771982.6016777689j),19.321222906488792,0.026487409925056334,(-371745.2248811653-771982.6016777689j),19.553380313907393,0.019005470733918887,(725792.4705255975+0j),35.95803942133469,1.1300588906491511e-05,(17697.979236733812+0j)
-5.770122237799326,19.276634786513057,0.026487409925056334,(-371745.2248811653+771982.6016777689j),19.276634786513057,0.026487409925056334,(-371745.2248811653-771982.6016777689j),19.48175080325472,0.019005470733918887,(725792.4705255975+0j),35.91374296932189,1.1300588906491511e-05,(17697.979236733812+0j)
-5.734732326133511,19.23475915156391,0.026487409925056334,(-371745.2248811653+771982.6016777689j),19.23475915156391,0.026487409925056334,(-371745.2248811653-771982.6016777689j),19.414377544015302,0.019005470733918887,(725792.4705255975+0j),35.8633299729722,1.1300588906491511e-05,(17697.979236733812+0j)
-5.6993424144676945,19.19561785080414,0.026487409925056334,(-371745.2248811653+771982.6016777689j),19.19561785080414,0.026487409925056334,(-371745.2248811653-771982.6016777689j),19.35130842822491,0.019005470733918887,(725792.4705255975+0j),35.80543981020725,1.1300588906491511e-05,(17697.979236733812+0j)
-5.663952502801878,19.159232907116593,0.026487409925056334,(-371745.2248811653+771982.6016777689j),19.159232907116593,0.026487409925056334,(-371745.2248811653-771982.6016777689j),19.292591876956354,0.019005470733918887,(725792.4705255975+0j),35.7382760589629,1.1300588906491511e-05,(17697.979236733812+0j)
-5.6285625911360615,19.12562651863549,0.026487409925056334,(-371745.2248811653+771982.6016777689j),19.12562651863549,0.026487409925056334,(-371745.2248811653-771982.6016777689j),19.238276846792488,0.019005470733918887,(725792.4705255975+0j),35.659416871645185,1.1300588906491511e-05,(17697.979236733812+0j)
-5.5931726794702445,19.094821060292936,0.026487409925056334,(-371745.2248811653+771982.6016777689j),19.094821060292936,0.026487409925056334,(-371745.2248811653-771982.6016777689j),19.188412836388316,0.019005470733918887,(725792.4705255975+0j),35.565516929914345,1.1300588906491511e-05,(17697.979236733812+0j)
-5.5577827678044285,19.066839085380753,0.026487409925056334,(-371745.2248811653+771982.6016777689j),19.066839085380753,0.026487409925056334,(-371745.2248811653-771982.6016777689j),19.14304989312357,0.019005470733918887,(725792.4705255975+0j),35.45182106899331,1.1300588906491511e-05,(17697.979236733812+0j)
-5.5223928561386115,19.04170332712786,0.026487409925056334,(-371745.2248811653+771982.6016777689j),19.04170332712786,0.026487409925056334,(-371745.2248811653-771982.6016777689j),19.102238619847107,0.019005470733918887,(725792.4705255975+0j),35.31133446116015,1.1300588906491511e-05,(17697.979236733812+0j)
-5.4870029444727955,19.019436700293326,0.026487409925056334,(-371745.2248811653+771982.6016777689j),19.019436700293326,0.026487409925056334,(-371745.2248811653-771982.6016777689j),19.066030181714638,0.019005470733918887,(725792.4705255975+0j),35.13332887927809,1.1300588906491511e-05,(17697.979236733812+0j)
-5.451613032806979,19.000062302775326,0.026487409925056334,(-371745.2248811653+771982.6016777689j),19.000062302775326,0.026487409925056334,(-371745.2248811653-771982.6016777689j),19.034476313121168,0.019005470733918887,(725792.4705255975+0j),34.900470546387034,1.1300588906491511e-05,(17697.979236733812+0j)
-5.4162231211411624,18.983603417236136,0.026487409925056334,(-371745.2248811653+771982.6016777689j),18.983603417236136,0.026487409925056334,(-371745.2248811653-771982.6016777689j),19.00762932472962,0.019005470733918887,(725792.4705255975+0j),34.582817925419434,1.1300588906491511e-05,(17697.979236733812+0j)
-5.380833209475346,18.970083512743322,0.026487409925056334,(-371745.2248811653+771982.6016777689j),18.970083512743322,0.026487409925056334,(-371745.2248811653-771982.6016777689j),18.98554211059717,0.019005470733918887,(725792.4705255975+0j),34.12383558062098,1.1300588906491511e-05,(17697.979236733812+0j)
-5.345443297809529,18.9595262464274,0.026487409925056334,(-371745.2248811653+771982.6016777689j),18.9595262464274,0.026487409925056334,(-371745.2248811653-771982.6016777689j),18.968268155400814,0.019005470733918887,(725792.4705255975+0j),33.402557942105496,1.1300588906491511e-05,(17697.979236733812+0j)
-5.310053386143713,18.951955465156036,0.026487409925056334,(-371745.2248811653+771982.6016777689j),18.951955465156036,0.026487409925056334,(-371745.2248811653-771982.6016777689j),18.955861541763696,0.019005470733918887,(725792.4705255975+0j),32.10610250556393,1.1300588906491511e-05,(17697.979236733812+0j)
-5.274663474477896,18.94739520722505,0.026487409925056334,(-371745.2248811653+771982.6016777689j),18.94739520722505,0.026487409925056334,(-371745.2248811653-771982.6016777689j),18.94837695768377,0.019005470733918887,(725792.4705255975+0j),29.113636536165846,1.1300588906491511e-05,(17697.979236733812+0j)
-5.239273562812081,18.94586970406641,0.026487409925056334,(-371745.2248811653+771982.6016777689j),18.94586970406641,0.026487409925056334,(-371745.2248811653-771982.6016777689j),18.94586970406641,0.019005470733918887,(725792.4705255975+0j),18.94586970406641,1.1300588906491511e-05,(17697.979236733812+0j)
-5.239273562812081,19.05886633313849,0.13314660722138136,(-861098.8494012423+1548019.847264894j),19.05886633313849,0.13314660722138136,(-861098.8494012423-1548019.847264894j),18.94586970406641,0.12564731018523637,(1720790.8859248636+0j),18.94586970406641,8.397880136649986e-08,(1406.8128776206374+0j)
-5.201917544942608,19.08417831714457,0.13314660722138136,(-861098.8494012423+1548019.847264894j),19.08417831714457,0.13314660722138136,(-861098.8494012423-1548019.847264894j),18.973348771343396,0.12564731018523637,(1720790.8859248636+0j),18.945870355971575,8.397880136649986e-08,(1406.8128776206374+0j)
-5.164561527073135,19.10925385913264,0.13314660722138136,(-861098.8494012423+1548019.847264894j),19.10925385913264,0.13314660722138136,(-861098.8494012423-1548019.847264894j),19.000572446938893,0.12564731018523637,(1720790.8859248636+0j),18.945871021317615,8.397880136649986e-08,(1406.8128776206374+0j)
-5.127205509203662,19.134092560131716,0.13314660722138136,(-861098.8494012423+1548019.847264894j),19.134092560131716,0.13314660722138136,(-861098.8494012423-1548019.847264894j),19.027540274074262,0.12564731018523637,(1720790.8859248636+0j),18.945871700524545,8.397880136649986e-08,(1406.8128776206374+0j)
-5.089849491334189,19.15869402051036,0.13314660722138136,(-861098.8494012423+1548019.847264894j),19.15869402051036,0.13314660722138136,(-861098.8494012423-1548019.847264894j),19.054251795170348,0.12564731018523637,(1720790.8859248636+0j),18.94587239403006,8.397880136649986e-08,(1406.8128776206374+0j)
-5.0524934734647164,19.183057839975454,0.13314660722138136,(-861098.8494012423+1548019.847264894j),19.183057839975454,0.13314660722138136,(-861098.8494012423-1548019.847264894j),19.08070655184593,0.12564731018523637,(1720790.8859248636+0j),18.945873102290484,8.397880136649986e-08,(1406.8128776206374+0j)
-5.0151374555952435,19.207183617570987,0.13314660722138136,(-861098.8494012423+1548019.847264894j),19.207183617570987,0.13314660722138136,(-861098.8494012423-1548019.847264894j),19.106904084916124,0.12564731018523637,(1720790.8859248636+0j),18.94587382578176,8.397880136649986e-08,(1406.8128776206374+0j)
-4.9777814377257705,19.23107095167685,0.13314660722138136,(-861098.8494012423+1548019.847264894j),19.23107095167685,0.13314660722138136,(-861098.8494012423-1548019.847264894j),19.132843934390895,0.12564731018523637,(1720790.8859248636+0j),18.945874565000533,8.397880136649986e-08,(1406.8128776206374+0j)
-4.9404254198562985,19.254719440007598,0.13314660722138136,(-861098.8494012423+1548019.847264894j),19.254719440007598,0.13314660722138136,(-861098.8494012423-1548019.847264894j),19.158525639473428,0.12564731018523637,(1720790.8859248636+0j),18.94587532046527,8.397880136649986e-08,(1406.8128776206374+0j)
-4.9030694019868255,19.27812867961126,0.13314660722138136,(-861098.8494012423+1548019.847264894j),19.27812867961126,0.13314660722138136,(-861098.8494012423-1548019.847264894j),19.1839487385586,0.12564731018523637,(1720790.8859248636+0j),18.945876092717484,8.397880136649986e-08,(1406.8128776206374+0j)
-4.8657133841173525,19.3012982668681,0.13314660722138136,(-861098.8494012423+1548019.847264894j),19.3012982668681,0.13314660722138136,(-861098.8494012423-1548019.847264894j),19.20911276923141,0.12564731018523637,(1720790.8859248636+0j),18.94587688232302,8.397880136649986e-08,(1406.8128776206374+0j)
-4.82835736624788,19.324227797489392,0.13314660722138136,(-861098.8494012423+1548019.847264894j),19.324227797489392,0.13314660722138136,(-861098.8494012423-1548019.847264894j),19.23401726826539,0.12564731018523637,(1720790.8859248636+0j),18.945877689873452,8.397880136649986e-08,(1406.8128776206374+0j)
-4.791001348378407,19.34691686651619,0.13314660722138136,(-861098.8494012423+1548019.847264894j),19.34691686651619,0.13314660722138136,(-861098.8494012423-1548019.847264894j),19.25866177162105,0.12564731018523637,(1720790.8859248636+0j),18.94587851598754,8.397880136649986e-08,(1406.8128776206374+0j)
-4.753645330508934,19.369365068318114,0.13314660722138136,(-861098.8494012423+1548019.847264894j),19.369365068318114,0.13314660722138136,(-861098.8494012423-1548019.847264894j),19.283045814444275,0.12564731018523637,(1720790.8859248636+0j),18.94587936131283,8.397880136649986e-08,(1406.8128776206374+0j)
-4.716289312639461,19.39157199659211,0.13314660722138136,(-861098.8494012423+1548019.847264894j),19.39157199659211,0.13314660722138136,(-861098.8494012423-1548019.847264894j),19.307168931064773,0.12564731018523637,(1720790.8859248636+0j),18.945880226527336,8.397880136649986e-08,(1406.8128776206374+0j)
-4.678933294769988,19.4135372443612,0.13314660722138136,(-861098.8494012423+1548019.847264894j),19.4135372443612,0.13314660722138136,(-861098.8494012423-1548019.847264894j),19.331030654994468,0.12564731018523637,(1720790.8859248636+0j),18.945881112341365,8.397880136649986e-08,(1406.8128776206374+0j)
-4.641577276900515,19.435260403973274,0.13314660722138136,(-861098.8494012423+1548019.847264894j),19.435260403973274,0.13314660722138136,(-861098.8494012423-1548019.847264894j),19.354630518925916,0.12564731018523637,(1720790.8859248636+0j),18.94588201949944,8.397880136649986e-08,(1406.8128776206374+0j)
-4.604221259031042,19.456741067099824,0.13314660722138136,(-861098.8494012423+1548019.847264894j),19.456741067099824,0.13314660722138136,(-861098.8494012423-1548019.847264894j),19.377968054730708,0.12564731018523637,(1720790.8859248636+0j),18.945882948782415,8.397880136649986e-08,(1406.8128776206374+0j)
-4.566865241161569,19.47797882473472,0.13314660722138136,(-861098.8494012423+1548019.847264894j),19.47797882473472,0.13314660722138136,(-861098.8494012423-1548019.847264894j),19.401042793457883,0.12564731018523637,(1720790.8859248636+0j),18.94588390100969,8.397880136649986e-08,(1406.8128776206374+0j)
-4.529509223292096,19.498973267192955,0.13314660722138136,(-861098.8494012423+1548019.847264894j),19.498973267192955,0.13314660722138136,(-861098.8494012423-1548019.847264894j),19.42385426533233,0.12564731018523637,(1720790.8859248636+0j),18.945884877041646,8.397880136649986e-08,(1406.8128776206374+0j)
-4.492153205422623,19.5197239841094,0.13314660722138136,(-861098.8494012423+1548019.847264894j),19.5197239841094,0.13314660722138136,(-861098.8494012423-1548019.847264894j),19.446401999753174,0.12564731018523637,(1720790.8859248636+0j),18.945885877782214,8.397880136649986e-08,(1406.8128776206374+0j)
-4.45479718755315,19.540230564437564,0.13314660722138136,(-861098.8494012423+1548019.847264894j),19.540230564437564,0.13314660722138136,(-861098.8494012423-1548019.847264894j),19.468685525292173,0.12564731018523637,(1720790.8859248636+0j),18.94588690418169,8.397880136649986e-08,(1406.8128776206374+0j)
-4.417441169683677,19.560492596448313,0.13314660722138136,(-861098.8494012423+1548019.847264894j),19.560492596448313,0.13314660722138136,(-861098.8494012423-1548019.847264894j),19.490704369692118,0.12564731018523637,(1720790.8859248636+0j),18.945887957239723,8.397880136649986e-08,(1406.8128776206374+0j)
-4.380085151814204,19.58050966772865,0.13314660722138136,(-861098.8494012423+1548019.847264894j),19.58050966772865,0.13314660722138136,(-861098.8494012423-1548019.847264894j),19.5124580598652,0.12564731018523637,(1720790.8859248636+0j),18.945889038008584,8.397880136649986e-08,(1406.8128776206374+0j)
-4.342729133944732,19.600281365180436,0.13314660722138136,(-861098.8494012423+1548019.847264894j),19.600281365180436,0.13314660722138136,(-861098.8494012423-1548019.847264894j),19.533946121891415,0.12564731018523637,(1720790.8859248636+0j),18.94589014759665,8.397880136649986e-08,(1406.8128776206374+0j)
-4.305373116075259,19.61980727501914,0.13314660722138136,(-861098.8494012423+1548019.847264894j),19.61980727501914,0.13314660722138136,(-861098.8494012423-1548019.847264894j),19.555168081016927,0.12564731018523637,(1720790.8859248636+0j),18.945891287172213,8.397880136649986e-08,(1406.8128776206374+0j)
-4.268017098205786,19.63908698277257,0.13314660722138136,(-861098.8494012423+1548019.847264894j),19.63908698277257,0.13314660722138136,(-861098.8494012423-1548019.847264894j),19.576123461652458,0.12564731018523637,(1720790.8859248636+0j),18.945892457967584,8.397880136649986e-08,(1406.8128776206374+0j)
-4.230661080336313,19.6581200732796,0.13314660722138136,(-861098.8494012423+1548019.847264894j),19.6581200732796,0.13314660722138136,(-861098.8494012423-1548019.847264894j),19.596811787371635,0.12564731018523637,(1720790.8859248636+0j),18.945893661283527,8.397880136649986e-08,(1406.8128776206374+0j)
-4.19330506246684,19.676906130688927,0.13314660722138136,(-861098.8494012423+1548019.847264894j),19.676906130688927,0.13314660722138136,(-861098.8494012423-1548019.847264894j),19.617232580909395,0.12564731018523637,(1720790.8859248636+0j),18.945894898494082,8.397880136649986e-08,(1406.8128776206374+0j)
-4.155949044597367,19.69544473845777,0.13314660722138136,(-861098.8494012423+1548019.847264894j),19.69544473845777,0.13314660722138136,(-861098.8494012423-1548019.847264894j),19.63738536416032,0.12564731018523637,(1720790.8859248636+0j),18.94589617105181,8.397880136649986e-08,(1406.8128776206374+0j)
-4.118593026727894,19.713735479350614,0.13314660722138136,(-861098.8494012423+1548019.847264894j),19.713735479350614,0.13314660722138136,(-861098.8494012423-1548019.847264894j),19.657269658177018,0.12564731018523637,(1720790.8859248636+0j),18.945897480493464,8.397880136649986e-08,(1406.8128776206374+0j)
-4.081237008858421,19.731777935437933,0.13314660722138136,(-861098.8494012423+1548019.847264894j),19.731777935437933,0.13314660722138136,(-861098.8494012423-1548019.847264894j),19.676884983168456,0.12564731018523637,(1720790.8859248636+0j),18.9458988284462,8.397880136649986e-08,(1406.8128776206374+0j)
-4.043880990988948,19.749571688094907,0.13314660722138136,(-861098.8494012423+1548019.847264894j),19.749571688094907,0.13314660722138136,(-861098.8494012423-1548019.847264894j),19.696230858498353,0.12564731018523637,(1720790.8859248636+0j),18.945900216634307,8.397880136649986e-08,(1406.8128776206374+0j)
-4.006524973119475,19.76711631800015,0.13314660722138136,(-861098.8494012423+1548019.847264894j),19.76711631800015,0.13314660722138136,(-861098.8494012423-1548019.847264894j),19.7153068026835,0.12564731018523637,(1720790.8859248636+0j),18.945901646886565,8.397880136649986e-08,(1406.8128776206374+0j)
-3.969168955250003,19.784411405134406,0.13314660722138136,(-861098.8494012423+1548019.847264894j),19.784411405134406,0.13314660722138136,(-861098.8494012423-1548019.847264894j),19.7341123333921,0.12564731018523637,(1720790.8859248636+0j),18.94590312114431,8.397880136649986e-08,(1406.8128776206374+0j)
-3.93181293738053,19.80145652877929,0.13314660722138136,(-861098.8494012423+1548019.847264894j),19.80145652877929,0.13314660722138136,(-861098.8494012423-1548019.847264894j),19.75264696744216,0.12564731018523637,(1720790.8859248636+0j),18.94590464147017,8.397880136649986e-08,(1406.8128776206374+0j)
-3.894456919511057,19.818251267515976,0.13314660722138136,(-861098.8494012423+1548019.847264894j),19.818251267515976,0.13314660722138136,(-861098.8494012423-1548019.847264894j),19.77091022079977,0.12564731018523637,(1720790.8859248636+0j),18.94590621005777,8.397880136649986e-08,(1406.8128776206374+0j)
-3.857100901641584,19.834795199223905,0.13314660722138136,(-861098.8494012423+1548019.847264894j),19.834795199223905,0.13314660722138136,(-861098.8494012423-1548019.847264894j),19.788901608577483,0.12564731018523637,(1720790.8859248636+0j),18.94590782924222,8.397880136649986e-08,(1406.8128776206374+0j)
-3.819744883772111,19.851087901079513,0.13314660722138136,(-861098.8494012423+1548019.847264894j),19.851087901079513,0.13314660722138136,(-861098.8494012423-1548019.847264894j),19.806620645032623,0.12564731018523637,(1720790.8859248636+0j),18.945909501511746,8.397880136649986e-08,(1406.8128776206374+0j)
-3.782388865902638,19.867128949554914,0.13314660722138136,(-861098.8494012423+1548019.847264894j),19.867128949554914,0.13314660722138136,(-861098.8494012423-1548019.847264894j),19.82406684356564,0.12564731018523637,(1720790.8859248636+0j),18.945911229520455,8.397880136649986e-08,(1406.8128776206374+0j)
-3.745032848033166,19.882917920416602,0.13314660722138136,(-861098.8494012423+1548019.847264894j),19.882917920416602,0.13314660722138136,(-861098.8494012423-1548019.847264894j),19.84123971671839,0.12564731018523637,(1720790.8859248636+0j),18.945913016102384,8.397880136649986e-08,(1406.8128776206374+0j)
-3.707676830163693,19.89845438872416,0.13314660722138136,(-861098.8494012423+1548019.847264894j),19.89845438872416,0.13314660722138136,(-861098.8494012423-1548019.847264894j),19.858138776172524,0.12564731018523637,(1720790.8859248636+0j),18.945914864287005,8.397880136649986e-08,(1406.8128776206374+0j)
-3.67032081229422,19.91373792882893,0.13314660722138136,(-861098.8494012423+1548019.847264894j),19.91373792882893,0.13314660722138136,(-861098.8494012423-1548019.847264894j),19.87476353274773,0.12564731018523637,(1720790.8859248636+0j),18.945916777316377,8.397880136649986e-08,(1406.8128776206374+0j)
-3.632964794424747,19.928768114372733,0.13314660722138136,(-861098.8494012423+1548019.847264894j),19.928768114372733,0.13314660722138136,(-861098.8494012423-1548019.847264894j),19.89111349640011,0.12564731018523637,(1720790.8859248636+0j),18.945918758664106,8.397880136649986e-08,(1406.8128776206374+0j)
-3.595608776555274,19.943544518286554,0.13314660722138136,(-861098.8494012423+1548019.847264894j),19.943544518286554,0.13314660722138136,(-861098.8494012423-1548019.847264894j),19.907188176220455,0.12564731018523637,(1720790.8859248636+0j),18.94592081205643,8.397880136649986e-08,(1406.8128776206374+0j)
-3.5582527586858013,19.9580667127892,0.13314660722138136,(-861098.8494012423+1548019.847264894j),19.9580667127892,0.13314660722138136,(-861098.8494012423-1548019.847264894j),19.922987080432563,0.12564731018523637,(1720790.8859248636+0j),18.94592294149557,8.397880136649986e-08,(1406.8128776206374+0j)
-3.5208967408163283,19.97233426938602,0.13314660722138136,(-861098.8494012423+1548019.847264894j),19.97233426938602,0.13314660722138136,(-861098.8494012423-1548019.847264894j),19.93850971639154,0.12564731018523637,(1720790.8859248636+0j),18.945925151285795,8.397880136649986e-08,(1406.8128776206374+0j)
-3.4835407229468554,19.986346758867562,0.13314660722138136,(-861098.8494012423+1548019.847264894j),19.986346758867562,0.13314660722138136,(-861098.8494012423-1548019.847264894j),19.9537555905821,0.12564731018523637,(1720790.8859248636+0j),18.945927446062438,8.397880136649986e-08,(1406.8128776206374+0j)
-3.4461847050773824,20.000103751308266,0.13314660722138136,(-861098.8494012423+1548019.847264894j),20.000103751308266,0.13314660722138136,(-861098.8494012423-1548019.847264894j),19.968724208616877,0.12564731018523637,(1720790.8859248636+0j),18.94592983082437,8.397880136649986e-08,(1406.8128776206374+0j)
-3.4088286872079094,20.013604816065133,0.13314660722138136,(-861098.8494012423+1548019.847264894j),20.013604816065133,0.13314660722138136,(-861098.8494012423-1548019.847264894j),19.98341507523467,0.12564731018523637,(1720790.8859248636+0j),18.945932310970353,8.397880136649986e-08,(1406.8128776206374+0j)
-3.3714726693384365,20.026849521776388,0.13314660722138136,(-861098.8494012423+1548019.847264894j),20.026849521776388,0.13314660722138136,(-861098.8494012423-1548019.847264894j),19.997827694298795,0.12564731018523637,(1720790.8859248636+0j),18.94593489233981,8.397880136649986e-08,(1406.8128776206374+0j)
-3.3341166514689635,20.039837436360173,0.13314660722138136,(-861098.8494012423+1548019.847264894j),20.039837436360173,0.13314660722138136,(-861098.8494012423-1548019.847264894j),20.011961568795307,0.12564731018523637,(1720790.8859248636+0j),18.94593758125878,8.397880136649986e-08,(1406.8128776206374+0j)
-3.2967606335994906,20.052568127013192,0.13314660722138136,(-861098.8494012423+1548019.847264894j),20.052568127013192,0.13314660722138136,(-861098.8494012423-1548019.847264894j),20.025816200831333,0.12564731018523637,(1720790.8859248636+0j),18.945940384591616,8.397880136649986e-08,(1406.8128776206374+0j)
-3.2594046157300176,20.065041160209393,0.13314660722138136,(-861098.8494012423+1548019.847264894j),20.065041160209393,0.13314660722138136,(-861098.8494012423-1548019.847264894j),20.039391091633316,0.12564731018523637,(1720790.8859248636+0j),18.94594330979956,8.397880136649986e-08,(1406.8128776206374+0j)
-3.222048597860545,20.07725610169861,0.13314660722138136,(-861098.8494012423+1548019.847264894j),20.07725610169861,0.13314660722138136,(-861098.8494012423-1548019.847264894j),20.052685741545297,0.12564731018523637,(1720790.8859248636+0j),18.945946365007003,8.397880136649986e-08,(1406.8128776206374+0j)
-3.184692579991072,20.089212516505242,0.13314660722138136,(-861098.8494012423+1548019.847264894j),20.089212516505242,0.13314660722138136,(-861098.8494012423-1548019.847264894j),20.065699650027188,0.12564731018523637,(1720790.8859248636+0j),18.945949559076873,8.397880136649986e-08,(1406.8128776206374+0j)
-3.1473365621215996,20.100909968926896,0.13314660722138136,(-861098.8494012423+1548019.847264894j),20.100909968926896,0.13314660722138136,(-861098.8494012423-1548019.847264894j),20.07843231565303,0.12564731018523637,(1720790.8859248636+0j),18.945952901696472,8.397880136649986e-08,(1406.8128776206374+0j)
-3.109980544252127,20.112348022533045,0.13314660722138136,(-861098.8494012423+1548019.847264894j),20.112348022533045,0.13314660722138136,(-861098.8494012423-1548019.847264894j),20.090883236109267,0.12564731018523637,(1720790.8859248636+0j),18.945956403475662,8.397880136649986e-08,(1406.8128776206374+0j)
-3.072624526382654,20.123526240163688,0.13314660722138136,(-861098.8494012423+1548019.847264894j),20.123526240163688,0.13314660722138136,(-861098.8494012423-1548019.847264894j),20.103051908192988,0.12564731018523637,(1720790.8859248636+0j),18.9459600760593,8.397880136649986e-08,(1406.8128776206374+0j)
-3.035268508513181,20.134444183927968,0.13314660722138136,(-861098.8494012423+1548019.847264894j),20.134444183927968,0.13314660722138136,(-861098.8494012423-1548019.847264894j),20.11493782781019,0.12564731018523637,(1720790.8859248636+0j),18.94596393225664,8.397880136649986e-08,(1406.8128776206374+0j)
-2.9979124906437082,20.145101415202856,0.13314660722138136,(-861098.8494012423+1548019.847264894j),20.145101415202856,0.13314660722138136,(-861098.8494012423-1548019.847264894j),20.126540489974026,0.12564731018523637,(1720790.8859248636+0j),18.94596798619059,8.397880136649986e-08,(1406.8128776206374+0j)
-2.9605564727742353,20.155497494631756,0.13314660722138136,(-861098.8494012423+1548019.847264894j),20.155497494631756,0.13314660722138136,(-861098.8494012423-1548019.847264894j),20.13785938880306,0.12564731018523637,(1720790.8859248636+0j),18.945972253470554,8.397880136649986e-08,(1406.8128776206374+0j)
-2.9232004549047623,20.16563198212318,0.13314660722138136,(-861098.8494012423+1548019.847264894j),20.16563198212318,0.13314660722138136,(-861098.8494012423-1548019.847264894j),20.14889401751949,0.12564731018523637,(1720790.8859248636+0j),18.945976751393278,8.397880136649986e-08,(1406.8128776206374+0j)
-2.8858444370352894,20.17550443684935,0.13314660722138136,(-861098.8494012423+1548019.847264894j),20.17550443684935,0.13314660722138136,(-861098.8494012423-1548019.847264894j),20.159643868447397,0.12564731018523637,(1720790.8859248636+0j),18.945981499177194,8.397880136649986e-08,(1406.8128776206374+0j)
-2.8484884191658164,20.18511441724486,0.13314660722138136,(-861098.8494012423+1548019.847264894j),20.18511441724486,0.13314660722138136,(-861098.8494012423-1548019.847264894j),20.170108433010988,0.12564731018523637,(1720790.8859248636+0j),18.94598651823691,8.397880136649986e-08,(1406.8128776206374+0j)
-2.8111324012963435,20.19446148100529,0.13314660722138136,(-861098.8494012423+1548019.847264894j),20.19446148100529,0.13314660722138136,(-861098.8494012423-1548019.847264894j),20.180287201732813,0.12564731018523637,(1720790.8859248636+0j),18.945991832506156,8.397880136649986e-08,(1406.8128776206374+0j)
-2.7737763834268705,20.203545185085837,0.13314660722138136,(-861098.8494012423+1548019.847264894j),20.203545185085837,0.13314660722138136,(-861098.8494012423-1548019.847264894j),20.190179664231994,0.12564731018523637,(1720790.8859248636+0j),18.945997468819414,8.397880136649986e-08,(1406.8128776206374+0j)
-2.7364203655573975,20.21236508569994,0.13314660722138136,(-861098.8494012423+1548019.847264894j),20.21236508569994,0.13314660722138136,(-861098.8494012423-1548019.847264894j),20.199785309222456,0.12564731018523637,(1720790.8859248636+0j),18.94600345736513,8.397880136649986e-08,(1406.8128776206374+0j)
-2.6990643476879246,20.220920738317904,0.13314660722138136,(-861098.8494012423+1548019.847264894j),20.220920738317904,0.13314660722138136,(-861098.8494012423-1548019.847264894j),20.209103624511148,0.12564731018523637,(1720790.8859248636+0j),18.946009832226615,8.397880136649986e-08,(1406.8128776206374+0j)
-2.6617083298184516,20.229211697665523,0.13314660722138136,(-861098.8494012423+1548019.847264894j),20.229211697665523,0.13314660722138136,(-861098.8494012423-1548019.847264894j),20.21813409699623,0.12564731018523637,(1720790.8859248636+0j),18.946016632031093,8.397880136649986e-08,(1406.8128776206374+0j)
-2.624352311948979,20.23723751772269,0.13314660722138136,(-861098.8494012423+1548019.847264894j),20.23723751772269,0.13314660722138136,(-861098.8494012423-1548019.847264894j),20.226876212665317,0.12564731018523637,(1720790.8859248636+0j),18.94602390073308,8.397880136649986e-08,(1406.8128776206374+0j)
-2.586996294079506,20.244997751722003,0.13314660722138136,(-861098.8494012423+1548019.847264894j),20.244997751722003,0.13314660722138136,(-861098.8494012423-1548019.847264894j),20.23532945659367,0.12564731018523637,(1720790.8859248636+0j),18.946031688565547,8.397880136649986e-08,(1406.8128776206374+0j)
-2.549640276210033,20.2524919521474,0.13314660722138136,(-861098.8494012423+1548019.847264894j),20.2524919521474,0.13314660722138136,(-861098.8494012423-1548019.847264894j),20.24349331294241,0.12564731018523637,(1720790.8859248636+0j),18.946040053202452,8.397880136649986e-08,(1406.8128776206374+0j)
-2.5122842583405602,20.259719670732736,0.13314660722138136,(-861098.8494012423+1548019.847264894j),20.259719670732736,0.13314660722138136,(-861098.8494012423-1548019.847264894j),20.251367264956702,0.12564731018523637,(1720790.8859248636+0j),18.94604906118952,8.397880136649986e-08,(1406.8128776206374+0j)
-2.4749282404710877,20.266680458460414,0.13314660722138136,(-861098.8494012423+1548019.847264894j),20.266680458460414,0.13314660722138136,(-861098.8494012423-1548019.847264894j),20.25895079496395,0.12564731018523637,(1720790.8859248636+0j),18.946058789718357,8.397880136649986e-08,(1406.8128776206374+0j)
-2.4375722226016148,20.27337386555998,0.13314660722138136,(-861098.8494012423+1548019.847264894j),20.27337386555998,0.13314660722138136,(-861098.8494012423-1548019.847264894j),20.266243384372014,0.12564731018523637,(1720790.8859248636+0j),18.94606932884404,8.397880136649986e-08,(1406.8128776206374+0j)
-2.400216204732142,20.279799441506697,0.13314660722138136,(-861098.8494012423+1548019.847264894j),20.279799441506697,0.13314660722138136,(-861098.8494012423-1548019.847264894j),20.273244513667365,0.12564731018523637,(1720790.8859248636+0j),18.946080784281076,8.397880136649986e-08,(1406.8128776206374+0j)
-2.362860186862669,20.285956735020182,0.13314660722138136,(-861098.8494012423+1548019.847264894j),20.285956735020182,0.13314660722138136,(-861098.8494012423-1548019.847264894j),20.279953662413273,0.12564731018523637,(1720790.8859248636+0j),18.94609328096188,8.397880136649986e-08,(1406.8128776206374+0j)
-2.325504168993196,20.291845294062973,0.13314660722138136,(-861098.8494012423+1548019.847264894j),20.291845294062973,0.13314660722138136,(-861098.8494012423-1548019.847264894j),20.286370309248017,0.12564731018523637,(1720790.8859248636+0j),18.946106967611662,8.397880136649986e-08,(1406.8128776206374+0j)
-2.2881481511237234,20.29746466583912,0.13314660722138136,(-861098.8494012423+1548019.847264894j),20.29746466583912,0.13314660722138136,(-861098.8494012423-1548019.847264894j),20.292493931883023,0.12564731018523637,(1720790.8859248636+0j),18.946122022695693,8.397880136649986e-08,(1406.8128776206374+0j)
-2.2507921332542504,20.302814396792776,0.13314660722138136,(-861098.8494012423+1548019.847264894j),20.302814396792776,0.13314660722138136,(-861098.8494012423-1548019.847264894j),20.298324007101048,0.12564731018523637,(1720790.8859248636+0j),18.94613866224418,8.397880136649986e-08,(1406.8128776206374+0j)
-2.2134361153847775,20.307894032606793,0.13314660722138136,(-861098.8494012423+1548019.847264894j),20.307894032606793,0.13314660722138136,(-861098.8494012423-1548019.847264894j),20.303860010754352,0.12564731018523637,(1720790.8859248636+0j),18.946157150285078,8.397880136649986e-08,(1406.8128776206374+0j)
-2.1760800975153045,20.31270311820128,0.13314660722138136,(-861098.8494012423+1548019.847264894j),20.31270311820128,0.13314660722138136,(-861098.8494012423-1548019.847264894j),20.309101417762854,0.12564731018523637,(1720790.8859248636+0j),18.946177812958226,8.397880136649986e-08,(1406.8128776206374+0j)
-2.1387240796458316,20.317241197732198,0.13314660722138136,(-861098.8494012423+1548019.847264894j),20.317241197732198,0.13314660722138136,(-861098.8494012423-1548019.847264894j),20.314047702112298,0.12564731018523637,(1720790.8859248636+0j),18.946201057921247,8.397880136649986e-08,(1406.8128776206374+0j)
-2.1013680617763586,20.321507814589932,0.13314660722138136,(-861098.8494012423+1548019.847264894j),20.321507814589932,0.13314660722138136,(-861098.8494012423-1548019.847264894j),20.31869833685239,0.12564731018523637,(1720790.8859248636+0j),18.94622740151603,8.397880136649986e-08,(1406.8128776206374+0j)
-2.064012043906886,20.325502511397854,0.13314660722138136,(-861098.8494012423+1548019.847264894j),20.325502511397854,0.13314660722138136,(-861098.8494012423-1548019.847264894j),20.323052794094984,0.12564731018523637,(1720790.8859248636+0j),18.946257507575186,8.397880136649986e-08,(1406.8128776206374+0j)
-2.026656026037413,20.32922483001091,0.13314660722138136,(-861098.8494012423+1548019.847264894j),20.32922483001091,0.13314660722138136,(-861098.8494012423-1548019.847264894j),20.32711054501218,0.12564731018523637,(1720790.8859248636+0j),18.946292244134533,8.397880136649986e-08,(1406.8128776206374+0j)
-1.9893000081679402,20.332674311514175,0.13314660722138136,(-861098.8494012423+1548019.847264894j),20.332674311514175,0.13314660722138136,(-861098.8494012423-1548019.847264894j),20.330871059834507,0.12564731018523637,(1720790.8859248636+0j),18.946332768493882,8.397880136649986e-08,(1406.8128776206374+0j)
-1.9519439902984672,20.33585049622141,0.13314660722138136,(-861098.8494012423+1548019.847264894j),20.33585049622141,0.13314660722138136,(-861098.8494012423-1548019.847264894j),20.334333807849045,0.12564731018523637,(1720790.8859248636+0j),18.946380658660328,8.397880136649986e-08,(1406.8128776206374+0j)
-1.9145879724289943,20.33875292367363,0.13314660722138136,(-861098.8494012423+1548019.847264894j),20.33875292367363,0.13314660722138136,(-861098.8494012423-1548019.847264894j),20.33749825739755,0.12564731018523637,(1720790.8859248636+0j),18.946438123631015,8.397880136649986e-08,(1406.8128776206374+0j)
-1.8772319545595215,20.341381132637668,0.13314660722138136,(-861098.8494012423+1548019.847264894j),20.341381132637668,0.13314660722138136,(-861098.8494012423-1548019.847264894j),20.340363875874612,0.12564731018523637,(1720790.8859248636+0j),18.946508353811808,8.397880136649986e-08,(1406.8128776206374+0j)
-1.8398759366900486,20.343734661104715,0.13314660722138136,(-861098.8494012423+1548019.847264894j),20.343734661104715,0.13314660722138136,(-861098.8494012423-1548019.847264894j),20.34293012972574,0.12564731018523637,(1720790.8859248636+0j),18.946596134139266,8.397880136649986e-08,(1406.8128776206374+0j)
-1.8025199188205756,20.34581304628888,0.13314660722138136,(-861098.8494012423+1548019.847264894j),20.34581304628888,0.13314660722138136,(-861098.8494012423-1548019.847264894j),20.345196484445527,0.12564731018523637,(1720790.8859248636+0j),18.946708982482587,8.397880136649986e-08,(1406.8128776206374+0j)
-1.7651639009511029,20.347615824625738,0.13314660722138136,(-861098.8494012423+1548019.847264894j),20.347615824625738,0.13314660722138136,(-861098.8494012423-1548019.847264894j),20.347162404575723,0.12564731018523637,(1720790.8859248636+0j),18.946859425807904,8.397880136649986e-08,(1406.8128776206374+0j)
-1.72780788308163,20.349142531770866,0.13314660722138136,(-861098.8494012423+1548019.847264894j),20.349142531770866,0.13314660722138136,(-861098.8494012423-1548019.847264894j),20.348827353703392,0.12564731018523637,(1720790.8859248636+0j),18.94707000589818,8.397880136649986e-08,(1406.8128776206374+0j)
-1.690451865212157,20.350392702598405,0.13314660722138136,(-861098.8494012423+1548019.847264894j),20.350392702598405,0.13314660722138136,(-861098.8494012423-1548019.847264894j),20.350190794458992,0.12564731018523637,(1720790.8859248636+0j),18.94738578732575,8.397880136649986e-08,(1406.8128776206374+0j)
-1.6530958473426842,20.35136587119957,0.13314660722138136,(-861098.8494012423+1548019.847264894j),20.35136587119957,0.13314660722138136,(-861098.8494012423-1548019.847264894j),20.351252188514486,0.12564731018523637,(1720790.8859248636+0j),18.947911853268895,8.397880136649986e-08,(1406.8128776206374+0j)
-1.6157398294732113,20.352061570881215,0.13314660722138136,(-861098.8494012423+1548019.847264894j),20.352061570881215,0.13314660722138136,(-861098.8494012423-1548019.847264894j),20.35201099658144,0.12564731018523637,(1720790.8859248636+0j),18.94896309931591,8.397880136649986e-08,(1406.8128776206374+0j)
-1.5783838116037385,20.35247933416434,0.13314660722138136,(-861098.8494012423+1548019.847264894j),20.35247933416434,0.13314660722138136,(-861098.8494012423-1548019.847264894j),20.352466678409137,0.12564731018523637,(1720790.8859248636+0j),18.952109766632763,8.397880136649986e-08,(1406.8128776206374+0j)
-1.5410277937342656,27.830707443952196,0.01586458510765108,(-834231.3200701631+1679823.8802080713j),27.830707443952196,0.01586458510765108,(-834231.3200701631-1679823.8802080713j),20.35261869278261,0.012164470355774809,(1642346.3087579103+0j),20.352618692782674,3.0760123027413137e-06,(26116.331382414905+0j)
-1.5410277937342656,20.35261869278264,0.13314660722138136,(-861098.8494012423+1548019.847264894j),20.35261869278264,0.13314660722138136,(-861098.8494012423-1548019.847264894j),20.35261869278264,0.12564731018523637,(1720790.8859248636+0j),20.35261869278264,8.397880136649986e-08,(1406.8128776206374+0j)
-1.5233328379013573,28.166932129765367,0.01586458510765108,(-834231.3200701631+1679823.8802080713j),28.166932129765367,0.01586458510765108,(-834231.3200701631-1679823.8802080713j),20.810741638576182,0.012164470355774809,(1642346.3087579103+0j),20.353549633623963,3.0760123027413137e-06,(26116.331382414905+0j)
-1.505637882068449,28.500748768577026,0.01586458510765108,(-834231.3200701631+1679823.8802080713j),28.500748768577026,0.01586458510765108,(-834231.3200701631-1679823.8802080713j),21.265948897935697,0.012164470355774809,(1642346.3087579103+0j),20.354499717615884,3.0760123027413137e-06,(26116.331382414905+0j)
-1.4879429262355408,28.832140748761937,0.01586458510765108,(-834231.3200701631+1679823.8802080713j),28.832140748761937,0.01586458510765108,(-834231.3200701631-1679823.8802080713j),21.718213648908836,0.012164470355774809,(1642346.3087579103+0j),20.355469541359483,3.0760123027413137e-06,(26116.331382414905+0j)
-1.4702479704026326,29.161091353993708,0.01586458510765108,(-834231.3200701631+1679823.8802080713j),29.161091353993708,0.01586458510765108,(-834231.3200701631-1679823.8802080713j),22.167508852282342,0.012164470355774809,(1642346.3087579103+0j),20.356459726506998,3.0760123027413137e-06,(26116.331382414905+0j)
-1.4525530145697245,29.487583762525805,0.01586458510765108,(-834231.3200701631+1679823.8802080713j),29.487583762525805,0.01586458510765108,(-834231.3200701631-1679823.8802080713j),22.61380724967849,0.012164470355774809,(1642346.3087579103+0j),20.35747092109066,3.0760123027413137e-06,(26116.331382414905+0j)
-1.4348580587368163,29.811601046467167,0.01586458510765108,(-834231.3200701631+1679823.8802080713j),29.811601046467167,0.01586458510765108,(-834231.3200701631-1679823.8802080713j),23.057081361632928,0.012164470355774809,(1642346.3087579103+0j),20.358503800937,3.0760123027413137e-06,(26116.331382414905+0j)
-1.4171631029039082,30.13312617105215,0.01586458510765108,(-834231.3200701631+1679823.8802080713j),30.13312617105215,0.01586458510765108,(-834231.3200701631-1679823.8802080713j),23.49730348565376,0.012164470355774809,(1642346.3087579103+0j),20.35955907117315,3.0760123027413137e-06,(26116.331382414905+0j)
-1.399468147071,30.452141993904945,0.01586458510765108,(-834231.3200701631+1679823.8802080713j),30.452141993904945,0.01586458510765108,(-834231.3200701631-1679823.8802080713j),23.93444569426163,0.012164470355774809,(1642346.3087579103+0j),20.360637467832127,3.0760123027413137e-06,(26116.331382414905+0j)
-1.3817731912380917,30.76863126429829,0.01586458510765108,(-834231.3200701631+1679823.8802080713j),30.76863126429829,0.01586458510765108,(-834231.3200701631-1679823.8802080713j),24.368479833010603,0.012164470355774809,(1642346.3087579103+0j),20.361739759564895,3.0760123027413137e-06,(26116.331382414905+0j)
-1.3640782354051835,31.082576622406485,0.01586458510765108,(-834231.3200701631+1679823.8802080713j),31.082576622406485,0.01586458510765108,(-834231.3200701631-1679823.8802080713j),24.799377518489624,0.012164470355774809,(1642346.3087579103+0j),20.362866749467432,3.0760123027413137e-06,(26116.331382414905+0j)
-1.3463832795722752,31.393960598552688,0.01586458510765108,(-834231.3200701631+1679823.8802080713j),31.393960598552688,0.01586458510765108,(-834231.3200701631-1679823.8802080713j),25.227110136304393,0.012164470355774809,(1642346.3087579103+0j),20.36401927703207,3.0760123027413137e-06,(26116.331382414905+0j)
-1.3286883237393672,31.702765612450314,0.01586458510765108,(-834231.3200701631+1679823.8802080713j),31.702765612450314,0.01586458510765108,(-834231.3200701631-1679823.8802080713j),25.651648839039314,0.012164470355774809,(1642346.3087579103+0j),20.365198220232962,3.0760123027413137e-06,(26116.331382414905+0j)
-1.3109933679064592,32.0089739724387,0.01586458510765108,(-834231.3200701631+1679823.8802080713j),32.0089739724387,0.01586458510765108,(-834231.3200701631-1679823.8802080713j),26.07296454419948,0.012164470355774809,(1642346.3087579103+0j),20.36640449775662,3.0760123027413137e-06,(26116.331382414905+0j)
-1.293298412073551,32.31256787471279,0.01586458510765108,(-834231.3200701631+1679823.8802080713j),32.31256787471279,0.01586458510765108,(-834231.3200701631-1679823.8802080713j),26.491027932132393,0.012164470355774809,(1642346.3087579103+0j),20.367639071389426,3.0760123027413137e-06,(26116.331382414905+0j)
-1.2756034562406426,32.613529402546845,0.01586458510765108,(-834231.3200701631+1679823.8802080713j),32.613529402546845,0.01586458510765108,(-834231.3200701631-1679823.8802080713j),26.90580944392904,0.012164470355774809,(1642346.3087579103+0j),20.368902948575144,3.0760123027413137e-06,(26116.331382414905+0j)
-1.2579085004077344,32.9118405255122,0.01586458510765108,(-834231.3200701631+1679823.8802080713j),32.9118405255122,0.01586458510765108,(-834231.3200701631-1679823.8802080713j),27.31727927930441,0.012164470355774809,(1642346.3087579103+0j),20.370197185156748,3.0760123027413137e-06,(26116.331382414905+0j)
-1.2402135445748261,33.20748309868893,0.01586458510765108,(-834231.3200701631+1679823.8802080713j),33.20748309868893,0.01586458510765108,(-834231.3200701631-1679823.8802080713j),27.725407394456973,0.012164470355774809,(1642346.3087579103+0j),20.371522888318164,3.0760123027413137e-06,(26116.331382414905+0j)
-1.2225185887419179,33.500438861871444,0.01586458510765108,(-834231.3200701631+1679823.8802080713j),33.500438861871444,0.01586458510765108,(-834231.3200701631-1679823.8802080713j),28.13016349990699,0.012164470355774809,(1642346.3087579103+0j),20.372881219743373,3.0760123027413137e-06,(26116.331382414905+0j)
-1.20482363290901,33.79068943876782,0.01586458510765108,(-834231.3200701631+1679823.8802080713j),33.79068943876782,0.01586458510765108,(-834231.3200701631-1679823.8802080713j),28.5315170583134,0.012164470355774809,(1642346.3087579103+0j),20.374273399011464,3.0760123027413137e-06,(26116.331382414905+0j)
-1.1871286770761018,34.07821633619302,0.01586458510765108,(-834231.3200701631+1679823.8802080713j),34.07821633619302,0.01586458510765108,(-834231.3200701631-1679823.8802080713j),28.929437282269088,0.012164470355774809,(1642346.3087579103+0j),20.375700707248892,3.0760123027413137e-06,(26116.331382414905+0j)
-1.1694337212431936,34.3630009432558,0.01586458510765108,(-834231.3200701631+1679823.8802080713j),34.3630009432558,0.01586458510765108,(-834231.3200701631-1679823.8802080713j),29.32389313207415,0.012164470355774809,(1642346.3087579103+0j),20.37716449106157,3.0760123027413137e-06,(26116.331382414905+0j)
-1.1517387654102853,34.64502453053926,0.01586458510765108,(-834231.3200701631+1679823.8802080713j),34.64502453053926,0.01586458510765108,(-834231.3200701631-1679823.8802080713j),29.71485331348718,0.012164470355774809,(1642346.3087579103+0j),20.378666166772486,3.0760123027413137e-06,(26116.331382414905+0j)
-1.134043809577377,34.924268249275066,0.01586458510765108,(-834231.3200701631+1679823.8802080713j),34.924268249275066,0.01586458510765108,(-834231.3200701631-1679823.8802080713j),30.102286275454027,0.012164470355774809,(1642346.3087579103+0j),20.380207224992557,3.0760123027413137e-06,(26116.331382414905+0j)
-1.1163488537444688,35.20071313051117,0.01586458510765108,(-834231.3200701631+1679823.8802080713j),35.20071313051117,0.01586458510765108,(-834231.3200701631-1679823.8802080713j),30.486160207814006,0.012164470355774809,(1642346.3087579103+0j),20.381789235555996,3.0760123027413137e-06,(26116.331382414905+0j)
-1.0986538979115605,35.47434008427311,0.01586458510765108,(-834231.3200701631+1679823.8802080713j),35.47434008427311,0.01586458510765108,(-834231.3200701631-1679823.8802080713j),30.866443038983213,0.012164470355774809,(1642346.3087579103+0j),20.3834138528544,3.0760123027413137e-06,(26116.331382414905+0j)
-1.0809589420786527,35.74512989871867,0.01586458510765108,(-834231.3200701631+1679823.8802080713j),35.74512989871867,0.01586458510765108,(-834231.3200701631-1679823.8802080713j),31.243102433614617,0.012164470355774809,(1642346.3087579103+0j),20.385082821607693,3.0760123027413137e-06,(26116.331382414905+0j)
-1.0632639862457445,36.01306323928608,0.01586458510765108,(-834231.3200701631+1679823.8802080713j),36.01306323928608,0.01586458510765108,(-834231.3200701631-1679823.8802080713j),31.616105790234926,0.012164470355774809,(1642346.3087579103+0j),20.386797983114214,3.0760123027413137e-06,(26116.331382414905+0j)
-1.0455690304128362,36.278120647835344,0.01586458510765108,(-834231.3200701631+1679823.8802080713j),36.278120647835344,0.01586458510765108,(-834231.3200701631-1679823.8802080713j),31.985420238857582,0.012164470355774809,(1642346.3087579103+0j),20.388561282027098,3.0760123027413137e-06,(26116.331382414905+0j)
-1.027874074579928,36.54028254178297,0.01586458510765108,(-834231.3200701631+1679823.8802080713j),36.54028254178297,0.01586458510765108,(-834231.3200701631-1679823.8802080713j),32.35101263857201,0.012164470355774809,(1642346.3087579103+0j),20.39037477370928,3.0760123027413137e-06,(26116.331382414905+0j)
-1.0101791187470197,36.799529213229995,0.01586458510765108,(-834231.3200701631+1679823.8802080713j),36.799529213229995,0.01586458510765108,(-834231.3200701631-1679823.8802080713j),32.712849575108564,0.012164470355774809,(1642346.3087579103+0j),20.392240632225665,3.0760123027413137e-06,(26116.331382414905+0j)
-0.9924841629141116,37.05584082808296,0.01586458510765108,(-834231.3200701631+1679823.8802080713j),37.05584082808296,0.01586458510765108,(-834231.3200701631-1679823.8802080713j),33.07089735837909,0.012164470355774809,(1642346.3087579103+0j),20.394161159037804,3.0760123027413137e-06,(26116.331382414905+0j)
-0.9747892070812035,37.309197425168136,0.01586458510765108,(-834231.3200701631+1679823.8802080713j),37.309197425168136,0.01586458510765108,(-834231.3200701631-1679823.8802080713j),33.425122019992656,0.012164470355774809,(1642346.3087579103+0j),20.396138792474154,3.0760123027413137e-06,(26116.331382414905+0j)
-0.9570942512482953,37.559578915338804,0.01586458510765108,(-834231.3200701631+1679823.8802080713j),37.559578915338804,0.01586458510765108,(-834231.3200701631-1679823.8802080713j),33.77548931074637,0.012164470355774809,(1642346.3087579103+0j),20.39817611805787,3.0760123027413137e-06,(26116.331382414905+0j)
-0.9393992954153871,37.806965080575345,0.01586458510765108,(-834231.3200701631+1679823.8802080713j),37.806965080575345,0.01586458510765108,(-834231.3200701631-1679823.8802080713j),34.121964698090814,0.012164470355774809,(1642346.3087579103+0j),20.400275879784108,3.0760123027413137e-06,(26116.331382414905+0j)
-0.9217043395824789,38.05133557307846,0.01586458510765108,(-834231.3200701631+1679823.8802080713j),38.05133557307846,0.01586458510765108,(-834231.3200701631-1679823.8802080713j),34.464513363569985,0.012164470355774809,(1642346.3087579103+0j),20.40244099245031,3.0760123027413137e-06,(26116.331382414905+0j)
-0.9040093837495706,38.29266991435504,0.01586458510765108,(-834231.3200701631+1679823.8802080713j),38.29266991435504,0.01586458510765108,(-834231.3200701631-1679823.8802080713j),34.803100200235235,0.012164470355774809,(1642346.3087579103+0j),20.404674555155886,3.0760123027413137e-06,(26116.331382414905+0j)
-0.8863144279166624,38.53094749429699,0.01586458510765108,(-834231.3200701631+1679823.8802080713j),38.53094749429699,0.01586458510765108,(-834231.3200701631-1679823.8802080713j),35.13768981003319,0.012164470355774809,(1642346.3087579103+0j),20.40697986610288,3.0760123027413137e-06,(26116.331382414905+0j)
-0.8686194720837542,38.76614757025268,0.01586458510765108,(-834231.3200701631+1679823.8802080713j),38.76614757025268,0.01586458510765108,(-834231.3200701631-1679823.8802080713j),35.468246501167144,0.012164470355774809,(1642346.3087579103+0j),20.40936043884619,3.0760123027413137e-06,(26116.331382414905+0j)
-0.8509245162508462,38.99824926609108,0.01586458510765108,(-834231.3200701631+1679823.8802080713j),38.99824926609108,0.01586458510765108,(-834231.3200701631-1679823.8802080713j),35.794734285431666,0.012164470355774809,(1642346.3087579103+0j),20.411820020161784,3.0760123027413137e-06,(26116.331382414905+0j)
-0.8332295604179379,39.22723157125851,0.01586458510765108,(-834231.3200701631+1679823.8802080713j),39.22723157125851,0.01586458510765108,(-834231.3200701631-1679823.8802080713j),36.1171168755202,0.012164470355774809,(1642346.3087579103+0j),20.41436260972397,3.0760123027413137e-06,(26116.331382414905+0j)
-0.8155346045850298,39.453073339827874,0.01586458510765108,(-834231.3200701631+1679823.8802080713j),39.453073339827874,0.01586458510765108,(-834231.3200701631-1679823.8802080713j),36.435357682305266,0.012164470355774809,(1642346.3087579103+0j),20.41699248180913,3.0760123027413137e-06,(26116.331382414905+0j)
-0.7978396487521215,39.67575328954047,0.01586458510765108,(-834231.3200701631+1679823.8802080713j),39.67575328954047,0.01586458510765108,(-834231.3200701631-1679823.8802080713j),36.749419812090984,0.012164470355774809,(1642346.3087579103+0j),20.419714209273614,3.0760123027413137e-06,(26116.331382414905+0j)
-0.7801446929192133,39.89525000083998,0.01586458510765108,(-834231.3200701631+1679823.8802080713j),39.89525000083998,0.01586458510765108,(-834231.3200701631-1679823.8802080713j),37.05926606383762,0.012164470355774809,(1642346.3087579103+0j),20.422532690088705,3.0760123027413137e-06,(26116.331382414905+0j)
-0.762449737086305,40.11154191589908,0.01586458510765108,(-834231.3200701631+1679823.8802080713j),40.11154191589908,0.01586458510765108,(-834231.3200701631-1679823.8802080713j),37.3648589263578,0.012164470355774809,(1642346.3087579103+0j),20.425453176756683,3.0760123027413137e-06,(26116.331382414905+0j)
-0.7447547812533969,40.32460733763806,0.01586458510765108,(-834231.3200701631+1679823.8802080713j),40.32460733763806,0.01586458510765108,(-834231.3200701631-1679823.8802080713j),37.66616057548409,0.012164470355774809,(1642346.3087579103+0j),20.428481308979528,3.0760123027413137e-06,(26116.331382414905+0j)
-0.7270598254204886,40.534424428735754,0.01586458510765108,(-834231.3200701631+1679823.8802080713j),40.534424428735754,0.01586458510765108,(-834231.3200701631-1679823.8802080713j),37.96313287120765,0.012164470355774809,(1642346.3087579103+0j),20.431623150007752,3.0760123027413137e-06,(26116.331382414905+0j)
-0.7093648695875806,40.7409712106326,0.01586458510765108,(-834231.3200701631+1679823.8802080713j),40.7409712106326,0.01586458510765108,(-834231.3200701631-1679823.8802080713j),38.2557373547875,0.012164470355774809,(1642346.3087579103+0j),20.434885227162425,3.0760123027413137e-06,(26116.331382414905+0j)
-0.6916699137546725,40.94422556252573,0.01586458510765108,(-834231.3200701631+1679823.8802080713j),40.94422556252573,0.01586458510765108,(-834231.3200701631-1679823.8802080713j),38.543935245830255,0.012164470355774809,(1642346.3087579103+0j),20.438274577100046,3.0760123027413137e-06,(26116.331382414905+0j)
-0.6739749579217642,41.144165220356015,0.01586458510765108,(-834231.3200701631+1679823.8802080713j),41.144165220356015,0.01586458510765108,(-834231.3200701631-1679823.8802080713j),38.82768743933987,0.012164470355774809,(1642346.3087579103+0j),20.44179879648102,3.0760123027413137e-06,(26116.331382414905+0j)
-0.656280002088856,41.34076777578706,0.01586458510765108,(-834231.3200701631+1679823.8802080713j),41.34076777578706,0.01586458510765108,(-834231.3200701631-1679823.8802080713j),39.106954502737004,0.012164470355774809,(1642346.3087579103+0j),20.44546609880935,3.0760123027413137e-06,(26116.331382414905+0j)
-0.6385850462559477,41.53401067517604,0.01586458510765108,(-834231.3200701631+1679823.8802080713j),41.53401067517604,0.01586458510765108,(-834231.3200701631-1679823.8802080713j),39.38169667284781,0.012164470355774809,(1642346.3087579103+0j),20.449285378338917,3.0760123027413137e-06,(26116.331382414905+0j)
-0.6208900904230396,41.723871218536274,0.01586458510765108,(-834231.3200701631+1679823.8802080713j),41.723871218536274,0.01586458510765108,(-834231.3200701631-1679823.8802080713j),39.65187385286165,0.012164470355774809,(1642346.3087579103+0j),20.453266282092557,3.0760123027413137e-06,(26116.331382414905+0j)
-0.6031951345901315,41.91032655849151,0.01586458510765108,(-834231.3200701631+1679823.8802080713j),41.91032655849151,0.01586458510765108,(-834231.3200701631-1679823.8802080713j),39.91744560925747,0.012164470355774809,(1642346.3087579103+0j),20.457419291222052,3.0760123027413137e-06,(26116.331382414905+0j)
-0.5855001787572233,42.093353699221844,0.01586458510765108,(-834231.3200701631+1679823.8802080713j),42.093353699221844,0.01586458510765108,(-834231.3200701631-1679823.8802080713j),40.17837116869845,0.012164470355774809,(1642346.3087579103+0j),20.46175581315312,3.0760123027413137e-06,(26116.331382414905+0j)
-0.5678052229243151,42.2729294954011,0.01586458510765108,(-834231.3200701631+1679823.8802080713j),42.2729294954011,0.01586458510765108,(-834231.3200701631-1679823.8802080713j),40.43460941489447,0.012164470355774809,(1642346.3087579103+0j),20.466288286221438,3.0760123027413137e-06,(26116.331382414905+0j)
-0.5501102670914069,42.4490306511258,0.01586458510765108,(-834231.3200701631+1679823.8802080713j),42.4490306511258,0.01586458510765108,(-834231.3200701631-1679823.8802080713j),40.68611888543225,0.012164470355774809,(1642346.3087579103+0j),20.47103029882057,3.0760123027413137e-06,(26116.331382414905+0j)
-0.5324153112584986,42.62163371883545,0.01586458510765108,(-834231.3200701631+1679823.8802080713j),42.62163371883545,0.01586458510765108,(-834231.3200701631-1679823.8802080713j),40.932857768572504,0.012164470355774809,(1642346.3087579103+0j),20.475996725465585,3.0760123027413137e-06,(26116.331382414905+0j)
-0.5147203554255904,42.79071509822409,0.01586458510765108,(-834231.3200701631+1679823.8802080713j),42.79071509822409,0.01586458510765108,(-834231.3200701631-1679823.8802080713j),41.174783900013935,0.012164470355774809,(1642346.3087579103+0j),20.481203882641893,3.0760123027413137e-06,(26116.331382414905+0j)
-0.4970253995926824,42.95625103514324,0.01586458510765108,(-834231.3200701631+1679823.8802080713j),42.95625103514324,0.01586458510765108,(-834231.3200701631-1679823.8802080713j),41.41185475962363,0.012164470355774809,(1642346.3087579103+0j),20.48666970787945,3.0760123027413137e-06,(26116.331382414905+0j)
-0.4793304437597741,43.118217620495805,0.01586458510765108,(-834231.3200701631+1679823.8802080713j),43.118217620495805,0.01586458510765108,(-834231.3200701631-1679823.8802080713j),41.64402746813338,0.012164470355774809,(1642346.3087579103+0j),20.492413966192803,3.0760123027413137e-06,(26116.331382414905+0j)
-0.46163548792686593,43.276590789121194,0.01586458510765108,(-834231.3200701631+1679823.8802080713j),43.276590789121194,0.01586458510765108,(-834231.3200701631-1679823.8802080713j),41.87125878380167,0.012164470355774809,(1642346.3087579103+0j),20.498458488893846,3.0760123027413137e-06,(26116.331382414905+0j)
-0.4439405320939577,43.43134631867139,0.01586458510765108,(-834231.3200701631+1679823.8802080713j),43.43134631867139,0.01586458510765108,(-834231.3200701631-1679823.8802080713j),42.09350509904084,0.012164470355774809,(1642346.3087579103+0j),20.50482745085843,3.0760123027413137e-06,(26116.331382414905+0j)
-0.4262455762610496,43.582459828477894,0.01586458510765108,(-834231.3200701631+1679823.8802080713j),43.582459828477894,0.01586458510765108,(-834231.3200701631-1679823.8802080713j),42.31072243700902,0.012164470355774809,(1642346.3087579103+0j),20.511547693670128,3.0760123027413137e-06,(26116.331382414905+0j)
-0.40855062042814133,43.7299067784096,0.01586458510765108,(-834231.3200701631+1679823.8802080713j),43.7299067784096,0.01586458510765108,(-834231.3200701631-1679823.8802080713j),42.52286644816649,0.012164470355774809,(1642346.3087579103+0j),20.518649103748185,3.0760123027413137e-06,(26116.331382414905+0j)
-0.39085566459523313,43.873662467721296,0.01586458510765108,(-834231.3200701631+1679823.8802080713j),43.873662467721296,0.01586458510765108,(-834231.3200701631-1679823.8802080713j),42.72989240679596,0.012164470355774809,(1642346.3087579103+0j),20.52616505669325,3.0760123027413137e-06,(26116.331382414905+0j)
-0.37316070876232504,44.013702033892926,0.01586458510765108,(-834231.3200701631+1679823.8802080713j),44.013702033892926,0.01586458510765108,(-834231.3200701631-1679823.8802080713j),42.93175520748641,0.012164470355774809,(1642346.3087579103+0j),20.534132941786286,3.0760123027413137e-06,(26116.331382414905+0j)
-0.3554657529294168,44.150000451459384,0.01586458510765108,(-834231.3200701631+1679823.8802080713j),44.150000451459384,0.01586458510765108,(-834231.3200701631-1679823.8802080713j),43.128409361580076,0.012164470355774809,(1642346.3087579103+0j),20.542594784031515,3.0760123027413137e-06,(26116.331382414905+0j)
-0.3377707970965086,44.28253253083079,0.01586458510765108,(-834231.3200701631+1679823.8802080713j),44.28253253083079,0.01586458510765108,(-834231.3200701631-1679823.8802080713j),43.31980899358202,0.012164470355774809,(1642346.3087579103+0j),20.551597985584518,3.0760123027413137e-06,(26116.331382414905+0j)
-0.32007584126360045,44.41127291710323,0.01586458510765108,(-834231.3200701631+1679823.8802080713j),44.41127291710323,0.01586458510765108,(-834231.3200701631-1679823.8802080713j),43.5059078375321,0.012164470355774809,(1642346.3087579103+0j),20.561196214180192,3.0760123027413137e-06,(26116.331382414905+0j)
-0.30238088543069225,44.53619608885976,0.01586458510765108,(-834231.3200701631+1679823.8802080713j),44.53619608885976,0.01586458510765108,(-834231.3200701631-1679823.8802080713j),43.68665923333857,0.012164470355774809,(1642346.3087579103+0j),20.57145047372501,3.0760123027413137e-06,(26116.331382414905+0j)
-0.284685929597784,44.65727635696167,0.01586458510765108,(-834231.3200701631+1679823.8802080713j),44.65727635696167,0.01586458510765108,(-834231.3200701631-1679823.8802080713j),43.862016123073154,0.012164470355774809,(1642346.3087579103+0j),20.5824304021711,3.0760123027413137e-06,(26116.331382414905+0j)
-0.26699097376487585,44.77448786332987,0.01586458510765108,(-834231.3200701631+1679823.8802080713j),44.77448786332987,0.01586458510765108,(-834231.3200701631-1679823.8802080713j),44.031931047226934,0.012164470355774809,(1642346.3087579103+0j),20.59421585502926,3.0760123027413137e-06,(26116.331382414905+0j)
-0.24929601793196768,44.88780457971637,0.01586458510765108,(-834231.3200701631+1679823.8802080713j),44.88780457971637,0.01586458510765108,(-834231.3200701631-1679823.8802080713j),44.19635614092674,0.012164470355774809,(1642346.3087579103+0j),20.606898850653995,3.0760123027413137e-06,(26116.331382414905+0j)
-0.23160106209905945,44.99720030646564,0.01586458510765108,(-834231.3200701631+1679823.8802080713j),44.99720030646564,0.01586458510765108,(-834231.3200701631-1679823.8802080713j),44.35524313011138,0.012164470355774809,(1642346.3087579103+0j),20.62058597754243,3.0760123027413137e-06,(26116.331382414905+0j)
-0.2139061062661513,45.102648671265996,0.01586458510765108,(-834231.3200701631+1679823.8802080713j),45.102648671265996,0.01586458510765108,(-834231.3200701631-1679823.8802080713j),44.50854332766754,0.012164470355774809,(1642346.3087579103+0j),20.63540139694045,3.0760123027413137e-06,(26116.331382414905+0j)
-0.19621115043324314,45.20412312789051,0.01586458510765108,(-834231.3200701631+1679823.8802080713j),45.20412312789051,0.01586458510765108,(-834231.3200701631-1679823.8802080713j),44.65620762952448,0.012164470355774809,(1642346.3087579103+0j),20.651490619887433,3.0760123027413137e-06,(26116.331382414905+0j)
-0.1785161946003349,45.301596954927895,0.01586458510765108,(-834231.3200701631+1679823.8802080713j),45.301596954927895,0.01586458510765108,(-834231.3200701631-1679823.8802080713j),44.79818651070743,0.012164470355774809,(1642346.3087579103+0j),20.669025302198836,3.0760123027413137e-06,(26116.331382414905+0j)
-0.16082123876742674,45.39504325450275,0.01586458510765108,(-834231.3200701631+1679823.8802080713j),45.39504325450275,0.01586458510765108,(-834231.3200701631-1679823.8802080713j),44.93443002134889,0.012164470355774809,(1642346.3087579103+0j),20.688209392497566,3.0760123027413137e-06,(26116.331382414905+0j)
-0.14312628293451857,45.484434950985424,0.01586458510765108,(-834231.3200701631+1679823.8802080713j),45.484434950985424,0.01586458510765108,(-834231.3200701631-1679823.8802080713j),45.064887782657514,0.012164470355774809,(1642346.3087579103+0j),20.70928710070529,3.0760123027413137e-06,(26116.331382414905+0j)
-0.12543132710161034,45.56974478969121,0.01586458510765108,(-834231.3200701631+1679823.8802080713j),45.56974478969121,0.01586458510765108,(-834231.3200701631-1679823.8802080713j),45.189508982844,0.012164470355774809,(1642346.3087579103+0j),20.732553348514013,3.0760123027413137e-06,(26116.331382414905+0j)
-0.10773637126870218,45.65094533556888,0.01586458510765108,(-834231.3200701631+1679823.8802080713j),45.65094533556888,0.01586458510765108,(-834231.3200701631-1679823.8802080713j),45.308242373003495,0.012164470355774809,(1642346.3087579103+0j),20.7583676531179,3.0760123027413137e-06,(26116.331382414905+0j)
-0.09004141543579396,45.72800897187842,0.01586458510765108,(-834231.3200701631+1679823.8802080713j),45.72800897187842,0.01586458510765108,(-834231.3200701631-1679823.8802080713j),45.42103626295393,0.012164470355774809,(1642346.3087579103+0j),20.787172836297295,3.0760123027413137e-06,(26116.331382414905+0j)
-0.0723464596028858,45.80090789885781,0.01586458510765108,(-834231.3200701631+1679823.8802080713j),45.80090789885781,0.01586458510765108,(-834231.3200701631-1679823.8802080713j),45.527838517029906,0.012164470355774809,(1642346.3087579103+0j),20.819520635681027,3.0760123027413137e-06,(26116.331382414905+0j)
-0.05465150376997763,45.86961413237889,0.01586458510765108,(-834231.3200701631+1679823.8802080713j),45.86961413237889,0.01586458510765108,(-834231.3200701631-1679823.8802080713j),45.62859654983143,0.012164470355774809,(1642346.3087579103+0j),20.856107383459094,3.0760123027413137e-06,(26116.331382414905+0j)
-0.03695654793706941,45.93409950259204,0.01586458510765108,(-834231.3200701631+1679823.8802080713j),45.93409950259204,0.01586458510765108,(-834231.3200701631-1679823.8802080713j),45.72325732192703,0.012164470355774809,(1642346.3087579103+0j),20.897824692975284,3.0760123027413137e-06,(26116.331382414905+0j)
-0.019261592104161236,45.9943356525597,0.01586458510765108,(-834231.3200701631+1679823.8802080713j),45.9943356525597,0.01586458510765108,(-834231.3200701631-1679823.8802080713j),45.811767335510794,0.012164470355774809,(1642346.3087579103+0j),20.94583307315661,3.0760123027413137e-06,(26116.331382414905+0j)
-0.001566636271253043,46.05029403687859,0.01586458510765108,(-834231.3200701631+1679823.8802080713j),46.05029403687859,0.01586458510765108,(-834231.3200701631-1679823.8802080713j),45.89407263001256,0.012164470355774809,(1642346.3087579103+0j),21.001671556502956,3.0760123027413137e-06,(26116.331382414905+0j)
0.01612831956165515,46.10194592029049,0.01586458510765108,(-834231.3200701631+1679823.8802080713j),46.10194592029049,0.01586458510765108,(-834231.3200701631-1679823.8802080713j),45.97011877766093,0.012164470355774809,(1642346.3087579103+0j),21.06742571885346,3.0760123027413137e-06,(26116.331382414905+0j)
0.03382327539456332,46.149262376281506,0.01586458510765108,(-834231.3200701631+1679823.8802080713j),46.149262376281506,0.01586458510765108,(-834231.3200701631-1679823.8802080713j),46.03985087899835,0.012164470355774809,(1642346.3087579103+0j),21.145993907814848,3.0760123027413137e-06,(26116.331382414905+0j)
0.05151823122747151,46.19221428566972,0.01586458510765108,(-834231.3200701631+1679823.8802080713j),46.19221428566972,0.01586458510765108,(-834231.3200701631-1679823.8802080713j),46.10321355834781,0.012164470355774809,(1642346.3087579103+0j),21.241525871713062,3.0760123027413137e-06,(26116.331382414905+0j)
0.06921318706037971,46.23077233518111,0.01586458510765108,(-834231.3200701631+1679823.8802080713j),46.23077233518111,0.01586458510765108,(-834231.3200701631-1679823.8802080713j),46.16015095923048,0.012164470355774809,(1642346.3087579103+0j),21.360179776304534,3.0760123027413137e-06,(26116.331382414905+0j)
0.0869081428932879,46.2649070160136,0.01586458510765108,(-834231.3200701631+1679823.8802080713j),46.2649070160136,0.01586458510765108,(-834231.3200701631-1679823.8802080713j),46.21060673973377,0.012164470355774809,(1642346.3087579103+0j),21.511504293219794,3.0760123027413137e-06,(26116.331382414905+0j)
0.10460309872619608,46.29458862238919,0.01586458510765108,(-834231.3200701631+1679823.8802080713j),46.29458862238919,0.01586458510765108,(-834231.3200701631-1679823.8802080713j),46.25452406782914,0.012164470355774809,(1642346.3087579103+0j),21.711143836802545,3.0760123027413137e-06,(26116.331382414905+0j)
0.12229805455910427,46.31978725009399,0.01586458510765108,(-834231.3200701631+1679823.8802080713j),46.31978725009399,0.01586458510765108,(-834231.3200701631-1679823.8802080713j),46.29184561663911,0.012164470355774809,(1642346.3087579103+0j),21.98662478876079,3.0760123027413137e-06,(26116.331382414905+0j)
0.13999301039201245,46.34047279500607,0.01586458510765108,(-834231.3200701631+1679823.8802080713j),46.34047279500607,0.01586458510765108,(-834231.3200701631-1679823.8802080713j),46.322513559652805,0.012164470355774809,(1642346.3087579103+0j),22.39127299286067,3.0760123027413137e-06,(26116.331382414905+0j)
0.15768796622492065,46.35661495161109,0.01586458510765108,(-834231.3200701631+1679823.8802080713j),46.35661495161109,0.01586458510765108,(-834231.3200701631-1679823.8802080713j),46.34646956588944,0.012164470355774809,(1642346.3087579103+0j),23.043655134885245,3.0760123027413137e-06,(26116.331382414905+0j)
0.17538292205782882,46.36818321150541,0.01586458510765108,(-834231.3200701631+1679823.8802080713j),46.36818321150541,0.01586458510765108,(-834231.3200701631-1679823.8802080713j),46.363654795009076,0.012164470355774809,(1642346.3087579103+0j),24.271035985434576,3.0760123027413137e-06,(26116.331382414905+0j)
0.19307787789073702,46.3751468618868,0.01586458510765108,(-834231.3200701631+1679823.8802080713j),46.3751468618868,0.01586458510765108,(-834231.3200701631-1679823.8802080713j),46.37400989237003,0.012164470355774809,(1642346.3087579103+0j),27.423615459564576,3.0760123027413137e-06,(26116.331382414905+0j)
0.21077283372364522,46.37747498403235,0.016130669723456417,(-842920.6071146016+1692996.0310362717j),46.37747498403235,0.016130669723456417,(-842920.6071146016-1692996.0310362717j),46.37747498403235,0.012433910953294878,(1660435.5112626455+0j),46.37747498403235,2.910892447444875e-06,(25405.70296655796+0j)
0.21077283372364522,46.37747498403235,0.01586458510765108,(-834231.3200701631+1679823.8802080713j),46.37747498403235,0.01586458510765108,(-834231.3200701631-1679823.8802080713j),46.37747498403235,0.012164470355774809,(1642346.3087579103+0j),46.37747498403235,3.0760123027413137e-06,(26116.331382414905+0j)
0.2284677895565534,46.375204145761174,0.016130669723456417,(-842920.6071146016+1692996.0310362717j),46.375204145761174,0.016130669723456417,(-842920.6071146016-1692996.0310362717j),46.37412170074,0.012433910953294878,(1660435.5112626455+0j),27.64266958069689,2.910892447444875e-06,(25405.70296655796+0j)
0.2461627453894616,46.36841150487733,0.016130669723456417,(-842920.6071146016+1692996.0310362717j),46.36841150487733,0.016130669723456417,(-842920.6071146016-1692996.0310362717j),46.36409989251353,0.012433910953294878,(1660435.5112626455+0j),24.68673393878441,2.910892447444875e-06,(25405.70296655796+0j)
0.2638577012223698,46.357126725680054,0.016130669723456417,(-842920.6071146016+1692996.0310362717j),46.357126725680054,0.016130669723456417,(-842920.6071146016-1692996.0310362717j),46.347466258209636,0.012433910953294878,(1660435.5112626455+0j),23.5445050150958,2.910892447444875e-06,(25405.70296655796+0j)
0.281552657055278,46.34137927814602,0.016130669723456417,(-842920.6071146016+1692996.0310362717j),46.34137927814602,0.016130669723456417,(-842920.6071146016-1692996.0310362717j),46.324277015515904,0.012433910953294878,(1660435.5112626455+0j),22.93925560828688,2.910892447444875e-06,(25405.70296655796+0j)
0.29924761288818613,46.3211984393421,0.016130669723456417,(-842920.6071146016+1692996.0310362717j),46.3211984393421,0.016130669723456417,(-842920.6071146016-1692996.0310362717j),46.29458790548091,0.012433910953294878,(1660435.5112626455+0j),22.56448249555798,2.910892447444875e-06,(25405.70296655796+0j)
0.3169425687210944,46.29661329482653,0.016130669723456417,(-842920.6071146016+1692996.0310362717j),46.29661329482653,0.016130669723456417,(-842920.6071146016-1692996.0310362717j),46.25845419699654,0.012433910953294878,(1660435.5112626455+0j),22.30961767120997,2.910892447444875e-06,(25405.70296655796+0j)
0.33463752455400253,46.26765274003865,0.016130669723456417,(-842920.6071146016+1692996.0310362717j),46.26765274003865,0.016130669723456417,(-842920.6071146016-1692996.0310362717j),46.2159306912328,0.012433910953294878,(1660435.5112626455+0j),22.125057957803403,2.910892447444875e-06,(25405.70296655796+0j)
0.35233248038691073,46.23434548167732,0.016130669723456417,(-842920.6071146016+1692996.0310362717j),46.23434548167732,0.016130669723456417,(-842920.6071146016-1692996.0310362717j),46.167071726026,0.012433910953294878,(1660435.5112626455+0j),21.985241455688534,2.910892447444875e-06,(25405.70296655796+0j)
0.37002743621981893,46.19672003906813,0.016130669723456417,(-842920.6071146016+1692996.0310362717j),46.19672003906813,0.016130669723456417,(-842920.6071146016-1692996.0310362717j),46.11193118022063,0.012433910953294878,(1660435.5112626455+0j),21.87565768502403,2.910892447444875e-06,(25405.70296655796+0j)
0.3877223920527272,46.15480474551939,0.016130669723456417,(-842920.6071146016+1692996.0310362717j),46.15480474551939,0.016130669723456417,(-842920.6071146016-1692996.0310362717j),46.05056247796549,0.012433910953294878,(1660435.5112626455+0j),21.787458093693814,2.910892447444875e-06,(25405.70296655796+0j)
0.4054173478856353,46.10862774966726,0.016130669723456417,(-842920.6071146016+1692996.0310362717j),46.10862774966726,0.016130669723456417,(-842920.6071146016-1692996.0310362717j),45.9830185929648,0.012433910953294878,(1660435.5112626455+0j),21.714940079773555,2.910892447444875e-06,(25405.70296655796+0j)
0.42311230371854347,46.05821701680974,0.016130669723456417,(-842920.6071146016+1692996.0310362717j),46.05821701680974,0.016130669723456417,(-842920.6071146016-1692996.0310362717j),45.909352052684575,0.012433910953294878,(1660435.5112626455+0j),21.654263070318656,2.910892447444875e-06,(25405.70296655796+0j)
0.4408072595514517,46.00360033023008,0.016130669723456417,(-842920.6071146016+1692996.0310362717j),46.00360033023008,0.016130669723456417,(-842920.6071146016-1692996.0310362717j),45.82961494251495,0.012433910953294878,(1660435.5112626455+0j),21.602745914501092,2.910892447444875e-06,(25405.70296655796+0j)
0.45850221538435987,45.944805292509244,0.016130669723456417,(-842920.6071146016+1692996.0310362717j),45.944805292509244,0.016130669723456417,(-842920.6071146016-1692996.0310362717j),45.74385890988892,0.012433910953294878,(1660435.5112626455+0j),21.558460082375294,2.910892447444875e-06,(25405.70296655796+0j)
0.4761971712172681,45.881859326827886,0.016130669723456417,(-842920.6071146016+1692996.0310362717j),45.881859326827886,0.016130669723456417,(-842920.6071146016-1692996.0310362717j),45.65213516835801,0.012433910953294878,(1660435.5112626455+0j),21.51998290646564,2.910892447444875e-06,(25405.70296655796+0j)
0.49389212705017627,45.81478967825773,0.016130669723456417,(-842920.6071146016+1692996.0310362717j),45.81478967825773,0.016130669723456417,(-842920.6071146016-1692996.0310362717j),45.55449450162536,0.012433910953294878,(1660435.5112626455+0j),21.48624193071681,2.910892447444875e-06,(25405.70296655796+0j)
0.5115870828830845,45.74362341504253,0.016130669723456417,(-842920.6071146016+1692996.0310362717j),45.74362341504253,0.016130669723456417,(-842920.6071146016-1692996.0310362717j),45.450987267536796,0.012433910953294878,(1660435.5112626455+0j),21.456413397946825,2.910892447444875e-06,(25405.70296655796+0j)
0.5292820387159927,45.66838742986869,0.016130669723456417,(-842920.6071146016+1692996.0310362717j),45.66838742986869,0.016130669723456417,(-842920.6071146016-1692996.0310362717j),45.34166340203022,0.012433910953294878,(1660435.5112626455+0j),21.42985411117313,2.910892447444875e-06,(25405.70296655796+0j)
0.5469769945489008,45.58910844112561,0.016130669723456417,(-842920.6071146016+1692996.0310362717j),45.58910844112561,0.016130669723456417,(-842920.6071146016-1692996.0310362717j),45.226572423044004,0.012433910953294878,(1660435.5112626455+0j),21.406054533139443,2.910892447444875e-06,(25405.70296655796+0j)
0.5646719503818091,45.50581299415592,0.016130669723456417,(-842920.6071146016+1692996.0310362717j),45.50581299415592,0.016130669723456417,(-842920.6071146016-1692996.0310362717j),45.10576343438472,0.012433910953294878,(1660435.5112626455+0j),21.384605782517824,2.910892447444875e-06,(25405.70296655796+0j)
0.5823669062147172,45.418527462495575,0.016130669723456417,(-842920.6071146016+1692996.0310362717j),45.418527462495575,0.016130669723456417,(-842920.6071146016-1692996.0310362717j),44.97928512955472,0.012433910953294878,(1660435.5112626455+0j),21.365175949056873,2.910892447444875e-06,(25405.70296655796+0j)
0.6000618620476253,45.3272780491041,0.016130669723456417,(-842920.6071146016+1692996.0310362717j),45.3272780491041,0.016130669723456417,(-842920.6071146016-1692996.0310362717j),44.84718579554004,0.012433910953294878,(1660435.5112626455+0j),21.34749279584777,2.910892447444875e-06,(25405.70296655796+0j)
0.6177568178805336,45.232090787584774,0.016130669723456417,(-842920.6071146016+1692996.0310362717j),45.232090787584774,0.016130669723456417,(-842920.6071146016-1692996.0310362717j),44.709513316559146,0.012433910953294878,(1660435.5112626455+0j),21.331330925675456,2.910892447444875e-06,(25405.70296655796+0j)
0.6354517737134419,45.132991543395185,0.016130669723456417,(-842920.6071146016+1692996.0310362717j),45.132991543395185,0.016130669723456417,(-842920.6071146016-1692996.0310362717j),44.566315177772786,0.012433910953294878,(1660435.5112626455+0j),21.31650212282641,2.910892447444875e-06,(25405.70296655796+0j)
0.65314672954635,45.03000601504794,0.016130669723456417,(-842920.6071146016+1692996.0310362717j),45.03000601504794,0.016130669723456417,(-842920.6071146016-1692996.0310362717j),44.417638468955616,0.012433910953294878,(1660435.5112626455+0j),21.302847990006214,2.910892447444875e-06,(25405.70296655796+0j)
0.6708416853792581,44.92315973530189,0.016130669723456417,(-842920.6071146016+1692996.0310362717j),44.92315973530189,0.016130669723456417,(-842920.6071146016-1692996.0310362717j),44.26352988812996,0.012433910953294878,(1660435.5112626455+0j),21.29023426831979,2.910892447444875e-06,(25405.70296655796+0j)
0.6885366412121664,44.81247807234369,0.016130669723456417,(-842920.6071146016+1692996.0310362717j),44.81247807234369,0.016130669723456417,(-842920.6071146016-1692996.0310362717j),44.10403574516207,0.012433910953294878,(1660435.5112626455+0j),21.278546407954412,2.910892447444875e-06,(25405.70296655796+0j)
0.7062315970450745,44.69798623095997,0.016130669723456417,(-842920.6071146016+1692996.0310362717j),44.69798623095997,0.016130669723456417,(-842920.6071146016-1692996.0310362717j),43.93920196532143,0.012433910953294878,(1660435.5112626455+0j),21.267686079645976,2.910892447444875e-06,(25405.70296655796+0j)
0.7239265528779827,44.579709253700166,0.016130669723456417,(-842920.6071146016+1692996.0310362717j),44.579709253700166,0.016130669723456417,(-842920.6071146016-1692996.0310362717j),43.76907409280341,0.012433910953294878,(1660435.5112626455+0j),21.257568401775828,2.910892447444875e-06,(25405.70296655796+0j)
0.7416215087108909,44.457672022029996,0.016130669723456417,(-842920.6071146016+1692996.0310362717j),44.457672022029996,0.016130669723456417,(-842920.6071146016-1692996.0310362717j),43.59369729421584,0.012433910953294878,(1660435.5112626455+0j),21.24811971749124,2.910892447444875e-06,(25405.70296655796+0j)
0.7593164645437992,44.331899257475825,0.016130669723456417,(-842920.6071146016+1692996.0310362717j),44.331899257475825,0.016130669723456417,(-842920.6071146016-1692996.0310362717j),43.41311636202981,0.012433910953294878,(1660435.5112626455+0j),21.23927579863956,2.910892447444875e-06,(25405.70296655796+0j)
0.7770114203767073,44.2024155227598,0.016130669723456417,(-842920.6071146016+1692996.0310362717j),44.2024155227598,0.016130669723456417,(-842920.6071146016-1692996.0310362717j),43.22737571799506,0.012433910953294878,(1660435.5112626455+0j),21.230980383870516,2.910892447444875e-06,(25405.70296655796+0j)
0.7947063762096156,44.069245222926085,0.016130669723456417,(-842920.6071146016+1692996.0310362717j),44.069245222926085,0.016130669723456417,(-842920.6071146016-1692996.0310362717j),43.03651941652054,0.012433910953294878,(1660435.5112626455+0j),21.22318398055253,2.910892447444875e-06,(25405.70296655796+0j)
0.8124013320425236,43.93241260645801,0.016130669723456417,(-842920.6071146016+1692996.0310362717j),43.93241260645801,0.016130669723456417,(-842920.6071146016-1692996.0310362717j),42.840591148020366,0.012433910953294878,(1660435.5112626455+0j),21.215842876582716,2.910892447444875e-06,(25405.70296655796+0j)
0.8300962878754319,43.791941766386444,0.016130669723456417,(-842920.6071146016+1692996.0310362717j),43.791941766386444,0.016130669723456417,(-842920.6071146016-1692996.0310362717j),42.63963424222567,0.012433910953294878,(1660435.5112626455+0j),21.208918320407694,2.910892447444875e-06,(25405.70296655796+0j)
0.84779124370834,43.64785664138931,0.016130669723456417,(-842920.6071146016+1692996.0310362717j),43.64785664138931,0.016130669723456417,(-842920.6071146016-1692996.0310362717j),42.433691671462675,0.012433910953294878,(1660435.5112626455+0j),21.202375836771818,2.910892447444875e-06,(25405.70296655796+0j)
0.8654861995412483,43.50018101688241,0.016130669723456417,(-842920.6071146016+1692996.0310362717j),43.50018101688241,0.016130669723456417,(-842920.6071146016-1692996.0310362717j),42.222806053897415,0.012433910953294878,(1660435.5112626455+0j),21.196184652685805,2.910892447444875e-06,(25405.70296655796+0j)
0.8831811553741565,43.34893852610158,0.016130669723456417,(-842920.6071146016+1692996.0310362717j),43.34893852610158,0.016130669723456417,(-842920.6071146016-1692996.0310362717j),42.00701965674744,0.012433910953294878,(1660435.5112626455+0j),21.190317213443972,2.910892447444875e-06,(25405.70296655796+0j)
0.9008761112070647,43.19415265117631,0.016130669723456417,(-842920.6071146016+1692996.0310362717j),43.19415265117631,0.016130669723456417,(-842920.6071146016-1692996.0310362717j),41.786374399460954,0.012433910953294878,(1660435.5112626455+0j),21.184748772629657,2.910892447444875e-06,(25405.70296655796+0j)
0.9185710670399729,43.035846724194876,0.016130669723456417,(-842920.6071146016+1692996.0310362717j),43.035846724194876,0.016130669723456417,(-842920.6071146016-1692996.0310362717j),41.56091185686368,0.012433910953294878,(1660435.5112626455+0j),21.179457043240795,2.910892447444875e-06,(25405.70296655796+0j)
0.936266022872881,42.87404392826101,0.016130669723456417,(-842920.6071146016+1692996.0310362717j),42.87404392826101,0.016130669723456417,(-842920.6071146016-1692996.0310362717j),41.33067326227384,0.012433910953294878,(1660435.5112626455+0j),21.174421899563328,2.910892447444875e-06,(25405.70296655796+0j)
0.9539609787057891,42.708767298542284,0.016130669723456417,(-842920.6071146016+1692996.0310362717j),42.708767298542284,0.016130669723456417,(-842920.6071146016-1692996.0310362717j),41.09569951058562,0.012433910953294878,(1660435.5112626455+0j),21.169625121384126,2.910892447444875e-06,(25405.70296655796+0j)
0.9716559345386974,42.540039723310215,0.016130669723456417,(-842920.6071146016+1692996.0310362717j),42.540039723310215,0.016130669723456417,(-842920.6071146016-1692996.0310362717j),40.85603116132148,0.012433910953294878,(1660435.5112626455+0j),21.1650501736905,2.910892447444875e-06,(25405.70296655796+0j)
0.9893508903716056,42.36788394497213,0.016130669723456417,(-842920.6071146016+1692996.0310362717j),42.36788394497213,0.016130669723456417,(-842920.6071146016-1692996.0310362717j),40.611708441653654,0.012433910953294878,(1660435.5112626455+0j),21.160682016242323,2.910892447444875e-06,(25405.70296655796+0j)
1.0070458462045138,42.19232256109498,0.016130669723456417,(-842920.6071146016+1692996.0310362717j),42.19232256109498,0.016130669723456417,(-842920.6071146016-1692996.0310362717j),40.362771249395195,0.012433910953294878,(1660435.5112626455+0j),21.156506938395523,2.910892447444875e-06,(25405.70296655796+0j)
1.024740802037422,42.013378025421055,0.016130669723456417,(-842920.6071146016+1692996.0310362717j),42.013378025421055,0.016130669723456417,(-842920.6071146016-1692996.0310362717j),40.10925915596084,0.012433910953294878,(1660435.5112626455+0j),21.152512415354792,2.910892447444875e-06,(25405.70296655796+0j)
1.0424357578703303,41.83107264887573,0.016130669723456417,(-842920.6071146016+1692996.0310362717j),41.83107264887573,0.016130669723456417,(-842920.6071146016-1692996.0310362717j),39.8512114092982,0.012433910953294878,(1660435.5112626455+0j),21.14868698268076,2.910892447444875e-06,(25405.70296655796+0j)
1.0601307137032383,41.645428600567314,0.016130669723456417,(-842920.6071146016+1692996.0310362717j),41.645428600567314,0.016130669723456417,(-842920.6071146016-1692996.0310362717j),39.58866693678941,0.012433910953294878,(1660435.5112626455+0j),21.145020126403228,2.910892447444875e-06,(25405.70296655796+0j)
1.0778256695361466,41.45646790877902,0.016130669723456417,(-842920.6071146016+1692996.0310362717j),41.45646790877902,0.016130669723456417,(-842920.6071146016-1692996.0310362717j),39.32166434812365,0.012433910953294878,(1660435.5112626455+0j),21.141502186522207,2.910892447444875e-06,(25405.70296655796+0j)
1.0955206253690548,41.264212461953235,0.016130669723456417,(-842920.6071146016+1692996.0310362717j),41.264212461953235,0.016130669723456417,(-842920.6071146016-1692996.0310362717j),39.050241938141006,0.012433910953294878,(1660435.5112626455+0j),21.138124272031718,2.910892447444875e-06,(25405.70296655796+0j)
1.1132155812019628,41.06868400966801,0.016130669723456417,(-842920.6071146016+1692996.0310362717j),41.06868400966801,0.016130669723456417,(-842920.6071146016-1692996.0310362717j),38.77443768964772,0.012433910953294878,(1660435.5112626455+0j),21.134878185892475,2.910892447444875e-06,(25405.70296655796+0j)
1.130910537034871,40.86990416360596,0.016130669723456417,(-842920.6071146016+1692996.0310362717j),40.86990416360596,0.016130669723456417,(-842920.6071146016-1692996.0310362717j),38.49428927620331,0.012433910953294878,(1660435.5112626455+0j),21.13175635862052,2.910892447444875e-06,(25405.70296655796+0j)
1.1486054928677794,40.667894398515564,0.016130669723456417,(-842920.6071146016+1692996.0310362717j),40.667894398515564,0.016130669723456417,(-842920.6071146016-1692996.0310362717j),38.209834064879935,0.012433910953294878,(1660435.5112626455+0j),21.128751789359153,2.910892447444875e-06,(25405.70296655796+0j)
1.1663004487006876,40.462676053165,0.016130669723456417,(-842920.6071146016+1692996.0310362717j),40.462676053165,0.016130669723456417,(-842920.6071146016-1692996.0310362717j),37.921109118994174,0.012433910953294878,(1660435.5112626455+0j),21.12585799346851,2.910892447444875e-06,(25405.70296655796+0j)
1.1839954045335959,40.25427033128852,0.016130669723456417,(-842920.6071146016+1692996.0310362717j),40.25427033128852,0.016130669723456417,(-842920.6071146016-1692996.0310362717j),37.628151200811566,0.012433910953294878,(1660435.5112626455+0j),21.123068955807028,2.910892447444875e-06,(25405.70296655796+0j)
1.201690360366504,40.0426983025254,0.016130669723456417,(-842920.6071146016+1692996.0310362717j),40.0426983025254,0.016130669723456417,(-842920.6071146016-1692996.0310362717j),37.33099677422429,0.012433910953294878,(1660435.5112626455+0j),21.12037908899643,2.910892447444875e-06,(25405.70296655796+0j)
1.2193853161994122,39.82798090335172,0.016130669723456417,(-842920.6071146016+1692996.0310362717j),39.82798090335172,0.016130669723456417,(-842920.6071146016-1692996.0310362717j),37.02968200740214,0.012433910953294878,(1660435.5112626455+0j),21.117783196060838,2.910892447444875e-06,(25405.70296655796+0j)
1.2370802720323202,39.61013893800473,0.016130669723456417,(-842920.6071146016+1692996.0310362717j),39.61013893800473,0.016130669723456417,(-842920.6071146016-1692996.0310362717j),36.72424277541728,0.012433910953294878,(1660435.5112626455+0j),21.115276436914435,2.910892447444875e-06,(25405.70296655796+0j)
1.2547752278652284,39.38919307940015,0.016130669723456417,(-842920.6071146016+1692996.0310362717j),39.38919307940015,0.016130669723456417,(-842920.6071146016-1692996.0310362717j),36.41471466284292,0.012433910953294878,(1660435.5112626455+0j),21.11285429824283,2.910892447444875e-06,(25405.70296655796+0j)
1.2724701836981367,39.165163870042306,0.016130669723456417,(-842920.6071146016+1692996.0310362717j),39.165163870042306,0.016130669723456417,(-842920.6071146016-1692996.0310362717j),36.10113296632618,0.012433910953294878,(1660435.5112626455+0j),21.11051256638398,2.910892447444875e-06,(25405.70296655796+0j)
1.2901651395310447,38.93807172292721,0.016130669723456417,(-842920.6071146016+1692996.0310362717j),38.93807172292721,0.016130669723456417,(-842920.6071146016-1692996.0310362717j),35.783532697135655,0.012433910953294878,(1660435.5112626455+0j),21.108247302865784,2.910892447444875e-06,(25405.70296655796+0j)
1.307860095363953,38.70793692243866,0.016130669723456417,(-842920.6071146016+1692996.0310362717j),38.70793692243866,0.016130669723456417,(-842920.6071146016-1692996.0310362717j),35.46194858368359,0.012433910953294878,(1660435.5112626455+0j),21.10605482230151,2.910892447444875e-06,(25405.70296655796+0j)
1.3255550511968612,38.474779625237346,0.016130669723456417,(-842920.6071146016+1692996.0310362717j),38.474779625237346,0.016130669723456417,(-842920.6071146016-1692996.0310362717j),35.13641507402336,0.012433910953294878,(1660435.5112626455+0j),21.103931672382277,2.910892447444875e-06,(25405.70296655796+0j)
1.3432500070297695,38.238619861143185,0.016130669723456417,(-842920.6071146016+1692996.0310362717j),38.238619861143185,0.016130669723456417,(-842920.6071146016-1692996.0310362717j),34.8069663383222,0.012433910953294878,(1660435.5112626455+0j),21.10187461573795,2.910892447444875e-06,(25405.70296655796+0j)
1.3609449628626775,37.999477534010715,0.016130669723456417,(-842920.6071146016+1692996.0310362717j),37.999477534010715,0.016130669723456417,(-842920.6071146016-1692996.0310362717j),34.47363627130959,0.012433910953294878,(1660435.5112626455+0j),21.0998806134661,2.910892447444875e-06,(25405.70296655796+0j)
1.3786399186955858,37.75737242259784,0.016130669723456417,(-842920.6071146016+1692996.0310362717j),37.75737242259784,0.016130669723456417,(-842920.6071146016-1692996.0310362717j),34.136458494701614,0.012433910953294878,(1660435.5112626455+0j),21.09794681015271,2.910892447444875e-06,(25405.70296655796+0j)
1.396334874528494,37.51232418142775,0.016130669723456417,(-842920.6071146016+1692996.0310362717j),37.51232418142775,0.016130669723456417,(-842920.6071146016-1692996.0310362717j),33.79546635960139,0.012433910953294878,(1660435.5112626455+0j),21.096070520229386,2.910892447444875e-06,(25405.70296655796+0j)
1.414029830361402,37.264352341644376,0.016130669723456417,(-842920.6071146016+1692996.0310362717j),37.264352341644376,0.016130669723456417,(-842920.6071146016-1692996.0310362717j),33.450692948876096,0.012433910953294878,(1660435.5112626455+0j),21.094249215529985,2.910892447444875e-06,(25405.70296655796+0j)
1.4317247861943103,37.013476311861055,0.016130669723456417,(-842920.6071146016+1692996.0310362717j),37.013476311861055,0.016130669723456417,(-842920.6071146016-1692996.0310362717j),33.10217107951047,0.012433910953294878,(1660435.5112626455+0j),21.09248051392538,2.910892447444875e-06,(25405.70296655796+0j)
1.4494197420272186,36.75971537900282,0.016130669723456417,(-842920.6071146016+1692996.0310362717j),36.75971537900282,0.016130669723456417,(-842920.6071146016-1692996.0310362717j),32.74993330493747,0.012433910953294878,(1660435.5112626455+0j),21.090762168929007,2.910892447444875e-06,(25405.70296655796+0j)
1.4671146978601268,36.50308870914215,0.016130669723456417,(-842920.6071146016+1692996.0310362717j),36.50308870914215,0.016130669723456417,(-842920.6071146016-1692996.0310362717j),32.39401191734605,0.012433910953294878,(1660435.5112626455+0j),21.08909206017769,2.910892447444875e-06,(25405.70296655796+0j)
1.4848096536930349,36.24361534832829,0.016130669723456417,(-842920.6071146016+1692996.0310362717j),36.24361534832829,0.016130669723456417,(-842920.6071146016-1692996.0310362717j),32.03443894996632,0.012433910953294878,(1660435.5112626455+0j),21.08746818470312,2.910892447444875e-06,(25405.70296655796+0j)
1.5025046095259431,35.981314223410294,0.016130669723456417,(-842920.6071146016+1692996.0310362717j),35.981314223410294,0.016130669723456417,(-842920.6071146016-1692996.0310362717j),31.67124617933252,0.012433910953294878,(1660435.5112626455+0j),21.0858886489182,2.910892447444875e-06,(25405.70296655796+0j)
1.5201995653588514,35.71620414285363,0.016130669723456417,(-842920.6071146016+1692996.0310362717j),35.71620414285363,0.016130669723456417,(-842920.6071146016-1692996.0310362717j),31.304465127523873,0.012433910953294878,(1660435.5112626455+0j),21.084351661251077,2.910892447444875e-06,(25405.70296655796+0j)
1.5378945211917594,35.4483037975506,0.016130669723456417,(-842920.6071146016+1692996.0310362717j),35.4483037975506,0.016130669723456417,(-842920.6071146016-1692996.0310362717j),30.934127064383592,0.012433910953294878,(1660435.5112626455+0j),21.08285552536646,2.910892447444875e-06,(25405.70296655796+0j)
1.5555894770246677,35.17763176162464,0.016130669723456417,(-842920.6071146016+1692996.0310362717j),35.17763176162464,0.016130669723456417,(-842920.6071146016-1692996.0310362717j),30.560263009716344,0.012433910953294878,(1660435.5112626455+0j),21.081398633920408,2.910892447444875e-06,(25405.70296655796+0j)
1.573284432857576,34.90420649322827,0.016130669723456417,(-842920.6071146016+1692996.0310362717j),34.90420649322827,0.016130669723456417,(-842920.6071146016-1692996.0310362717j),30.182903735464365,0.012433910953294878,(1660435.5112626455+0j),21.079979462800136,2.910892447444875e-06,(25405.70296655796+0j)
1.5909793886904842,34.62804633533518,0.016130669723456417,(-842920.6071146016+1692996.0310362717j),34.62804633533518,0.016130669723456417,(-842920.6071146016-1692996.0310362717j),29.80207976786242,0.012433910953294878,(1660435.5112626455+0j),21.078596565805576,2.910892447444875e-06,(25405.70296655796+0j)
1.6086743445233922,34.349169516526075,0.016130669723456417,(-842920.6071146016+1692996.0310362717j),34.349169516526075,0.016130669723456417,(-842920.6071146016-1692996.0310362717j),29.417821389571895,0.012433910953294878,(1660435.5112626455+0j),21.077248569733563,2.910892447444875e-06,(25405.70296655796+0j)
1.6263693003563005,34.06759415176867,0.016130669723456417,(-842920.6071146016+1692996.0310362717j),34.06759415176867,0.016130669723456417,(-842920.6071146016-1692996.0310362717j),29.03015864179422,0.012433910953294878,(1660435.5112626455+0j),21.075934169829576,2.910892447444875e-06,(25405.70296655796+0j)
1.6440642561892087,33.783338243191636,0.016130669723456417,(-842920.6071146016+1692996.0310362717j),33.783338243191636,0.016130669723456417,(-842920.6071146016-1692996.0310362717j),28.639121326363835,0.012433910953294878,(1660435.5112626455+0j),21.074652125575405,2.910892447444875e-06,(25405.70296655796+0j)
1.6617592120221167,33.49641968085278,0.016130669723456417,(-842920.6071146016+1692996.0310362717j),33.49641968085278,0.016130669723456417,(-842920.6071146016-1692996.0310362717j),28.244739007820993,0.012433910953294878,(1660435.5112626455+0j),21.073401256784067,2.910892447444875e-06,(25405.70296655796+0j)
1.679454167855025,33.20685624350122,0.016130669723456417,(-842920.6071146016+1692996.0310362717j),33.20685624350122,0.016130669723456417,(-842920.6071146016-1692996.0310362717j),27.847041015464427,0.012433910953294878,(1660435.5112626455+0j),21.07218043997616,2.910892447444875e-06,(25405.70296655796+0j)
1.6971491236879332,32.91466559933392,0.016130669723456417,(-842920.6071146016+1692996.0310362717j),32.91466559933392,0.016130669723456417,(-842920.6071146016-1692996.0310362717j),27.446056445384393,0.012433910953294878,(1660435.5112626455+0j),21.070988605014364,2.910892447444875e-06,(25405.70296655796+0j)
1.7148440795208413,32.61986530674643,0.016130669723456417,(-842920.6071146016+1692996.0310362717j),32.61986530674643,0.016130669723456417,(-842920.6071146016-1692996.0310362717j),27.04181416247603,0.012433910953294878,(1660435.5112626455+0j),21.069824731974744,2.910892447444875e-06,(25405.70296655796+0j)
1.7325390353537495,32.322472815077866,0.016130669723456417,(-842920.6071146016+1692996.0310362717j),32.322472815077866,0.016130669723456417,(-842920.6071146016-1692996.0310362717j),26.63434280243334,0.012433910953294878,(1660435.5112626455+0j),21.06868784823574,2.910892447444875e-06,(25405.70296655796+0j)
1.7502339911866578,32.02250546535037,0.016130669723456417,(-842920.6071146016+1692996.0310362717j),32.02250546535037,0.016130669723456417,(-842920.6071146016-1692996.0310362717j),26.223670773724095,0.012433910953294878,(1660435.5112626455+0j),21.067577025767335,2.910892447444875e-06,(25405.70296655796+0j)
1.767928947019566,31.71998049100286,0.016130669723456417,(-842920.6071146016+1692996.0310362717j),31.71998049100286,0.016130669723456417,(-842920.6071146016-1692996.0310362717j),25.809826259545716,0.012433910953294878,(1660435.5112626455+0j),21.06649137860459,2.910892447444875e-06,(25405.70296655796+0j)
1.785623902852474,31.414915018619315,0.016130669723456417,(-842920.6071146016+1692996.0310362717j),31.414915018619315,0.016130669723456417,(-842920.6071146016-1692996.0310362717j),25.39283721976244,0.012433910953294878,(1660435.5112626455+0j),21.065430060490897,2.910892447444875e-06,(25405.70296655796+0j)
1.8033188586853823,31.107326068651464,0.016130669723456417,(-842920.6071146016+1692996.0310362717j),31.107326068651464,0.016130669723456417,(-842920.6071146016-1692996.0310362717j),24.972731392823896,0.012433910953294878,(1660435.5112626455+0j),21.06439226267809,2.910892447444875e-06,(25405.70296655796+0j)
1.8210138145182906,30.79723055613614,0.016130669723456417,(-842920.6071146016+1692996.0310362717j),30.79723055613614,0.016130669723456417,(-842920.6071146016-1692996.0310362717j),24.549536297665355,0.012433910953294878,(1660435.5112626455+0j),21.063377211871096,2.910892447444875e-06,(25405.70296655796+0j)
1.8387087703511986,30.484645291407084,0.016130669723456417,(-842920.6071146016+1692996.0310362717j),30.484645291407084,0.016130669723456417,(-842920.6071146016-1692996.0310362717j),24.123279235589855,0.012433910953294878,(1660435.5112626455+0j),21.062384168306256,2.910892447444875e-06,(25405.70296655796+0j)
1.8564037261841069,30.16958698080152,0.016130669723456417,(-842920.6071146016+1692996.0310362717j),30.16958698080152,0.016130669723456417,(-842920.6071146016-1692996.0310362717j),23.693987292132277,0.012433910953294878,(1660435.5112626455+0j),21.061412423953417,2.910892447444875e-06,(25405.70296655796+0j)
1.8740986820170151,29.852072227361283,0.016130669723456417,(-842920.6071146016+1692996.0310362717j),29.852072227361283,0.016130669723456417,(-842920.6071146016-1692996.0310362717j),23.26168733890572,0.012433910953294878,(1660435.5112626455+0j),21.060461300832337,2.910892447444875e-06,(25405.70296655796+0j)
1.8917936378499234,29.532117531528794,0.016130669723456417,(-842920.6071146016+1692996.0310362717j),29.532117531528794,0.016130669723456417,(-842920.6071146016-1692996.0310362717j),22.826406035430253,0.012433910953294878,(1660435.5112626455+0j),21.059530149435265,2.910892447444875e-06,(25405.70296655796+0j)
1.9094885936828314,29.20973929183767,0.016130669723456417,(-842920.6071146016+1692996.0310362717j),29.20973929183767,0.016130669723456417,(-842920.6071146016-1692996.0310362717j),22.388169830944296,0.012433910953294878,(1660435.5112626455+0j),21.05861834724778,2.910892447444875e-06,(25405.70296655796+0j)
1.9271835495157397,28.884953805598283,0.016130669723456417,(-842920.6071146016+1692996.0310362717j),28.884953805598283,0.016130669723456417,(-842920.6071146016-1692996.0310362717j),21.947004966198733,0.012433910953294878,(1660435.5112626455+0j),21.05772529736093,2.910892447444875e-06,(25405.70296655796+0j)
1.944878505348648,28.55777726957806,0.016130669723456417,(-842920.6071146016+1692996.0310362717j),28.55777726957806,0.016130669723456417,(-842920.6071146016-1692996.0310362717j),21.50293747523409,0.012433910953294878,(1660435.5112626455+0j),21.05685042716812,2.910892447444875e-06,(25405.70296655796+0j)
1.962573461181556,28.228225780676784,0.016130669723456417,(-842920.6071146016+1692996.0310362717j),28.228225780676784,0.016130669723456417,(-842920.6071146016-1692996.0310362717j),21.055993187140743,0.012433910953294878,(1660435.5112626455+0j),21.05599318714076,2.910892447444875e-06,(25405.70296655796+0j)
1.962573461181556,21.05599318714076,0.03605019479353358,(-1344956.1343209788+2486909.76358182j),21.05599318714076,0.03605019479353358,(-1344956.1343209788-2486909.76358182j),21.05599318714076,0.03246124440118284,(2682876.7309558573+0j),21.05599318714076,2.232329581523278e-07,(7035.537686099118+0j)
1.980268417014464,21.056673689199435,0.03605019479353358,(-1344956.1343209788+2486909.76358182j),21.056673689199435,0.03605019479353358,(-1344956.1343209788-2486909.76358182j),21.05678952251493,0.03246124440118284,(2682876.7309558573+0j),27.917319014231804,2.232329581523278e-07,(7035.537686099118+0j)
1.9979633728473725,21.05871252649776,0.03605019479353358,(-1344956.1343209788+2486909.76358182j),21.05871252649776,0.03605019479353358,(-1344956.1343209788-2486909.76358182j),21.05917506063943,0.03246124440118284,(2682876.7309558573+0j),28.003605948677304,2.232329581523278e-07,(7035.537686099118+0j)
2.0156583286802805,21.06210570454651,0.03605019479353358,(-1344956.1343209788+2486909.76358182j),21.06210570454651,0.03605019479353358,(-1344956.1343209788-2486909.76358182j),21.063144612253442,0.03246124440118284,(2682876.7309558573+0j),28.032730224543215,2.232329581523278e-07,(7035.537686099118+0j)
2.033353284513189,21.066849240595452,0.03605019479353358,(-1344956.1343209788+2486909.76358182j),21.066849240595452,0.03605019479353358,(-1344956.1343209788-2486909.76358182j),21.06869300502847,0.03246124440118284,(2682876.7309558573+0j),28.047361085274037,2.232329581523278e-07,(7035.537686099118+0j)
2.051048240346097,21.072939163595088,0.03605019479353358,(-1344956.1343209788+2486909.76358182j),21.072939163595088,0.03605019479353358,(-1344956.1343209788-2486909.76358182j),21.07581508350697,0.03246124440118284,(2682876.7309558573+0j),28.056161703758203,2.232329581523278e-07,(7035.537686099118+0j)
2.068743196179005,21.08037151415843,0.03605019479353358,(-1344956.1343209788+2486909.76358182j),21.08037151415843,0.03605019479353358,(-1344956.1343209788-2486909.76358182j),21.084505709041284,0.03246124440118284,(2682876.7309558573+0j),28.062038017704527,2.232329581523278e-07,(7035.537686099118+0j)
2.0864381520119135,21.089142344523,0.03605019479353358,(-1344956.1343209788+2486909.76358182j),21.089142344523,0.03605019479353358,(-1344956.1343209788-2486909.76358182j),21.094759759732753,0.03246124440118284,(2682876.7309558573+0j),28.066239916192107,2.232329581523278e-07,(7035.537686099118+0j)
2.1041331078448215,21.09924771851293,0.03605019479353358,(-1344956.1343209788+2486909.76358182j),21.09924771851293,0.03605019479353358,(-1344956.1343209788-2486909.76358182j),21.106572130371124,0.03246124440118284,(2682876.7309558573+0j),28.069393821279704,2.232329581523278e-07,(7035.537686099118+0j)
2.12182806367773,21.110683711501217,0.03605019479353358,(-1344956.1343209788+2486909.76358182j),21.110683711501217,0.03605019479353358,(-1344956.1343209788-2486909.76358182j),21.119937732374215,0.03246124440118284,(2682876.7309558573+0j),28.071848330296035,2.232329581523278e-07,(7035.537686099118+0j)
2.139523019510638,21.12344641037209,0.03605019479353358,(-1344956.1343209788+2486909.76358182j),21.12344641037209,0.03605019479353358,(-1344956.1343209788-2486909.76358182j),21.134851493727755,0.03246124440118284,(2682876.7309558573+0j),28.073812865364083,2.232329581523278e-07,(7035.537686099118+0j)
2.157217975343546,21.137531913483553,0.03605019479353358,(-1344956.1343209788+2486909.76358182j),21.137531913483553,0.03605019479353358,(-1344956.1343209788-2486909.76358182j),21.15130835892554,0.03246124440118284,(2682876.7309558573+0j),28.07542082604718,2.232329581523278e-07,(7035.537686099118+0j)
2.174912931176454,21.152936330630034,0.03605019479353358,(-1344956.1343209788+2486909.76358182j),21.152936330630034,0.03605019479353358,(-1344956.1343209788-2486909.76358182j),21.16930328890982,0.03246124440118284,(2682876.7309558573+0j),28.076761215473926,2.232329581523278e-07,(7035.537686099118+0j)
2.192607887009362,21.169655783005187,0.03605019479353358,(-1344956.1343209788+2486909.76358182j),21.169655783005187,0.03605019479353358,(-1344956.1343209788-2486909.76358182j),21.188831261011895,0.03246124440118284,(2682876.7309558573+0j),28.07789569103944,2.232329581523278e-07,(7035.537686099118+0j)
2.2103028428422706,21.18768640316483,0.03605019479353358,(-1344956.1343209788+2486909.76358182j),21.18768640316483,0.03605019479353358,(-1344956.1343209788-2486909.76358182j),21.209887268892967,0.03246124440118284,(2682876.7309558573+0j),28.078868317540866,2.232329581523278e-07,(7035.537686099118+0j)
2.2279977986751787,21.20702433499,0.03605019479353358,(-1344956.1343209788+2486909.76358182j),21.20702433499,0.03605019479353358,(-1344956.1343209788-2486909.76358182j),21.232466322485255,0.03246124440118284,(2682876.7309558573+0j),28.07971142398035,2.232329581523278e-07,(7035.537686099118+0j)
2.245692754508087,21.227665733650166,0.03605019479353358,(-1344956.1343209788+2486909.76358182j),21.227665733650166,0.03605019479353358,(-1344956.1343209788-2486909.76358182j),21.256563447933324,0.03246124440118284,(2682876.7309558573+0j),28.080449266664452,2.232329581523278e-07,(7035.537686099118+0j)
2.263387710340995,21.249606765566572,0.03605019479353358,(-1344956.1343209788+2486909.76358182j),21.249606765566572,0.03605019479353358,(-1344956.1343209788-2486909.76358182j),21.282173687535654,0.03246124440118284,(2682876.7309558573+0j),28.08110040088403,2.232329581523278e-07,(7035.537686099118+0j)
2.2810826661739037,21.272843608375698,0.03605019479353358,(-1344956.1343209788+2486909.76358182j),21.272843608375698,0.03605019479353358,(-1344956.1343209788-2486909.76358182j),21.309292099686456,0.03246124440118284,(2682876.7309558573+0j),28.08167926286522,2.232329581523278e-07,(7035.537686099118+0j)
2.2987776220068117,21.29737245089287,0.03605019479353358,(-1344956.1343209788+2486909.76358182j),21.29737245089287,0.03605019479353358,(-1344956.1343209788-2486909.76358182j),21.33791375881771,0.03246124440118284,(2682876.7309558573+0j),28.08219725265449,2.232329581523278e-07,(7035.537686099118+0j)
2.3164725778397197,21.323189493075994,0.03605019479353358,(-1344956.1343209788+2486909.76358182j),21.323189493075994,0.03605019479353358,(-1344956.1343209788-2486909.76358182j),21.368033755341454,0.03246124440118284,(2682876.7309558573+0j),28.082663492445526,2.232329581523278e-07,(7035.537686099118+0j)
2.334167533672628,21.350290945989435,0.03605019479353358,(-1344956.1343209788+2486909.76358182j),21.350290945989435,0.03605019479353358,(-1344956.1343209788-2486909.76358182j),21.399647195592287,0.03246124440118284,(2682876.7309558573+0j),28.08308536843651,2.232329581523278e-07,(7035.537686099118+0j)
2.3518624895055362,21.378673031768017,0.03605019479353358,(-1344956.1343209788+2486909.76358182j),21.378673031768017,0.03605019479353358,(-1344956.1343209788-2486909.76358182j),21.43274920177013,0.03246124440118284,(2682876.7309558573+0j),28.083468925035262,2.232329581523278e-07,(7035.537686099118+0j)
2.3695574453384447,21.408331983581146,0.03605019479353358,(-1344956.1343209788+2486909.76358182j),21.408331983581146,0.03605019479353358,(-1344956.1343209788-2486909.76358182j),21.467334911883185,0.03246124440118284,(2682876.7309558573+0j),28.083819156312863,2.232329581523278e-07,(7035.537686099118+0j)
2.3872524011713523,21.439264045597085,0.03605019479353358,(-1344956.1343209788+2486909.76358182j),21.439264045597085,0.03605019479353358,(-1344956.1343209788-2486909.76358182j),21.50339947969116,0.03246124440118284,(2682876.7309558573+0j),28.08414022465127,2.232329581523278e-07,(7035.537686099118+0j)
2.4049473570042603,21.47146547294733,0.03605019479353358,(-1344956.1343209788+2486909.76358182j),21.47146547294733,0.03605019479353358,(-1344956.1343209788-2486909.76358182j),21.540938074648693,0.03246124440118284,(2682876.7309558573+0j),28.084435626955305,2.232329581523278e-07,(7035.537686099118+0j)
2.422642312837169,21.504932531691168,0.03605019479353358,(-1344956.1343209788+2486909.76358182j),21.504932531691168,0.03605019479353358,(-1344956.1343209788-2486909.76358182j),21.579945881849024,0.03246124440118284,(2682876.7309558573+0j),28.084708322535878,2.232329581523278e-07,(7035.537686099118+0j)
2.440337268670077,21.539661498780283,0.03605019479353358,(-1344956.1343209788+2486909.76358182j),21.539661498780283,0.03605019479353358,(-1344956.1343209788-2486909.76358182j),21.620418101967875,0.03246124440118284,(2682876.7309558573+0j),28.084960832594632,2.232329581523278e-07,(7035.537686099118+0j)
2.4580322245029853,21.575648662023582,0.03605019479353358,(-1344956.1343209788+2486909.76358182j),21.575648662023582,0.03605019479353358,(-1344956.1343209788-2486909.76358182j),21.662349951207595,0.03246124440118284,(2682876.7309558573+0j),28.085195318404928,2.232329581523278e-07,(7035.537686099118+0j)
2.4757271803358933,21.612890320052063,0.03605019479353358,(-1344956.1343209788+2486909.76358182j),21.612890320052063,0.03605019479353358,(-1344956.1343209788-2486909.76358182j),21.705736661241474,0.03246124440118284,(2682876.7309558573+0j),28.085413643327914,2.232329581523278e-07,(7035.537686099118+0j)
2.4934221361688014,21.65138278228388,0.03605019479353358,(-1344956.1343209788+2486909.76358182j),21.65138278228388,0.03605019479353358,(-1344956.1343209788-2486909.76358182j),21.750573479158327,0.03246124440118284,(2682876.7309558573+0j),28.08561742243326,2.232329581523278e-07,(7035.537686099118+0j)
2.51111709200171,21.691122368889495,0.03605019479353358,(-1344956.1343209788+2486909.76358182j),21.691122368889495,0.03605019479353358,(-1344956.1343209788-2486909.76358182j),21.79685566740728,0.03246124440118284,(2682876.7309558573+0j),28.085808062521735,2.232329581523278e-07,(7035.537686099118+0j)
2.528812047834618,21.73210541075696,0.03605019479353358,(-1344956.1343209788+2486909.76358182j),21.73210541075696,0.03605019479353358,(-1344956.1343209788-2486909.76358182j),21.84457850374278,0.03246124440118284,(2682876.7309558573+0j),28.085986794647983,2.232329581523278e-07,(7035.537686099118+0j)
2.5465070036675264,21.77432824945736,0.03605019479353358,(-1344956.1343209788+2486909.76358182j),21.77432824945736,0.03605019479353358,(-1344956.1343209788-2486909.76358182j),21.89373728116984,0.03246124440118284,(2682876.7309558573+0j),28.086154700733434,2.232329581523278e-07,(7035.537686099118+0j)
2.5642019595004344,21.817787237210297,0.03605019479353358,(-1344956.1343209788+2486909.76358182j),21.817787237210297,0.03605019479353358,(-1344956.1343209788-2486909.76358182j),21.944327307889484,0.03246124440118284,(2682876.7309558573+0j),28.08631273548549,2.232329581523278e-07,(7035.537686099118+0j)
2.5818969153333424,21.86247873684963,0.03605019479353358,(-1344956.1343209788+2486909.76358182j),21.86247873684963,0.03605019479353358,(-1344956.1343209788-2486909.76358182j),21.996343907244416,0.03246124440118284,(2682876.7309558573+0j),28.086461744561095,2.232329581523278e-07,(7035.537686099118+0j)
2.599591871166251,21.908399121789213,0.03605019479353358,(-1344956.1343209788+2486909.76358182j),21.908399121789213,0.03605019479353358,(-1344956.1343209788-2486909.76358182j),22.049782417664918,0.03246124440118284,(2682876.7309558573+0j),28.08660247970471,2.232329581523278e-07,(7035.537686099118+0j)
2.617286826999159,21.95554477598881,0.03605019479353358,(-1344956.1343209788+2486909.76358182j),21.95554477598881,0.03605019479353358,(-1344956.1343209788-2486909.76358182j),22.104638192614967,0.03246124440118284,(2682876.7309558573+0j),28.086735611432672,2.232329581523278e-07,(7035.537686099118+0j)
2.634981782832067,22.00391209392015,0.03605019479353358,(-1344956.1343209788+2486909.76358182j),22.00391209392015,0.03605019479353358,(-1344956.1343209788-2486909.76358182j),22.16090660053853,0.03246124440118284,(2682876.7309558573+0j),28.08686173971579,2.232329581523278e-07,(7035.537686099118+0j)
2.652676738664975,22.053497480533093,0.03605019479353358,(-1344956.1343209788+2486909.76358182j),22.053497480533093,0.03605019479353358,(-1344956.1343209788-2486909.76358182j),22.21858302480615,0.03246124440118284,(2682876.7309558573+0j),28.086981403019262,2.232329581523278e-07,(7035.537686099118+0j)
2.670371694497883,22.104297351221884,0.03605019479353358,(-1344956.1343209788+2486909.76358182j),22.104297351221884,0.03605019479353358,(-1344956.1343209788-2486909.76358182j),22.27766286366165,0.03246124440118284,(2682876.7309558573+0j),28.08709508598723,2.232329581523278e-07,(7035.537686099118+0j)
2.6880666503307915,22.156308131791587,0.03605019479353358,(-1344956.1343209788+2486909.76358182j),22.156308131791587,0.03605019479353358,(-1344956.1343209788-2486909.76358182j),22.338141530169143,0.03246124440118284,(2682876.7309558573+0j),28.087203226003304,2.232329581523278e-07,(7035.537686099118+0j)
2.7057616061637,22.20952625842458,0.03605019479353358,(-1344956.1343209788+2486909.76358182j),22.20952625842458,0.03605019479353358,(-1344956.1343209788-2486909.76358182j),22.40001445216017,0.03246124440118284,(2682876.7309558573+0j),28.087306218814277,2.232329581523278e-07,(7035.537686099118+0j)
2.723456561996608,22.26394817764723,0.03605019479353358,(-1344956.1343209788+2486909.76358182j),22.26394817764723,0.03605019479353358,(-1344956.1343209788-2486909.76358182j),22.463277072181146,0.03246124440118284,(2682876.7309558573+0j),28.087404423369478,2.232329581523278e-07,(7035.537686099118+0j)
2.741151517829516,22.319570346296647,0.03605019479353358,(-1344956.1343209788+2486909.76358182j),22.319570346296647,0.03605019479353358,(-1344956.1343209788-2486909.76358182j),22.5279248474409,0.03246124440118284,(2682876.7309558573+0j),28.08749816600052,2.232329581523278e-07,(7035.537686099118+0j)
2.7588464736624245,22.376389231487558,0.03605019479353358,(-1344956.1343209788+2486909.76358182j),22.376389231487558,0.03605019479353358,(-1344956.1343209788-2486909.76358182j),22.593953249758528,0.03246124440118284,(2682876.7309558573+0j),28.08758774404395,2.232329581523278e-07,(7035.537686099118+0j)
2.7765414294953326,22.434401310579343,0.03605019479353358,(-1344956.1343209788+2486909.76358182j),22.434401310579343,0.03605019479353358,(-1344956.1343209788-2486909.76358182j),22.6613577655114,0.03246124440118284,(2682876.7309558573+0j),28.087673428991604,2.232329581523278e-07,(7035.537686099118+0j)
2.794236385328241,22.493603071143127,0.03605019479353358,(-1344956.1343209788+2486909.76358182j),22.493603071143127,0.03605019479353358,(-1344956.1343209788-2486909.76358182j),22.730133895583393,0.03246124440118284,(2682876.7309558573+0j),28.087755469238925,2.232329581523278e-07,(7035.537686099118+0j)
2.811931341161149,22.55399101092905,0.03605019479353358,(-1344956.1343209788+2486909.76358182j),22.55399101092905,0.03605019479353358,(-1344956.1343209788-2486909.76358182j),22.800277155313307,0.03246124440118284,(2682876.7309558573+0j),28.087834092489903,2.232329581523278e-07,(7035.537686099118+0j)
2.829626296994057,22.61556163783361,0.03605019479353358,(-1344956.1343209788+2486909.76358182j),22.61556163783361,0.03605019479353358,(-1344956.1343209788-2486909.76358182j),22.87178307444352,0.03246124440118284,(2682876.7309558573+0j),28.08790950786761,2.232329581523278e-07,(7035.537686099118+0j)
2.8473212528269656,22.678311469867158,0.03605019479353358,(-1344956.1343209788+2486909.76358182j),22.678311469867158,0.03605019479353358,(-1344956.1343209788-2486909.76358182j),22.944647197068836,0.03246124440118284,(2682876.7309558573+0j),28.087981907771624,2.232329581523278e-07,(7035.537686099118+0j)
2.8650162086598736,22.74223703512147,0.03605019479353358,(-1344956.1343209788+2486909.76358182j),22.74223703512147,0.03605019479353358,(-1344956.1343209788-2486909.76358182j),23.018865081585524,0.03246124440118284,(2682876.7309558573+0j),28.08805146951694,2.232329581523278e-07,(7035.537686099118+0j)
2.8827111644927816,22.807334871737485,0.03605019479353358,(-1344956.1343209788+2486909.76358182j),22.807334871737485,0.03605019479353358,(-1344956.1343209788-2486909.76358182j),23.09443230064057,0.03246124440118284,(2682876.7309558573+0j),28.088118356783912,2.232329581523278e-07,(7035.537686099118+0j)
2.9004061203256897,22.87360152787313,0.03605019479353358,(-1344956.1343209788+2486909.76358182j),22.87360152787313,0.03605019479353358,(-1344956.1343209788-2486909.76358182j),23.171344441081132,0.03246124440118284,(2682876.7309558573+0j),28.088182720904058,2.232329581523278e-07,(7035.537686099118+0j)
2.9181010761585977,22.94103356167124,0.03605019479353358,(-1344956.1343209788+2486909.76358182j),22.94103356167124,0.03605019479353358,(-1344956.1343209788-2486909.76358182j),23.249597103904197,0.03246124440118284,(2682876.7309558573+0j),28.088244702003095,2.232329581523278e-07,(7035.537686099118+0j)
2.935796031991506,23.009627541227644,0.03605019479353358,(-1344956.1343209788+2486909.76358182j),23.009627541227644,0.03605019479353358,(-1344956.1343209788-2486909.76358182j),23.329185904206444,0.03246124440118284,(2682876.7309558573+0j),28.088304430019278,2.232329581523278e-07,(7035.537686099118+0j)
2.953490987824414,23.07938004455933,0.03605019479353358,(-1344956.1343209788+2486909.76358182j),23.07938004455933,0.03605019479353358,(-1344956.1343209788-2486909.76358182j),23.410106471134267,0.03246124440118284,(2682876.7309558573+0j),28.088362025612692,2.232329581523278e-07,(7035.537686099118+0j)
2.9711859436573227,23.15028765957273,0.03605019479353358,(-1344956.1343209788+2486909.76358182j),23.15028765957273,0.03605019479353358,(-1344956.1343209788-2486909.76358182j),23.492354447834074,0.03246124440118284,(2682876.7309558573+0j),28.088417600978865,2.232329581523278e-07,(7035.537686099118+0j)
2.9888808994902307,23.22234698403212,0.03605019479353358,(-1344956.1343209788+2486909.76358182j),23.22234698403212,0.03605019479353358,(-1344956.1343209788-2486909.76358182j),23.575925491402703,0.03246124440118284,(2682876.7309558573+0j),28.08847126057822,2.232329581523278e-07,(7035.537686099118+0j)
3.0065758553231388,23.29555462552816,0.03605019479353358,(-1344956.1343209788+2486909.76358182j),23.29555462552816,0.03605019479353358,(-1344956.1343209788-2486909.76358182j),23.66081527283809,0.03246124440118284,(2682876.7309558573+0j),28.08852310179139,2.232329581523278e-07,(7035.537686099118+0j)
3.0242708111560472,23.36990720144647,0.03605019479353358,(-1344956.1343209788+2486909.76358182j),23.36990720144647,0.03605019479353358,(-1344956.1343209788-2486909.76358182j),23.74701947699008,0.03246124440118284,(2682876.7309558573+0j),28.088573215509015,2.232329581523278e-07,(7035.537686099118+0j)
3.0419657669889557,23.44540133893643,0.03605019479353358,(-1344956.1343209788+2486909.76358182j),23.44540133893643,0.03605019479353358,(-1344956.1343209788-2486909.76358182j),23.834533802511523,0.03246124440118284,(2682876.7309558573+0j),28.08862168666354,2.232329581523278e-07,(7035.537686099118+0j)
3.0596607228218637,23.522033674879992,0.03605019479353358,(-1344956.1343209788+2486909.76358182j),23.522033674879992,0.03605019479353358,(-1344956.1343209788-2486909.76358182j),23.923353961809447,0.03246124440118284,(2682876.7309558573+0j),28.08866859470957,2.232329581523278e-07,(7035.537686099118+0j)
3.0773556786547718,23.59980085586067,0.03605019479353358,(-1344956.1343209788+2486909.76358182j),23.59980085586067,0.03605019479353358,(-1344956.1343209788-2486909.76358182j),24.01347568099652,0.03246124440118284,(2682876.7309558573+0j),28.088714014058496,2.232329581523278e-07,(7035.537686099118+0j)
3.09505063448768,23.67869953813259,0.03605019479353358,(-1344956.1343209788+2486909.76358182j),23.67869953813259,0.03605019479353358,(-1344956.1343209788-2486909.76358182j),24.10489469984266,0.03246124440118284,(2682876.7309558573+0j),28.088758014472358,2.232329581523278e-07,(7035.537686099118+0j)
3.1127455903205883,23.75872638758969,0.03605019479353358,(-1344956.1343209788+2486909.76358182j),23.75872638758969,0.03605019479353358,(-1344956.1343209788-2486909.76358182j),24.197606771726846,0.03246124440118284,(2682876.7309558573+0j),28.088800661421402,2.232329581523278e-07,(7035.537686099118+0j)
3.1304405461534963,23.839878079735023,0.03605019479353358,(-1344956.1343209788+2486909.76358182j),23.839878079735023,0.03605019479353358,(-1344956.1343209788-2486909.76358182j),24.2916076635891,0.03246124440118284,(2682876.7309558573+0j),28.08884201640912,2.232329581523278e-07,(7035.537686099118+0j)
3.1481355019864043,23.92215129965015,0.03605019479353358,(-1344956.1343209788+2486909.76358182j),23.92215129965015,0.03605019479353358,(-1344956.1343209788-2486909.76358182j),24.386893155882717,0.03246124440118284,(2682876.7309558573+0j),28.0888821372682,2.232329581523278e-07,(7035.537686099118+0j)
3.1658304578193124,24.00554274196465,0.03605019479353358,(-1344956.1343209788+2486909.76358182j),24.00554274196465,0.03605019479353358,(-1344956.1343209788-2486909.76358182j),24.483459042526604,0.03246124440118284,(2682876.7309558573+0j),28.088921078430328,2.232329581523278e-07,(7035.537686099118+0j)
3.1835254136522204,24.090049110825774,0.03605019479353358,(-1344956.1343209788+2486909.76358182j),24.090049110825774,0.03605019479353358,(-1344956.1343209788-2486909.76358182j),24.58130113085788,0.03246124440118284,(2682876.7309558573+0j),28.088958891172627,2.232329581523278e-07,(7035.537686099118+0j)
3.201220369485129,24.175667119868137,0.03605019479353358,(-1344956.1343209788+2486909.76358182j),24.175667119868137,0.03605019479353358,(-1344956.1343209788-2486909.76358182j),24.680415241584612,0.03246124440118284,(2682876.7309558573+0j),28.088995623842866,2.232329581523278e-07,(7035.537686099118+0j)
3.2189153253180374,24.26239349218359,0.03605019479353358,(-1344956.1343209788+2486909.76358182j),24.26239349218359,0.03605019479353358,(-1344956.1343209788-2486909.76358182j),24.78079720873876,0.03246124440118284,(2682876.7309558573+0j),28.089031322065733,2.232329581523278e-07,(7035.537686099118+0j)
3.2366102811509454,24.35022496029115,0.03605019479353358,(-1344956.1343209788+2486909.76358182j),24.35022496029115,0.03605019479353358,(-1344956.1343209788-2486909.76358182j),24.882442879629313,0.03246124440118284,(2682876.7309558573+0j),28.089066028931875,2.232329581523278e-07,(7035.537686099118+0j)
3.2543052369838534,24.439158266107064,0.03605019479353358,(-1344956.1343209788+2486909.76358182j),24.439158266107064,0.03605019479353358,(-1344956.1343209788-2486909.76358182j),24.985348114795602,0.03246124440118284,(2682876.7309558573+0j),28.08909978517142,2.232329581523278e-07,(7035.537686099118+0j)
3.2720001928167615,24.52919016091497,0.03605019479353358,(-1344956.1343209788+2486909.76358182j),24.52919016091497,0.03605019479353358,(-1344956.1343209788-2486909.76358182j),25.089508787960774,0.03246124440118284,(2682876.7309558573+0j),28.08913262931343,2.232329581523278e-07,(7035.537686099118+0j)
3.28969514864967,24.620317405336152,0.03605019479353358,(-1344956.1343209788+2486909.76358182j),24.620317405336152,0.03605019479353358,(-1344956.1343209788-2486909.76358182j),25.194920785985513,0.03246124440118284,(2682876.7309558573+0j),28.0891645978326,2.232329581523278e-07,(7035.537686099118+0j)
3.3073901044825784,24.712536769299934,0.03605019479353358,(-1344956.1343209788+2486909.76358182j),24.712536769299934,0.03605019479353358,(-1344956.1343209788-2486909.76358182j),25.301580008821862,0.03246124440118284,(2682876.7309558573+0j),28.089195725284394,2.232329581523278e-07,(7035.537686099118+0j)
3.3250850603154865,24.805845032014158,0.03605019479353358,(-1344956.1343209788+2486909.76358182j),24.805845032014158,0.03605019479353358,(-1344956.1343209788-2486909.76358182j),25.409482369467295,0.03246124440118284,(2682876.7309558573+0j),28.089226044429605,2.232329581523278e-07,(7035.537686099118+0j)
3.3427800161483945,24.900238981935736,0.03605019479353358,(-1344956.1343209788+2486909.76358182j),24.900238981935736,0.03605019479353358,(-1344956.1343209788-2486909.76358182j),25.51862379391893,0.03246124440118284,(2682876.7309558573+0j),28.089255586349413,2.232329581523278e-07,(7035.537686099118+0j)
3.3604749719813025,24.99571541674139,0.03605019479353358,(-1344956.1343209788+2486909.76358182j),24.99571541674139,0.03605019479353358,(-1344956.1343209788-2486909.76358182j),25.62900022112793,0.03246124440118284,(2682876.7309558573+0j),28.089284380551643,2.232329581523278e-07,(7035.537686099118+0j)
3.3781699278142105,25.0922711432984,0.03605019479353358,(-1344956.1343209788+2486909.76358182j),25.0922711432984,0.03605019479353358,(-1344956.1343209788-2486909.76358182j),25.740607602954114,0.03246124440118284,(2682876.7309558573+0j),28.089312455069063,2.232329581523278e-07,(7035.537686099118+0j)
3.395864883647119,25.18990297763553,0.03605019479353358,(-1344956.1343209788+2486909.76358182j),25.18990297763553,0.03605019479353358,(-1344956.1343209788-2486909.76358182j),25.853441904120686,0.03246124440118284,(2682876.7309558573+0j),28.089339836550444,2.232329581523278e-07,(7035.537686099118+0j)
3.413559839480027,25.288607744914014,0.03605019479353358,(-1344956.1343209788+2486909.76358182j),25.288607744914014,0.03605019479353358,(-1344956.1343209788-2486909.76358182j),25.967499102169192,0.03246124440118284,(2682876.7309558573+0j),28.089366550344913,2.232329581523278e-07,(7035.537686099118+0j)
3.431254795312935,25.38838227939866,0.03605019479353358,(-1344956.1343209788+2486909.76358182j),25.38838227939866,0.03605019479353358,(-1344956.1343209788-2486909.76358182j),26.08277518741464,0.03246124440118284,(2682876.7309558573+0j),28.089392620580227,2.232329581523278e-07,(7035.537686099118+0j)
3.4489497511458436,25.489223424429063,0.03605019479353358,(-1344956.1343209788+2486909.76358182j),25.489223424429063,0.03605019479353358,(-1344956.1343209788-2486909.76358182j),26.199266162900795,0.03246124440118284,(2682876.7309558573+0j),28.08941807023547,2.232329581523278e-07,(7035.537686099118+0j)
3.4666447069787516,25.591128032390905,0.03605019479353358,(-1344956.1343209788+2486909.76358182j),25.591128032390905,0.03605019479353358,(-1344956.1343209788-2486909.76358182j),26.316968044355637,0.03246124440118284,(2682876.7309558573+0j),28.08944292120859,2.232329581523278e-07,(7035.537686099118+0j)
3.48433966281166,25.694092964687382,0.03605019479353358,(-1344956.1343209788+2486909.76358182j),25.694092964687382,0.03605019479353358,(-1344956.1343209788-2486909.76358182j),26.435876860147026,0.03246124440118284,(2682876.7309558573+0j),28.089467194379253,2.232329581523278e-07,(7035.537686099118+0j)
3.502034618644568,25.798115091710677,0.03605019479353358,(-1344956.1343209788+2486909.76358182j),25.798115091710677,0.03605019479353358,(-1344956.1343209788-2486909.76358182j),26.55598865123849,0.03246124440118284,(2682876.7309558573+0j),28.089490909667344,2.232329581523278e-07,(7035.537686099118+0j)
3.519729574477476,25.903191292813624,0.03605019479353358,(-1344956.1343209788+2486909.76358182j),25.903191292813624,0.03605019479353358,(-1344956.1343209788-2486909.76358182j),26.67729947114525,0.03246124440118284,(2682876.7309558573+0j),28.0895140860875,2.232329581523278e-07,(7035.537686099118+0j)
3.5374245303103846,26.009318456281363,0.03605019479353358,(-1344956.1343209788+2486909.76358182j),26.009318456281363,0.03605019479353358,(-1344956.1343209788-2486909.76358182j),26.79980538589036,0.03246124440118284,(2682876.7309558573+0j),28.08953674179995,2.232329581523278e-07,(7035.537686099118+0j)
3.555119486143293,26.116493479303216,0.03605019479353358,(-1344956.1343209788+2486909.76358182j),26.116493479303216,0.03605019479353358,(-1344956.1343209788-2486909.76358182j),26.923502473961047,0.03246124440118284,(2682876.7309558573+0j),28.089558894157967,2.232329581523278e-07,(7035.537686099118+0j)
3.572814441976201,26.22471326794453,0.03605019479353358,(-1344956.1343209788+2486909.76358182j),26.22471326794453,0.03605019479353358,(-1344956.1343209788-2486909.76358182j),27.048386826265222,0.03246124440118284,(2682876.7309558573+0j),28.089580559752196,2.232329581523278e-07,(7035.537686099118+0j)
3.590509397809109,26.33397473711876,0.03605019479353358,(-1344956.1343209788+2486909.76358182j),26.33397473711876,0.03605019479353358,(-1344956.1343209788-2486909.76358182j),27.174454546088157,0.03246124440118284,(2682876.7309558573+0j),28.08960175445212,2.232329581523278e-07,(7035.537686099118+0j)
3.608204353642017,26.44427481055951,0.03605019479353358,(-1344956.1343209788+2486909.76358182j),26.44427481055951,0.03605019479353358,(-1344956.1343209788-2486909.76358182j),27.301701749049315,0.03246124440118284,(2682876.7309558573+0j),28.089622493444775,2.232329581523278e-07,(7035.537686099118+0j)
3.6258993094749252,26.555610420792807,0.03605019479353358,(-1344956.1343209788+2486909.76358182j),26.555610420792807,0.03605019479353358,(-1344956.1343209788-2486909.76358182j),27.430124563059398,0.03246124440118284,(2682876.7309558573+0j),28.089642791271086,2.232329581523278e-07,(7035.537686099118+0j)
3.6435942653078337,26.66797850910935,0.03605019479353358,(-1344956.1343209788+2486909.76358182j),26.66797850910935,0.03605019479353358,(-1344956.1343209788-2486909.76358182j),27.559719128277475,0.03246124440118284,(2682876.7309558573+0j),28.089662661859844,2.232329581523278e-07,(7035.537686099118+0j)
3.6612892211407417,26.781376025536968,0.03605019479353358,(-1344956.1343209788+2486909.76358182j),26.781376025536968,0.03605019479353358,(-1344956.1343209788-2486909.76358182j),27.6904815970684,0.03246124440118284,(2682876.7309558573+0j),28.089682118559594,2.232329581523278e-07,(7035.537686099118+0j)
3.6789841769736498,26.895799928813073,0.03605019479353358,(-1344956.1343209788+2486909.76358182j),26.895799928813073,0.03605019479353358,(-1344956.1343209788-2486909.76358182j),27.822408133960256,0.03246124440118284,(2682876.7309558573+0j),28.089701174168532,2.232329581523278e-07,(7035.537686099118+0j)
3.696679132806558,27.011247186357302,0.03605019479353358,(-1344956.1343209788+2486909.76358182j),27.011247186357302,0.03605019479353358,(-1344956.1343209788-2486909.76358182j),27.95549491560209,0.03246124440118284,(2682876.7309558573+0j),28.089719840962573,2.232329581523278e-07,(7035.537686099118+0j)
3.7143740886394663,27.127714774244186,0.03605019479353358,(-1344956.1343209788+2486909.76358182j),27.127714774244186,0.03605019479353358,(-1344956.1343209788-2486909.76358182j),28.089738130721745,0.03246124440118284,(2682876.7309558573+0j),28.08973813072174,2.232329581523278e-07,(7035.537686099118+0j)
3.7143740886394663,28.08973813072174,0.041626398148026045,(-1455124.1093851712+2666961.981671944j),28.08973813072174,0.041626398148026045,(-1455124.1093851712-2666961.981671944j),28.08973813072174,0.03804893147093877,(2904620.3051208146+0j),28.08973813072174,1.4284287332787014e-07,(5627.9136495248085+0j)
3.7320690444723748,28.090286653543995,0.041626398148026045,(-1455124.1093851712+2666961.981671944j),28.090286653543995,0.041626398148026045,(-1455124.1093851712-2666961.981671944j),28.090365754739565,0.03804893147093877,(2904620.3051208146+0j),33.62787741126011,1.4284287332787014e-07,(5627.9136495248085+0j)
3.7497640003052832,28.09193035861961,0.041626398148026045,(-1455124.1093851712+2666961.981671944j),28.09193035861961,0.041626398148026045,(-1455124.1093851712-2666961.981671944j),28.092246294452835,0.03804893147093877,(2904620.3051208146+0j),33.67249392521489,1.4284287332787014e-07,(5627.9136495248085+0j)
3.7674589561381913,28.094666456200653,0.041626398148026045,(-1455124.1093851712+2666961.981671944j),28.094666456200653,0.041626398148026045,(-1455124.1093851712-2666961.981671944j),28.095376258660874,0.03804893147093877,(2904620.3051208146+0j),33.68748596396168,1.4284287332787014e-07,(5627.9136495248085+0j)
3.7851539119710997,28.098492163641467,0.041626398148026045,(-1455124.1093851712+2666961.981671944j),28.098492163641467,0.041626398148026045,(-1455124.1093851712-2666961.981671944j),28.099752165885096,0.03804893147093877,(2904620.3051208146+0j),33.695004639674984,1.4284287332787014e-07,(5627.9136495248085+0j)
3.802848867804008,28.103404705378594,0.041626398148026045,(-1455124.1093851712+2666961.981671944j),28.103404705378594,0.041626398148026045,(-1455124.1093851712-2666961.981671944j),28.105370544338903,0.03804893147093877,(2904620.3051208146+0j),33.69952311851198,1.4284287332787014e-07,(5627.9136495248085+0j)
3.8205438236369167,28.10940131291075,0.041626398148026045,(-1455124.1093851712+2666961.981671944j),28.10940131291075,0.041626398148026045,(-1455124.1093851712-2666961.981671944j),28.112227931897753,0.03804893147093877,(2904620.3051208146+0j),33.702538473754025,1.4284287332787014e-07,(5627.9136495248085+0j)
3.8382387794698247,28.11647922477889,0.041626398148026045,(-1455124.1093851712+2666961.981671944j),28.11647922477889,0.041626398148026045,(-1455124.1093851712-2666961.981671944j),28.12032087606928,0.03804893147093877,(2904620.3051208146+0j),33.70469378766894,1.4284287332787014e-07,(5627.9136495248085+0j)
3.8559337353027328,28.124635686546284,0.041626398148026045,(-1455124.1093851712+2666961.981671944j),28.124635686546284,0.041626398148026045,(-1455124.1093851712-2666961.981671944j),28.129645933963552,0.03804893147093877,(2904620.3051208146+0j),33.70631108791753,1.4284287332787014e-07,(5627.9136495248085+0j)
3.8736286911356412,28.133867950778733,0.041626398148026045,(-1455124.1093851712+2666961.981671944j),28.133867950778733,0.041626398148026045,(-1455124.1093851712-2666961.981671944j),28.140199672263417,0.03804893147093877,(2904620.3051208146+0j),33.70756947125118,1.4284287332787014e-07,(5627.9136495248085+0j)
3.8913236469685497,28.14417327702476,0.041626398148026045,(-1455124.1093851712+2666961.981671944j),28.14417327702476,0.041626398148026045,(-1455124.1093851712-2666961.981671944j),28.151978667194964,0.03804893147093877,(2904620.3051208146+0j),33.70857648243679,1.4284287332787014e-07,(5627.9136495248085+0j)
3.909018602801458,28.155548931795945,0.041626398148026045,(-1455124.1093851712+2666961.981671944j),28.155548931795945,0.041626398148026045,(-1455124.1093851712-2666961.981671944j),28.164979504498053,0.03804893147093877,(2904620.3051208146+0j),33.709400602088046,1.4284287332787014e-07,(5627.9136495248085+0j)
3.926713558634366,28.167992188547267,0.041626398148026045,(-1455124.1093851712+2666961.981671944j),28.167992188547267,0.041626398148026045,(-1455124.1093851712-2666961.981671944j),28.179198779397005,0.03804893147093877,(2904620.3051208146+0j),33.710087506973814,1.4284287332787014e-07,(5627.9136495248085+0j)
3.944408514467275,28.181500327657535,0.041626398148026045,(-1455124.1093851712+2666961.981671944j),28.181500327657535,0.041626398148026045,(-1455124.1093851712-2666961.981671944j),28.19463309657133,0.03804893147093877,(2904620.3051208146+0j),33.71066883255934,1.4284287332787014e-07,(5627.9136495248085+0j)
3.962103470300183,28.196070636409864,0.041626398148026045,(-1455124.1093851712+2666961.981671944j),28.196070636409864,0.041626398148026045,(-1455124.1093851712-2666961.981671944j),28.211279070126622,0.03804893147093877,(2904620.3051208146+0j),33.71116718342094,1.4284287332787014e-07,(5627.9136495248085+0j)
3.979798426133091,28.211700408972234,0.041626398148026045,(-1455124.1093851712+2666961.981671944j),28.211700408972234,0.041626398148026045,(-1455124.1093851712-2666961.981671944j),28.229133323565474,0.03804893147093877,(2904620.3051208146+0j),33.71159914111251,1.4284287332787014e-07,(5627.9136495248085+0j)
3.997493381966,28.228386946378098,0.041626398148026045,(-1455124.1093851712+2666961.981671944j),28.228386946378098,0.041626398148026045,(-1455124.1093851712-2666961.981671944j),28.248192489758587,0.03804893147093877,(2904620.3051208146+0j),33.71197714493587,1.4284287332787014e-07,(5627.9136495248085+0j)
4.015188337798908,28.246127556507034,0.041626398148026045,(-1455124.1093851712+2666961.981671944j),28.246127556507034,0.041626398148026045,(-1455124.1093851712-2666961.981671944j),28.268453210915897,0.03804893147093877,(2904620.3051208146+0j),33.71231070938253,1.4284287332787014e-07,(5627.9136495248085+0j)
4.032883293631816,28.264919554065504,0.041626398148026045,(-1455124.1093851712+2666961.981671944j),28.264919554065504,0.041626398148026045,(-1455124.1093851712-2666961.981671944j),28.289912138557856,0.03804893147093877,(2904620.3051208146+0j),33.71260723603452,1.4284287332787014e-07,(5627.9136495248085+0j)
4.050578249464725,28.284760260567623,0.041626398148026045,(-1455124.1093851712+2666961.981671944j),28.284760260567623,0.041626398148026045,(-1455124.1093851712-2666961.981671944j),28.312565933486777,0.03804893147093877,(2904620.3051208146+0j),33.7128725692389,1.4284287332787014e-07,(5627.9136495248085+0j)
4.068273205297633,28.30564700431602,0.041626398148026045,(-1455124.1093851712+2666961.981671944j),28.30564700431602,0.041626398148026045,(-1455124.1093851712-2666961.981671944j),28.33641126575832,0.03804893147093877,(2904620.3051208146+0j),33.713111385180845,1.4284287332787014e-07,(5627.9136495248085+0j)
4.085968161130542,28.32757712038277,0.041626398148026045,(-1455124.1093851712+2666961.981671944j),28.32757712038277,0.041626398148026045,(-1455124.1093851712-2666961.981671944j),28.36144481465301,0.03804893147093877,(2904620.3051208146+0j),33.713327469857056,1.4284287332787014e-07,(5627.9136495248085+0j)
4.10366311696345,28.350547950590336,0.041626398148026045,(-1455124.1093851712+2666961.981671944j),28.350547950590336,0.041626398148026045,(-1455124.1093851712-2666961.981671944j),28.387663268647938,0.03804893147093877,(2904620.3051208146+0j),33.71352392128,1.4284287332787014e-07,(5627.9136495248085+0j)
4.121358072796358,28.374556843492613,0.041626398148026045,(-1455124.1093851712+2666961.981671944j),28.374556843492613,0.041626398148026045,(-1455124.1093851712-2666961.981671944j),28.41506332538849,0.03804893147093877,(2904620.3051208146+0j),33.71370329896095,1.4284287332787014e-07,(5627.9136495248085+0j)
4.139053028629267,28.39960115435604,0.041626398148026045,(-1455124.1093851712+2666961.981671944j),28.39960115435604,0.041626398148026045,(-1455124.1093851712-2666961.981671944j),28.443641691660208,0.03804893147093877,(2904620.3051208146+0j),33.71386773604117,1.4284287332787014e-07,(5627.9136495248085+0j)
4.156747984462175,28.425678245140745,0.041626398148026045,(-1455124.1093851712+2666961.981671944j),28.425678245140745,0.041626398148026045,(-1455124.1093851712-2666961.981671944j),28.473395083360725,0.03804893147093877,(2904620.3051208146+0j),33.71401902452458,1.4284287332787014e-07,(5627.9136495248085+0j)
4.174442940295084,28.452785484481733,0.041626398148026045,(-1455124.1093851712+2666961.981671944j),28.452785484481733,0.041626398148026045,(-1455124.1093851712-2666961.981671944j),28.504320225471822,0.03804893147093877,(2904620.3051208146+0j),33.71415868085058,1.4284287332787014e-07,(5627.9136495248085+0j)
4.192137896127991,28.480920247670202,0.041626398148026045,(-1455124.1093851712+2666961.981671944j),28.480920247670202,0.041626398148026045,(-1455124.1093851712-2666961.981671944j),28.53641385203159,0.03804893147093877,(2904620.3051208146+0j),33.71428799690159,1.4284287332787014e-07,(5627.9136495248085+0j)
4.2098328519609,28.510079916634837,0.041626398148026045,(-1455124.1093851712+2666961.981671944j),28.510079916634837,0.041626398148026045,(-1455124.1093851712-2666961.981671944j),28.56967270610663,0.03804893147093877,(2904620.3051208146+0j),33.71440808008524,1.4284287332787014e-07,(5627.9136495248085+0j)
4.227527807793808,28.540261879923218,0.041626398148026045,(-1455124.1093851712+2666961.981671944j),28.540261879923218,0.041626398148026045,(-1455124.1093851712-2666961.981671944j),28.60409353976441,0.03804893147093877,(2904620.3051208146+0j),33.71451988512699,1.4284287332787014e-07,(5627.9136495248085+0j)
4.245222763626717,28.57146353268327,0.041626398148026045,(-1455124.1093851712+2666961.981671944j),28.57146353268327,0.041626398148026045,(-1455124.1093851712-2666961.981671944j),28.639673114045696,0.03804893147093877,(2904620.3051208146+0j),33.714624239506996,1.4284287332787014e-07,(5627.9136495248085+0j)
4.262917719459625,28.603682276644765,0.041626398148026045,(-1455124.1093851712+2666961.981671944j),28.603682276644765,0.041626398148026045,(-1455124.1093851712-2666961.981671944j),28.676408198937057,0.03804893147093877,(2904620.3051208146+0j),33.71472186397545,1.4284287332787014e-07,(5627.9136495248085+0j)
4.2806126752925335,28.636915520100885,0.041626398148026045,(-1455124.1093851712+2666961.981671944j),28.636915520100885,0.041626398148026045,(-1455124.1093851712-2666961.981671944j),28.714295573343517,0.03804893147093877,(2904620.3051208146+0j),33.71481338922287,1.4284287332787014e-07,(5627.9136495248085+0j)
4.298307631125441,28.671160677889848,0.041626398148026045,(-1455124.1093851712+2666961.981671944j),28.671160677889848,0.041626398148026045,(-1455124.1093851712-2666961.981671944j),28.753332025061226,0.03804893147093877,(2904620.3051208146+0j),33.714899369520474,1.4284287332787014e-07,(5627.9136495248085+0j)
4.3160025869583505,28.706415171376605,0.041626398148026045,(-1455124.1093851712+2666961.981671944j),28.706415171376605,0.041626398148026045,(-1455124.1093851712-2666961.981671944j),28.793514350750314,0.03804893147093877,(2904620.3051208146+0j),33.71498029395433,1.4284287332787014e-07,(5627.9136495248085+0j)
4.333697542791258,28.742676428434542,0.041626398148026045,(-1455124.1093851712+2666961.981671944j),28.742676428434542,0.041626398148026045,(-1455124.1093851712-2666961.981671944j),28.83483935590774,0.03804893147093877,(2904620.3051208146+0j),33.715056595734296,1.4284287332787014e-07,(5627.9136495248085+0j)
4.351392498624167,28.779941883427316,0.041626398148026045,(-1455124.1093851712+2666961.981671944j),28.779941883427316,0.041626398148026045,(-1455124.1093851712-2666961.981671944j),28.877303854840324,0.03804893147093877,(2904620.3051208146+0j),33.71512865995198,1.4284287332787014e-07,(5627.9136495248085+0j)
4.369087454457075,28.818208977190682,0.041626398148026045,(-1455124.1093851712+2666961.981671944j),28.818208977190682,0.041626398148026045,(-1455124.1093851712-2666961.981671944j),28.92090467063782,0.03804893147093877,(2904620.3051208146+0j),33.71519683008108,1.4284287332787014e-07,(5627.9136495248085+0j)
4.3867824102899835,28.857475157014424,0.041626398148026045,(-1455124.1093851712+2666961.981671944j),28.857475157014424,0.041626398148026045,(-1455124.1093851712-2666961.981671944j),28.965638635146096,0.03804893147093877,(2904620.3051208146+0j),33.7152614134517,1.4284287332787014e-07,(5627.9136495248085+0j)
4.404477366122892,28.8977378766243,0.041626398148026045,(-1455124.1093851712+2666961.981671944j),28.8977378766243,0.041626398148026045,(-1455124.1093851712-2666961.981671944j),29.0115025889404,0.03804893147093877,(2904620.3051208146+0j),33.71532268588269,1.4284287332787014e-07,(5627.9136495248085+0j)
4.4221723219558,28.938994596164083,0.041626398148026045,(-1455124.1093851712+2666961.981671944j),28.938994596164083,0.041626398148026045,(-1455124.1093851712-2666961.981671944j),29.058493381298714,0.03804893147093877,(2904620.3051208146+0j),33.71538089561937,1.4284287332787014e-07,(5627.9136495248085+0j)
4.439867277788709,28.981242782177638,0.041626398148026045,(-1455124.1093851712+2666961.981671944j),28.981242782177638,0.041626398148026045,(-1455124.1093851712-2666961.981671944j),29.106607870175235,0.03804893147093877,(2904620.3051208146+0j),33.715436266695136,1.4284287332787014e-07,(5627.9136495248085+0j)
4.4575622336216165,29.024479907591044,0.041626398148026045,(-1455124.1093851712+2666961.981671944j),29.024479907591044,0.041626398148026045,(-1455124.1093851712-2666961.981671944j),29.15584292217389,0.03804893147093877,(2904620.3051208146+0j),33.71548900181304,1.4284287332787014e-07,(5627.9136495248085+0j)
4.475257189454525,29.06870345169482,0.041626398148026045,(-1455124.1093851712+2666961.981671944j),29.06870345169482,0.041626398148026045,(-1455124.1093851712-2666961.981671944j),29.206195412521986,0.03804893147093877,(2904620.3051208146+0j),33.71553928482535,1.4284287332787014e-07,(5627.9136495248085+0j)
4.4929521452874335,29.113910900126132,0.041626398148026045,(-1455124.1093851712+2666961.981671944j),29.113910900126132,0.041626398148026045,(-1455124.1093851712-2666961.981671944j),29.257662225043934,0.03804893147093877,(2904620.3051208146+0j),33.715587282875056,1.4284287332787014e-07,(5627.9136495248085+0j)
4.510647101120342,29.160099744851127,0.041626398148026045,(-1455124.1093851712+2666961.981671944j),29.160099744851127,0.041626398148026045,(-1455124.1093851712-2666961.981671944j),29.310240252135056,0.03804893147093877,(2904620.3051208146+0j),33.71563314825204,1.4284287332787014e-07,(5627.9136495248085+0j)
4.52834205695325,29.207267484147284,0.041626398148026045,(-1455124.1093851712+2666961.981671944j),29.207267484147284,0.041626398148026045,(-1455124.1093851712-2666961.981671944j),29.363926394735504,0.03804893147093877,(2904620.3051208146+0j),33.71567702000703,1.4284287332787014e-07,(5627.9136495248085+0j)
4.546037012786159,29.25541162258582,0.041626398148026045,(-1455124.1093851712+2666961.981671944j),29.25541162258582,0.041626398148026045,(-1455124.1093851712-2666961.981671944j),29.418717562304234,0.03804893147093877,(2904620.3051208146+0j),33.71571902535973,1.4284287332787014e-07,(5627.9136495248085+0j)
4.5637319686190665,29.304529671014183,0.041626398148026045,(-1455124.1093851712+2666961.981671944j),29.304529671014183,0.041626398148026045,(-1455124.1093851712-2666961.981671944j),29.474610672793112,0.03804893147093877,(2904620.3051208146+0j),33.71575928093084,1.4284287332787014e-07,(5627.9136495248085+0j)
4.581426924451976,29.354619146538543,0.041626398148026045,(-1455124.1093851712+2666961.981671944j),29.354619146538543,0.041626398148026045,(-1455124.1093851712-2666961.981671944j),29.531602652621064,0.03804893147093877,(2904620.3051208146+0j),33.715797893823385,1.4284287332787014e-07,(5627.9136495248085+0j)
4.5991218802848834,29.40567757250639,0.041626398148026045,(-1455124.1093851712+2666961.981671944j),29.40567757250639,0.041626398148026045,(-1455124.1093851712-2666961.981671944j),29.589690436648336,0.03804893147093877,(2904620.3051208146+0j),33.71583496257421,1.4284287332787014e-07,(5627.9136495248085+0j)
4.616816836117791,29.45770247848919,0.041626398148026045,(-1455124.1093851712+2666961.981671944j),29.45770247848919,0.041626398148026045,(-1455124.1093851712-2666961.981671944j),29.648870968150874,0.03804893147093877,(2904620.3051208146+0j),33.71587057799363,1.4284287332787014e-07,(5627.9136495248085+0j)
4.6345117919507,29.510691400265017,0.041626398148026045,(-1455124.1093851712+2666961.981671944j),29.510691400265017,0.041626398148026045,(-1455124.1093851712-2666961.981671944j),29.709141198794715,0.03804893147093877,(2904620.3051208146+0j),33.71590482390815,1.4284287332787014e-07,(5627.9136495248085+0j)
4.652206747783608,29.564641879801343,0.041626398148026045,(-1455124.1093851712+2666961.981671944j),29.564641879801343,0.041626398148026045,(-1455124.1093851712-2666961.981671944j),29.770498088610527,0.03804893147093877,(2904620.3051208146+0j),33.715937777819214,1.4284287332787014e-07,(5627.9136495248085+0j)
4.669901703616517,29.619551465237823,0.041626398148026045,(-1455124.1093851712+2666961.981671944j),29.619551465237823,0.041626398148026045,(-1455124.1093851712-2666961.981671944j),29.832938605968234,0.03804893147093877,(2904620.3051208146+0j),33.715969511488694,1.4284287332787014e-07,(5627.9136495248085+0j)
4.687596659449425,29.675417710869137,0.041626398148026045,(-1455124.1093851712+2666961.981671944j),29.675417710869137,0.041626398148026045,(-1455124.1093851712-2666961.981671944j),29.89645972755168,0.03804893147093877,(2904620.3051208146+0j),33.71600009146058,1.4284287332787014e-07,(5627.9136495248085+0j)
4.705291615282334,29.732238177127886,0.041626398148026045,(-1455124.1093851712+2666961.981671944j),29.732238177127886,0.041626398148026045,(-1455124.1093851712-2666961.981671944j),29.961058438333442,0.03804893147093877,(2904620.3051208146+0j),33.716029579526726,1.4284287332787014e-07,(5627.9136495248085+0j)
4.722986571115242,29.79001043056757,0.041626398148026045,(-1455124.1093851712+2666961.981671944j),29.79001043056757,0.041626398148026045,(-1455124.1093851712-2666961.981671944j),30.02673173154967,0.03804893147093877,(2904620.3051208146+0j),33.71605803314365,1.4284287332787014e-07,(5627.9136495248085+0j)
4.74068152694815,29.848732043845583,0.041626398148026045,(-1455124.1093851712+2666961.981671944j),29.848732043845583,0.041626398148026045,(-1455124.1093851712-2666961.981671944j),30.09347660867506,0.03804893147093877,(2904620.3051208146+0j),33.71608550580618,1.4284287332787014e-07,(5627.9136495248085+0j)
4.758376482781058,29.908400595706276,0.041626398148026045,(-1455124.1093851712+2666961.981671944j),29.908400595706276,0.041626398148026045,(-1455124.1093851712-2666961.981671944j),30.161290079397887,0.03804893147093877,(2904620.3051208146+0j),33.71611204738313,1.4284287332787014e-07,(5627.9136495248085+0j)
4.776071438613967,29.969013670964078,0.041626398148026045,(-1455124.1093851712+2666961.981671944j),29.969013670964078,0.041626398148026045,(-1455124.1093851712-2666961.981671944j),30.230169161595118,0.03804893147093877,(2904620.3051208146+0j),33.71613770441936,1.4284287332787014e-07,(5627.9136495248085+0j)
4.793766394446875,30.030568860486657,0.041626398148026045,(-1455124.1093851712+2666961.981671944j),30.030568860486657,0.041626398148026045,(-1455124.1093851712-2666961.981671944j),30.30011088130763,0.03804893147093877,(2904620.3051208146+0j),33.716162520408254,1.4284287332787014e-07,(5627.9136495248085+0j)
4.811461350279784,30.093063761178144,0.041626398148026045,(-1455124.1093851712+2666961.981671944j),30.093063761178144,0.041626398148026045,(-1455124.1093851712-2666961.981671944j),30.371112272715507,0.03804893147093877,(2904620.3051208146+0j),33.716186536037696,1.4284287332787014e-07,(5627.9136495248085+0j)
4.829156306112692,30.156495975962407,0.041626398148026045,(-1455124.1093851712+2666961.981671944j),30.156495975962407,0.041626398148026045,(-1455124.1093851712-2666961.981671944j),30.4431703781134,0.03804893147093877,(2904620.3051208146+0j),33.71620978941272,1.4284287332787014e-07,(5627.9136495248085+0j)
4.8468512619455995,30.220863113766377,0.041626398148026045,(-1455124.1093851712+2666961.981671944j),30.220863113766377,0.041626398148026045,(-1455124.1093851712-2666961.981671944j),30.516282247886007,0.03804893147093877,(2904620.3051208146+0j),33.71623231625725,1.4284287332787014e-07,(5627.9136495248085+0j)
4.864546217778509,30.28616278950342,0.041626398148026045,(-1455124.1093851712+2666961.981671944j),30.28616278950342,0.041626398148026045,(-1455124.1093851712-2666961.981671944j),30.590444940483582,0.03804893147093877,(2904620.3051208146+0j),33.7162541500972,1.4284287332787014e-07,(5627.9136495248085+0j)
4.882241173611416,30.35239262405675,0.041626398148026045,(-1455124.1093851712+2666961.981671944j),30.35239262405675,0.041626398148026045,(-1455124.1093851712-2666961.981671944j),30.66565552239761,0.03804893147093877,(2904620.3051208146+0j),33.71627532242702,1.4284287332787014e-07,(5627.9136495248085+0j)
4.899936129444326,30.419550244262954,0.041626398148026045,(-1455124.1093851712+2666961.981671944j),30.419550244262954,0.041626398148026045,(-1455124.1093851712-2666961.981671944j),30.741911068136467,0.03804893147093877,(2904620.3051208146+0j),33.716295862861195,1.4284287332787014e-07,(5627.9136495248085+0j)
4.917631085277233,30.487633282895477,0.041626398148026045,(-1455124.1093851712+2666961.981671944j),30.487633282895477,0.041626398148026045,(-1455124.1093851712-2666961.981671944j),30.819208660201244,0.03804893147093877,(2904620.3051208146+0j),33.71631579927252,1.4284287332787014e-07,(5627.9136495248085+0j)
4.935326041110142,30.556639378648214,0.041626398148026045,(-1455124.1093851712+2666961.981671944j),30.556639378648214,0.041626398148026045,(-1455124.1093851712-2666961.981671944j),30.89754538906161,0.03804893147093877,(2904620.3051208146+0j),33.71633515791825,1.4284287332787014e-07,(5627.9136495248085+0j)
4.95302099694305,30.626566176119162,0.041626398148026045,(-1455124.1093851712+2666961.981671944j),30.626566176119162,0.041626398148026045,(-1455124.1093851712-2666961.981671944j),30.976918353131747,0.03804893147093877,(2904620.3051208146+0j),33.71635396355548,1.4284287332787014e-07,(5627.9136495248085+0j)
4.970715952775959,30.69741132579409,0.041626398148026045,(-1455124.1093851712+2666961.981671944j),30.69741132579409,0.041626398148026045,(-1455124.1093851712-2666961.981671944j),31.05732465874643,0.03804893147093877,(2904620.3051208146+0j),33.716372239546786,1.4284287332787014e-07,(5627.9136495248085+0j)
4.988410908608867,30.769172484030264,0.041626398148026045,(-1455124.1093851712+2666961.981671944j),30.769172484030264,0.041626398148026045,(-1455124.1093851712-2666961.981671944j),31.138761420137097,0.03804893147093877,(2904620.3051208146+0j),33.71639000795704,1.4284287332787014e-07,(5627.9136495248085+0j)
5.006105864441776,30.841847313040258,0.041626398148026045,(-1455124.1093851712+2666961.981671944j),30.841847313040258,0.041626398148026045,(-1455124.1093851712-2666961.981671944j),31.22122575940808,0.03804893147093877,(2904620.3051208146+0j),33.716407289642255,1.4284287332787014e-07,(5627.9136495248085+0j)
5.023800820274683,30.915433480875766,0.041626398148026045,(-1455124.1093851712+2666961.981671944j),30.915433480875766,0.041626398148026045,(-1455124.1093851712-2666961.981671944j),31.304714806512862,0.03804893147093877,(2904620.3051208146+0j),33.71642410433134,1.4284287332787014e-07,(5627.9136495248085+0j)
5.041495776107593,30.98992866141149,0.041626398148026045,(-1455124.1093851712+2666961.981671944j),30.98992866141149,0.041626398148026045,(-1455124.1093851712-2666961.981671944j),31.389225699230458,0.03804893147093877,(2904620.3051208146+0j),33.71644047070108,1.4284287332787014e-07,(5627.9136495248085+0j)
5.0591907319405,31.065330534329085,0.041626398148026045,(-1455124.1093851712+2666961.981671944j),31.065330534329085,0.041626398148026045,(-1455124.1093851712-2666961.981671944j),31.47475558314182,0.03804893147093877,(2904620.3051208146+0j),33.71645640644551,1.4284287332787014e-07,(5627.9136495248085+0j)
5.076885687773409,31.14163678510114,0.041626398148026045,(-1455124.1093851712+2666961.981671944j),31.14163678510114,0.041626398148026045,(-1455124.1093851712-2666961.981671944j),31.561301611606403,0.03804893147093877,(2904620.3051208146+0j),33.71647192833958,1.4284287332787014e-07,(5627.9136495248085+0j)
5.094580643606317,31.218845104975212,0.041626398148026045,(-1455124.1093851712+2666961.981671944j),31.218845104975212,0.041626398148026045,(-1455124.1093851712-2666961.981671944j),31.648860945738715,0.03804893147093877,(2904620.3051208146+0j),33.71648705229814,1.4284287332787014e-07,(5627.9136495248085+0j)
5.112275599439225,31.296953190957897,0.041626398148026045,(-1455124.1093851712+2666961.981671944j),31.296953190957897,0.041626398148026045,(-1455124.1093851712-2666961.981671944j),31.737430754385016,0.03804893147093877,(2904620.3051208146+0j),33.71650179343036,1.4284287332787014e-07,(5627.9136495248085+0j)
5.129970555272134,31.37595874579899,0.041626398148026045,(-1455124.1093851712+2666961.981671944j),31.37595874579899,0.041626398148026045,(-1455124.1093851712-2666961.981671944j),31.827008214100076,0.03804893147093877,(2904620.3051208146+0j),33.716516166090045,1.4284287332787014e-07,(5627.9136495248085+0j)
5.147665511105042,31.45585947797564,0.041626398148026045,(-1455124.1093851712+2666961.981671944j),31.45585947797564,0.041626398148026045,(-1455124.1093851712-2666961.981671944j),31.917590509124,0.03804893147093877,(2904620.3051208146+0j),33.716530183922295,1.4284287332787014e-07,(5627.9136495248085+0j)
5.165360466937951,31.5366531016766,0.041626398148026045,(-1455124.1093851712+2666961.981671944j),31.5366531016766,0.041626398148026045,(-1455124.1093851712-2666961.981671944j),32.00917483135915,0.03804893147093877,(2904620.3051208146+0j),33.71654385990668,1.4284287332787014e-07,(5627.9136495248085+0j)
5.183055422770859,31.618337336786496,0.041626398148026045,(-1455124.1093851712+2666961.981671944j),31.618337336786496,0.041626398148026045,(-1455124.1093851712-2666961.981671944j),32.101758380347114,0.03804893147093877,(2904620.3051208146+0j),33.71655720639734,1.4284287332787014e-07,(5627.9136495248085+0j)
5.200750378603767,31.700909908870155,0.041626398148026045,(-1455124.1093851712+2666961.981671944j),31.700909908870155,0.041626398148026045,(-1455124.1093851712-2666961.981671944j),32.195338363245796,0.03804893147093877,(2904620.3051208146+0j),33.71657023516022,1.4284287332787014e-07,(5627.9136495248085+0j)
5.218445334436676,31.78436854915699,0.041626398148026045,(-1455124.1093851712+2666961.981671944j),31.78436854915699,0.041626398148026045,(-1455124.1093851712-2666961.981671944j),32.289911994806545,0.03804893147093877,(2904620.3051208146+0j),33.71658295740763,1.4284287332787014e-07,(5627.9136495248085+0j)
5.236140290269584,31.868710994525422,0.041626398148026045,(-1455124.1093851712+2666961.981671944j),31.868710994525422,0.041626398148026045,(-1455124.1093851712-2666961.981671944j),32.38547649735139,0.03804893147093877,(2904620.3051208146+0j),33.71659538383049,1.4284287332787014e-07,(5627.9136495248085+0j)
5.253835246102493,31.953934987487344,0.041626398148026045,(-1455124.1093851712+2666961.981671944j),31.953934987487344,0.041626398148026045,(-1455124.1093851712-2666961.981671944j),32.48202910075032,0.03804893147093877,(2904620.3051208146+0j),33.716607524628195,1.4284287332787014e-07,(5627.9136495248085+0j)
5.2715302019354,32.040038276172645,0.041626398148026045,(-1455124.1093851712+2666961.981671944j),32.040038276172645,0.041626398148026045,(-1455124.1093851712-2666961.981671944j),32.579567042398665,0.03804893147093877,(2904620.3051208146+0j),33.71661938953666,1.4284287332787014e-07,(5627.9136495248085+0j)
5.289225157768309,32.12701861431379,0.041626398148026045,(-1455124.1093851712+2666961.981671944j),32.12701861431379,0.041626398148026045,(-1455124.1093851712-2666961.981671944j),32.67808756719456,0.03804893147093877,(2904620.3051208146+0j),33.71663098785424,1.4284287332787014e-07,(5627.9136495248085+0j)
5.306920113601217,32.21487376123042,0.041626398148026045,(-1455124.1093851712+2666961.981671944j),32.21487376123042,0.041626398148026045,(-1455124.1093851712-2666961.981671944j),32.77758792751645,0.03804893147093877,(2904620.3051208146+0j),33.716642328466094,1.4284287332787014e-07,(5627.9136495248085+0j)
5.324615069434126,32.30360148181404,0.041626398148026045,(-1455124.1093851712+2666961.981671944j),32.30360148181404,0.041626398148026045,(-1455124.1093851712-2666961.981671944j),32.8780653832007,0.03804893147093877,(2904620.3051208146+0j),33.716653419866894,1.4284287332787014e-07,(5627.9136495248085+0j)
5.342310025267034,32.39319954651268,0.041626398148026045,(-1455124.1093851712+2666961.981671944j),32.39319954651268,0.041626398148026045,(-1455124.1093851712-2666961.981671944j),32.97951720151928,0.03804893147093877,(2904620.3051208146+0j),33.71666427018202,1.4284287332787014e-07,(5627.9136495248085+0j)
5.360004981099943,32.48366573131572,0.041626398148026045,(-1455124.1093851712+2666961.981671944j),32.48366573131572,0.041626398148026045,(-1455124.1093851712-2666961.981671944j),33.081940657157496,0.03804893147093877,(2904620.3051208146+0j),33.71667488718742,1.4284287332787014e-07,(5627.9136495248085+0j)
5.37769993693285,32.57499781773863,0.041626398148026045,(-1455124.1093851712+2666961.981671944j),32.57499781773863,0.041626398148026045,(-1455124.1093851712-2666961.981671944j),33.18533303219185,0.03804893147093877,(2904620.3051208146+0j),33.71668527832818,1.4284287332787014e-07,(5627.9136495248085+0j)
5.395394892765759,32.66719359280786,0.041626398148026045,(-1455124.1093851712+2666961.981671944j),32.66719359280786,0.041626398148026045,(-1455124.1093851712-2666961.981671944j),33.28969161606789,0.03804893147093877,(2904620.3051208146+0j),33.71669545073596,1.4284287332787014e-07,(5627.9136495248085+0j)
5.413089848598667,32.760250849045754,0.041626398148026045,(-1455124.1093851712+2666961.981671944j),32.760250849045754,0.041626398148026045,(-1455124.1093851712-2666961.981671944j),33.395013705578236,0.03804893147093877,(2904620.3051208146+0j),33.716705411245314,1.4284287332787014e-07,(5627.9136495248085+0j)
5.4307848044315765,32.85416738445542,0.041626398148026045,(-1455124.1093851712+2666961.981671944j),32.85416738445542,0.041626398148026045,(-1455124.1093851712-2666961.981671944j),33.50129660484061,0.03804893147093877,(2904620.3051208146+0j),33.71671516640897,1.4284287332787014e-07,(5627.9136495248085+0j)
5.448479760264484,32.94894100250581,0.041626398148026045,(-1455124.1093851712+2666961.981671944j),32.94894100250581,0.041626398148026045,(-1455124.1093851712-2666961.981671944j),33.60853762527593,0.03804893147093877,(2904620.3051208146+0j),33.716724722512254,1.4284287332787014e-07,(5627.9136495248085+0j)
5.466174716097393,33.0445695121167,0.041626398148026045,(-1455124.1093851712+2666961.981671944j),33.0445695121167,0.041626398148026045,(-1455124.1093851712-2666961.981671944j),33.716734085586545,0.03804893147093877,(2904620.3051208146+0j),33.71673408558655,1.4284287332787014e-07,(5627.9136495248085+0j)
5.466174716097393,33.71673408558655,0.16279208442980084,(-2971707.265747366+5221668.976542746j),33.71673408558655,0.16279208442980084,(-2971707.265747366-5221668.976542746j),33.71673408558655,0.15926962987085985,(5942711.155208649+0j),33.71673408558655,2.2312034429439477e-09,(703.3762860832295+0j)
5.4838696719303,33.716663115919324,0.16279208442980084,(-2971707.265747366+5221668.976542746j),33.716663115919324,0.16279208442980084,(-2971707.265747366-5221668.976542746j),33.7166607489225,0.15926962987085985,(5942711.155208649+0j),33.013535147084845,2.2312034429439477e-09,(703.3762860832295+0j)
5.501564627763208,33.71645026861421,0.16279208442980084,(-2971707.265747366+5221668.976542746j),33.71645026861421,0.16279208442980084,(-2971707.265747366-5221668.976542746j),33.716440804094226,0.15926962987085985,(5942711.155208649+0j),33.013446481679395,2.2312034429439477e-09,(703.3762860832295+0j)
5.519259583596117,33.71609563617078,0.16279208442980084,(-2971707.265747366+5221668.976542746j),33.71609563617078,0.16279208442980084,(-2971707.265747366-5221668.976542746j),33.716074348798735,0.15926962987085985,(5942711.155208649+0j),33.01341692281765,2.2312034429439477e-09,(703.3762860832295+0j)
5.536954539429025,33.71559931102834,0.16279208442980084,(-2971707.265747366+5221668.976542746j),33.71559931102834,0.16279208442980084,(-2971707.265747366-5221668.976542746j),33.71556148066792,0.15926962987085985,(5942711.155208649+0j),33.01340214268795,2.2312034429439477e-09,(703.3762860832295+0j)
5.554649495261933,33.71496138556594,0.16279208442980084,(-2971707.265747366+5221668.976542746j),33.71496138556594,0.16279208442980084,(-2971707.265747366-5221668.976542746j),33.71490229726864,0.15926962987085985,(5942711.155208649+0j),33.013393274386495,2.2312034429439477e-09,(703.3762860832295+0j)
5.572344451094841,33.71418195210239,0.16279208442980084,(-2971707.265747366+5221668.976542746j),33.71418195210239,0.16279208442980084,(-2971707.265747366-5221668.976542746j),33.714096896102745,0.15926962987085985,(5942711.155208649+0j),33.01338736209234,2.2312034429439477e-09,(703.3762860832295+0j)
5.590039406927749,33.71326110289636,0.16279208442980084,(-2971707.265747366+5221668.976542746j),33.71326110289636,0.16279208442980084,(-2971707.265747366-5221668.976542746j),33.71314537460716,0.15926962987085985,(5942711.155208649+0j),33.01338313897945,2.2312034429439477e-09,(703.3762860832295+0j)
5.607734362760658,33.712198930146386,0.16279208442980084,(-2971707.265747366+5221668.976542746j),33.712198930146386,0.16279208442980084,(-2971707.265747366-5221668.976542746j),33.71204783015387,0.15926962987085985,(5942711.155208649+0j),33.01337997161982,2.2312034429439477e-09,(703.3762860832295+0j)
5.625429318593566,33.71099552599092,0.16279208442980084,(-2971707.265747366+5221668.976542746j),33.71099552599092,0.16279208442980084,(-2971707.265747366-5221668.976542746j),33.710804360050034,0.15926962987085985,(5942711.155208649+0j),33.01337750810309,2.2312034429439477e-09,(703.3762860832295+0j)
5.643124274426474,33.70965098250839,0.16279208442980084,(-2971707.265747366+5221668.976542746j),33.70965098250839,0.16279208442980084,(-2971707.265747366-5221668.976542746j),33.709415061538,0.15926962987085985,(5942711.155208649+0j),33.013375537280396,2.2312034429439477e-09,(703.3762860832295+0j)
5.660819230259382,33.70816539171723,0.16279208442980084,(-2971707.265747366+5221668.976542746j),33.70816539171723,0.16279208442980084,(-2971707.265747366-5221668.976542746j),33.70788003179537,0.15926962987085985,(5942711.155208649+0j),33.013373924782925,2.2312034429439477e-09,(703.3762860832295+0j)
5.678514186092291,33.7065388455759,0.16279208442980084,(-2971707.265747366+5221668.976542746j),33.7065388455759,0.16279208442980084,(-2971707.265747366-5221668.976542746j),33.70619936793502,0.15926962987085985,(5942711.155208649+0j),33.01337258103081,2.2312034429439477e-09,(703.3762860832295+0j)
5.696209141925199,33.704771435982984,0.16279208442980084,(-2971707.265747366+5221668.976542746j),33.704771435982984,0.16279208442980084,(-2971707.265747366-5221668.976542746j),33.704373167005166,0.15926962987085985,(5942711.155208649+0j),33.01337144400678,2.2312034429439477e-09,(703.3762860832295+0j)
5.713904097758107,33.7028632547772,0.16279208442980084,(-2971707.265747366+5221668.976542746j),33.7028632547772,0.16279208442980084,(-2971707.265747366-5221668.976542746j),33.7024015259894,0.15926962987085985,(5942711.155208649+0j),33.01337046941256,2.2312034429439477e-09,(703.3762860832295+0j)
5.731599053591015,33.70081439373742,0.16279208442980084,(-2971707.265747366+5221668.976542746j),33.70081439373742,0.16279208442980084,(-2971707.265747366-5221668.976542746j),33.70028454180678,0.15926962987085985,(5942711.155208649+0j),33.01336962476258,2.2312034429439477e-09,(703.3762860832295+0j)
5.749294009423923,33.69862494458276,0.16279208442980084,(-2971707.265747366+5221668.976542746j),33.69862494458276,0.16279208442980084,(-2971707.265747366-5221668.976542746j),33.698022311311824,0.15926962987085985,(5942711.155208649+0j),33.01336888569262,2.2312034429439477e-09,(703.3762860832295+0j)
5.766988965256831,33.69629499897261,0.16279208442980084,(-2971707.265747366+5221668.976542746j),33.69629499897261,0.16279208442980084,(-2971707.265747366-5221668.976542746j),33.69561493129458,0.15926962987085985,(5942711.155208649+0j),33.01336823357109,2.2312034429439477e-09,(703.3762860832295+0j)
5.78468392108974,33.69382464850666,0.16279208442980084,(-2971707.265747366+5221668.976542746j),33.69382464850666,0.16279208442980084,(-2971707.265747366-5221668.976542746j),33.69306249848067,0.15926962987085985,(5942711.155208649+0j),33.013367653906755,2.2312034429439477e-09,(703.3762860832295+0j)
5.802378876922647,33.691213984724946,0.16279208442980084,(-2971707.265747366+5221668.976542746j),33.691213984724946,0.16279208442980084,(-2971707.265747366-5221668.976542746j),33.690365109531356,0.15926962987085985,(5942711.155208649+0j),33.0133671352591,2.2312034429439477e-09,(703.3762860832295+0j)
5.820073832755556,33.68846309910791,0.16279208442980084,(-2971707.265747366+5221668.976542746j),33.68846309910791,0.16279208442980084,(-2971707.265747366-5221668.976542746j),33.687522861043554,0.15926962987085985,(5942711.155208649+0j),33.013366668475726,2.2312034429439477e-09,(703.3762860832295+0j)
5.8377687885884635,33.68557208307644,0.16279208442980084,(-2971707.265747366+5221668.976542746j),33.68557208307644,0.16279208442980084,(-2971707.265747366-5221668.976542746j),33.68453584954991,0.15926962987085985,(5942711.155208649+0j),33.01336624614752,2.2312034429439477e-09,(703.3762860832295+0j)
5.855463744421373,33.68254102799189,0.16279208442980084,(-2971707.265747366+5221668.976542746j),33.68254102799189,0.16279208442980084,(-2971707.265747366-5221668.976542746j),33.68140417151884,0.15926962987085985,(5942711.155208649+0j),33.01336586221244,2.2312034429439477e-09,(703.3762860832295+0j)
5.87315870025428,33.67937002515615,0.16279208442980084,(-2971707.265747366+5221668.976542746j),33.67937002515615,0.16279208442980084,(-2971707.265747366-5221668.976542746j),33.67812792335457,0.15926962987085985,(5942711.155208649+0j),33.013365511662755,2.2312034429439477e-09,(703.3762860832295+0j)
5.890853656087189,33.67605916581167,0.16279208442980084,(-2971707.265747366+5221668.976542746j),33.67605916581167,0.16279208442980084,(-2971707.265747366-5221668.976542746j),33.67470720139719,0.15926962987085985,(5942711.155208649+0j),33.01336519032531,2.2312034429439477e-09,(703.3762860832295+0j)
5.9085486119200965,33.67260854114154,0.16279208442980084,(-2971707.265747366+5221668.976542746j),33.67260854114154,0.16279208442980084,(-2971707.265747366-5221668.976542746j),33.6711421019227,0.15926962987085985,(5942711.155208649+0j),33.01336489469467,2.2312034429439477e-09,(703.3762860832295+0j)
5.926243567753006,33.669018242269466,0.16279208442980084,(-2971707.265747366+5221668.976542746j),33.669018242269466,0.16279208442980084,(-2971707.265747366-5221668.976542746j),33.667432721143044,0.15926962987085985,(5942711.155208649+0j),33.013364621804676,2.2312034429439477e-09,(703.3762860832295+0j)
5.9439385235859135,33.665288360259865,0.16279208442980084,(-2971707.265747366+5221668.976542746j),33.665288360259865,0.16279208442980084,(-2971707.265747366-5221668.976542746j),33.66357915520619,0.15926962987085985,(5942711.155208649+0j),33.01336436912862,2.2312034429439477e-09,(703.3762860832295+0j)
5.961633479418822,33.66141898611791,0.16279208442980084,(-2971707.265747366+5221668.976542746j),33.66141898611791,0.16279208442980084,(-2971707.265747366-5221668.976542746j),33.659581500196154,0.15926962987085985,(5942711.155208649+0j),33.01336413450073,2.2312034429439477e-09,(703.3762860832295+0j)
5.9793284352517295,33.657410210789536,0.16279208442980084,(-2971707.265747366+5221668.976542746j),33.657410210789536,0.16279208442980084,(-2971707.265747366-5221668.976542746j),33.655439852133036,0.15926962987085985,(5942711.155208649+0j),33.01336391605397,2.2312034429439477e-09,(703.3762860832295+0j)
5.997023391084637,33.653262125161525,0.16279208442980084,(-2971707.265747366+5221668.976542746j),33.653262125161525,0.16279208442980084,(-2971707.265747366-5221668.976542746j),33.651154306973105,0.15926962987085985,(5942711.155208649+0j),33.01336371217023,2.2312034429439477e-09,(703.3762860832295+0j)
6.014718346917546,33.6489748200615,0.16279208442980084,(-2971707.265747366+5221668.976542746j),33.6489748200615,0.16279208442980084,(-2971707.265747366-5221668.976542746j),33.64672496060879,0.15926962987085985,(5942711.155208649+0j),33.01336352144021,2.2312034429439477e-09,(703.3762860832295+0j)
6.032413302750454,33.64454838625802,0.16279208442980084,(-2971707.265747366+5221668.976542746j),33.64454838625802,0.16279208442980084,(-2971707.265747366-5221668.976542746j),33.642151908868804,0.15926962987085985,(5942711.155208649+0j),33.01336334263073,2.2312034429439477e-09,(703.3762860832295+0j)
6.0501082585833625,33.63998291446059,0.16279208442980084,(-2971707.265747366+5221668.976542746j),33.63998291446059,0.16279208442980084,(-2971707.265747366-5221668.976542746j),33.63743524751811,0.15926962987085985,(5942711.155208649+0j),33.01336317465814,2.2312034429439477e-09,(703.3762860832295+0j)
6.06780321441627,33.6352784953197,0.16279208442980084,(-2971707.265747366+5221668.976542746j),33.6352784953197,0.16279208442980084,(-2971707.265747366-5221668.976542746j),33.63257507225803,0.15926962987085985,(5942711.155208649+0j),33.01336301656623,2.2312034429439477e-09,(703.3762860832295+0j)
6.085498170249179,33.630435219426914,0.16279208442980084,(-2971707.265747366+5221668.976542746j),33.630435219426914,0.16279208442980084,(-2971707.265747366-5221668.976542746j),33.62757147872624,0.15926962987085985,(5942711.155208649+0j),33.0133628675081,2.2312034429439477e-09,(703.3762860832295+0j)
6.103193126082087,33.625453177314824,0.16279208442980084,(-2971707.265747366+5221668.976542746j),33.625453177314824,0.16279208442980084,(-2971707.265747366-5221668.976542746j),33.622424562496875,0.15926962987085985,(5942711.155208649+0j),33.013362726730925,2.2312034429439477e-09,(703.3762860832295+0j)
6.120888081914996,33.6203324594572,0.16279208442980084,(-2971707.265747366+5221668.976542746j),33.6203324594572,0.16279208442980084,(-2971707.265747366-5221668.976542746j),33.61713441908052,0.15926962987085985,(5942711.155208649+0j),33.01336259356329,2.2312034429439477e-09,(703.3762860832295+0j)
6.138583037747903,33.61507315626895,0.16279208442980084,(-2971707.265747366+5221668.976542746j),33.61507315626895,0.16279208442980084,(-2971707.265747366-5221668.976542746j),33.61170114392431,0.15926962987085985,(5942711.155208649+0j),33.01336246740445,2.2312034429439477e-09,(703.3762860832295+0j)
6.156277993580812,33.609675358106195,0.16279208442980084,(-2971707.265747366+5221668.976542746j),33.609675358106195,0.16279208442980084,(-2971707.265747366-5221668.976542746j),33.606124832411915,0.15926962987085985,(5942711.155208649+0j),33.01336234771526,2.2312034429439477e-09,(703.3762860832295+0j)
6.173972949413719,33.6041391552663,0.16279208442980084,(-2971707.265747366+5221668.976542746j),33.6041391552663,0.16279208442980084,(-2971707.265747366-5221668.976542746j),33.600405579863654,0.15926962987085985,(5942711.155208649+0j),33.0133622340105,2.2312034429439477e-09,(703.3762860832295+0j)
6.191667905246629,33.59846463798795,0.16279208442980084,(-2971707.265747366+5221668.976542746j),33.59846463798795,0.16279208442980084,(-2971707.265747366-5221668.976542746j),33.594543481536476,0.15926962987085985,(5942711.155208649+0j),33.01336212585228,2.2312034429439477e-09,(703.3762860832295+0j)
6.209362861079536,33.59265189645115,0.16279208442980084,(-2971707.265747366+5221668.976542746j),33.59265189645115,0.16279208442980084,(-2971707.265747366-5221668.976542746j),33.58853863262407,0.15926962987085985,(5942711.155208649+0j),33.01336202284444,2.2312034429439477e-09,(703.3762860832295+0j)
6.227057816912444,33.58670102077727,0.16279208442980084,(-2971707.265747366+5221668.976542746j),33.58670102077727,0.16279208442980084,(-2971707.265747366-5221668.976542746j),33.58239112825686,0.15926962987085985,(5942711.155208649+0j),33.01336192462764,2.2312034429439477e-09,(703.3762860832295+0j)
6.244752772745352,33.58061210102913,0.16279208442980084,(-2971707.265747366+5221668.976542746j),33.58061210102913,0.16279208442980084,(-2971707.265747366-5221668.976542746j),33.57610106350208,0.15926962987085985,(5942711.155208649+0j),33.01336183087521,2.2312034429439477e-09,(703.3762860832295+0j)
6.262447728578261,33.574385227211,0.16279208442980084,(-2971707.265747366+5221668.976542746j),33.574385227211,0.16279208442980084,(-2971707.265747366-5221668.976542746j),33.56966853336382,0.15926962987085985,(5942711.155208649+0j),33.01336174128955,2.2312034429439477e-09,(703.3762860832295+0j)
6.280142684411169,33.568020489268655,0.16279208442980084,(-2971707.265747366+5221668.976542746j),33.568020489268655,0.16279208442980084,(-2971707.265747366-5221668.976542746j),33.563093632783044,0.15926962987085985,(5942711.155208649+0j),33.0133616555989,2.2312034429439477e-09,(703.3762860832295+0j)
6.297837640244077,33.56151797708941,0.16279208442980084,(-2971707.265747366+5221668.976542746j),33.56151797708941,0.16279208442980084,(-2971707.265747366-5221668.976542746j),33.55637645663768,0.15926962987085985,(5942711.155208649+0j),33.01336157355464,2.2312034429439477e-09,(703.3762860832295+0j)
6.315532596076985,33.554877780502196,0.16279208442980084,(-2971707.265747366+5221668.976542746j),33.554877780502196,0.16279208442980084,(-2971707.265747366-5221668.976542746j),33.54951709974264,0.15926962987085985,(5942711.155208649+0j),33.01336149492888,2.2312034429439477e-09,(703.3762860832295+0j)
6.333227551909893,33.548099989277546,0.16279208442980084,(-2971707.265747366+5221668.976542746j),33.548099989277546,0.16279208442980084,(-2971707.265747366-5221668.976542746j),33.54251565684987,0.15926962987085985,(5942711.155208649+0j),33.01336141951232,2.2312034429439477e-09,(703.3762860832295+0j)
6.350922507742801,33.54118469312768,0.16279208442980084,(-2971707.265747366+5221668.976542746j),33.54118469312768,0.16279208442980084,(-2971707.265747366-5221668.976542746j),33.5353722226484,0.15926962987085985,(5942711.155208649+0j),33.01336134711242,2.2312034429439477e-09,(703.3762860832295+0j)
6.36861746357571,33.534131981706544,0.16279208442980084,(-2971707.265747366+5221668.976542746j),33.534131981706544,0.16279208442980084,(-2971707.265747366-5221668.976542746j),33.52808689176437,0.15926962987085985,(5942711.155208649+0j),33.01336127755171,2.2312034429439477e-09,(703.3762860832295+0j)
6.386312419408618,33.526941944609824,0.16279208442980084,(-2971707.265747366+5221668.976542746j),33.526941944609824,0.16279208442980084,(-2971707.265747366-5221668.976542746j),33.52065975876111,0.15926962987085985,(5942711.155208649+0j),33.01336121066641,2.2312034429439477e-09,(703.3762860832295+0j)
6.404007375241526,33.51961467137504,0.16279208442980084,(-2971707.265747366+5221668.976542746j),33.51961467137504,0.16279208442980084,(-2971707.265747366-5221668.976542746j),33.513090918139184,0.15926962987085985,(5942711.155208649+0j),33.01336114630507,2.2312034429439477e-09,(703.3762860832295+0j)
6.421702331074434,33.5121502514815,0.16279208442980084,(-2971707.265747366+5221668.976542746j),33.5121502514815,0.16279208442980084,(-2971707.265747366-5221668.976542746j),33.505380464336405,0.15926962987085985,(5942711.155208649+0j),33.01336108432748,2.2312034429439477e-09,(703.3762860832295+0j)
6.439397286907343,33.50454877435044,0.16279208442980084,(-2971707.265747366+5221668.976542746j),33.50454877435044,0.16279208442980084,(-2971707.265747366-5221668.976542746j),33.49752849172789,0.15926962987085985,(5942711.155208649+0j),33.01336102460361,2.2312034429439477e-09,(703.3762860832295+0j)
6.457092242740251,33.496810329345024,0.16279208442980084,(-2971707.265747366+5221668.976542746j),33.496810329345024,0.16279208442980084,(-2971707.265747366-5221668.976542746j),33.48953509462615,0.15926962987085985,(5942711.155208649+0j),33.01336096701272,2.2312034429439477e-09,(703.3762860832295+0j)
6.474787198573159,33.48893500577036,0.16279208442980084,(-2971707.265747366+5221668.976542746j),33.48893500577036,0.16279208442980084,(-2971707.265747366-5221668.976542746j),33.48140036728105,0.15926962987085985,(5942711.155208649+0j),33.01336091144257,2.2312034429439477e-09,(703.3762860832295+0j)
6.4924821544060665,33.48092289287356,0.16279208442980084,(-2971707.265747366+5221668.976542746j),33.48092289287356,0.16279208442980084,(-2971707.265747366-5221668.976542746j),33.473124403879964,0.15926962987085985,(5942711.155208649+0j),33.01336085778862,2.2312034429439477e-09,(703.3762860832295+0j)
6.510177110238975,33.47277407984382,0.16279208442980084,(-2971707.265747366+5221668.976542746j),33.47277407984382,0.16279208442980084,(-2971707.265747366-5221668.976542746j),33.464707298547715,0.15926962987085985,(5942711.155208649+0j),33.01336080595345,2.2312034429439477e-09,(703.3762860832295+0j)
6.527872066071883,33.464488655812424,0.16279208442980084,(-2971707.265747366+5221668.976542746j),33.464488655812424,0.16279208442980084,(-2971707.265747366-5221668.976542746j),33.4561491453467,0.15926962987085985,(5942711.155208649+0j),33.0133607558461,2.2312034429439477e-09,(703.3762860832295+0j)
6.545567021904792,33.45606670985276,0.16279208442980084,(-2971707.265747366+5221668.976542746j),33.45606670985276,0.16279208442980084,(-2971707.265747366-5221668.976542746j),33.447450038276905,0.15926962987085985,(5942711.155208649+0j),33.013360707381615,2.2312034429439477e-09,(703.3762860832295+0j)
6.5632619777376995,33.44750833098043,0.16279208442980084,(-2971707.265747366+5221668.976542746j),33.44750833098043,0.16279208442980084,(-2971707.265747366-5221668.976542746j),33.43861007127593,0.15926962987085985,(5942711.155208649+0j),33.013360660480494,2.2312034429439477e-09,(703.3762860832295+0j)
6.580956933570608,33.438813608153225,0.16279208442980084,(-2971707.265747366+5221668.976542746j),33.438813608153225,0.16279208442980084,(-2971707.265747366-5221668.976542746j),33.429629338219065,0.15926962987085985,(5942711.155208649+0j),33.013360615068294,2.2312034429439477e-09,(703.3762860832295+0j)
6.598651889403516,33.429982630271226,0.16279208442980084,(-2971707.265747366+5221668.976542746j),33.429982630271226,0.16279208442980084,(-2971707.265747366-5221668.976542746j),33.42050793291935,0.15926962987085985,(5942711.155208649+0j),33.013360571075225,2.2312034429439477e-09,(703.3762860832295+0j)
6.616346845236425,33.421015486176785,0.16279208442980084,(-2971707.265747366+5221668.976542746j),33.421015486176785,0.16279208442980084,(-2971707.265747366-5221668.976542746j),33.41124594912756,0.15926962987085985,(5942711.155208649+0j),33.013360528435776,2.2312034429439477e-09,(703.3762860832295+0j)
6.6340418010693325,33.41191226465462,0.16279208442980084,(-2971707.265747366+5221668.976542746j),33.41191226465462,0.16279208442980084,(-2971707.265747366-5221668.976542746j),33.40184348053232,0.15926962987085985,(5942711.155208649+0j),33.013360487088434,2.2312034429439477e-09,(703.3762860832295+0j)
6.651736756902241,33.40267305443182,0.16279208442980084,(-2971707.265747366+5221668.976542746j),33.40267305443182,0.16279208442980084,(-2971707.265747366-5221668.976542746j),33.39230062076011,0.15926962987085985,(5942711.155208649+0j),33.01336044697534,2.2312034429439477e-09,(703.3762860832295+0j)
6.669431712735149,33.39329794417791,0.16279208442980084,(-2971707.265747366+5221668.976542746j),33.39329794417791,0.16279208442980084,(-2971707.265747366-5221668.976542746j),33.38261746337532,0.15926962987085985,(5942711.155208649+0j),33.01336040804203,2.2312034429439477e-09,(703.3762860832295+0j)
6.687126668568057,33.38378702250488,0.16279208442980084,(-2971707.265747366+5221668.976542746j),33.38378702250488,0.16279208442980084,(-2971707.265747366-5221668.976542746j),33.37279410188029,0.15926962987085985,(5942711.155208649+0j),33.01336037023723,2.2312034429439477e-09,(703.3762860832295+0j)
6.7048216244009655,33.37414037796723,0.16279208442980084,(-2971707.265747366+5221668.976542746j),33.37414037796723,0.16279208442980084,(-2971707.265747366-5221668.976542746j),33.36283062971537,0.15926962987085985,(5942711.155208649+0j),33.01336033351256,2.2312034429439477e-09,(703.3762860832295+0j)
6.722516580233873,33.36435809906201,0.16279208442980084,(-2971707.265747366+5221668.976542746j),33.36435809906201,0.16279208442980084,(-2971707.265747366-5221668.976542746j),33.35272714025896,0.15926962987085985,(5942711.155208649+0j),33.01336029782238,2.2312034429439477e-09,(703.3762860832295+0j)
6.740211536066782,33.35444027422885,0.16279208442980084,(-2971707.265747366+5221668.976542746j),33.35444027422885,0.16279208442980084,(-2971707.265747366-5221668.976542746j),33.342483726827545,0.15926962987085985,(5942711.155208649+0j),33.0133602631236,2.2312034429439477e-09,(703.3762860832295+0j)
6.75790649189969,33.344386991850044,0.16279208442980084,(-2971707.265747366+5221668.976542746j),33.344386991850044,0.16279208442980084,(-2971707.265747366-5221668.976542746j),33.33210048267575,0.15926962987085985,(5942711.155208649+0j),33.01336022937546,2.2312034429439477e-09,(703.3762860832295+0j)
6.7756014477325985,33.33419834025053,0.16279208442980084,(-2971707.265747366+5221668.976542746j),33.33419834025053,0.16279208442980084,(-2971707.265747366-5221668.976542746j),33.32157750099639,0.15926962987085985,(5942711.155208649+0j),33.01336019653943,2.2312034429439477e-09,(703.3762860832295+0j)
6.793296403565506,33.32387440769798,0.16279208442980084,(-2971707.265747366+5221668.976542746j),33.32387440769798,0.16279208442980084,(-2971707.265747366-5221668.976542746j),33.310914874920506,0.15926962987085985,(5942711.155208649+0j),33.01336016457903,2.2312034429439477e-09,(703.3762860832295+0j)
6.810991359398415,33.31341528240281,0.16279208442980084,(-2971707.265747366+5221668.976542746j),33.31341528240281,0.16279208442980084,(-2971707.265747366-5221668.976542746j),33.300112697517406,0.15926962987085985,(5942711.155208649+0j),33.0133601334597,2.2312034429439477e-09,(703.3762860832295+0j)
6.828686315231322,33.30282105251824,0.16279208442980084,(-2971707.265747366+5221668.976542746j),33.30282105251824,0.16279208442980084,(-2971707.265747366-5221668.976542746j),33.28917106179474,0.15926962987085985,(5942711.155208649+0j),33.01336010314865,2.2312034429439477e-09,(703.3762860832295+0j)
6.846381271064231,33.29209180614033,0.16279208442980084,(-2971707.265747366+5221668.976542746j),33.29209180614033,0.16279208442980084,(-2971707.265747366-5221668.976542746j),33.2780900606985,0.15926962987085985,(5942711.155208649+0j),33.013360073614805,2.2312034429439477e-09,(703.3762860832295+0j)
6.864076226897139,33.28122763130803,0.16279208442980084,(-2971707.265747366+5221668.976542746j),33.28122763130803,0.16279208442980084,(-2971707.265747366-5221668.976542746j),33.2668697871131,0.15926962987085985,(5942711.155208649+0j),33.01336004482865,2.2312034429439477e-09,(703.3762860832295+0j)
6.881771182730048,33.270228616003195,0.16279208442980084,(-2971707.265747366+5221668.976542746j),33.270228616003195,0.16279208442980084,(-2971707.265747366-5221668.976542746j),33.25551033386142,0.15926962987085985,(5942711.155208649+0j),33.01336001676216,2.2312034429439477e-09,(703.3762860832295+0j)
6.899466138562955,33.25909484815066,0.16279208442980084,(-2971707.265747366+5221668.976542746j),33.25909484815066,0.16279208442980084,(-2971707.265747366-5221668.976542746j),33.24401179370482,0.15926962987085985,(5942711.155208649+0j),33.01335998938865,2.2312034429439477e-09,(703.3762860832295+0j)
6.917161094395864,33.24782641561824,0.16279208442980084,(-2971707.265747366+5221668.976542746j),33.24782641561824,0.16279208442980084,(-2971707.265747366-5221668.976542746j),33.23237425934322,0.15926962987085985,(5942711.155208649+0j),33.01335996268279,2.2312034429439477e-09,(703.3762860832295+0j)
6.934856050228772,33.23642340621682,0.16279208442980084,(-2971707.265747366+5221668.976542746j),33.23642340621682,0.16279208442980084,(-2971707.265747366-5221668.976542746j),33.22059782341513,0.15926962987085985,(5942711.155208649+0j),33.01335993662045,2.2312034429439477e-09,(703.3762860832295+0j)
6.952551006061681,33.22488590770036,0.16279208442980084,(-2971707.265747366+5221668.976542746j),33.22488590770036,0.16279208442980084,(-2971707.265747366-5221668.976542746j),33.20868257849771,0.15926962987085985,(5942711.155208649+0j),33.01335991117864,2.2312034429439477e-09,(703.3762860832295+0j)
6.970245961894588,33.21321400776594,0.16279208442980084,(-2971707.265747366+5221668.976542746j),33.21321400776594,0.16279208442980084,(-2971707.265747366-5221668.976542746j),33.19662861710677,0.15926962987085985,(5942711.155208649+0j),33.01335988633546,2.2312034429439477e-09,(703.3762860832295+0j)
6.987940917727496,33.20140779405383,0.16279208442980084,(-2971707.265747366+5221668.976542746j),33.20140779405383,0.16279208442980084,(-2971707.265747366-5221668.976542746j),33.184436031696876,0.15926962987085985,(5942711.155208649+0j),33.01335986207001,2.2312034429439477e-09,(703.3762860832295+0j)
7.005635873560404,33.18946735414746,0.16279208442980084,(-2971707.265747366+5221668.976542746j),33.18946735414746,0.16279208442980084,(-2971707.265747366-5221668.976542746j),33.17210491466136,0.15926962987085985,(5942711.155208649+0j),33.013359838362405,2.2312034429439477e-09,(703.3762860832295+0j)
7.023330829393312,33.17739277557358,0.16279208442980084,(-2971707.265747366+5221668.976542746j),33.17739277557358,0.16279208442980084,(-2971707.265747366-5221668.976542746j),33.15963535833236,0.15926962987085985,(5942711.155208649+0j),33.0133598151936,2.2312034429439477e-09,(703.3762860832295+0j)
7.041025785226221,33.165184145802165,0.16279208442980084,(-2971707.265747366+5221668.976542746j),33.165184145802165,0.16279208442980084,(-2971707.265747366-5221668.976542746j),33.147027454980886,0.15926962987085985,(5942711.155208649+0j),33.013359792545444,2.2312034429439477e-09,(703.3762860832295+0j)
7.058720741059129,33.15284155224656,0.16279208442980084,(-2971707.265747366+5221668.976542746j),33.15284155224656,0.16279208442980084,(-2971707.265747366-5221668.976542746j),33.134281296816866,0.15926962987085985,(5942711.155208649+0j),33.013359770400584,2.2312034429439477e-09,(703.3762860832295+0j)
7.076415696892037,33.140365082263465,0.16279208442980084,(-2971707.265747366+5221668.976542746j),33.140365082263465,0.16279208442980084,(-2971707.265747366-5221668.976542746j),33.12139697598916,0.15926962987085985,(5942711.155208649+0j),33.01335974874241,2.2312034429439477e-09,(703.3762860832295+0j)
7.094110652724946,33.127754823153,0.16279208442980084,(-2971707.265747366+5221668.976542746j),33.127754823153,0.16279208442980084,(-2971707.265747366-5221668.976542746j),33.108374584585626,0.15926962987085985,(5942711.155208649+0j),33.01335972755507,2.2312034429439477e-09,(703.3762860832295+0j)
7.111805608557854,33.11501086215872,0.16279208442980084,(-2971707.265747366+5221668.976542746j),33.11501086215872,0.16279208442980084,(-2971707.265747366-5221668.976542746j),33.095214214633174,0.15926962987085985,(5942711.155208649+0j),33.01335970682338,2.2312034429439477e-09,(703.3762860832295+0j)
7.129500564390762,33.102133286467705,0.16279208442980084,(-2971707.265747366+5221668.976542746j),33.102133286467705,0.16279208442980084,(-2971707.265747366-5221668.976542746j),33.081915958097795,0.15926962987085985,(5942711.155208649+0j),33.01335968653278,2.2312034429439477e-09,(703.3762860832295+0j)
7.14719552022367,33.08912218321054,0.16279208442980084,(-2971707.265747366+5221668.976542746j),33.08912218321054,0.16279208442980084,(-2971707.265747366-5221668.976542746j),33.06847990688462,0.15926962987085985,(5942711.155208649+0j),33.013359666669345,2.2312034429439477e-09,(703.3762860832295+0j)
7.164890476056578,33.07597763946141,0.16279208442980084,(-2971707.265747366+5221668.976542746j),33.07597763946141,0.16279208442980084,(-2971707.265747366-5221668.976542746j),33.05490615283794,0.15926962987085985,(5942711.155208649+0j),33.013359647219744,2.2312034429439477e-09,(703.3762860832295+0j)
7.182585431889486,33.06269974223809,0.16279208442980084,(-2971707.265747366+5221668.976542746j),33.06269974223809,0.16279208442980084,(-2971707.265747366-5221668.976542746j),33.041194787741276,0.15926962987085985,(5942711.155208649+0j),33.01335962817116,2.2312034429439477e-09,(703.3762860832295+0j)
7.200280387722395,33.04928857850202,0.16279208442980084,(-2971707.265747366+5221668.976542746j),33.04928857850202,0.16279208442980084,(-2971707.265747366-5221668.976542746j),33.02734590331742,0.15926962987085985,(5942711.155208649+0j),33.01335960951132,2.2312034429439477e-09,(703.3762860832295+0j)
7.2179753435553025,33.01335959122844,0.037436552361877234,(-1166034.2124755313+2166060.244477786j),33.01335959122844,0.037436552361877234,(-1166034.2124755313-2166060.244477786j),33.01335959122844,0.033442153965068264,(2325032.466447242+0j),33.01335959122844,3.0625468242402705e-07,(7035.958503822516+0j)
7.2179753435553025,33.03574423515835,0.16279208442980084,(-2971707.265747366+5221668.976542746j),33.03574423515835,0.16279208442980084,(-2971707.265747366-5221668.976542746j),33.01335959122844,0.15926962987085985,(5942711.155208649+0j),33.01335959122844,2.2312034429439477e-09,(703.3762860832295+0j)
7.237636405591868,33.014037382589436,0.037436552361877234,(-1166034.2124755313+2166060.244477786j),33.014037382589436,0.037436552361877234,(-1166034.2124755313-2166060.244477786j),33.01416227407185,0.033442153965068264,(2325032.466447242+0j),39.83514106169752,3.0625468242402705e-07,(7035.958503822516+0j)
7.257297467628431,33.01606791268756,0.037436552361877234,(-1166034.2124755313+2166060.244477786j),33.01606791268756,0.037436552361877234,(-1166034.2124755313-2166060.244477786j),33.01656655288453,0.033442153965068264,(2325032.466447242+0j),39.940988206365844,3.0625468242402705e-07,(7035.958503822516+0j)
7.276958529664997,33.019446925608975,0.037436552361877234,(-1166034.2124755313+2166060.244477786j),33.019446925608975,0.037436552361877234,(-1166034.2124755313-2166060.244477786j),33.020566788019195,0.033442153965068264,(2325032.466447242+0j),39.97681850657443,3.0625468242402705e-07,(7035.958503822516+0j)
7.296619591701561,33.024170178820185,0.037436552361877234,(-1166034.2124755313+2166060.244477786j),33.024170178820185,0.037436552361877234,(-1166034.2124755313-2166060.244477786j),33.02615735967175,0.033442153965068264,(2325032.466447242+0j),39.99483798771327,3.0625468242402705e-07,(7035.958503822516+0j)
7.316280653738126,33.03023344312135,0.037436552361877234,(-1166034.2124755313+2166060.244477786j),33.03023344312135,0.037436552361877234,(-1166034.2124755313-2166060.244477786j),33.03333266780373,0.033442153965068264,(2325032.466447242+0j),40.00568326982835,3.0625468242402705e-07,(7035.958503822516+0j)
7.33594171577469,33.03763250259974,0.037436552361877234,(-1166034.2124755313+2166060.244477786j),33.03763250259974,0.037436552361877234,(-1166034.2124755313-2166060.244477786j),33.04208713206511,0.033442153965068264,(2325032.466447242+0j),40.01292750351199,3.0625468242402705e-07,(7035.958503822516+0j)
7.355602777811255,33.04636315458344,0.037436552361877234,(-1166034.2124755313+2166060.244477786j),33.04636315458344,0.037436552361877234,(-1166034.2124755313-2166060.244477786j),33.05241519171752,0.033442153965068264,(2325032.466447242+0j),40.018108850902344,3.0625468242402705e-07,(7035.958503822516+0j)
7.375263839847819,33.05642120959508,0.037436552361877234,(-1166034.2124755313+2166060.244477786j),33.05642120959508,0.037436552361877234,(-1166034.2124755313-2166060.244477786j),33.064311305557624,0.033442153965068264,(2325032.466447242+0j),40.02199863787947,3.0625468242402705e-07,(7035.958503822516+0j)
7.394924901884384,33.067802491305955,0.037436552361877234,(-1166034.2124755313+2166060.244477786j),33.067802491305955,0.037436552361877234,(-1166034.2124755313-2166060.244477786j),33.07776995184105,0.033442153965068264,(2325032.466447242+0j),40.025026268215605,3.0625468242402705e-07,(7035.958503822516+0j)
7.414585963920949,33.080502836490155,0.037436552361877234,(-1166034.2124755313+2166060.244477786j),33.080502836490155,0.037436552361877234,(-1166034.2124755313-2166060.244477786j),33.09278562820651,0.033442153965068264,(2325032.466447242+0j),40.02744978523203,3.0625468242402705e-07,(7035.958503822516+0j)
7.434247025957513,33.09451809497896,0.037436552361877234,(-1166034.2124755313+2166060.244477786j),33.09451809497896,0.037436552361877234,(-1166034.2124755313-2166060.244477786j),33.10935285160025,0.033442153965068264,(2325032.466447242+0j),40.02943359749932,3.0625468242402705e-07,(7035.958503822516+0j)
7.453908087994078,33.10984412961538,0.037436552361877234,(-1166034.2124755313+2166060.244477786j),33.10984412961538,0.037436552361877234,(-1166034.2124755313-2166060.244477786j),33.12746615820095,0.033442153965068264,(2325032.466447242+0j),40.03108741737104,3.0625468242402705e-07,(7035.958503822516+0j)
7.473569150030642,33.12647681620892,0.037436552361877234,(-1166034.2124755313+2166060.244477786j),33.12647681620892,0.037436552361877234,(-1166034.2124755313-2166060.244477786j),33.14712010334483,0.033442153965068264,(2325032.466447242+0j),40.032487260190386,3.0625468242402705e-07,(7035.958503822516+0j)
7.493230212067207,33.144412043490426,0.037436552361877234,(-1166034.2124755313+2166060.244477786j),33.144412043490426,0.037436552361877234,(-1166034.2124755313-2166060.244477786j),33.16830926145113,0.033442153965068264,(2325032.466447242+0j),40.03368745885742,3.0625468242402705e-07,(7035.958503822516+0j)
7.5128912741037706,33.163645713067226,0.037436552361877234,(-1166034.2124755313+2166060.244477786j),33.163645713067226,0.037436552361877234,(-1166034.2124755313-2166060.244477786j),33.1910282259479,0.033442153965068264,(2325032.466447242+0j),40.034727880055264,3.0625468242402705e-07,(7035.958503822516+0j)
7.532552336140336,33.18417373937835,0.037436552361877234,(-1166034.2124755313+2166060.244477786j),33.18417373937835,0.037436552361877234,(-1166034.2124755313-2166060.244477786j),33.2152716091982,0.033442153965068264,(2325032.466447242+0j),40.03563843834317,3.0625468242402705e-07,(7035.958503822516+0j)
7.5522133981768995,33.205992049650014,0.037436552361877234,(-1166034.2124755313+2166060.244477786j),33.205992049650014,0.037436552361877234,(-1166034.2124755313-2166060.244477786j),33.24103404242644,0.033442153965068264,(2325032.466447242+0j),40.03644201922982,3.0625468242402705e-07,(7035.958503822516+0j)
7.571874460213465,33.22909658385114,0.037436552361877234,(-1166034.2124755313+2166060.244477786j),33.22909658385114,0.037436552361877234,(-1166034.2124755313-2166060.244477786j),33.26831017564527,0.033442153965068264,(2325032.466447242+0j),40.037156429153654,3.0625468242402705e-07,(7035.958503822516+0j)
7.591535522250029,33.25348329464923,0.037436552361877234,(-1166034.2124755313+2166060.244477786j),33.25348329464923,0.037436552361877234,(-1166034.2124755313-2166060.244477786j),33.29709467758256,0.033442153965068264,(2325032.466447242+0j),40.037795730437075,3.0625468242402705e-07,(7035.958503822516+0j)
7.611196584286594,33.279148147366264,0.037436552361877234,(-1166034.2124755313+2166060.244477786j),33.279148147366264,0.037436552361877234,(-1166034.2124755313-2166060.244477786j),33.327382235608894,0.033442153965068264,(2325032.466447242+0j),40.03837117622219,3.0625468242402705e-07,(7035.958503822516+0j)
7.630857646323158,33.30608711993484,0.037436552361877234,(-1166034.2124755313+2166060.244477786j),33.30608711993484,0.037436552361877234,(-1166034.2124755313-2166060.244477786j),33.35916755566527,0.033442153965068264,(2325032.466447242+0j),40.03889187857934,3.0625468242402705e-07,(7035.958503822516+0j)
7.650518708359723,33.334296202854475,0.037436552361877234,(-1166034.2124755313+2166060.244477786j),33.334296202854475,0.037436552361877234,(-1166034.2124755313-2166060.244477786j),33.392445362191125,0.033442153965068264,(2325032.466447242+0j),40.03936529459762,3.0625468242402705e-07,(7035.958503822516+0j)
7.670179770396287,33.36377139914805,0.037436552361877234,(-1166034.2124755313+2166060.244477786j),33.36377139914805,0.037436552361877234,(-1166034.2124755313-2166060.244477786j),33.427210398052694,0.033442153965068264,(2325032.466447242+0j),40.039797585798,3.0625468242402705e-07,(7035.958503822516+0j)
7.689840832432852,33.39450872431848,0.037436552361877234,(-1166034.2124755313+2166060.244477786j),33.39450872431848,0.037436552361877234,(-1166034.2124755313-2166060.244477786j),33.46345742447171,0.033442153965068264,(2325032.466447242+0j),40.04019388778066,3.0625468242402705e-07,(7035.958503822516+0j)
7.709501894469416,33.42650420630548,0.037436552361877234,(-1166034.2124755313+2166060.244477786j),33.42650420630548,0.037436552361877234,(-1166034.2124755313-2166060.244477786j),33.501181220954344,0.033442153965068264,(2325032.466447242+0j),40.04055851521745,3.0625468242402705e-07,(7035.958503822516+0j)
7.729162956505981,33.45975388544257,0.037436552361877234,(-1166034.2124755313+2166060.244477786j),33.45975388544257,0.037436552361877234,(-1166034.2124755313-2166060.244477786j),33.540376585220464,0.033442153965068264,(2325032.466447242+0j),40.04089511958083,3.0625468242402705e-07,(7035.958503822516+0j)
7.748824018542545,33.4942538144142,0.037436552361877234,(-1166034.2124755313+2166060.244477786j),33.4942538144142,0.037436552361877234,(-1166034.2124755313-2166060.244477786j),33.58103833313332,0.033442153965068264,(2325032.466447242+0j),40.04120681185239,3.0625468242402705e-07,(7035.958503822516+0j)
7.76848508057911,33.53000005821305,0.037436552361877234,(-1166034.2124755313+2166060.244477786j),33.53000005821305,0.037436552361877234,(-1166034.2124755313-2166060.244477786j),33.62316129862935,0.033442153965068264,(2325032.466447242+0j),40.041496258958475,3.0625468242402705e-07,(7035.958503822516+0j)
7.788146142615674,33.566988694097496,0.037436552361877234,(-1166034.2124755313+2166060.244477786j),33.566988694097496,0.037436552361877234,(-1166034.2124755313-2166060.244477786j),33.66674033364842,0.033442153965068264,(2325032.466447242+0j),40.04176576026982,3.0625468242402705e-07,(7035.958503822516+0j)
7.8078072046522395,33.60521581154929,0.037436552361877234,(-1166034.2124755313+2166060.244477786j),33.60521581154929,0.037436552361877234,(-1166034.2124755313-2166060.244477786j),33.711770308064324,0.033442153965068264,(2325032.466447242+0j),40.04201730881307,3.0625468242402705e-07,(7035.958503822516+0j)
7.827468266688804,33.644677512231304,0.037436552361877234,(-1166034.2124755313+2166060.244477786j),33.644677512231304,0.037436552361877234,(-1166034.2124755313-2166060.244477786j),33.75824610961562,0.033442153965068264,(2325032.466447242+0j),40.04225264064397,3.0625468242402705e-07,(7035.958503822516+0j)
7.847129328725368,33.685369909945535,0.037436552361877234,(-1166034.2124755313+2166060.244477786j),33.685369909945535,0.037436552361877234,(-1166034.2124755313-2166060.244477786j),33.806162643836664,0.033442153965068264,(2325032.466447242+0j),40.042473274969645,3.0625468242402705e-07,(7035.958503822516+0j)
7.866790390761934,33.727289130591195,0.037436552361877234,(-1166034.2124755313+2166060.244477786j),33.727289130591195,0.037436552361877234,(-1166034.2124755313-2166060.244477786j),33.855514833989105,0.033442153965068264,(2325032.466447242+0j),40.042680546981245,3.0625468242402705e-07,(7035.958503822516+0j)
7.8864514527984975,33.77043131212306,0.037436552361877234,(-1166034.2124755313+2166060.244477786j),33.77043131212306,0.037436552361877234,(-1166034.2124755313-2166060.244477786j),33.90629762099349,0.033442153965068264,(2325032.466447242+0j),40.04287563489657,3.0625468242402705e-07,(7035.958503822516+0j)
7.906112514835062,33.81479260450986,0.037436552361877234,(-1166034.2124755313+2166060.244477786j),33.81479260450986,0.037436552361877234,(-1166034.2124755313-2166060.244477786j),33.95850596336137,0.033442153965068264,(2325032.466447242+0j),40.04305958236978,3.0625468242402705e-07,(7035.958503822516+0j)
7.925773576871627,33.86036916969293,0.037436552361877234,(-1166034.2124755313+2166060.244477786j),33.86036916969293,0.037436552361877234,(-1166034.2124755313-2166060.244477786j),34.01213483712749,0.033442153965068264,(2325032.466447242+0j),40.04323331716873,3.0625468242402705e-07,(7035.958503822516+0j)
7.945434638908192,33.90715718154497,0.037436552361877234,(-1166034.2124755313+2166060.244477786j),33.90715718154497,0.037436552361877234,(-1166034.2124755313-2166060.244477786j),34.06717923578243,0.033442153965068264,(2325032.466447242+0j),40.043397666825356,3.0625468242402705e-07,(7035.958503822516+0j)
7.965095700944755,33.955152825828954,0.037436552361877234,(-1166034.2124755313+2166060.244477786j),33.955152825828954,0.037436552361877234,(-1166034.2124755313-2166060.244477786j),34.123634170205456,0.033442153965068264,(2325032.466447242+0j),40.04355337181652,3.0625468242402705e-07,(7035.958503822516+0j)
7.98475676298132,34.00435230015727,0.037436552361877234,(-1166034.2124755313+2166060.244477786j),34.00435230015727,0.037436552361877234,(-1166034.2124755313-2166060.244477786j),34.18149466859772,0.033442153965068264,(2325032.466447242+0j),40.04370109671824,3.0625468242402705e-07,(7035.958503822516+0j)
8.004417825017885,34.05475181395096,0.037436552361877234,(-1166034.2124755313+2166060.244477786j),34.05475181395096,0.037436552361877234,(-1166034.2124755313-2166060.244477786j),34.24075577641566,0.033442153965068264,(2325032.466447242+0j),40.043841439687704,3.0625468242402705e-07,(7035.958503822516+0j)
8.024078887054449,34.106347588399046,0.037436552361877234,(-1166034.2124755313+2166060.244477786j),34.106347588399046,0.037436552361877234,(-1166034.2124755313-2166060.244477786j),34.301412556304776,0.033442153965068264,(2325032.466447242+0j),40.0439749405586,3.0625468242402705e-07,(7035.958503822516+0j)
8.043739949091014,34.159135856418224,0.037436552361877234,(-1166034.2124755313+2166060.244477786j),34.159135856418224,0.037436552361877234,(-1166034.2124755313-2166060.244477786j),34.36346008803367,0.033442153965068264,(2325032.466447242+0j),40.04410208778043,3.0625468242402705e-07,(7035.958503822516+0j)
8.063401011127578,34.21311286261246,0.037436552361877234,(-1166034.2124755313+2166060.244477786j),34.21311286261246,0.037436552361877234,(-1166034.2124755313-2166060.244477786j),34.42689346842829,0.033442153965068264,(2325032.466447242+0j),40.04422332439027,3.0625468242402705e-07,(7035.958503822516+0j)
8.083062073164143,34.26827486323297,0.037436552361877234,(-1166034.2124755313+2166060.244477786j),34.26827486323297,0.037436552361877234,(-1166034.2124755313-2166060.244477786j),34.49170781130661,0.033442153965068264,(2325032.466447242+0j),40.04433905317043,3.0625468242402705e-07,(7035.958503822516+0j)
8.102723135200707,34.32461812613815,0.037436552361877234,(-1166034.2124755313+2166060.244477786j),34.32461812613815,0.037436552361877234,(-1166034.2124755313-2166060.244477786j),34.55789824741344,0.033442153965068264,(2325032.466447242+0j),40.04444964111897,3.0625468242402705e-07,(7035.958503822516+0j)
8.122384197237272,34.38213893075383,0.037436552361877234,(-1166034.2124755313+2166060.244477786j),34.38213893075383,0.037436552361877234,(-1166034.2124755313-2166060.244477786j),34.62545992435561,0.033442153965068264,(2325032.466447242+0j),40.044555423337265,3.0625468242402705e-07,(7035.958503822516+0j)
8.142045259273837,34.440833568033604,0.037436552361877234,(-1166034.2124755313+2166060.244477786j),34.440833568033604,0.037436552361877234,(-1166034.2124755313-2166060.244477786j),34.694388006537395,0.033442153965068264,(2325032.466447242+0j),40.04465670642159,3.0625468242402705e-07,(7035.958503822516+0j)
8.161706321310401,34.50069834041926,0.037436552361877234,(-1166034.2124755313+2166060.244477786j),34.50069834041926,0.037436552361877234,(-1166034.2124755313-2166060.244477786j),34.76467767509623,0.033442153965068264,(2325032.466447242+0j),40.04475377143099,3.0625468242402705e-07,(7035.958503822516+0j)
8.181367383346965,34.56172956180152,0.037436552361877234,(-1166034.2124755313+2166060.244477786j),34.56172956180152,0.037436552361877234,(-1166034.2124755313-2166060.244477786j),34.836324127838694,0.033442153965068264,(2325032.466447242+0j),40.04484687649183,3.0625468242402705e-07,(7035.958503822516+0j)
8.20102844538353,34.62392355748071,0.037436552361877234,(-1166034.2124755313+2166060.244477786j),34.62392355748071,0.037436552361877234,(-1166034.2124755313-2166060.244477786j),34.909322579176774,0.033442153965068264,(2325032.466447242+0j),40.04493625909002,3.0625468242402705e-07,(7035.958503822516+0j)
8.220689507420095,34.687276664127815,0.037436552361877234,(-1166034.2124755313+2166060.244477786j),34.687276664127815,0.037436552361877234,(-1166034.2124755313-2166060.244477786j),34.98366826006441,0.033442153965068264,(2325032.466447242+0j),40.04502213809367,3.0625468242402705e-07,(7035.958503822516+0j)
8.240350569456659,34.751785229745515,0.037436552361877234,(-1166034.2124755313+2166060.244477786j),34.751785229745515,0.037436552361877234,(-1166034.2124755313-2166060.244477786j),35.05935641793428,0.033442153965068264,(2325032.466447242+0j),40.04510471554242,3.0625468242402705e-07,(7035.958503822516+0j)
8.260011631493223,34.817445613629445,0.037436552361877234,(-1166034.2124755313+2166060.244477786j),34.817445613629445,0.037436552361877234,(-1166034.2124755313-2166060.244477786j),35.13638231663489,0.033442153965068264,(2325032.466447242+0j),40.045184178234386,3.0625468242402705e-07,(7035.958503822516+0j)
8.279672693529788,34.884254186329564,0.037436552361877234,(-1166034.2124755313+2166060.244477786j),34.884254186329564,0.037436552361877234,(-1166034.2124755313-2166060.244477786j),35.21474123636794,0.033442153965068264,(2325032.466447242+0j),40.04526069913673,3.0625468242402705e-07,(7035.958503822516+0j)
8.299333755566353,34.952207329611724,0.037436552361877234,(-1166034.2124755313+2166060.244477786j),34.952207329611724,0.037436552361877234,(-1166034.2124755313-2166060.244477786j),35.29442847362592,0.033442153965068264,(2325032.466447242+0j),40.045334438642584,3.0625468242402705e-07,(7035.958503822516+0j)
8.318994817602917,35.021301436419336,0.037436552361877234,(-1166034.2124755313+2166060.244477786j),35.021301436419336,0.037436552361877234,(-1166034.2124755313-2166060.244477786j),35.375439341130004,0.033442153965068264,(2325032.466447242+0j),40.04540554569315,3.0625468242402705e-07,(7035.958503822516+0j)
8.338655879639482,35.091532910835234,0.037436552361877234,(-1166034.2124755313+2166060.244477786j),35.091532910835234,0.037436552361877234,(-1166034.2124755313-2166060.244477786j),35.457769167768184,0.033442153965068264,(2325032.466447242+0j),40.04547415878194,3.0625468242402705e-07,(7035.958503822516+0j)
8.358316941676048,35.1628981680436,0.037436552361877234,(-1166034.2124755313+2166060.244477786j),35.1628981680436,0.037436552361877234,(-1166034.2124755313-2166060.244477786j),35.541413298533705,0.033442153965068264,(2325032.466447242+0j),40.04554040685502,3.0625468242402705e-07,(7035.958503822516+0j)
8.377978003712611,35.235393634292144,0.037436552361877234,(-1166034.2124755313+2166060.244477786j),35.235393634292144,0.037436552361877234,(-1166034.2124755313-2166060.244477786j),35.62636709446373,0.033442153965068264,(2325032.466447242+0j),40.045604410119815,3.0625468242402705e-07,(7035.958503822516+0j)
8.397639065749175,35.309015746854364,0.037436552361877234,(-1166034.2124755313+2166060.244477786j),35.309015746854364,0.037436552361877234,(-1166034.2124755313-2166060.244477786j),35.71262593257829,0.033442153965068264,(2325032.466447242+0j),40.045666280773034,3.0625468242402705e-07,(7035.958503822516+0j)
8.41730012778574,35.383760953991924,0.037436552361877234,(-1166034.2124755313+2166060.244477786j),35.383760953991924,0.037436552361877234,(-1166034.2124755313-2166060.244477786j),35.800185205819446,0.033442153965068264,(2325032.466447242+0j),40.04572612365705,3.0625468242402705e-07,(7035.958503822516+0j)
8.436961189822306,35.45962571491727,0.037436552361877234,(-1166034.2124755313+2166060.244477786j),35.45962571491727,0.037436552361877234,(-1166034.2124755313-2166060.244477786j),35.88904032299084,0.033442153965068264,(2325032.466447242+0j),40.04578403685275,3.0625468242402705e-07,(7035.958503822516+0j)
8.45662225185887,35.536606499756296,0.037436552361877234,(-1166034.2124755313+2166060.244477786j),35.536606499756296,0.037436552361877234,(-1166034.2124755313-2166060.244477786j),35.97918670869728,0.033442153965068264,(2325032.466447242+0j),40.045840112216005,3.0625468242402705e-07,(7035.958503822516+0j)
8.476283313895433,35.61469978951117,0.037436552361877234,(-1166034.2124755313+2166060.244477786j),35.61469978951117,0.037436552361877234,(-1166034.2124755313-2166060.244477786j),36.07061980328483,0.033442153965068264,(2325032.466447242+0j),40.045894435863744,3.0625468242402705e-07,(7035.958503822516+0j)
8.495944375932,35.693902076023384,0.037436552361877234,(-1166034.2124755313+2166060.244477786j),35.693902076023384,0.037436552361877234,(-1166034.2124755313-2166060.244477786j),36.16333506278098,0.033442153965068264,(2325032.466447242+0j),40.04594708861533,3.0625468242402705e-07,(7035.958503822516+0j)
8.515605437968564,35.774209861936825,0.037436552361877234,(-1166034.2124755313+2166060.244477786j),35.774209861936825,0.037436552361877234,(-1166034.2124755313-2166060.244477786j),36.257327958835155,0.033442153965068264,(2325032.466447242+0j),40.04599814639371,3.0625468242402705e-07,(7035.958503822516+0j)
8.535266500005127,35.85561966066107,0.037436552361877234,(-1166034.2124755313+2166060.244477786j),35.85561966066107,0.037436552361877234,(-1166034.2124755313-2166060.244477786j),36.352593978659456,0.033442153965068264,(2325032.466447242+0j),40.04604768059068,3.0625468242402705e-07,(7035.958503822516+0j)
8.55492756204169,35.93812799633479,0.037436552361877234,(-1166034.2124755313+2166060.244477786j),35.93812799633479,0.037436552361877234,(-1166034.2124755313-2166060.244477786j),36.4491286249696,0.033442153965068264,(2325032.466447242+0j),40.046095758399986,3.0625468242402705e-07,(7035.958503822516+0j)
8.574588624078258,36.02173140378929,0.037436552361877234,(-1166034.2124755313+2166060.244477786j),36.02173140378929,0.037436552361877234,(-1166034.2124755313-2166060.244477786j),36.546927415926255,0.033442153965068264,(2325032.466447242+0j),40.04614244312138,3.0625468242402705e-07,(7035.958503822516+0j)
8.594249686114821,36.10642642851221,0.037436552361877234,(-1166034.2124755313+2166060.244477786j),36.10642642851221,0.037436552361877234,(-1166034.2124755313-2166060.244477786j),36.645985885076435,0.033442153965068264,(2325032.466447242+0j),40.04618779443872,3.0625468242402705e-07,(7035.958503822516+0j)
8.613910748151385,36.19220962661134,0.037436552361877234,(-1166034.2124755313+2166060.244477786j),36.19220962661134,0.037436552361877234,(-1166034.2124755313-2166060.244477786j),36.746299581295304,0.033442153965068264,(2325032.466447242+0j),40.04623186867448,3.0625468242402705e-07,(7035.958503822516+0j)
8.63357181018795,36.27907756477859,0.037436552361877234,(-1166034.2124755313+2166060.244477786j),36.27907756477859,0.037436552361877234,(-1166034.2124755313-2166060.244477786j),36.84786406872813,0.033442153965068264,(2325032.466447242+0j),40.04627471902313,3.0625468242402705e-07,(7035.958503822516+0j)
8.653232872224516,36.3670268202541,0.037436552361877234,(-1166034.2124755313+2166060.244477786j),36.3670268202541,0.037436552361877234,(-1166034.2124755313-2166060.244477786j),36.95067492673254,0.033442153965068264,(2325032.466447242+0j),40.0463163957653,3.0625468242402705e-07,(7035.958503822516+0j)
8.67289393426108,36.45605398079044,0.037436552361877234,(-1166034.2124755313+2166060.244477786j),36.45605398079044,0.037436552361877234,(-1166034.2124755313-2166060.244477786j),37.05472774982097,0.033442153965068264,(2325032.466447242+0j),40.046356946464606,3.0625468242402705e-07,(7035.958503822516+0j)
8.692554996297643,36.54615564461703,0.037436552361877234,(-1166034.2124755313+2166060.244477786j),36.54615564461703,0.037436552361877234,(-1166034.2124755313-2166060.244477786j),37.16001814760342,0.033442153965068264,(2325032.466447242+0j),40.046396416148745,3.0625468242402705e-07,(7035.958503822516+0j)
8.712216058334208,36.63732842040462,0.037436552361877234,(-1166034.2124755313+2166060.244477786j),36.63732842040462,0.037436552361877234,(-1166034.2124755313-2166060.244477786j),37.266541744730404,0.033442153965068264,(2325032.466447242+0j),40.04643484747624,3.0625468242402705e-07,(7035.958503822516+0j)
8.731877120370774,36.72956892722995,0.037436552361877234,(-1166034.2124755313+2166060.244477786j),36.72956892722995,0.037436552361877234,(-1166034.2124755313-2166060.244477786j),37.37429418083616,0.033442153965068264,(2325032.466447242+0j),40.04647228089028,3.0625468242402705e-07,(7035.958503822516+0j)
8.751538182407337,36.8228737945405,0.037436552361877234,(-1166034.2124755313+2166060.244477786j),36.8228737945405,0.037436552361877234,(-1166034.2124755313-2166060.244477786j),37.483271110482065,0.033442153965068264,(2325032.466447242+0j),40.04650875476066,3.0625468242402705e-07,(7035.958503822516+0j)
8.7711992444439,36.91723966211943,0.037436552361877234,(-1166034.2124755313+2166060.244477786j),36.91723966211943,0.037436552361877234,(-1166034.2124755313-2166060.244477786j),37.59346820310038,0.033442153965068264,(2325032.466447242+0j),40.046544305514956,3.0625468242402705e-07,(7035.958503822516+0j)
8.790860306480466,37.01266318005062,0.037436552361877234,(-1166034.2124755313+2166060.244477786j),37.01266318005062,0.037436552361877234,(-1166034.2124755313-2166060.244477786j),37.70488114293811,0.033442153965068264,(2325032.466447242+0j),40.04657896775993,3.0625468242402705e-07,(7035.958503822516+0j)
8.810521368517032,37.109141008683835,0.037436552361877234,(-1166034.2124755313+2166060.244477786j),37.109141008683835,0.037436552361877234,(-1166034.2124755313-2166060.244477786j),37.81750562900126,0.033442153965068264,(2325032.466447242+0j),40.04661277439383,3.0625468242402705e-07,(7035.958503822516+0j)
8.830182430553595,37.20666981860004,0.037436552361877234,(-1166034.2124755313+2166060.244477786j),37.20666981860004,0.037436552361877234,(-1166034.2124755313-2166060.244477786j),37.931337374999096,0.033442153965068264,(2325032.466447242+0j),40.04664575671058,3.0625468242402705e-07,(7035.958503822516+0j)
8.849843492590159,37.305246290576854,0.037436552361877234,(-1166034.2124755313+2166060.244477786j),37.305246290576854,0.037436552361877234,(-1166034.2124755313-2166060.244477786j),38.04637210928888,0.033442153965068264,(2325032.466447242+0j),40.0466779444964,3.0625468242402705e-07,(7035.958503822516+0j)
8.869504554626724,37.40486711555409,0.037436552361877234,(-1166034.2124755313+2166060.244477786j),37.40486711555409,0.037436552361877234,(-1166034.2124755313-2166060.244477786j),38.16260557482073,0.033442153965068264,(2325032.466447242+0j),40.0467093661195,3.0625468242402705e-07,(7035.958503822516+0j)
8.88916561666329,37.50552899459949,0.037436552361877234,(-1166034.2124755313+2166060.244477786j),37.50552899459949,0.037436552361877234,(-1166034.2124755313-2166060.244477786j),38.28003352908268,0.033442153965068264,(2325032.466447242+0j),40.04674004861349,3.0625468242402705e-07,(7035.958503822516+0j)
8.908826678699853,37.607228638874524,0.037436552361877234,(-1166034.2124755313+2166060.244477786j),37.607228638874524,0.037436552361877234,(-1166034.2124755313-2166060.244477786j),38.39865174404599,0.033442153965068264,(2325032.466447242+0j),40.04677001775494,3.0625468242402705e-07,(7035.958503822516+0j)
8.928487740736418,37.7099627696004,0.037436552361877234,(-1166034.2124755313+2166060.244477786j),37.7099627696004,0.037436552361877234,(-1166034.2124755313-2166060.244477786j),38.518456006110796,0.033442153965068264,(2325032.466447242+0j),40.04679929813558,3.0625468242402705e-07,(7035.958503822516+0j)
8.948148802772984,37.8137281180241,0.037436552361877234,(-1166034.2124755313+2166060.244477786j),37.8137281180241,0.037436552361877234,(-1166034.2124755313-2166060.244477786j),38.639442116051825,0.033442153965068264,(2325032.466447242+0j),40.046827913229706,3.0625468242402705e-07,(7035.958503822516+0j)
8.967809864809547,37.918521425384625,0.037436552361877234,(-1166034.2124755313+2166060.244477786j),37.918521425384625,0.037436552361877234,(-1166034.2124755313-2166060.244477786j),38.761605888964404,0.033442153965068264,(2325032.466447242+0j),40.04685588545678,3.0625468242402705e-07,(7035.958503822516+0j)
8.987470926846111,38.02433944287933,0.037436552361877234,(-1166034.2124755313+2166060.244477786j),38.02433944287933,0.037436552361877234,(-1166034.2124755313-2166060.244477786j),38.88494315421079,0.033442153965068264,(2325032.466447242+0j),40.046883236240156,3.0625468242402705e-07,(7035.958503822516+0j)
9.007131988882676,38.131178931630416,0.037436552361877234,(-1166034.2124755313+2166060.244477786j),38.131178931630416,0.037436552361877234,(-1166034.2124755313-2166060.244477786j),39.0094497553665,0.033442153965068264,(2325032.466447242+0j),40.04690998606174,3.0625468242402705e-07,(7035.958503822516+0j)
9.026793050919242,38.2390366626515,0.037436552361877234,(-1166034.2124755313+2166060.244477786j),38.2390366626515,0.037436552361877234,(-1166034.2124755313-2166060.244477786j),39.135121550167185,0.033442153965068264,(2325032.466447242+0j),40.04693615451312,3.0625468242402705e-07,(7035.958503822516+0j)
9.046454112955805,38.34790941681436,0.037436552361877234,(-1166034.2124755313+2166060.244477786j),38.34790941681436,0.037436552361877234,(-1166034.2124755313-2166060.244477786j),39.26195441045538,0.033442153965068264,(2325032.466447242+0j),40.046961760343464,3.0625468242402705e-07,(7035.958503822516+0j)
9.06611517499237,38.457793984815794,0.037436552361877234,(-1166034.2124755313+2166060.244477786j),38.457793984815794,0.037436552361877234,(-1166034.2124755313-2166060.244477786j),39.38994422212777,0.033442153965068264,(2325032.466447242+0j),40.04698682150431,3.0625468242402705e-07,(7035.958503822516+0j)
9.085776237028934,38.568687167144546,0.037436552361877234,(-1166034.2124755313+2166060.244477786j),38.568687167144546,0.037436552361877234,(-1166034.2124755313-2166060.244477786j),39.51908688508248,0.033442153965068264,(2325032.466447242+0j),40.04701135519151,3.0625468242402705e-07,(7035.958503822516+0j)
9.1054372990655,38.68058577404849,0.037436552361877234,(-1166034.2124755313+2166060.244477786j),38.68058577404849,0.037436552361877234,(-1166034.2124755313-2166060.244477786j),39.649378313166686,0.033442153965068264,(2325032.466447242+0j),40.047035377884605,3.0625468242402705e-07,(7035.958503822516+0j)
9.125098361102063,38.79348662550176,0.037436552361877234,(-1166034.2124755313+2166060.244477786j),38.79348662550176,0.037436552361877234,(-1166034.2124755313-2166060.244477786j),39.78081443412444,0.033442153965068264,(2325032.466447242+0j),40.04705890538373,3.0625468242402705e-07,(7035.958503822516+0j)
9.144759423138629,38.90738655117215,0.037436552361877234,(-1166034.2124755313+2166060.244477786j),38.90738655117215,0.037436552361877234,(-1166034.2124755313-2166060.244477786j),39.913391189544676,0.033442153965068264,(2325032.466447242+0j),40.04708195284427,3.0625468242402705e-07,(7035.958503822516+0j)
9.164420485175192,40.04710453480942,0.04538345101276294,(-1524898.8011910818+2781695.5312897884j),40.04710453480942,0.04538345101276294,(-1524898.8011910818-2781695.5312897884j),40.04710453480942,0.04181212092036483,(3044873.3661908046+0j),40.04710453480942,1.0935571346373953e-07,(4924.236191355408+0j)
9.164420485175192,39.02228239038861,0.037436552361877234,(-1166034.2124755313+2166060.244477786j),39.02228239038861,0.037436552361877234,(-1166034.2124755313-2166060.244477786j),40.04710453480942,0.033442153965068264,(2325032.466447242+0j),40.04710453480942,3.0625468242402705e-07,(7035.958503822516+0j)
9.1821154410081,40.0475864074079,0.04538345101276294,(-1524898.8011910818+2781695.5312897884j),40.0475864074079,0.04538345101276294,(-1524898.8011910818-2781695.5312897884j),40.047649409073486,0.04181212092036483,(3044873.3661908046+0j),44.91103627431589,1.0935571346373953e-07,(4924.236191355408+0j)
9.19981039684101,40.049030523614455,0.04538345101276294,(-1524898.8011910818+2781695.5312897884j),40.049030523614455,0.04538345101276294,(-1524898.8011910818-2781695.5312897884j),40.04928218908222,0.04181212092036483,(3044873.3661908046+0j),44.94104917450245,1.0935571346373953e-07,(4924.236191355408+0j)
9.217505352673918,40.05143463499226,0.04538345101276294,(-1524898.8011910818+2781695.5312897884j),40.05143463499226,0.04538345101276294,(-1524898.8011910818-2781695.5312897884j),40.052000115916776,0.04181212092036483,(3044873.3661908046+0j),44.951115227339145,1.0935571346373953e-07,(4924.236191355408+0j)
9.235200308506824,40.05479649835563,0.04538345101276294,(-1524898.8011910818+2781695.5312897884j),40.05479649835563,0.04538345101276294,(-1524898.8011910818-2781695.5312897884j),40.05580043765092,0.04181212092036483,(3044873.3661908046+0j),44.95615990388867,1.0935571346373953e-07,(4924.236191355408+0j)
9.252895264339735,40.059113875756324,0.04538345101276294,(-1524898.8011910818+2781695.5312897884j),40.059113875756324,0.04538345101276294,(-1524898.8011910818-2781695.5312897884j),40.06068040933141,0.04181212092036483,(3044873.3661908046+0j),44.95919044706708,1.0935571346373953e-07,(4924.236191355408+0j)
9.270590220172643,40.06438453447003,0.04538345101276294,(-1524898.8011910818+2781695.5312897884j),40.06438453447003,0.04538345101276294,(-1524898.8011910818-2781695.5312897884j),40.06663729295836,0.04181212092036483,(3044873.3661908046+0j),44.96121236850963,1.0935571346373953e-07,(4924.236191355408+0j)
9.288285176005552,40.070606246982805,0.04538345101276294,(-1524898.8011910818+2781695.5312897884j),40.070606246982805,0.04538345101276294,(-1524898.8011910818-2781695.5312897884j),40.073668357465635,0.04181212092036483,(3044873.3661908046+0j),44.96265736253555,1.0935571346373953e-07,(4924.236191355408+0j)
9.305980131838458,40.07777679097755,0.04538345101276294,(-1524898.8011910818+2781695.5312897884j),40.07777679097755,0.04538345101276294,(-1524898.8011910818-2781695.5312897884j),40.08177087870142,0.04181212092036483,(3044873.3661908046+0j),44.963741526357595,1.0935571346373953e-07,(4924.236191355408+0j)
9.323675087671367,40.08589394932057,0.04538345101276294,(-1524898.8011910818+2781695.5312897884j),40.08589394932057,0.04538345101276294,(-1524898.8011910818-2781695.5312897884j),40.09094213940873,0.04181212092036483,(3044873.3661908046+0j),44.96458501288229,1.0935571346373953e-07,(4924.236191355408+0j)
9.341370043504275,40.09495551004815,0.04538345101276294,(-1524898.8011910818+2781695.5312897884j),40.09495551004815,0.04538345101276294,(-1524898.8011910818-2781695.5312897884j),40.101179429206084,0.04181212092036483,(3044873.3661908046+0j),44.965259958394924,1.0935571346373953e-07,(4924.236191355408+0j)
9.359064999337182,40.10495926635317,0.04538345101276294,(-1524898.8011910818+2781695.5312897884j),40.10495926635317,0.04538345101276294,(-1524898.8011910818-2781695.5312897884j),40.11248004456815,0.04181212092036483,(3044873.3661908046+0j),44.96581228990479,1.0935571346373953e-07,(4924.236191355408+0j)
9.37675995517009,40.11590301657176,0.04538345101276294,(-1524898.8011910818+2781695.5312897884j),40.11590301657176,0.04538345101276294,(-1524898.8011910818-2781695.5312897884j),40.12484128880652,0.04181212092036483,(3044873.3661908046+0j),44.96627263724143,1.0935571346373953e-07,(4924.236191355408+0j)
9.394454911002999,40.12778456416997,0.04538345101276294,(-1524898.8011910818+2781695.5312897884j),40.12778456416997,0.04538345101276294,(-1524898.8011910818-2781695.5312897884j),40.13826047205049,0.04181212092036483,(3044873.3661908046+0j),44.96666221239039,1.0935571346373953e-07,(4924.236191355408+0j)
9.41214986683591,40.14060171773053,0.04538345101276294,(-1524898.8011910818+2781695.5312897884j),40.14060171773053,0.04538345101276294,(-1524898.8011910818-2781695.5312897884j),40.15273491122796,0.04181212092036483,(3044873.3661908046+0j),44.96699617078196,1.0935571346373953e-07,(4924.236191355408+0j)
9.429844822668816,40.154352290939634,0.04538345101276294,(-1524898.8011910818+2781695.5312897884j),40.154352290939634,0.04538345101276294,(-1524898.8011910818-2781695.5312897884j),40.168261930046356,0.04181212092036483,(3044873.3661908046+0j),44.967285628895475,1.0935571346373953e-07,(4924.236191355408+0j)
9.447539778501724,40.16903410257371,0.04538345101276294,(-1524898.8011910818+2781695.5312897884j),40.16903410257371,0.04538345101276294,(-1524898.8011910818-2781695.5312897884j),40.18483885897362,0.04181212092036483,(3044873.3661908046+0j),44.967538925700254,1.0935571346373953e-07,(4924.236191355408+0j)
9.465234734334633,40.18464497648629,0.04538345101276294,(-1524898.8011910818+2781695.5312897884j),40.18464497648629,0.04538345101276294,(-1524898.8011910818-2781695.5312897884j),40.20246303521923,0.04181212092036483,(3044873.3661908046+0j),44.967762439124925,1.0935571346373953e-07,(4924.236191355408+0j)
9.482929690167541,40.2011827415949,0.04538345101276294,(-1524898.8011910818+2781695.5312897884j),40.2011827415949,0.04538345101276294,(-1524898.8011910818-2781695.5312897884j),40.22113180271537,0.04181212092036483,(3044873.3661908046+0j),44.96796113051042,1.0935571346373953e-07,(4924.236191355408+0j)
9.500624646000448,40.21864523186796,0.04538345101276294,(-1524898.8011910818+2781695.5312897884j),40.21864523186796,0.04538345101276294,(-1524898.8011910818-2781695.5312897884j),40.240842512098034,0.04181212092036483,(3044873.3661908046+0j),44.96813891721435,1.0935571346373953e-07,(4924.236191355408+0j)
9.518319601833356,40.237030286311786,0.04538345101276294,(-1524898.8011910818+2781695.5312897884j),40.237030286311786,0.04538345101276294,(-1524898.8011910818-2781695.5312897884j),40.261592520688296,0.04181212092036483,(3044873.3661908046+0j),44.96829893348588,1.0935571346373953e-07,(4924.236191355408+0j)
9.536014557666265,40.25633574895753,0.04538345101276294,(-1524898.8011910818+2781695.5312897884j),40.25633574895753,0.04538345101276294,(-1524898.8011910818-2781695.5312897884j),40.28337919247358,0.04181212092036483,(3044873.3661908046+0j),44.968443716837854,1.0935571346373953e-07,(4924.236191355408+0j)
9.553709513499172,40.27655946884832,0.04538345101276294,(-1524898.8011910818+2781695.5312897884j),40.27655946884832,0.04538345101276294,(-1524898.8011910818-2781695.5312897884j),40.30619989808903,0.04181212092036483,(3044873.3661908046+0j),44.96857534361149,1.0935571346373953e-07,(4924.236191355408+0j)
9.571404469332082,40.297699300026196,0.04538345101276294,(-1524898.8011910818+2781695.5312897884j),40.297699300026196,0.04538345101276294,(-1524898.8011910818-2781695.5312897884j),40.330052014798866,0.04181212092036483,(3044873.3661908046+0j),44.968695529190704,1.0935571346373953e-07,(4924.236191355408+0j)
9.58909942516499,40.319753101519325,0.04538345101276294,(-1524898.8011910818+2781695.5312897884j),40.319753101519325,0.04538345101276294,(-1524898.8011910818-2781695.5312897884j),40.3549329264779,0.04181212092036483,(3044873.3661908046+0j),44.96880570317252,1.0935571346373953e-07,(4924.236191355408+0j)
9.606794380997899,40.34271873732914,0.04538345101276294,(-1524898.8011910818+2781695.5312897884j),40.34271873732914,0.04538345101276294,(-1524898.8011910818-2781695.5312897884j),40.38084002359303,0.04181212092036483,(3044873.3661908046+0j),44.96890706650322,1.0935571346373953e-07,(4924.236191355408+0j)
9.624489336830806,40.366594076417485,0.04538345101276294,(-1524898.8011910818+2781695.5312897884j),40.366594076417485,0.04538345101276294,(-1524898.8011910818-2781695.5312897884j),40.407770703184816,0.04181212092036483,(3044873.3661908046+0j),44.96900063543401,1.0935571346373953e-07,(4924.236191355408+0j)
9.642184292663714,40.39137699269388,0.04538345101276294,(-1524898.8011910818+2781695.5312897884j),40.39137699269388,0.04538345101276294,(-1524898.8011910818-2781695.5312897884j),40.43572236884915,0.04181212092036483,(3044873.3661908046+0j),44.96908727571202,1.0935571346373953e-07,(4924.236191355408+0j)
9.659879248496622,40.417065365002735,0.04538345101276294,(-1524898.8011910818+2781695.5312897884j),40.417065365002735,0.04538345101276294,(-1524898.8011910818-2781695.5312897884j),40.464692430718905,0.04181212092036483,(3044873.3661908046+0j),44.96916772944719,1.0935571346373953e-07,(4924.236191355408+0j)
9.677574204329531,40.44365707711072,0.04538345101276294,(-1524898.8011910818+2781695.5312897884j),40.44365707711072,0.04538345101276294,(-1524898.8011910818-2781695.5312897884j),40.4946783054457,0.04181212092036483,(3044873.3661908046+0j),44.969242636422166,1.0935571346373953e-07,(4924.236191355408+0j)
9.695269160162438,40.47115001769402,0.04538345101276294,(-1524898.8011910818+2781695.5312897884j),40.47115001769402,0.04538345101276294,(-1524898.8011910818-2781695.5312897884j),40.52567741618176,0.04181212092036483,(3044873.3661908046+0j),44.969312551141584,1.0935571346373953e-07,(4924.236191355408+0j)
9.712964115995346,40.49954208032579,0.04538345101276294,(-1524898.8011910818+2781695.5312897884j),40.49954208032579,0.04538345101276294,(-1524898.8011910818-2781695.5312897884j),40.5576871925617,0.04181212092036483,(3044873.3661908046+0j),44.96937795658253,1.0935571346373953e-07,(4924.236191355408+0j)
9.730659071828256,40.52883116346345,0.04538345101276294,(-1524898.8011910818+2781695.5312897884j),40.52883116346345,0.04538345101276294,(-1524898.8011910818-2781695.5312897884j),40.59070507068453,0.04181212092036483,(3044873.3661908046+0j),44.96943927536738,1.0935571346373953e-07,(4924.236191355408+0j)
9.748354027661165,40.55901517043627,0.04538345101276294,(-1524898.8011910818+2781695.5312897884j),40.55901517043627,0.04538345101276294,(-1524898.8011910818-2781695.5312897884j),40.62472849309556,0.04181212092036483,(3044873.3661908046+0j),44.969496878906,1.0935571346373953e-07,(4924.236191355408+0j)
9.766048983494072,40.590092009432716,0.04538345101276294,(-1524898.8011910818+2781695.5312897884j),40.590092009432716,0.04538345101276294,(-1524898.8011910818-2781695.5312897884j),40.65975490876849,0.04181212092036483,(3044873.3661908046+0j),44.96955109492487,1.0935571346373953e-07,(4924.236191355408+0j)
9.78374393932698,40.62205959348807,0.04538345101276294,(-1524898.8011910818+2781695.5312897884j),40.62205959348807,0.04538345101276294,(-1524898.8011910818-2781695.5312897884j),40.695781773087496,0.04181212092036483,(3044873.3661908046+0j),44.96960221370591,1.0935571346373953e-07,(4924.236191355408+0j)
9.801438895159889,40.65491584047193,0.04538345101276294,(-1524898.8011910818+2781695.5312897884j),40.65491584047193,0.04538345101276294,(-1524898.8011910818-2781695.5312897884j),40.73280654782936,0.04181212092036483,(3044873.3661908046+0j),44.96965049328585,1.0935571346373953e-07,(4924.236191355408+0j)
9.819133850992795,40.68865867307579,0.04538345101276294,(-1524898.8011910818+2781695.5312897884j),40.68865867307579,0.04538345101276294,(-1524898.8011910818-2781695.5312897884j),40.77082670114569,0.04181212092036483,(3044873.3661908046+0j),44.96969616381249,1.0935571346373953e-07,(4924.236191355408+0j)
9.836828806825704,40.72328601880072,0.04538345101276294,(-1524898.8011910818+2781695.5312897884j),40.72328601880072,0.04538345101276294,(-1524898.8011910818-2781695.5312897884j),40.809839707545144,0.04181212092036483,(3044873.3661908046+0j),44.96973943121349,1.0935571346373953e-07,(4924.236191355408+0j)
9.854523762658612,40.75879580994496,0.04538345101276294,(-1524898.8011910818+2781695.5312897884j),40.75879580994496,0.04538345101276294,(-1524898.8011910818-2781695.5312897884j),40.84984304787583,0.04181212092036483,(3044873.3661908046+0j),44.96978048030075,1.0935571346373953e-07,(4924.236191355408+0j)
9.87221871849152,40.79518598359165,0.04538345101276294,(-1524898.8011910818+2781695.5312897884j),40.79518598359165,0.04538345101276294,(-1524898.8011910818-2781695.5312897884j),40.89083420930759,0.04181212092036483,(3044873.3661908046+0j),44.969819477409224,1.0935571346373953e-07,(4924.236191355408+0j)
9.88991367432443,40.83245448159658,0.04538345101276294,(-1524898.8011910818+2781695.5312897884j),40.83245448159658,0.04538345101276294,(-1524898.8011910818-2781695.5312897884j),40.932810685314465,0.04181212092036483,(3044873.3661908046+0j),44.969856572649775,1.0935571346373953e-07,(4924.236191355408+0j)
9.907608630157338,40.8705992505759,0.04538345101276294,(-1524898.8011910818+2781695.5312897884j),40.8705992505759,0.04538345101276294,(-1524898.8011910818-2781695.5312897884j),40.975769975657165,0.04181212092036483,(3044873.3661908046+0j),44.96989190184012,1.0935571346373953e-07,(4924.236191355408+0j)
9.925303585990246,40.90961824189399,0.04538345101276294,(-1524898.8011910818+2781695.5312897884j),40.90961824189399,0.04538345101276294,(-1524898.8011910818-2781695.5312897884j),41.01970958636564,0.04181212092036483,(3044873.3661908046+0j),44.96992558816651,1.0935571346373953e-07,(4924.236191355408+0j)
9.942998541823155,40.949509411651235,0.04538345101276294,(-1524898.8011910818+2781695.5312897884j),40.949509411651235,0.04538345101276294,(-1524898.8011910818-2781695.5312897884j),41.06462702972162,0.04181212092036483,(3044873.3661908046+0j),44.9699577436188,1.0935571346373953e-07,(4924.236191355408+0j)
9.960693497656061,40.99027072067194,0.04538345101276294,(-1524898.8011910818+2781695.5312897884j),40.99027072067194,0.04538345101276294,(-1524898.8011910818-2781695.5312897884j),41.110519824241265,0.04181212092036483,(3044873.3661908046+0j),44.96998847023424,1.0935571346373953e-07,(4924.236191355408+0j)
9.97838845348897,41.031900134492204,0.04538345101276294,(-1524898.8011910818+2781695.5312897884j),41.031900134492204,0.04538345101276294,(-1524898.8011910818-2781695.5312897884j),41.15738549465792,0.04181212092036483,(3044873.3661908046+0j),44.97001786117906,1.0935571346373953e-07,(4924.236191355408+0j)
9.996083409321878,41.07439562334792,0.04538345101276294,(-1524898.8011910818+2781695.5312897884j),41.07439562334792,0.04538345101276294,(-1524898.8011910818-2781695.5312897884j),41.20522157190481,0.04181212092036483,(3044873.3661908046+0j),44.97004600169203,1.0935571346373953e-07,(4924.236191355408+0j)
10.013778365154787,41.117755162162645,0.04538345101276294,(-1524898.8011910818+2781695.5312897884j),41.117755162162645,0.04538345101276294,(-1524898.8011910818-2781695.5312897884j),41.25402559309785,0.04181212092036483,(3044873.3661908046+0j),44.97007296991005,1.0935571346373953e-07,(4924.236191355408+0j)
10.031473320987693,41.161976730535756,0.04538345101276294,(-1524898.8011910818+2781695.5312897884j),41.161976730535756,0.04538345101276294,(-1524898.8011910818-2781695.5312897884j),41.30379510151855,0.04181212092036483,(3044873.3661908046+0j),44.97009883759268,1.0935571346373953e-07,(4924.236191355408+0j)
10.049168276820604,41.207058312730325,0.04538345101276294,(-1524898.8011910818+2781695.5312897884j),41.207058312730325,0.04538345101276294,(-1524898.8011910818-2781695.5312897884j),41.35452764659688,0.04181212092036483,(3044873.3661908046+0j),44.97012367075983,1.0935571346373953e-07,(4924.236191355408+0j)
10.066863232653512,41.25299789766137,0.04538345101276294,(-1524898.8011910818+2781695.5312897884j),41.25299789766137,0.04538345101276294,(-1524898.8011910818-2781695.5312897884j),41.40622078389424,0.04181212092036483,(3044873.3661908046+0j),44.970147530254266,1.0935571346373953e-07,(4924.236191355408+0j)
10.084558188486419,41.29979347888384,0.04538345101276294,(-1524898.8011910818+2781695.5312897884j),41.29979347888384,0.04538345101276294,(-1524898.8011910818-2781695.5312897884j),41.45887207508653,0.04181212092036483,(3044873.3661908046+0j),44.97017047223943,1.0935571346373953e-07,(4924.236191355408+0j)
10.102253144319327,41.34744305458082,0.04538345101276294,(-1524898.8011910818+2781695.5312897884j),41.34744305458082,0.04538345101276294,(-1524898.8011910818-2781695.5312897884j),41.51247908794717,0.04181212092036483,(3044873.3661908046+0j),44.970192548640696,1.0935571346373953e-07,(4924.236191355408+0j)
10.119948100152236,41.395944627551714,0.04538345101276294,(-1524898.8011910818+2781695.5312897884j),41.395944627551714,0.04538345101276294,(-1524898.8011910818-2781695.5312897884j),41.56703939633024,0.04181212092036483,(3044873.3661908046+0j),44.97021380753783,1.0935571346373953e-07,(4924.236191355408+0j)
10.137643055985144,41.445296205200435,0.04538345101276294,(-1524898.8011910818+2781695.5312897884j),41.445296205200435,0.04538345101276294,(-1524898.8011910818-2781695.5312897884j),41.62255058015364,0.04181212092036483,(3044873.3661908046+0j),44.97023429351443,1.0935571346373953e-07,(4924.236191355408+0j)
10.155338011818051,41.49549579952369,0.04538345101276294,(-1524898.8011910818+2781695.5312897884j),41.49549579952369,0.04538345101276294,(-1524898.8011910818-2781695.5312897884j),41.679010225382385,0.04181212092036483,(3044873.3661908046+0j),44.97025404797012,1.0935571346373953e-07,(4924.236191355408+0j)
10.17303296765096,41.546541427099214,0.04538345101276294,(-1524898.8011910818+2781695.5312897884j),41.546541427099214,0.04538345101276294,(-1524898.8011910818-2781695.5312897884j),41.73641592401181,0.04181212092036483,(3044873.3661908046+0j),44.97027310939972,1.0935571346373953e-07,(4924.236191355408+0j)
10.19072792348387,41.59843110907415,0.04538345101276294,(-1524898.8011910818+2781695.5312897884j),41.59843110907415,0.04538345101276294,(-1524898.8011910818-2781695.5312897884j),41.79476527405094,0.04181212092036483,(3044873.3661908046+0j),44.970291513643694,1.0935571346373953e-07,(4924.236191355408+0j)
10.208422879316778,41.651162871153325,0.04538345101276294,(-1524898.8011910818+2781695.5312897884j),41.651162871153325,0.04538345101276294,(-1524898.8011910818-2781695.5312897884j),41.85405587950586,0.04181212092036483,(3044873.3661908046+0j),44.970309294113,1.0935571346373953e-07,(4924.236191355408+0j)
10.226117835149685,41.704734743587714,0.04538345101276294,(-1524898.8011910818+2781695.5312897884j),41.704734743587714,0.04538345101276294,(-1524898.8011910818-2781695.5312897884j),41.91428535036319,0.04181212092036483,(3044873.3661908046+0j),44.970326481991556,1.0935571346373953e-07,(4924.236191355408+0j)
10.243812790982593,41.759144761162794,0.04538345101276294,(-1524898.8011910818+2781695.5312897884j),41.759144761162794,0.04538345101276294,(-1524898.8011910818-2781695.5312897884j),41.97545130257351,0.04181212092036483,(3044873.3661908046+0j),44.97034310641874,1.0935571346373953e-07,(4924.236191355408+0j)
10.261507746815502,41.814390963187016,0.04538345101276294,(-1524898.8011910818+2781695.5312897884j),41.814390963187016,0.04538345101276294,(-1524898.8011910818-2781695.5312897884j),42.03755135803498,0.04181212092036483,(3044873.3661908046+0j),44.97035919465426,1.0935571346373953e-07,(4924.236191355408+0j)
10.279202702648409,41.8704713934803,0.04538345101276294,(-1524898.8011910818+2781695.5312897884j),41.8704713934803,0.04538345101276294,(-1524898.8011910818-2781695.5312897884j),42.10058314457684,0.04181212092036483,(3044873.3661908046+0j),44.97037477222728,1.0935571346373953e-07,(4924.236191355408+0j)
10.296897658481317,41.92738410036253,0.04538345101276294,(-1524898.8011910818+2781695.5312897884j),41.92738410036253,0.04538345101276294,(-1524898.8011910818-2781695.5312897884j),42.1645442959431,0.04181212092036483,(3044873.3661908046+0j),44.97038986307165,1.0935571346373953e-07,(4924.236191355408+0j)
10.314592614314225,41.98512713664211,0.04538345101276294,(-1524898.8011910818+2781695.5312897884j),41.98512713664211,0.04538345101276294,(-1524898.8011910818-2781695.5312897884j),42.22943245177628,0.04181212092036483,(3044873.3661908046+0j),44.970404489648566,1.0935571346373953e-07,(4924.236191355408+0j)
10.332287570147134,42.04369855960457,0.04538345101276294,(-1524898.8011910818+2781695.5312897884j),42.04369855960457,0.04538345101276294,(-1524898.8011910818-2781695.5312897884j),42.29524525760104,0.04181212092036483,(3044873.3661908046+0j),44.97041867305812,1.0935571346373953e-07,(4924.236191355408+0j)
10.34998252598004,42.103096431001134,0.04538345101276294,(-1524898.8011910818+2781695.5312897884j),42.103096431001134,0.04538345101276294,(-1524898.8011910818-2781695.5312897884j),42.36198036480807,0.04181212092036483,(3044873.3661908046+0j),44.97043243314089,1.0935571346373953e-07,(4924.236191355408+0j)
10.367677481812951,42.16331881703739,0.04538345101276294,(-1524898.8011910818+2781695.5312897884j),42.16331881703739,0.04538345101276294,(-1524898.8011910818-2781695.5312897884j),42.42963543063789,0.04181212092036483,(3044873.3661908046+0j),44.97044578857052,1.0935571346373953e-07,(4924.236191355408+0j)
10.38537243764586,42.224363788361984,0.04538345101276294,(-1524898.8011910818+2781695.5312897884j),42.224363788361984,0.04538345101276294,(-1524898.8011910818-2781695.5312897884j),42.49820811816473,0.04181212092036483,(3044873.3661908046+0j),44.97045875693824,1.0935571346373953e-07,(4924.236191355408+0j)
10.403067393478768,42.286229420055314,0.04538345101276294,(-1524898.8011910818+2781695.5312897884j),42.286229420055314,0.04538345101276294,(-1524898.8011910818-2781695.5312897884j),42.567696096280514,0.04181212092036483,(3044873.3661908046+0j),44.97047135483024,1.0935571346373953e-07,(4924.236191355408+0j)
10.420762349311675,42.34891379161827,0.04538345101276294,(-1524898.8011910818+2781695.5312897884j),42.34891379161827,0.04538345101276294,(-1524898.8011910818-2781695.5312897884j),42.63809703967885,0.04181212092036483,(3044873.3661908046+0j),44.970483597898365,1.0935571346373953e-07,(4924.236191355408+0j)
10.438457305144583,42.412414986961025,0.04538345101276294,(-1524898.8011910818+2781695.5312897884j),42.412414986961025,0.04538345101276294,(-1524898.8011910818-2781695.5312897884j),42.709408628838986,0.04181212092036483,(3044873.3661908046+0j),44.97049550092505,1.0935571346373953e-07,(4924.236191355408+0j)
10.456152260977492,42.47673109439184,0.04538345101276294,(-1524898.8011910818+2781695.5312897884j),42.47673109439184,0.04538345101276294,(-1524898.8011910818-2781695.5312897884j),42.78162855001004,0.04181212092036483,(3044873.3661908046+0j),44.97050707788282,1.0935571346373953e-07,(4924.236191355408+0j)
10.4738472168104,42.54186020660587,0.04538345101276294,(-1524898.8011910818+2781695.5312897884j),42.54186020660587,0.04538345101276294,(-1524898.8011910818-2781695.5312897884j),42.854754495195024,0.04181212092036483,(3044873.3661908046+0j),44.970518341989035,1.0935571346373953e-07,(4924.236191355408+0j)
10.491542172643307,42.607800420674074,0.04538345101276294,(-1524898.8011910818+2781695.5312897884j),42.607800420674074,0.04538345101276294,(-1524898.8011910818-2781695.5312897884j),42.92878416213508,0.04181212092036483,(3044873.3661908046+0j),44.970529305756216,1.0935571346373953e-07,(4924.236191355408+0j)
10.509237128476217,42.674549838032135,0.04538345101276294,(-1524898.8011910818+2781695.5312897884j),42.674549838032135,0.04538345101276294,(-1524898.8011910818-2781695.5312897884j),43.00371525429374,0.04181212092036483,(3044873.3661908046+0j),44.97053998103839,1.0935571346373953e-07,(4924.236191355408+0j)
10.526932084309125,42.74210656446934,0.04538345101276294,(-1524898.8011910818+2781695.5312897884j),42.74210656446934,0.04538345101276294,(-1524898.8011910818-2781695.5312897884j),43.07954548084116,0.04181212092036483,(3044873.3661908046+0j),44.970550379073885,1.0935571346373953e-07,(4924.236191355408+0j)
10.544627040142032,42.81046871011757,0.04538345101276294,(-1524898.8011910818+2781695.5312897884j),42.81046871011757,0.04538345101276294,(-1524898.8011910818-2781695.5312897884j),43.15627255663848,0.04181212092036483,(3044873.3661908046+0j),44.97056051052478,1.0935571346373953e-07,(4924.236191355408+0j)
10.56232199597494,42.8796343894403,0.04538345101276294,(-1524898.8011910818+2781695.5312897884j),42.8796343894403,0.04538345101276294,(-1524898.8011910818-2781695.5312897884j),43.23389420222222,0.04181212092036483,(3044873.3661908046+0j),44.97057038551333,1.0935571346373953e-07,(4924.236191355408+0j)
10.580016951807849,42.949601721221654,0.04538345101276294,(-1524898.8011910818+2781695.5312897884j),42.949601721221654,0.04538345101276294,(-1524898.8011910818-2781695.5312897884j),43.31240814378871,0.04181212092036483,(3044873.3661908046+0j),44.97058001365577,1.0935571346373953e-07,(4924.236191355408+0j)
10.597711907640758,43.020368828555405,0.04538345101276294,(-1524898.8011910818+2781695.5312897884j),43.020368828555405,0.04538345101276294,(-1524898.8011910818-2781695.5312897884j),43.391812113178524,0.04181212092036483,(3044873.3661908046+0j),44.97058940409351,1.0935571346373953e-07,(4924.236191355408+0j)
10.615406863473664,43.09193383883412,0.04538345101276294,(-1524898.8011910818+2781695.5312897884j),43.09193383883412,0.04538345101276294,(-1524898.8011910818-2781695.5312897884j),43.472103847861064,0.04181212092036483,(3044873.3661908046+0j),44.970598565522074,1.0935571346373953e-07,(4924.236191355408+0j)
10.633101819306573,43.16429488373826,0.04538345101276294,(-1524898.8011910818+2781695.5312897884j),43.16429488373826,0.04538345101276294,(-1524898.8011910818-2781695.5312897884j),43.553281090919114,0.04181212092036483,(3044873.3661908046+0j),44.97060750621797,1.0935571346373953e-07,(4924.236191355408+0j)
10.650796775139481,43.23745009922532,0.04538345101276294,(-1524898.8011910818+2781695.5312897884j),43.23745009922532,0.04538345101276294,(-1524898.8011910818-2781695.5312897884j),43.63534159103346,0.04181212092036483,(3044873.3661908046+0j),44.97061623406365,1.0935571346373953e-07,(4924.236191355408+0j)
10.66849173097239,43.31139762551906,0.04538345101276294,(-1524898.8011910818+2781695.5312897884j),43.31139762551906,0.04538345101276294,(-1524898.8011910818-2781695.5312897884j),43.71828310246753,0.04181212092036483,(3044873.3661908046+0j),44.97062475657065,1.0935571346373953e-07,(4924.236191355408+0j)
10.686186686805298,43.386135607098645,0.04538345101276294,(-1524898.8011910818+2781695.5312897884j),43.386135607098645,0.04538345101276294,(-1524898.8011910818-2781695.5312897884j),43.80210338505218,0.04181212092036483,(3044873.3661908046+0j),44.97063308090118,1.0935571346373953e-07,(4924.236191355408+0j)
10.703881642638207,43.46166219268796,0.04538345101276294,(-1524898.8011910818+2781695.5312897884j),43.46166219268796,0.04538345101276294,(-1524898.8011910818-2781695.5312897884j),43.88680020417037,0.04181212092036483,(3044873.3661908046+0j),44.97064121388817,1.0935571346373953e-07,(4924.236191355408+0j)
10.721576598471115,43.53797553524485,0.04538345101276294,(-1524898.8011910818+2781695.5312897884j),43.53797553524485,0.04538345101276294,(-1524898.8011910818-2781695.5312897884j),43.97237133074206,0.04181212092036483,(3044873.3661908046+0j),44.970649162054016,1.0935571346373953e-07,(4924.236191355408+0j)
10.739271554304024,43.61507379195042,0.04538345101276294,(-1524898.8011910818+2781695.5312897884j),43.61507379195042,0.04538345101276294,(-1524898.8011910818-2781695.5312897884j),44.058814541208996,0.04181212092036483,(3044873.3661908046+0j),44.970656931628,1.0935571346373953e-07,(4924.236191355408+0j)
10.75696651013693,43.69295512419843,0.04538345101276294,(-1524898.8011910818+2781695.5312897884j),43.69295512419843,0.04538345101276294,(-1524898.8011910818-2781695.5312897884j),44.14612761751966,0.04181212092036483,(3044873.3661908046+0j),44.97066452856257,1.0935571346373953e-07,(4924.236191355408+0j)
10.774661465969839,43.77161769758455,0.04538345101276294,(-1524898.8011910818+2781695.5312897884j),43.77161769758455,0.04538345101276294,(-1524898.8011910818-2781695.5312897884j),44.234308347114194,0.04181212092036483,(3044873.3661908046+0j),44.97067195854855,1.0935571346373953e-07,(4924.236191355408+0j)
10.792356421802747,43.851059681895876,0.04538345101276294,(-1524898.8011910818+2781695.5312897884j),43.851059681895876,0.04538345101276294,(-1524898.8011910818-2781695.5312897884j),44.32335452290941,0.04181212092036483,(3044873.3661908046+0j),44.970679227029365,1.0935571346373953e-07,(4924.236191355408+0j)
10.810051377635654,43.93127925110027,0.04538345101276294,(-1524898.8011910818+2781695.5312897884j),43.93127925110027,0.04538345101276294,(-1524898.8011910818-2781695.5312897884j),44.41326394328381,0.04181212092036483,(3044873.3661908046+0j),44.97068633921436,1.0935571346373953e-07,(4924.236191355408+0j)
10.827746333468564,44.01227458333588,0.04538345101276294,(-1524898.8011910818+2781695.5312897884j),44.01227458333588,0.04538345101276294,(-1524898.8011910818-2781695.5312897884j),44.504034412062715,0.04181212092036483,(3044873.3661908046+0j),44.97069330009118,1.0935571346373953e-07,(4924.236191355408+0j)
10.845441289301473,44.094043860900555,0.04538345101276294,(-1524898.8011910818+2781695.5312897884j),44.094043860900555,0.04538345101276294,(-1524898.8011910818-2781695.5312897884j),44.595663738503326,0.04181212092036483,(3044873.3661908046+0j),44.97070011443752,1.0935571346373953e-07,(4924.236191355408+0j)
10.863136245134381,44.17658527024144,0.04538345101276294,(-1524898.8011910818+2781695.5312897884j),44.17658527024144,0.04538345101276294,(-1524898.8011910818-2781695.5312897884j),44.68814973727999,0.04181212092036483,(3044873.3661908046+0j),44.970706786832025,1.0935571346373953e-07,(4924.236191355408+0j)
10.880831200967288,44.259897001944466,0.04538345101276294,(-1524898.8011910818+2781695.5312897884j),44.259897001944466,0.04538345101276294,(-1524898.8011910818-2781695.5312897884j),44.781490228469366,0.04181212092036483,(3044873.3661908046+0j),44.97071332166453,1.0935571346373953e-07,(4924.236191355408+0j)
10.898526156800196,44.343977250723945,0.04538345101276294,(-1524898.8011910818+2781695.5312897884j),44.343977250723945,0.04538345101276294,(-1524898.8011910818-2781695.5312897884j),44.87568303753571,0.04181212092036483,(3044873.3661908046+0j),44.97071972314573,1.0935571346373953e-07,(4924.236191355408+0j)
10.916221112633105,44.428824215412185,0.04538345101276294,(-1524898.8011910818+2781695.5312897884j),44.428824215412185,0.04538345101276294,(-1524898.8011910818-2781695.5312897884j),44.97072599531617,0.04181212092036483,(3044873.3661908046+0j),44.97072599531617,1.0935571346373953e-07,(4924.236191355408+0j)
10.916221112633105,44.97072599531617,0.1627920844298007,(-2971707.2657473683+5221668.976542747j),44.97072599531617,0.1627920844298007,(-2971707.2657473683-5221668.976542747j),44.97072599531617,0.1592696298708598,(5942711.155208652+0j),44.97072599531617,2.231203442943944e-09,(703.3762860832294+0j)
10.933916068466013,44.970655025648945,0.1627920844298007,(-2971707.2657473683+5221668.976542747j),44.970655025648945,0.1627920844298007,(-2971707.2657473683-5221668.976542747j),44.970652658652114,0.1592696298708598,(5942711.155208652+0j),44.267527056814465,2.231203442943944e-09,(703.3762860832294+0j)
10.95161102429892,44.97044217834382,0.1627920844298007,(-2971707.2657473683+5221668.976542747j),44.97044217834382,0.1627920844298007,(-2971707.2657473683-5221668.976542747j),44.97043271382385,0.1592696298708598,(5942711.155208652+0j),44.26743839140901,2.231203442943944e-09,(703.3762860832294+0j)
10.969305980131828,44.9700875459004,0.1627920844298007,(-2971707.2657473683+5221668.976542747j),44.9700875459004,0.1627920844298007,(-2971707.2657473683-5221668.976542747j),44.97006625852835,0.1592696298708598,(5942711.155208652+0j),44.26740883254726,2.231203442943944e-09,(703.3762860832294+0j)
10.987000935964737,44.96959122075796,0.1627920844298007,(-2971707.2657473683+5221668.976542747j),44.96959122075796,0.1627920844298007,(-2971707.2657473683-5221668.976542747j),44.969553390397536,0.1592696298708598,(5942711.155208652+0j),44.267394052417565,2.231203442943944e-09,(703.3762860832294+0j)
11.004695891797645,44.968953295295556,0.1627920844298007,(-2971707.2657473683+5221668.976542747j),44.968953295295556,0.1627920844298007,(-2971707.2657473683-5221668.976542747j),44.96889420699825,0.1592696298708598,(5942711.155208652+0j),44.26738518411611,2.231203442943944e-09,(703.3762860832294+0j)
11.022390847630554,44.96817386183201,0.1627920844298007,(-2971707.2657473683+5221668.976542747j),44.96817386183201,0.1627920844298007,(-2971707.2657473683-5221668.976542747j),44.96808880583236,0.1592696298708598,(5942711.155208652+0j),44.26737927182196,2.231203442943944e-09,(703.3762860832294+0j)
11.040085803463462,44.967253012625974,0.1627920844298007,(-2971707.2657473683+5221668.976542747j),44.967253012625974,0.1627920844298007,(-2971707.2657473683-5221668.976542747j),44.96713728433677,0.1592696298708598,(5942711.155208652+0j),44.26737504870906,2.231203442943944e-09,(703.3762860832294+0j)
11.05778075929637,44.966190839876,0.1627920844298007,(-2971707.2657473683+5221668.976542747j),44.966190839876,0.1627920844298007,(-2971707.2657473683-5221668.976542747j),44.966039739883485,0.1592696298708598,(5942711.155208652+0j),44.26737188134943,2.231203442943944e-09,(703.3762860832294+0j)
11.075475715129278,44.96498743572053,0.1627920844298007,(-2971707.2657473683+5221668.976542747j),44.96498743572053,0.1627920844298007,(-2971707.2657473683-5221668.976542747j),44.96479626977965,0.1592696298708598,(5942711.155208652+0j),44.267369417832704,2.231203442943944e-09,(703.3762860832294+0j)
11.093170670962186,44.963642892238006,0.1627920844298007,(-2971707.2657473683+5221668.976542747j),44.963642892238006,0.1627920844298007,(-2971707.2657473683-5221668.976542747j),44.963406971267624,0.1592696298708598,(5942711.155208652+0j),44.26736744701001,2.231203442943944e-09,(703.3762860832294+0j)
11.110865626795094,44.962157301446844,0.1627920844298007,(-2971707.2657473683+5221668.976542747j),44.962157301446844,0.1627920844298007,(-2971707.2657473683-5221668.976542747j),44.96187194152499,0.1592696298708598,(5942711.155208652+0j),44.267365834512546,2.231203442943944e-09,(703.3762860832294+0j)
11.128560582628003,44.96053075530552,0.1627920844298007,(-2971707.2657473683+5221668.976542747j),44.96053075530552,0.1627920844298007,(-2971707.2657473683-5221668.976542747j),44.960191277664634,0.1592696298708598,(5942711.155208652+0j),44.26736449076042,2.231203442943944e-09,(703.3762860832294+0j)
11.14625553846091,44.9587633457126,0.1627920844298007,(-2971707.2657473683+5221668.976542747j),44.9587633457126,0.1627920844298007,(-2971707.2657473683-5221668.976542747j),44.95836507673478,0.1592696298708598,(5942711.155208652+0j),44.26736335373639,2.231203442943944e-09,(703.3762860832294+0j)
11.163950494293818,44.95685516450681,0.1627920844298007,(-2971707.2657473683+5221668.976542747j),44.95685516450681,0.1627920844298007,(-2971707.2657473683-5221668.976542747j),44.956393435719015,0.1592696298708598,(5942711.155208652+0j),44.26736237914217,2.231203442943944e-09,(703.3762860832294+0j)
11.181645450126728,44.95480630346703,0.1627920844298007,(-2971707.2657473683+5221668.976542747j),44.95480630346703,0.1627920844298007,(-2971707.2657473683-5221668.976542747j),44.954276451536394,0.1592696298708598,(5942711.155208652+0j),44.2673615344922,2.231203442943944e-09,(703.3762860832294+0j)
11.199340405959637,44.95261685431238,0.1627920844298007,(-2971707.2657473683+5221668.976542747j),44.95261685431238,0.1627920844298007,(-2971707.2657473683-5221668.976542747j),44.952014221041445,0.1592696298708598,(5942711.155208652+0j),44.26736079542224,2.231203442943944e-09,(703.3762860832294+0j)
11.217035361792544,44.950286908702225,0.1627920844298007,(-2971707.2657473683+5221668.976542747j),44.950286908702225,0.1627920844298007,(-2971707.2657473683-5221668.976542747j),44.94960684102419,0.1592696298708598,(5942711.155208652+0j),44.26736014330071,2.231203442943944e-09,(703.3762860832294+0j)
11.234730317625452,44.947816558236276,0.1627920844298007,(-2971707.2657473683+5221668.976542747j),44.947816558236276,0.1627920844298007,(-2971707.2657473683-5221668.976542747j),44.947054408210285,0.1592696298708598,(5942711.155208652+0j),44.26735956363637,2.231203442943944e-09,(703.3762860832294+0j)
11.25242527345836,44.94520589445457,0.1627920844298007,(-2971707.2657473683+5221668.976542747j),44.94520589445457,0.1627920844298007,(-2971707.2657473683-5221668.976542747j),44.94435701926097,0.1592696298708598,(5942711.155208652+0j),44.26735904498872,2.231203442943944e-09,(703.3762860832294+0j)
11.270120229291267,44.94245500883753,0.1627920844298007,(-2971707.2657473683+5221668.976542747j),44.94245500883753,0.1627920844298007,(-2971707.2657473683-5221668.976542747j),44.94151477077317,0.1592696298708598,(5942711.155208652+0j),44.26735857820534,2.231203442943944e-09,(703.3762860832294+0j)
11.287815185124176,44.93956399280606,0.1627920844298007,(-2971707.2657473683+5221668.976542747j),44.93956399280606,0.1627920844298007,(-2971707.2657473683-5221668.976542747j),44.93852775927952,0.1592696298708598,(5942711.155208652+0j),44.26735815587713,2.231203442943944e-09,(703.3762860832294+0j)
11.305510140957084,44.9365329377215,0.1627920844298007,(-2971707.2657473683+5221668.976542747j),44.9365329377215,0.1627920844298007,(-2971707.2657473683-5221668.976542747j),44.935396081248456,0.1592696298708598,(5942711.155208652+0j),44.26735777194206,2.231203442943944e-09,(703.3762860832294+0j)
11.323205096789993,44.93336193488576,0.1627920844298007,(-2971707.2657473683+5221668.976542747j),44.93336193488576,0.1627920844298007,(-2971707.2657473683-5221668.976542747j),44.93211983308419,0.1592696298708598,(5942711.155208652+0j),44.26735742139237,2.231203442943944e-09,(703.3762860832294+0j)
11.3409000526229,44.93005107554129,0.1627920844298007,(-2971707.2657473683+5221668.976542747j),44.93005107554129,0.1627920844298007,(-2971707.2657473683-5221668.976542747j),44.928699111126804,0.1592696298708598,(5942711.155208652+0j),44.26735710005493,2.231203442943944e-09,(703.3762860832294+0j)
11.35859500845581,44.926600450871156,0.1627920844298007,(-2971707.2657473683+5221668.976542747j),44.926600450871156,0.1627920844298007,(-2971707.2657473683-5221668.976542747j),44.92513401165231,0.1592696298708598,(5942711.155208652+0j),44.26735680442429,2.231203442943944e-09,(703.3762860832294+0j)
11.376289964288718,44.92301015199908,0.1627920844298007,(-2971707.2657473683+5221668.976542747j),44.92301015199908,0.1627920844298007,(-2971707.2657473683-5221668.976542747j),44.92142463087266,0.1592696298708598,(5942711.155208652+0j),44.26735653153429,2.231203442943944e-09,(703.3762860832294+0j)
11.393984920121627,44.91928026998948,0.1627920844298007,(-2971707.2657473683+5221668.976542747j),44.91928026998948,0.1627920844298007,(-2971707.2657473683-5221668.976542747j),44.91757106493581,0.1592696298708598,(5942711.155208652+0j),44.26735627885824,2.231203442943944e-09,(703.3762860832294+0j)
11.411679875954533,44.91541089584753,0.1627920844298007,(-2971707.2657473683+5221668.976542747j),44.91541089584753,0.1627920844298007,(-2971707.2657473683-5221668.976542747j),44.91357340992577,0.1592696298708598,(5942711.155208652+0j),44.26735604423035,2.231203442943944e-09,(703.3762860832294+0j)
11.429374831787442,44.911402120519156,0.1627920844298007,(-2971707.2657473683+5221668.976542747j),44.911402120519156,0.1627920844298007,(-2971707.2657473683-5221668.976542747j),44.90943176186265,0.1592696298708598,(5942711.155208652+0j),44.26735582578358,2.231203442943944e-09,(703.3762860832294+0j)
11.44706978762035,44.907254034891146,0.1627920844298007,(-2971707.2657473683+5221668.976542747j),44.907254034891146,0.1627920844298007,(-2971707.2657473683-5221668.976542747j),44.90514621670272,0.1592696298708598,(5942711.155208652+0j),44.26735562189985,2.231203442943944e-09,(703.3762860832294+0j)
11.464764743453259,44.90296672979112,0.1627920844298007,(-2971707.2657473683+5221668.976542747j),44.90296672979112,0.1627920844298007,(-2971707.2657473683-5221668.976542747j),44.90071687033841,0.1592696298708598,(5942711.155208652+0j),44.267355431169825,2.231203442943944e-09,(703.3762860832294+0j)
11.482459699286165,44.89854029598764,0.1627920844298007,(-2971707.2657473683+5221668.976542747j),44.89854029598764,0.1627920844298007,(-2971707.2657473683-5221668.976542747j),44.896143818598425,0.1592696298708598,(5942711.155208652+0j),44.26735525236035,2.231203442943944e-09,(703.3762860832294+0j)
11.500154655119074,44.8939748241902,0.1627920844298007,(-2971707.2657473683+5221668.976542747j),44.8939748241902,0.1627920844298007,(-2971707.2657473683-5221668.976542747j),44.89142715724773,0.1592696298708598,(5942711.155208652+0j),44.26735508438775,2.231203442943944e-09,(703.3762860832294+0j)
11.517849610951982,44.88927040504932,0.1627920844298007,(-2971707.2657473683+5221668.976542747j),44.88927040504932,0.1627920844298007,(-2971707.2657473683-5221668.976542747j),44.88656698198764,0.1592696298708598,(5942711.155208652+0j),44.267354926295845,2.231203442943944e-09,(703.3762860832294+0j)
11.53554456678489,44.88442712915653,0.1627920844298007,(-2971707.2657473683+5221668.976542747j),44.88442712915653,0.1627920844298007,(-2971707.2657473683-5221668.976542747j),44.88156338845585,0.1592696298708598,(5942711.155208652+0j),44.26735477723771,2.231203442943944e-09,(703.3762860832294+0j)
11.5532395226178,44.879445087044445,0.1627920844298007,(-2971707.2657473683+5221668.976542747j),44.879445087044445,0.1627920844298007,(-2971707.2657473683-5221668.976542747j),44.87641647222649,0.1592696298708598,(5942711.155208652+0j),44.267354636460546,2.231203442943944e-09,(703.3762860832294+0j)
11.570934478450708,44.874324369186816,0.1627920844298007,(-2971707.2657473683+5221668.976542747j),44.874324369186816,0.1627920844298007,(-2971707.2657473683-5221668.976542747j),44.87112632881014,0.1592696298708598,(5942711.155208652+0j),44.26735450329291,2.231203442943944e-09,(703.3762860832294+0j)
11.588629434283616,44.86906506599856,0.1627920844298007,(-2971707.2657473683+5221668.976542747j),44.86906506599856,0.1627920844298007,(-2971707.2657473683-5221668.976542747j),44.86569305365392,0.1592696298708598,(5942711.155208652+0j),44.26735437713406,2.231203442943944e-09,(703.3762860832294+0j)
11.606324390116523,44.86366726783581,0.1627920844298007,(-2971707.2657473683+5221668.976542747j),44.86366726783581,0.1627920844298007,(-2971707.2657473683-5221668.976542747j),44.86011674214153,0.1592696298708598,(5942711.155208652+0j),44.26735425744487,2.231203442943944e-09,(703.3762860832294+0j)
11.624019345949431,44.858131064995916,0.1627920844298007,(-2971707.2657473683+5221668.976542747j),44.858131064995916,0.1627920844298007,(-2971707.2657473683-5221668.976542747j),44.85439748959327,0.1592696298708598,(5942711.155208652+0j),44.267354143740114,2.231203442943944e-09,(703.3762860832294+0j)
11.64171430178234,44.852456547717566,0.1627920844298007,(-2971707.2657473683+5221668.976542747j),44.852456547717566,0.1627920844298007,(-2971707.2657473683-5221668.976542747j),44.8485353912661,0.1592696298708598,(5942711.155208652+0j),44.267354035581896,2.231203442943944e-09,(703.3762860832294+0j)
11.659409257615248,44.846643806180765,0.1627920844298007,(-2971707.2657473683+5221668.976542747j),44.846643806180765,0.1627920844298007,(-2971707.2657473683-5221668.976542747j),44.842530542353686,0.1592696298708598,(5942711.155208652+0j),44.26735393257405,2.231203442943944e-09,(703.3762860832294+0j)
11.677104213448155,44.84069293050688,0.1627920844298007,(-2971707.2657473683+5221668.976542747j),44.84069293050688,0.1627920844298007,(-2971707.2657473683-5221668.976542747j),44.83638303798647,0.1592696298708598,(5942711.155208652+0j),44.26735383435725,2.231203442943944e-09,(703.3762860832294+0j)
11.694799169281064,44.834604010758746,0.1627920844298007,(-2971707.2657473683+5221668.976542747j),44.834604010758746,0.1627920844298007,(-2971707.2657473683-5221668.976542747j),44.83009297323169,0.1592696298708598,(5942711.155208652+0j),44.267353740604825,2.231203442943944e-09,(703.3762860832294+0j)
11.712494125113974,44.82837713694062,0.1627920844298007,(-2971707.2657473683+5221668.976542747j),44.82837713694062,0.1627920844298007,(-2971707.2657473683-5221668.976542747j),44.82366044309343,0.1592696298708598,(5942711.155208652+0j),44.267353651019164,2.231203442943944e-09,(703.3762860832294+0j)
11.73018908094688,44.82201239899827,0.1627920844298007,(-2971707.2657473683+5221668.976542747j),44.82201239899827,0.1627920844298007,(-2971707.2657473683-5221668.976542747j),44.81708554251266,0.1592696298708598,(5942711.155208652+0j),44.26735356532851,2.231203442943944e-09,(703.3762860832294+0j)
11.747884036779789,44.81550988681902,0.1627920844298007,(-2971707.2657473683+5221668.976542747j),44.81550988681902,0.1627920844298007,(-2971707.2657473683-5221668.976542747j),44.81036836636729,0.1592696298708598,(5942711.155208652+0j),44.26735348328425,2.231203442943944e-09,(703.3762860832294+0j)
11.765578992612697,44.80886969023181,0.1627920844298007,(-2971707.2657473683+5221668.976542747j),44.80886969023181,0.1627920844298007,(-2971707.2657473683-5221668.976542747j),44.80350900947226,0.1592696298708598,(5942711.155208652+0j),44.2673534046585,2.231203442943944e-09,(703.3762860832294+0j)
11.783273948445606,44.80209189900716,0.1627920844298007,(-2971707.2657473683+5221668.976542747j),44.80209189900716,0.1627920844298007,(-2971707.2657473683-5221668.976542747j),44.796507566579486,0.1592696298708598,(5942711.155208652+0j),44.267353329241935,2.231203442943944e-09,(703.3762860832294+0j)
11.800968904278513,44.795176602857296,0.1627920844298007,(-2971707.2657473683+5221668.976542747j),44.795176602857296,0.1627920844298007,(-2971707.2657473683-5221668.976542747j),44.78936413237801,0.1592696298708598,(5942711.155208652+0j),44.267353256842036,2.231203442943944e-09,(703.3762860832294+0j)
11.818663860111421,44.78812389143616,0.1627920844298007,(-2971707.2657473683+5221668.976542747j),44.78812389143616,0.1627920844298007,(-2971707.2657473683-5221668.976542747j),44.782078801493974,0.1592696298708598,(5942711.155208652+0j),44.26735318728132,2.231203442943944e-09,(703.3762860832294+0j)
11.83635881594433,44.78093385433944,0.1627920844298007,(-2971707.2657473683+5221668.976542747j),44.78093385433944,0.1627920844298007,(-2971707.2657473683-5221668.976542747j),44.774651668490726,0.1592696298708598,(5942711.155208652+0j),44.267353120396024,2.231203442943944e-09,(703.3762860832294+0j)
11.854053771777238,44.77360658110465,0.1627920844298007,(-2971707.2657473683+5221668.976542747j),44.77360658110465,0.1627920844298007,(-2971707.2657473683-5221668.976542747j),44.7670828278688,0.1592696298708598,(5942711.155208652+0j),44.267353056034686,2.231203442943944e-09,(703.3762860832294+0j)
11.871748727610147,44.766142161211114,0.1627920844298007,(-2971707.2657473683+5221668.976542747j),44.766142161211114,0.1627920844298007,(-2971707.2657473683-5221668.976542747j),44.75937237406602,0.1592696298708598,(5942711.155208652+0j),44.2673529940571,2.231203442943944e-09,(703.3762860832294+0j)
11.889443683443055,44.75854068408006,0.1627920844298007,(-2971707.2657473683+5221668.976542747j),44.75854068408006,0.1627920844298007,(-2971707.2657473683-5221668.976542747j),44.751520401457505,0.1592696298708598,(5942711.155208652+0j),44.267352934333225,2.231203442943944e-09,(703.3762860832294+0j)
11.907138639275963,44.75080223907464,0.1627920844298007,(-2971707.2657473683+5221668.976542747j),44.75080223907464,0.1627920844298007,(-2971707.2657473683-5221668.976542747j),44.74352700435576,0.1592696298708598,(5942711.155208652+0j),44.26735287674234,2.231203442943944e-09,(703.3762860832294+0j)
11.924833595108872,44.742926915499964,0.1627920844298007,(-2971707.2657473683+5221668.976542747j),44.742926915499964,0.1627920844298007,(-2971707.2657473683-5221668.976542747j),44.73539227701067,0.1592696298708598,(5942711.155208652+0j),44.26735282117219,2.231203442943944e-09,(703.3762860832294+0j)
11.942528550941779,44.73491480260318,0.1627920844298007,(-2971707.2657473683+5221668.976542747j),44.73491480260318,0.1627920844298007,(-2971707.2657473683-5221668.976542747j),44.72711631360958,0.1592696298708598,(5942711.155208652+0j),44.26735276751823,2.231203442943944e-09,(703.3762860832294+0j)
11.960223506774687,44.72676598957344,0.1627920844298007,(-2971707.2657473683+5221668.976542747j),44.72676598957344,0.1627920844298007,(-2971707.2657473683-5221668.976542747j),44.71869920827733,0.1592696298708598,(5942711.155208652+0j),44.26735271568306,2.231203442943944e-09,(703.3762860832294+0j)
11.977918462607596,44.718480565542045,0.1627920844298007,(-2971707.2657473683+5221668.976542747j),44.718480565542045,0.1627920844298007,(-2971707.2657473683-5221668.976542747j),44.71014105507632,0.1592696298708598,(5942711.155208652+0j),44.267352665575714,2.231203442943944e-09,(703.3762860832294+0j)
11.995613418440502,44.71005861958238,0.1627920844298007,(-2971707.2657473683+5221668.976542747j),44.71005861958238,0.1627920844298007,(-2971707.2657473683-5221668.976542747j),44.70144194800652,0.1592696298708598,(5942711.155208652+0j),44.26735261711123,2.231203442943944e-09,(703.3762860832294+0j)
12.01330837427341,44.70150024071005,0.1627920844298007,(-2971707.2657473683+5221668.976542747j),44.70150024071005,0.1627920844298007,(-2971707.2657473683-5221668.976542747j),44.69260198100554,0.1592696298708598,(5942711.155208652+0j),44.26735257021011,2.231203442943944e-09,(703.3762860832294+0j)
12.03100333010632,44.692805517882846,0.1627920844298007,(-2971707.2657473683+5221668.976542747j),44.692805517882846,0.1627920844298007,(-2971707.2657473683-5221668.976542747j),44.68362124794868,0.1592696298708598,(5942711.155208652+0j),44.267352524797914,2.231203442943944e-09,(703.3762860832294+0j)
12.048698285939228,44.68397454000084,0.1627920844298007,(-2971707.2657473683+5221668.976542747j),44.68397454000084,0.1627920844298007,(-2971707.2657473683-5221668.976542747j),44.67449984264896,0.1592696298708598,(5942711.155208652+0j),44.26735248080484,2.231203442943944e-09,(703.3762860832294+0j)
12.066393241772136,44.675007395906405,0.1627920844298007,(-2971707.2657473683+5221668.976542747j),44.675007395906405,0.1627920844298007,(-2971707.2657473683-5221668.976542747j),44.665237858857175,0.1592696298708598,(5942711.155208652+0j),44.26735243816539,2.231203442943944e-09,(703.3762860832294+0j)
12.084088197605045,44.66590417438423,0.1627920844298007,(-2971707.2657473683+5221668.976542747j),44.66590417438423,0.1627920844298007,(-2971707.2657473683-5221668.976542747j),44.655835390261934,0.1592696298708598,(5942711.155208652+0j),44.267352396818055,2.231203442943944e-09,(703.3762860832294+0j)
12.101783153437953,44.656664964161436,0.1627920844298007,(-2971707.2657473683+5221668.976542747j),44.656664964161436,0.1627920844298007,(-2971707.2657473683-5221668.976542747j),44.64629253048973,0.1592696298708598,(5942711.155208652+0j),44.267352356704954,2.231203442943944e-09,(703.3762860832294+0j)
12.119478109270862,44.64728985390752,0.1627920844298007,(-2971707.2657473683+5221668.976542747j),44.64728985390752,0.1627920844298007,(-2971707.2657473683-5221668.976542747j),44.63660937310493,0.1592696298708598,(5942711.155208652+0j),44.267352317771646,2.231203442943944e-09,(703.3762860832294+0j)
12.137173065103768,44.6377789322345,0.1627920844298007,(-2971707.2657473683+5221668.976542747j),44.6377789322345,0.1627920844298007,(-2971707.2657473683-5221668.976542747j),44.6267860116099,0.1592696298708598,(5942711.155208652+0j),44.26735227996684,2.231203442943944e-09,(703.3762860832294+0j)
12.154868020936677,44.62813228769685,0.1627920844298007,(-2971707.2657473683+5221668.976542747j),44.62813228769685,0.1627920844298007,(-2971707.2657473683-5221668.976542747j),44.61682253944498,0.1592696298708598,(5942711.155208652+0j),44.26735224324217,2.231203442943944e-09,(703.3762860832294+0j)
12.172562976769585,44.618350008791616,0.1627920844298007,(-2971707.2657473683+5221668.976542747j),44.618350008791616,0.1627920844298007,(-2971707.2657473683-5221668.976542747j),44.60671904998858,0.1592696298708598,(5942711.155208652+0j),44.267352207551994,2.231203442943944e-09,(703.3762860832294+0j)
12.190257932602494,44.60843218395846,0.1627920844298007,(-2971707.2657473683+5221668.976542747j),44.60843218395846,0.1627920844298007,(-2971707.2657473683-5221668.976542747j),44.59647563655716,0.1592696298708598,(5942711.155208652+0j),44.267352172853215,2.231203442943944e-09,(703.3762860832294+0j)
12.2079528884354,44.59837890157966,0.1627920844298007,(-2971707.2657473683+5221668.976542747j),44.59837890157966,0.1627920844298007,(-2971707.2657473683-5221668.976542747j),44.58609239240536,0.1592696298708598,(5942711.155208652+0j),44.26735213910507,2.231203442943944e-09,(703.3762860832294+0j)
12.22564784426831,44.588190249980144,0.1627920844298007,(-2971707.2657473683+5221668.976542747j),44.588190249980144,0.1627920844298007,(-2971707.2657473683-5221668.976542747j),44.575569410726004,0.1592696298708598,(5942711.155208652+0j),44.26735210626905,2.231203442943944e-09,(703.3762860832294+0j)
12.24334280010122,44.57786631742759,0.1627920844298007,(-2971707.2657473683+5221668.976542747j),44.57786631742759,0.1627920844298007,(-2971707.2657473683-5221668.976542747j),44.56490678465012,0.1592696298708598,(5942711.155208652+0j),44.26735207430865,2.231203442943944e-09,(703.3762860832294+0j)
12.261037755934126,44.567407192132414,0.1627920844298007,(-2971707.2657473683+5221668.976542747j),44.567407192132414,0.1627920844298007,(-2971707.2657473683-5221668.976542747j),44.55410460724702,0.1592696298708598,(5942711.155208652+0j),44.26735204318931,2.231203442943944e-09,(703.3762860832294+0j)
12.278732711767034,44.55681296224785,0.1627920844298007,(-2971707.2657473683+5221668.976542747j),44.55681296224785,0.1627920844298007,(-2971707.2657473683-5221668.976542747j),44.54316297152435,0.1592696298708598,(5942711.155208652+0j),44.26735201287826,2.231203442943944e-09,(703.3762860832294+0j)
12.296427667599943,44.54608371586994,0.1627920844298007,(-2971707.2657473683+5221668.976542747j),44.54608371586994,0.1627920844298007,(-2971707.2657473683-5221668.976542747j),44.532081970428116,0.1592696298708598,(5942711.155208652+0j),44.267351983344426,2.231203442943944e-09,(703.3762860832294+0j)
12.314122623432851,44.53521954103764,0.1627920844298007,(-2971707.2657473683+5221668.976542747j),44.53521954103764,0.1627920844298007,(-2971707.2657473683-5221668.976542747j),44.520861696842715,0.1592696298708598,(5942711.155208652+0j),44.267351954558265,2.231203442943944e-09,(703.3762860832294+0j)
12.331817579265758,44.52422052573281,0.1627920844298007,(-2971707.2657473683+5221668.976542747j),44.52422052573281,0.1627920844298007,(-2971707.2657473683-5221668.976542747j),44.50950224359104,0.1592696298708598,(5942711.155208652+0j),44.26735192649177,2.231203442943944e-09,(703.3762860832294+0j)
12.349512535098667,44.513086757880274,0.1627920844298007,(-2971707.2657473683+5221668.976542747j),44.513086757880274,0.1627920844298007,(-2971707.2657473683-5221668.976542747j),44.498003703434435,0.1592696298708598,(5942711.155208652+0j),44.26735189911827,2.231203442943944e-09,(703.3762860832294+0j)
12.367207490931575,44.501818325347855,0.1627920844298007,(-2971707.2657473683+5221668.976542747j),44.501818325347855,0.1627920844298007,(-2971707.2657473683-5221668.976542747j),44.48636616907283,0.1592696298708598,(5942711.155208652+0j),44.267351872412405,2.231203442943944e-09,(703.3762860832294+0j)
12.384902446764483,44.49041531594644,0.1627920844298007,(-2971707.2657473683+5221668.976542747j),44.49041531594644,0.1627920844298007,(-2971707.2657473683-5221668.976542747j),44.47458973314475,0.1592696298708598,(5942711.155208652+0j),44.26735184635007,2.231203442943944e-09,(703.3762860832294+0j)
12.40259740259739,44.478877817429975,0.1627920844298007,(-2971707.2657473683+5221668.976542747j),44.478877817429975,0.1627920844298007,(-2971707.2657473683-5221668.976542747j),44.46267448822732,0.1592696298708598,(5942711.155208652+0j),44.26735182090825,2.231203442943944e-09,(703.3762860832294+0j)
12.4202923584303,44.467205917495555,0.1627920844298007,(-2971707.2657473683+5221668.976542747j),44.467205917495555,0.1627920844298007,(-2971707.2657473683-5221668.976542747j),44.45062052683638,0.1592696298708598,(5942711.155208652+0j),44.26735179606507,2.231203442943944e-09,(703.3762860832294+0j)
12.437987314263209,44.45539970378344,0.1627920844298007,(-2971707.2657473683+5221668.976542747j),44.45539970378344,0.1627920844298007,(-2971707.2657473683-5221668.976542747j),44.43842794142649,0.1592696298708598,(5942711.155208652+0j),44.26735177179963,2.231203442943944e-09,(703.3762860832294+0j)
12.455682270096117,44.443459263877074,0.1627920844298007,(-2971707.2657473683+5221668.976542747j),44.443459263877074,0.1627920844298007,(-2971707.2657473683-5221668.976542747j),44.426096824390974,0.1592696298708598,(5942711.155208652+0j),44.26735174809202,2.231203442943944e-09,(703.3762860832294+0j)
12.473377225929024,44.43138468530319,0.1627920844298007,(-2971707.2657473683+5221668.976542747j),44.43138468530319,0.1627920844298007,(-2971707.2657473683-5221668.976542747j),44.41362726806197,0.1592696298708598,(5942711.155208652+0j),44.267351724923216,2.231203442943944e-09,(703.3762860832294+0j)
12.491072181761933,44.41917605553178,0.1627920844298007,(-2971707.2657473683+5221668.976542747j),44.41917605553178,0.1627920844298007,(-2971707.2657473683-5221668.976542747j),44.40101936471051,0.1592696298708598,(5942711.155208652+0j),44.26735170227506,2.231203442943944e-09,(703.3762860832294+0j)
12.508767137594841,44.40683346197618,0.1627920844298007,(-2971707.2657473683+5221668.976542747j),44.40683346197618,0.1627920844298007,(-2971707.2657473683-5221668.976542747j),44.38827320654648,0.1592696298708598,(5942711.155208652+0j),44.2673516801302,2.231203442943944e-09,(703.3762860832294+0j)
12.526462093427748,44.39435699199307,0.1627920844298007,(-2971707.2657473683+5221668.976542747j),44.39435699199307,0.1627920844298007,(-2971707.2657473683-5221668.976542747j),44.37538888571877,0.1592696298708598,(5942711.155208652+0j),44.26735165847203,2.231203442943944e-09,(703.3762860832294+0j)
12.544157049260656,44.38174673288261,0.1627920844298007,(-2971707.2657473683+5221668.976542747j),44.38174673288261,0.1627920844298007,(-2971707.2657473683-5221668.976542747j),44.36236649431524,0.1592696298708598,(5942711.155208652+0j),44.26735163728468,2.231203442943944e-09,(703.3762860832294+0j)
12.561852005093566,44.36900277188833,0.1627920844298007,(-2971707.2657473683+5221668.976542747j),44.36900277188833,0.1627920844298007,(-2971707.2657473683-5221668.976542747j),44.34920612436279,0.1592696298708598,(5942711.155208652+0j),44.26735161655299,2.231203442943944e-09,(703.3762860832294+0j)
12.579546960926475,44.35612519619732,0.1627920844298007,(-2971707.2657473683+5221668.976542747j),44.35612519619732,0.1627920844298007,(-2971707.2657473683-5221668.976542747j),44.33590786782741,0.1592696298708598,(5942711.155208652+0j),44.267351596262394,2.231203442943944e-09,(703.3762860832294+0j)
12.597241916759382,44.34311409294016,0.1627920844298007,(-2971707.2657473683+5221668.976542747j),44.34311409294016,0.1627920844298007,(-2971707.2657473683-5221668.976542747j),44.32247181661423,0.1592696298708598,(5942711.155208652+0j),44.267351576398966,2.231203442943944e-09,(703.3762860832294+0j)
12.61493687259229,44.32996954919103,0.1627920844298007,(-2971707.2657473683+5221668.976542747j),44.32996954919103,0.1627920844298007,(-2971707.2657473683-5221668.976542747j),44.30889806256756,0.1592696298708598,(5942711.155208652+0j),44.267351556949365,2.231203442943944e-09,(703.3762860832294+0j)
12.632631828425199,44.3166916519677,0.1627920844298007,(-2971707.2657473683+5221668.976542747j),44.3166916519677,0.1627920844298007,(-2971707.2657473683-5221668.976542747j),44.29518669747089,0.1592696298708598,(5942711.155208652+0j),44.26735153790077,2.231203442943944e-09,(703.3762860832294+0j)
12.650326784258107,44.303280488231636,0.1627920844298007,(-2971707.2657473683+5221668.976542747j),44.303280488231636,0.1627920844298007,(-2971707.2657473683-5221668.976542747j),44.281337813047024,0.1592696298708598,(5942711.155208652+0j),44.26735151924093,2.231203442943944e-09,(703.3762860832294+0j)
12.668021740091014,44.28973614488796,0.1627920844298007,(-2971707.2657473683+5221668.976542747j),44.28973614488796,0.1627920844298007,(-2971707.2657473683-5221668.976542747j),44.26735150095806,0.1592696298708598,(5942711.155208652+0j),44.26735150095806,2.231203442943944e-09,(703.3762860832294+0j)
12.668021740091014,44.26735150095806,0.026706216025253967,(-1136918.5754627106+2151545.1530239135j),44.26735150095806,0.026706216025253967,(-1136918.5754627106-2151545.1530239135j),44.26735150095806,0.023087133057741235,(2262575.809363377+0j),44.26735150095806,5.719314636031491e-07,(11261.341562043064+0j)
12.685716695923922,44.268418399811615,0.026706216025253967,(-1136918.5754627106+2151545.1530239135j),44.268418399811615,0.026706216025253967,(-1136918.5754627106-2151545.1530239135j),44.26867857949479,0.023087133057741235,(2262575.809363377+0j),54.83455323513001,5.719314636031491e-07,(11261.341562043064+0j)
12.70341165175683,44.271613450493824,0.026706216025253967,(-1136918.5754627106+2151545.1530239135j),44.271613450493824,0.026706216025253967,(-1136918.5754627106-2151545.1530239135j),44.27265169363453,0.023087133057741235,(2262575.809363377+0j),55.17334422962425,5.719314636031491e-07,(11261.341562043064+0j)
12.72110660758974,44.27692820937926,0.026706216025253967,(-1136918.5754627106+2151545.1530239135j),44.27692820937926,0.026706216025253967,(-1136918.5754627106-2151545.1530239135j),44.279258703075534,0.023087133057741235,(2262575.809363377+0j),55.289901719747355,5.719314636031491e-07,(11261.341562043064+0j)
12.738801563422646,44.28435426631374,0.026706216025253967,(-1136918.5754627106+2151545.1530239135j),44.28435426631374,0.026706216025253967,(-1136918.5754627106-2151545.1530239135j),44.28848752316028,0.023087133057741235,(2262575.809363377+0j),55.34888242528066,5.719314636031491e-07,(11261.341562043064+0j)
12.756496519255556,44.29388324446707,0.026706216025253967,(-1136918.5754627106+2151545.1530239135j),44.29388324446707,0.026706216025253967,(-1136918.5754627106-2151545.1530239135j),44.30032612459238,0.023087133057741235,(2262575.809363377+0j),55.384498365160404,5.719314636031491e-07,(11261.341562043064+0j)
12.774191475088465,44.3055068001864,0.026706216025253967,(-1136918.5754627106+2151545.1530239135j),44.3055068001864,0.026706216025253967,(-1136918.5754627106-2151545.1530239135j),44.31476253315503,0.023087133057741235,(2262575.809363377+0j),55.40833780141269,5.719314636031491e-07,(11261.341562043064+0j)
12.791886430921371,44.31921662285039,0.026706216025253967,(-1136918.5754627106+2151545.1530239135j),44.31921662285039,0.026706216025253967,(-1136918.5754627106-2151545.1530239135j),44.33178482943108,0.023087133057741235,(2262575.809363377+0j),55.42541294912536,5.719314636031491e-07,(11261.341562043064+0j)
12.80958138675428,44.33500443472406,0.026706216025253967,(-1136918.5754627106+2151545.1530239135j),44.33500443472406,0.026706216025253967,(-1136918.5754627106-2151545.1530239135j),44.35138114852475,0.023087133057741235,(2262575.809363377+0j),55.43824508426461,5.719314636031491e-07,(11261.341562043064+0j)
12.827276342587188,44.352861990814354,0.026706216025253967,(-1136918.5754627106+2151545.1530239135j),44.352861990814354,0.026706216025253967,(-1136918.5754627106-2151545.1530239135j),44.37353967978487,0.023087133057741235,(2262575.809363377+0j),55.448240943956385,5.719314636031491e-07,(11261.341562043064+0j)
12.844971298420097,44.372781078726405,0.026706216025253967,(-1136918.5754627106+2151545.1530239135j),44.372781078726405,0.026706216025253967,(-1136918.5754627106-2151545.1530239135j),44.39824866652973,0.023087133057741235,(2262575.809363377+0j),55.456247294858365,5.719314636031491e-07,(11261.341562043064+0j)
12.862666254253003,44.394753518520574,0.026706216025253967,(-1136918.5754627106+2151545.1530239135j),44.394753518520574,0.026706216025253967,(-1136918.5754627106-2151545.1530239135j),44.42549640577354,0.023087133057741235,(2262575.809363377+0j),55.46280434381532,5.719314636031491e-07,(11261.341562043064+0j)
12.880361210085912,44.418771162570124,0.026706216025253967,(-1136918.5754627106+2151545.1530239135j),44.418771162570124,0.026706216025253967,(-1136918.5754627106-2151545.1530239135j),44.455271247954364,0.023087133057741235,(2262575.809363377+0j),55.46827295530734,5.719314636031491e-07,(11261.341562043064+0j)
12.89805616591882,44.44482589541962,0.026706216025253967,(-1136918.5754627106+2151545.1530239135j),44.44482589541962,0.026706216025253967,(-1136918.5754627106-2151545.1530239135j),44.487561596663646,0.023087133057741235,(2262575.809363377+0j),55.47290337217746,5.719314636031491e-07,(11261.341562043064+0j)
12.915751121751729,44.472909633644015,0.026706216025253967,(-1136918.5754627106+2151545.1530239135j),44.472909633644015,0.026706216025253967,(-1136918.5754627106-2151545.1530239135j),44.52235590837731,0.023087133057741235,(2262575.809363377+0j),55.47687458662152,5.719314636031491e-07,(11261.341562043064+0j)
12.933446077584637,44.50301432570846,0.026706216025253967,(-1136918.5754627106+2151545.1530239135j),44.50301432570846,0.026706216025253967,(-1136918.5754627106-2151545.1530239135j),44.559642692188305,0.023087133057741235,(2262575.809363377+0j),55.48031801368433,5.719314636031491e-07,(11261.341562043064+0j)
12.951141033417546,44.535131951828795,0.026706216025253967,(-1136918.5754627106+2151545.1530239135j),44.535131951828795,0.026706216025253967,(-1136918.5754627106-2151545.1530239135j),44.59941050954075,0.023087133057741235,(2262575.809363377+0j),55.48333231409401,5.719314636031491e-07,(11261.341562043064+0j)
12.968835989250454,44.569254523832655,0.026706216025253967,(-1136918.5754627106+2151545.1530239135j),44.569254523832655,0.026706216025253967,(-1136918.5754627106-2151545.1530239135j),44.64164797396557,0.023087133057741235,(2262575.809363377+0j),55.48599300042629,5.719314636031491e-07,(11261.341562043064+0j)
12.986530945083361,44.60537408502141,0.026706216025253967,(-1136918.5754627106+2151545.1530239135j),44.60537408502141,0.026706216025253967,(-1136918.5754627106-2151545.1530239135j),44.686343750817564,0.023087133057741235,(2262575.809363377+0j),55.48835884983774,5.719314636031491e-07,(11261.341562043064+0j)
13.00422590091627,44.643482710032615,0.026706216025253967,(-1136918.5754627106+2151545.1530239135j),44.643482710032615,0.026706216025253967,(-1136918.5754627106-2151545.1530239135j),44.733486557014054,0.023087133057741235,(2262575.809363377+0j),55.49047629689181,5.719314636031491e-07,(11261.341562043064+0j)
13.021920856749178,44.68357250470324,0.026706216025253967,(-1136918.5754627106+2151545.1530239135j),44.68357250470324,0.026706216025253967,(-1136918.5754627106-2151545.1530239135j),44.78306516077499,0.023087133057741235,(2262575.809363377+0j),55.49238251173139,5.719314636031491e-07,(11261.341562043064+0j)
13.039615812582086,44.72563560593355,0.026706216025253967,(-1136918.5754627106+2151545.1530239135j),44.72563560593355,0.026706216025253967,(-1136918.5754627106-2151545.1530239135j),44.83506838136447,0.023087133057741235,(2262575.809363377+0j),55.494107600803325,5.719314636031491e-07,(11261.341562043064+0j)
13.057310768414993,44.769664181551626,0.026706216025253967,(-1136918.5754627106+2151545.1530239135j),44.769664181551626,0.026706216025253967,(-1136918.5754627106-2151545.1530239135j),44.88948508883381,0.023087133057741235,(2262575.809363377+0j),55.495676208707955,5.719314636031491e-07,(11261.341562043064+0j)
13.075005724247902,44.81565043017861,0.026706216025253967,(-1136918.5754627106+2151545.1530239135j),44.81565043017861,0.026706216025253967,(-1136918.5754627106-2151545.1530239135j),44.946304203766005,0.023087133057741235,(2262575.809363377+0j),55.497108703055446,5.719314636031491e-07,(11261.341562043064+0j)
13.09270068008081,44.86358658109448,0.026706216025253967,(-1136918.5754627106+2151545.1530239135j),44.86358658109448,0.026706216025253967,(-1136918.5754627106-2151545.1530239135j),45.00551469702165,0.023087133057741235,(2262575.809363377+0j),55.498422063706315,5.719314636031491e-07,(11261.341562043064+0j)
13.11039563591372,44.91346489410469,0.026706216025253967,(-1136918.5754627106+2151545.1530239135j),44.91346489410469,0.026706216025253967,(-1136918.5754627106-2151545.1530239135j),45.067105589486296,0.023087133057741235,(2262575.809363377+0j),55.49963055900802,5.719314636031491e-07,(11261.341562043064+0j)
13.128090591746627,44.965277659407235,0.026706216025253967,(-1136918.5754627106+2151545.1530239135j),44.965277659407235,0.026706216025253967,(-1136918.5754627106-2151545.1530239135j),45.13106595181925,0.023087133057741235,(2262575.809363377+0j),55.50074626626795,5.719314636031491e-07,(11261.341562043064+0j)
13.145785547579536,45.01901719746054,0.026706216025253967,(-1136918.5754627106+2151545.1530239135j),45.01901719746054,0.026706216025253967,(-1136918.5754627106-2151545.1530239135j),45.197384904203766,0.023087133057741235,(2262575.809363377+0j),55.501779476773294,5.719314636031491e-07,(11261.341562043064+0j)
13.163480503412444,45.07467585885188,0.026706216025253967,(-1136918.5754627106+2151545.1530239135j),45.07467585885188,0.026706216025253967,(-1136918.5754627106-2151545.1530239135j),45.26605161609865,0.023087133057741235,(2262575.809363377+0j),55.50273901417125,5.719314636031491e-07,(11261.341562043064+0j)
13.181175459245352,45.132246024166555,0.026706216025253967,(-1136918.5754627106+2151545.1530239135j),45.132246024166555,0.026706216025253967,(-1136918.5754627106-2151545.1530239135j),45.337055305991264,0.023087133057741235,(2262575.809363377+0j),55.50363248708756,5.719314636031491e-07,(11261.341562043064+0j)
13.19887041507826,45.191720103857534,0.026706216025253967,(-1136918.5754627106+2151545.1530239135j),45.191720103857534,0.026706216025253967,(-1136918.5754627106-2151545.1530239135j),45.41038524115192,0.023087133057741235,(2262575.809363377+0j),55.50446649130295,5.719314636031491e-07,(11261.341562043064+0j)
13.216565370911168,45.25309053811597,0.026706216025253967,(-1136918.5754627106+2151545.1530239135j),45.25309053811597,0.026706216025253967,(-1136918.5754627106-2151545.1530239135j),45.4860307373897,0.023087133057741235,(2262575.809363377+0j),55.50524677285987,5.719314636031491e-07,(11261.341562043064+0j)
13.234260326744076,45.31634979674208,0.026706216025253967,(-1136918.5754627106+2151545.1530239135j),45.31634979674208,0.026706216025253967,(-1136918.5754627106-2151545.1530239135j),45.56398115880952,0.023087133057741235,(2262575.809363377+0j),55.505978360633016,5.719314636031491e-07,(11261.341562043064+0j)
13.251955282576983,45.38149037901691,0.026706216025253967,(-1136918.5754627106+2151545.1530239135j),45.38149037901691,0.026706216025253967,(-1136918.5754627106-2151545.1530239135j),45.64422591757075,0.023087133057741235,(2262575.809363377+0j),55.5066656748315,5.719314636031491e-07,(11261.341562043064+0j)
13.269650238409891,45.4485048135745,0.026706216025253967,(-1136918.5754627106+2151545.1530239135j),45.4485048135745,0.026706216025253967,(-1136918.5754627106-2151545.1530239135j),45.726754473647006,0.023087133057741235,(2262575.809363377+0j),55.50731261638095,5.719314636031491e-07,(11261.341562043064+0j)
13.287345194242802,45.51738565827484,0.026706216025253967,(-1136918.5754627106+2151545.1530239135j),45.51738565827484,0.026706216025253967,(-1136918.5754627106-2151545.1530239135j),45.811556334587394,0.023087133057741235,(2262575.809363377+0j),55.50792264100414,5.719314636031491e-07,(11261.341562043064+0j)
13.30504015007571,45.588125500077346,0.026706216025253967,(-1136918.5754627106+2151545.1530239135j),45.588125500077346,0.026706216025253967,(-1136918.5754627106-2151545.1530239135j),45.89862105527906,0.023087133057741235,(2262575.809363377+0j),55.50849882097146,5.719314636031491e-07,(11261.341562043064+0j)
13.322735105908617,45.660716954915,0.026706216025253967,(-1136918.5754627106+2151545.1530239135j),45.660716954915,0.026706216025253967,(-1136918.5754627106-2151545.1530239135j),45.98793823771109,0.023087133057741235,(2262575.809363377+0j),55.509043896850926,5.719314636031491e-07,(11261.341562043064+0j)
13.340430061741525,45.73515266756908,0.026706216025253967,(-1136918.5754627106+2151545.1530239135j),45.73515266756908,0.026706216025253967,(-1136918.5754627106-2151545.1530239135j),46.07949753073969,0.023087133057741235,(2262575.809363377+0j),55.50956032109759,5.719314636031491e-07,(11261.341562043064+0j)
13.358125017574434,45.811425311544475,0.026706216025253967,(-1136918.5754627106+2151545.1530239135j),45.811425311544475,0.026706216025253967,(-1136918.5754627106-2151545.1530239135j),46.17328862985473,0.023087133057741235,(2262575.809363377+0j),55.510050294945174,5.719314636031491e-07,(11261.341562043064+0j)
13.375819973407342,45.889527588945654,0.026706216025253967,(-1136918.5754627106+2151545.1530239135j),45.889527588945654,0.026706216025253967,(-1136918.5754627106-2151545.1530239135j),46.26930127694757,0.023087133057741235,(2262575.809363377+0j),55.51051579977073,5.719314636031491e-07,(11261.341562043064+0j)
13.393514929240249,45.96945223035322,0.026706216025253967,(-1136918.5754627106+2151545.1530239135j),45.96945223035322,0.026706216025253967,(-1136918.5754627106-2151545.1530239135j),46.36752526008018,0.023087133057741235,(2262575.809363377+0j),55.510958623874664,5.719314636031491e-07,(11261.341562043064+0j)
13.411209885073157,46.05119199470104,0.026706216025253967,(-1136918.5754627106+2151545.1530239135j),46.05119199470104,0.026706216025253967,(-1136918.5754627106-2151545.1530239135j),46.467950413255494,0.023087133057741235,(2262575.809363377+0j),55.51138038543957,5.719314636031491e-07,(11261.341562043064+0j)
13.428904840906066,46.134739669153994,0.026706216025253967,(-1136918.5754627106+2151545.1530239135j),46.134739669153994,0.026706216025253967,(-1136918.5754627106-2151545.1530239135j),46.570566616189225,0.023087133057741235,(2262575.809363377+0j),55.5117825522891,5.719314636031491e-07,(11261.341562043064+0j)
13.446599796738974,46.220088068986286,0.026706216025253967,(-1136918.5754627106+2151545.1530239135j),46.220088068986286,0.026706216025253967,(-1136918.5754627106-2151545.1530239135j),46.675363794082706,0.023087133057741235,(2262575.809363377+0j),55.51216645895533,5.719314636031491e-07,(11261.341562043064+0j)
13.464294752571883,46.3072300374604,0.026706216025253967,(-1136918.5754627106+2151545.1530239135j),46.3072300374604,0.026706216025253967,(-1136918.5754627106-2151545.1530239135j),46.78233191739721,0.023087133057741235,(2262575.809363377+0j),55.512533321473015,5.719314636031491e-07,(11261.341562043064+0j)
13.481989708404791,46.396158445706575,0.026706216025253967,(-1136918.5754627106+2151545.1530239135j),46.396158445706575,0.026706216025253967,(-1136918.5754627106-2151545.1530239135j),46.89146100162936,0.023087133057741235,(2262575.809363377+0j),55.51288425024616,5.719314636031491e-07,(11261.341562043064+0j)
13.4996846642377,46.48686619260292,0.026706216025253967,(-1136918.5754627106+2151545.1530239135j),46.48686619260292,0.026706216025253967,(-1136918.5754627106-2151545.1530239135j),47.002741107087964,0.023087133057741235,(2262575.809363377+0j),55.51322026127376,5.719314636031491e-07,(11261.341562043064+0j)
13.517379620070606,46.579346204656034,0.026706216025253967,(-1136918.5754627106+2151545.1530239135j),46.579346204656034,0.026706216025253967,(-1136918.5754627106-2151545.1530239135j),47.11616233867188,0.023087133057741235,(2262575.809363377+0j),55.51354228597367,5.719314636031491e-07,(11261.341562043064+0j)
13.535074575903515,46.6735914358823,0.026706216025253967,(-1136918.5754627106+2151545.1530239135j),46.6735914358823,0.026706216025253967,(-1136918.5754627106-2151545.1530239135j),47.23171484564931,0.023087133057741235,(2262575.809363377+0j),55.51385117980488,5.719314636031491e-07,(11261.341562043064+0j)
13.552769531736423,46.769594867689676,0.026706216025253967,(-1136918.5754627106+2151545.1530239135j),46.769594867689676,0.026706216025253967,(-1136918.5754627106-2151545.1530239135j),47.34938882143821,0.023087133057741235,(2262575.809363377+0j),55.51414772985595,5.719314636031491e-07,(11261.341562043064+0j)
13.570464487569332,46.867349508760086,0.026706216025253967,(-1136918.5754627106+2151545.1530239135j),46.867349508760086,0.026706216025253967,(-1136918.5754627106-2151545.1530239135j),47.469174503387954,0.023087133057741235,(2262575.809363377+0j),55.5144326615417,5.719314636031491e-07,(11261.341562043064+0j)
13.588159443402239,46.96684839493235,0.026706216025253967,(-1136918.5754627106+2151545.1530239135j),46.96684839493235,0.026706216025253967,(-1136918.5754627106-2151545.1530239135j),47.59106217256218,0.023087133057741235,(2262575.809363377+0j),55.51470664452779,5.719314636031491e-07,(11261.341562043064+0j)
13.605854399235147,47.06808458908574,0.026706216025253967,(-1136918.5754627106+2151545.1530239135j),47.06808458908574,0.026706216025253967,(-1136918.5754627106-2151545.1530239135j),47.715042153522894,0.023087133057741235,(2262575.809363377+0j),55.51497029798531,5.719314636031491e-07,(11261.341562043064+0j)
13.623549355068057,47.17105118102404,0.026706216025253967,(-1136918.5754627106+2151545.1530239135j),47.17105118102404,0.026706216025253967,(-1136918.5754627106-2151545.1530239135j),47.8411048141157,0.023087133057741235,(2262575.809363377+0j),55.515224195261986,5.719314636031491e-07,(11261.341562043064+0j)
13.641244310900966,47.275741287360134,0.026706216025253967,(-1136918.5754627106+2151545.1530239135j),47.275741287360134,0.026706216025253967,(-1136918.5754627106-2151545.1530239135j),47.96924056525629,0.023087133057741235,(2262575.809363377+0j),55.515468868044266,5.719314636031491e-07,(11261.341562043064+0j)
13.658939266733872,47.382148051401266,0.026706216025253967,(-1136918.5754627106+2151545.1530239135j),47.382148051401266,0.026706216025253967,(-1136918.5754627106-2151545.1530239135j),48.09943986071807,0.023087133057741235,(2262575.809363377+0j),55.51570481007385,5.719314636031491e-07,(11261.341562043064+0j)
13.676634222566781,47.49026464303471,0.026706216025253967,(-1136918.5754627106+2151545.1530239135j),47.49026464303471,0.026706216025253967,(-1136918.5754627106-2151545.1530239135j),48.23169319692093,0.023087133057741235,(2262575.809363377+0j),55.51593248047337,5.719314636031491e-07,(11261.341562043064+0j)
13.69432917839969,47.600084258614146,0.026706216025253967,(-1136918.5754627106+2151545.1530239135j),47.600084258614146,0.026706216025253967,(-1136918.5754627106-2151545.1530239135j),48.36599111272132,0.023087133057741235,(2262575.809363377+0j),55.5161523067283,5.719314636031491e-07,(11261.341562043064+0j)
13.712024134232596,47.71160012084638,0.026706216025253967,(-1136918.5754627106+2151545.1530239135j),47.71160012084638,0.026706216025253967,(-1136918.5754627106-2151545.1530239135j),48.50232418920326,0.023087133057741235,(2262575.809363377+0j),55.51636468736582,5.719314636031491e-07,(11261.341562043064+0j)
13.729719090065505,47.82480547867881,0.026706216025253967,(-1136918.5754627106+2151545.1530239135j),47.82480547867881,0.026706216025253967,(-1136918.5754627106-2151545.1530239135j),48.64068304947074,0.023087133057741235,(2262575.809363377+0j),55.51656999436613,5.719314636031491e-07,(11261.341562043064+0j)
13.747414045898413,47.93969360718732,0.026706216025253967,(-1136918.5754627106+2151545.1530239135j),47.93969360718732,0.026706216025253967,(-1136918.5754627106-2151545.1530239135j),48.78105835844108,0.023087133057741235,(2262575.809363377+0j),55.516768575336656,5.719314636031491e-07,(11261.341562043064+0j)
13.765109001731322,48.05625780746469,0.026706216025253967,(-1136918.5754627106+2151545.1530239135j),48.05625780746469,0.026706216025253967,(-1136918.5754627106-2151545.1530239135j),48.923440822639535,0.023087133057741235,(2262575.809363377+0j),55.51696075547604,5.719314636031491e-07,(11261.341562043064+0j)
13.782803957564228,48.17449140650964,0.026706216025253967,(-1136918.5754627106+2151545.1530239135j),48.17449140650964,0.026706216025253967,(-1136918.5754627106-2151545.1530239135j),49.067821189995,0.023087133057741235,(2262575.809363377+0j),55.51714683935132,5.719314636031491e-07,(11261.341562043064+0j)
13.800498913397137,48.294387757116326,0.026706216025253967,(-1136918.5754627106+2151545.1530239135j),48.294387757116326,0.026706216025253967,(-1136918.5754627106-2151545.1530239135j),49.214190249636836,0.023087133057741235,(2262575.809363377+0j),55.51732711250848,5.719314636031491e-07,(11261.341562043064+0j)
13.818193869230047,48.41594023776435,0.026706216025253967,(-1136918.5754627106+2151545.1530239135j),48.41594023776435,0.026706216025253967,(-1136918.5754627106-2151545.1530239135j),49.362538831692795,0.023087133057741235,(2262575.809363377+0j),55.51750184293455,5.719314636031491e-07,(11261.341562043064+0j)
13.835888825062955,48.53914225250942,0.026706216025253967,(-1136918.5754627106+2151545.1530239135j),48.53914225250942,0.026706216025253967,(-1136918.5754627106-2151545.1530239135j),49.51285780708809,0.023087133057741235,(2262575.809363377+0j),55.517671282386864,5.719314636031491e-07,(11261.341562043064+0j)
13.853583780895862,48.66398723087433,0.026706216025253967,(-1136918.5754627106+2151545.1530239135j),48.66398723087433,0.026706216025253967,(-1136918.5754627106-2151545.1530239135j),49.66513808734556,0.023087133057741235,(2262575.809363377+0j),55.51783566760333,5.719314636031491e-07,(11261.341562043064+0j)
13.87127873672877,48.79046862774069,0.026706216025253967,(-1136918.5754627106+2151545.1530239135j),48.79046862774069,0.026706216025253967,(-1136918.5754627106-2151545.1530239135j),49.819370624386934,0.023087133057741235,(2262575.809363377+0j),55.517995221406004,5.719314636031491e-07,(11261.341562043064+0j)
13.88897369256168,48.918579923240934,0.026706216025253967,(-1136918.5754627106+2151545.1530239135j),48.918579923240934,0.026706216025253967,(-1136918.5754627106-2151545.1530239135j),49.97554641033513,0.023087133057741235,(2262575.809363377+0j),55.51815015370883,5.719314636031491e-07,(11261.341562043064+0j)
13.906668648394588,49.04831462265108,0.026706216025253967,(-1136918.5754627106+2151545.1530239135j),49.04831462265108,0.026706216025253967,(-1136918.5754627106-2151545.1530239135j),50.13365647731774,0.023087133057741235,(2262575.809363377+0j),55.51830066243896,5.719314636031491e-07,(11261.341562043064+0j)
13.924363604227494,49.17966625628383,0.026706216025253967,(-1136918.5754627106+2151545.1530239135j),49.17966625628383,0.026706216025253967,(-1136918.5754627106-2151545.1530239135j),50.29369189727152,0.023087133057741235,(2262575.809363377+0j),55.51844693438032,5.719314636031491e-07,(11261.341562043064+0j)
13.942058560060403,49.31262837938223,0.026706216025253967,(-1136918.5754627106+2151545.1530239135j),49.31262837938223,0.026706216025253967,(-1136918.5754627106-2151545.1530239135j),50.45564378174793,0.023087133057741235,(2262575.809363377+0j),55.51858914594695,5.719314636031491e-07,(11261.341562043064+0j)
13.959753515893311,49.44719457201387,0.026706216025253967,(-1136918.5754627106+2151545.1530239135j),49.44719457201387,0.026706216025253967,(-1136918.5754627106-2151545.1530239135j),50.61950328171982,0.023087133057741235,(2262575.809363377+0j),55.518727463892795,5.719314636031491e-07,(11261.341562043064+0j)
13.97744847172622,49.58335843896554,0.026706216025253967,(-1136918.5754627106+2151545.1530239135j),49.58335843896554,0.026706216025253967,(-1136918.5754627106-2151545.1530239135j),50.78526158738912,0.023087133057741235,(2262575.809363377+0j),55.518862045963935,5.719314636031491e-07,(11261.341562043064+0j)
13.995143427559128,49.7211136096384,0.026706216025253967,(-1136918.5754627106+2151545.1530239135j),49.7211136096384,0.026706216025253967,(-1136918.5754627106-2151545.1530239135j),50.952909927995556,0.023087133057741235,(2262575.809363377+0j),55.518993041498824,5.719314636031491e-07,(11261.341562043064+0j)
14.012838383392037,49.860453737943686,0.026706216025253967,(-1136918.5754627106+2151545.1530239135j),49.860453737943686,0.026706216025253967,(-1136918.5754627106-2151545.1530239135j),51.12243957162647,0.023087133057741235,(2262575.809363377+0j),55.51912059198097,5.719314636031491e-07,(11261.341562043064+0j)
14.030533339224945,50.00137250219886,0.026706216025253967,(-1136918.5754627106+2151545.1530239135j),50.00137250219886,0.026706216025253967,(-1136918.5754627106-2151545.1530239135j),51.29384182502765,0.023087133057741235,(2262575.809363377+0j),55.51924483154871,5.719314636031491e-07,(11261.341562043064+0j)
14.048228295057852,50.143863605024265,0.026706216025253967,(-1136918.5754627106+2151545.1530239135j),50.143863605024265,0.026706216025253967,(-1136918.5754627106-2151545.1530239135j),51.46710803341517,0.023087133057741235,(2262575.809363377+0j),55.5193658874658,5.719314636031491e-07,(11261.341562043064+0j)
14.06592325089076,50.28792077324029,0.026706216025253967,(-1136918.5754627106+2151545.1530239135j),50.28792077324029,0.026706216025253967,(-1136918.5754627106-2151545.1530239135j),51.64222958028831,0.023087133057741235,(2262575.809363377+0j),55.51948388055618,5.719314636031491e-07,(11261.341562043064+0j)
14.083618206723669,50.433537757764995,0.026706216025253967,(-1136918.5754627106+2151545.1530239135j),50.433537757764995,0.026706216025253967,(-1136918.5754627106-2151545.1530239135j),51.819197887243426,0.023087133057741235,(2262575.809363377+0j),55.519598925606275,5.719314636031491e-07,(11261.341562043064+0j)
14.101313162556577,50.58070833351228,0.026706216025253967,(-1136918.5754627106+2151545.1530239135j),50.58070833351228,0.026706216025253967,(-1136918.5754627106-2151545.1530239135j),51.998004413788884,0.023087133057741235,(2262575.809363377+0j),55.51971113173744,5.719314636031491e-07,(11261.341562043064+0j)
14.119008118389484,50.729426299290424,0.026706216025253967,(-1136918.5754627106+2151545.1530239135j),50.729426299290424,0.026706216025253967,(-1136918.5754627106-2151545.1530239135j),52.17864065716099,0.023087133057741235,(2262575.809363377+0j),55.51982060275114,5.719314636031491e-07,(11261.341562043064+0j)
14.136703074222392,50.87968547770125,0.026706216025253967,(-1136918.5754627106+2151545.1530239135j),50.87968547770125,0.026706216025253967,(-1136918.5754627106-2151545.1530239135j),52.36109815214092,0.023087133057741235,(2262575.809363377+0j),55.519927437449354,5.719314636031491e-07,(11261.341562043064+0j)
14.154398030055301,51.03147971503962,0.026706216025253967,(-1136918.5754627106+2151545.1530239135j),51.03147971503962,0.026706216025253967,(-1136918.5754627106-2151545.1530239135j),52.545368470872624,0.023087133057741235,(2262575.809363377+0j),55.52003172993186,5.719314636031491e-07,(11261.341562043064+0j)
14.172092985888211,51.18480288119355,0.026706216025253967,(-1136918.5754627106+2151545.1530239135j),51.18480288119355,0.026706216025253967,(-1136918.5754627106-2151545.1530239135j),52.73144322268174,0.023087133057741235,(2262575.809363377+0j),55.52013356987275,5.719314636031491e-07,(11261.341562043064+0j)
14.189787941721118,51.33964886954464,0.026706216025253967,(-1136918.5754627106+2151545.1530239135j),51.33964886954464,0.026706216025253967,(-1136918.5754627106-2151545.1530239135j),52.919314053895484,0.023087133057741235,(2262575.809363377+0j),55.520233042777605,5.719314636031491e-07,(11261.341562043064+0j)
14.207482897554026,51.49601159686912,0.026706216025253967,(-1136918.5754627106+2151545.1530239135j),51.49601159686912,0.026706216025253967,(-1136918.5754627106-2151545.1530239135j),53.108972647663535,0.023087133057741235,(2262575.809363377+0j),55.52033023022286,5.719314636031491e-07,(11261.341562043064+0j)
14.225177853386935,51.653885003239274,0.026706216025253967,(-1136918.5754627106+2151545.1530239135j),51.653885003239274,0.026706216025253967,(-1136918.5754627106-2151545.1530239135j),53.30041072377984,0.023087133057741235,(2262575.809363377+0j),55.520425210079026,5.719314636031491e-07,(11261.341562043064+0j)
14.242872809219842,51.81326305192537,0.026706216025253967,(-1136918.5754627106+2151545.1530239135j),51.81326305192537,0.026706216025253967,(-1136918.5754627106-2151545.1530239135j),53.49362003850546,0.023087133057741235,(2262575.809363377+0j),55.52051805671868,5.719314636031491e-07,(11261.341562043064+0j)
14.26056776505275,51.974139729298,0.026706216025253967,(-1136918.5754627106+2151545.1530239135j),51.974139729298,0.026706216025253967,(-1136918.5754627106-2151545.1530239135j),53.68859238439229,0.023087133057741235,(2262575.809363377+0j),55.520608841210745,5.719314636031491e-07,(11261.341562043064+0j)
14.278262720885659,52.13650904473101,0.026706216025253967,(-1136918.5754627106+2151545.1530239135j),52.13650904473101,0.026706216025253967,(-1136918.5754627106-2151545.1530239135j),53.88531959010779,0.023087133057741235,(2262575.809363377+0j),55.520697631501896,5.719314636031491e-07,(11261.341562043064+0j)
14.295957676718567,52.300365030504636,0.026706216025253967,(-1136918.5754627106+2151545.1530239135j),52.300365030504636,0.026706216025253967,(-1136918.5754627106-2151545.1530239135j),54.08379352026068,0.023087133057741235,(2262575.809363377+0j),55.52078449258617,5.719314636031491e-07,(11261.341562043064+0j)
14.313652632551475,52.465701741709445,0.026706216025253967,(-1136918.5754627106+2151545.1530239135j),52.465701741709445,0.026706216025253967,(-1136918.5754627106-2151545.1530239135j),54.28400607522747,0.023087133057741235,(2262575.809363377+0j),55.52086948666362,5.719314636031491e-07,(11261.341562043064+0j)
14.331347588384384,52.63251325615039,0.026706216025253967,(-1136918.5754627106+2151545.1530239135j),52.63251325615039,0.026706216025253967,(-1136918.5754627106-2151545.1530239135j),54.48594919098006,0.023087133057741235,(2262575.809363377+0j),55.52095267328883,5.719314636031491e-07,(11261.341562043064+0j)
14.349042544217292,52.80079367425153,0.026706216025253967,(-1136918.5754627106+2151545.1530239135j),52.80079367425153,0.026706216025253967,(-1136918.5754627106-2151545.1530239135j),54.68961483891422,0.023087133057741235,(2262575.809363377+0j),55.52103410951013,5.719314636031491e-07,(11261.341562043064+0j)
14.366737500050201,52.97053711896112,0.026706216025253967,(-1136918.5754627106+2151545.1530239135j),52.97053711896112,0.026706216025253967,(-1136918.5754627106-2151545.1530239135j),54.89499502567892,0.023087133057741235,(2262575.809363377+0j),55.52111385000002,5.719314636031491e-07,(11261.341562043064+0j)
14.384432455883108,53.14173773565715,0.026706216025253967,(-1136918.5754627106+2151545.1530239135j),53.14173773565715,0.026706216025253967,(-1136918.5754627106-2151545.1530239135j),55.1020817930067,0.023087133057741235,(2262575.809363377+0j),55.521191947177606,5.719314636031491e-07,(11261.341562043064+0j)
14.402127411716016,53.31438969205338,0.026706216025253967,(-1136918.5754627106+2151545.1530239135j),53.31438969205338,0.026706216025253967,(-1136918.5754627106-2151545.1530239135j),55.310867217544875,0.023087133057741235,(2262575.809363377+0j),55.52126845132348,5.719314636031491e-07,(11261.341562043064+0j)
14.419822367548925,55.521343410687685,0.03207304762753493,(-1260564.5352981305+2350048.3810585146j),55.521343410687685,0.03207304762753493,(-1260564.5352981305-2350048.3810585146j),55.521343410687685,0.028473443091474544,(2512685.4780227025+0j),55.521343410687685,3.2152760489845996e-07,(8443.59257355523+0j)
14.419822367548925,53.488487178105686,0.026706216025253967,(-1136918.5754627106+2151545.1530239135j),53.488487178105686,0.026706216025253967,(-1136918.5754627106-2151545.1530239135j),55.52134341068769,0.023087133057741235,(2262575.809363377+0j),55.521343410687685,5.719314636031491e-07,(11261.341562043064+0j)
14.437517323381833,55.52215423671947,0.03207304762753493,(-1260564.5352981305+2350048.3810585146j),55.52215423671947,0.03207304762753493,(-1260564.5352981305-2350048.3810585146j),55.522312619829144,0.028473443091474544,(2512685.4780227025+0j),63.666251381706125,3.2152760489845996e-07,(8443.59257355523+0j)
14.45521227921474,55.524583141030895,0.03207304762753493,(-1260564.5352981305+2350048.3810585146j),55.524583141030895,0.03207304762753493,(-1260564.5352981305-2350048.3810585146j),55.525215436171834,0.028473443091474544,(2512685.4780227025+0j),63.81357683448278,3.2152760489845996e-07,(8443.59257355523+0j)
14.472907235047648,55.52862477622924,0.03207304762753493,(-1260564.5352981305+2350048.3810585146j),55.52862477622924,0.03207304762753493,(-1260564.5352981305-2350048.3810585146j),55.53004466323103,0.028473443091474544,(2512685.4780227025+0j),63.86357449513914,3.2152760489845996e-07,(8443.59257355523+0j)
14.490602190880557,55.53427381258077,0.03207304762753493,(-1260564.5352981305+2350048.3810585146j),55.53427381258077,0.03207304762753493,(-1260564.5352981305-2350048.3810585146j),55.5367931312837,0.028473443091474544,(2512685.4780227025+0j),63.888743066657014,3.2152760489845996e-07,(8443.59257355523+0j)
14.508297146713465,55.541524937946,0.03207304762753493,(-1260564.5352981305+2350048.3810585146j),55.541524937946,0.03207304762753493,(-1260564.5352981305-2350048.3810585146j),55.54545369725797,0.028473443091474544,(2512685.4780227025+0j),63.90389892039529,3.2152760489845996e-07,(8443.59257355523+0j)
14.525992102546374,55.55037285771513,0.03207304762753493,(-1260564.5352981305+2350048.3810585146j),55.55037285771513,0.03207304762753493,(-1260564.5352981305-2350048.3810585146j),55.55601924462313,0.028473443091474544,(2512685.4780227025+0j),63.91402571087576,3.2152760489845996e-07,(8443.59257355523+0j)
14.543687058379282,55.560812294743926,0.03207304762753493,(-1260564.5352981305+2350048.3810585146j),55.560812294743926,0.03207304762753493,(-1260564.5352981305-2350048.3810585146j),55.5684826832802,0.028473443091474544,(2512685.4780227025+0j),63.92127037212372,3.2152760489845996e-07,(8443.59257355523+0j)
14.56138201421219,55.572837989289646,0.03207304762753493,(-1260564.5352981305+2350048.3810585146j),55.572837989289646,0.03207304762753493,(-1260564.5352981305-2350048.3810585146j),55.582836949452926,0.028473443091474544,(2512685.4780227025+0j),63.926710025793874,3.2152760489845996e-07,(8443.59257355523+0j)
14.579076970045097,55.586444698947446,0.03207304762753493,(-1260564.5352981305+2350048.3810585146j),55.586444698947446,0.03207304762753493,(-1260564.5352981305-2350048.3810585146j),55.5990750055793,0.028473443091474544,(2512685.4780227025+0j),63.93094452146733,3.2152760489845996e-07,(8443.59257355523+0j)
14.596771925878006,55.60162719858686,0.03207304762753493,(-1260564.5352981305+2350048.3810585146j),55.60162719858686,0.03207304762753493,(-1260564.5352981305-2350048.3810585146j),55.61718984020366,0.028473443091474544,(2512685.4780227025+0j),63.934334422368146,3.2152760489845996e-07,(8443.59257355523+0j)
14.614466881710914,55.6183802802887,0.03207304762753493,(-1260564.5352981305+2350048.3810585146j),55.6183802802887,0.03207304762753493,(-1260564.5352981305-2350048.3810585146j),55.63717446786912,0.028473443091474544,(2512685.4780227025+0j),63.93710950245217,3.2152760489845996e-07,(8443.59257355523+0j)
14.632161837543823,55.63669875328208,0.03207304762753493,(-1260564.5352981305+2350048.3810585146j),55.63669875328208,0.03207304762753493,(-1260564.5352981305-2350048.3810585146j),55.65902192901071,0.028473443091474544,(2512685.4780227025+0j),63.93942311819439,3.2152760489845996e-07,(8443.59257355523+0j)
14.64985679337673,55.65657744388183,0.03207304762753493,(-1260564.5352981305+2350048.3810585146j),55.65657744388183,0.03207304762753493,(-1260564.5352981305-2350048.3810585146j),55.68272528984885,0.028473443091474544,(2512685.4780227025+0j),63.94138153832509,3.2152760489845996e-07,(8443.59257355523+0j)
14.667551749209638,55.678011195425995,0.03207304762753493,(-1260564.5352981305+2350048.3810585146j),55.678011195425995,0.03207304762753493,(-1260564.5352981305-2350048.3810585146j),55.70827764228334,0.028473443091474544,(2512685.4780227025+0j),63.943060728152005,3.2152760489845996e-07,(8443.59257355523+0j)
14.685246705042548,55.70099486821381,0.03207304762753493,(-1260564.5352981305+2350048.3810585146j),55.70099486821381,0.03207304762753493,(-1260564.5352981305-2350048.3810585146j),55.73567210378796,0.028473443091474544,(2512685.4780227025+0j),63.94451643235294,3.2152760489845996e-07,(8443.59257355523+0j)
14.702941660875455,55.72552333944374,0.03207304762753493,(-1260564.5352981305+2350048.3810585146j),55.72552333944374,0.03207304762753493,(-1260564.5352981305-2350048.3810585146j),55.76490181730538,0.028473443091474544,(2512685.4780227025+0j),63.94579048316192,3.2152760489845996e-07,(8443.59257355523+0j)
14.720636616708363,55.75159150315185,0.03207304762753493,(-1260564.5352981305+2350048.3810585146j),55.75159150315185,0.03207304762753493,(-1260564.5352981305-2350048.3810585146j),55.79595995114267,0.028473443091474544,(2512685.4780227025+0j),63.94691488570615,3.2152760489845996e-07,(8443.59257355523+0j)
14.738331572541272,55.77919427015047,0.03207304762753493,(-1260564.5352981305+2350048.3810585146j),55.77919427015047,0.03207304762753493,(-1260564.5352981305-2350048.3810585146j),55.82883969886729,0.028473443091474544,(2512685.4780227025+0j),63.94791454362577,3.2152760489845996e-07,(8443.59257355523+0j)
14.75602652837418,55.80832656796701,0.03207304762753493,(-1260564.5352981305+2350048.3810585146j),55.80832656796701,0.03207304762753493,(-1260564.5352981305-2350048.3810585146j),55.863534279203485,0.028473443091474544,(2512685.4780227025+0j),63.948809125206274,3.2152760489845996e-07,(8443.59257355523+0j)
14.773721484207087,55.838983340783116,0.03207304762753493,(-1260564.5352981305+2350048.3810585146j),55.838983340783116,0.03207304762753493,(-1260564.5352981305-2350048.3810585146j),55.90003693592924,0.028473443091474544,(2512685.4780227025+0j),63.94961437043408,3.2152760489845996e-07,(8443.59257355523+0j)
14.791416440039995,55.87115954937404,0.03207304762753493,(-1260564.5352981305+2350048.3810585146j),55.87115954937404,0.03207304762753493,(-1260564.5352981305-2350048.3810585146j),55.93834093777366,0.028473443091474544,(2512685.4780227025+0j),63.95034302509224,3.2152760489845996e-07,(8443.59257355523+0j)
14.809111395872904,55.904850171048224,0.03207304762753493,(-1260564.5352981305+2350048.3810585146j),55.904850171048224,0.03207304762753493,(-1260564.5352981305-2350048.3810585146j),55.978439578314834,0.028473443091474544,(2512685.4780227025+0j),63.95100552041836,3.2152760489845996e-07,(8443.59257355523+0j)
14.826806351705812,55.94005019958723,0.03207304762753493,(-1260564.5352981305+2350048.3810585146j),55.94005019958723,0.03207304762753493,(-1260564.5352981305-2350048.3810585146j),56.020326175878175,0.028473443091474544,(2512685.4780227025+0j),63.95161047567064,3.2152760489845996e-07,(8443.59257355523+0j)
14.844501307538719,55.976754645185785,0.03207304762753493,(-1260564.5352981305+2350048.3810585146j),55.976754645185785,0.03207304762753493,(-1260564.5352981305-2350048.3810585146j),56.06399407343522,0.028473443091474544,(2512685.4780227025+0j),63.952165075194905,3.2152760489845996e-07,(8443.59257355523+0j)
14.86219626337163,56.01495853439217,0.03207304762753493,(-1260564.5352981305+2350048.3810585146j),56.01495853439217,0.03207304762753493,(-1260564.5352981305-2350048.3810585146j),56.1094366385029,0.028473443091474544,(2512685.4780227025+0j),63.95267535509434,3.2152760489845996e-07,(8443.59257355523+0j)
14.879891219204538,56.05465691004883,0.03207304762753493,(-1260564.5352981305+2350048.3810585146j),56.05465691004883,0.03207304762753493,(-1260564.5352981305-2350048.3810585146j),56.156647263043276,0.028473443091474544,(2512685.4780227025+0j),63.95314642381396,3.2152760489845996e-07,(8443.59257355523+0j)
14.897586175037446,56.09584483123316,0.03207304762753493,(-1260564.5352981305+2350048.3810585146j),56.09584483123316,0.03207304762753493,(-1260564.5352981305-2350048.3810585146j),56.20561936336372,0.028473443091474544,(2512685.4780227025+0j),63.95358263375578,3.2152760489845996e-07,(8443.59257355523+0j)
14.915281130870353,56.138517373198674,0.03207304762753493,(-1260564.5352981305+2350048.3810585146j),56.138517373198674,0.03207304762753493,(-1260564.5352981305-2350048.3810585146j),56.25634638001757,0.028473443091474544,(2512685.4780227025+0j),63.953987716155126,3.2152760489845996e-07,(8443.59257355523+0j)
14.932976086703261,56.182669627316244,0.03207304762753493,(-1260564.5352981305+2350048.3810585146j),56.182669627316244,0.03207304762753493,(-1260564.5352981305-2350048.3810585146j),56.30882177770521,0.028473443091474544,(2512685.4780227025+0j),63.95436488807767,3.2152760489845996e-07,(8443.59257355523+0j)
14.95067104253617,56.228296701015736,0.03207304762753493,(-1260564.5352981305+2350048.3810585146j),56.228296701015736,0.03207304762753493,(-1260564.5352981305-2350048.3810585146j),56.36303904517569,0.028473443091474544,(2512685.4780227025+0j),63.95471693803656,3.2152760489845996e-07,(8443.59257355523+0j)
14.968365998369077,56.275393717727745,0.03207304762753493,(-1260564.5352981305+2350048.3810585146j),56.275393717727745,0.03207304762753493,(-1260564.5352981305-2350048.3810585146j),56.418991695128646,0.028473443091474544,(2512685.4780227025+0j),63.95504629505306,3.2152760489845996e-07,(8443.59257355523+0j)
14.986060954201985,56.32395581682568,0.03207304762753493,(-1260564.5352981305+2350048.3810585146j),56.32395581682568,0.03207304762753493,(-1260564.5352981305-2350048.3810585146j),56.47667326411681,0.028473443091474544,(2512685.4780227025+0j),63.955355084779264,3.2152760489845996e-07,(8443.59257355523+0j)
15.003755910034894,56.373978153568,0.03207304762753493,(-1260564.5352981305+2350048.3810585146j),56.373978153568,0.03207304762753493,(-1260564.5352981305-2350048.3810585146j),56.536077312448946,0.028473443091474544,(2512685.4780227025+0j),63.95564517542523,3.2152760489845996e-07,(8443.59257355523+0j)
15.021450865867802,56.425455899040756,0.03207304762753493,(-1260564.5352981305+2350048.3810585146j),56.425455899040756,0.03207304762753493,(-1260564.5352981305-2350048.3810585146j),56.59719742409308,0.028473443091474544,(2512685.4780227025+0j),63.95591821558773,3.2152760489845996e-07,(8443.59257355523+0j)
15.03914582170071,56.47838424010031,0.03207304762753493,(-1260564.5352981305+2350048.3810585146j),56.47838424010031,0.03207304762753493,(-1260564.5352981305-2350048.3810585146j),56.660027206580416,0.028473443091474544,(2512685.4780227025+0j),63.95617566559913,3.2152760489845996e-07,(8443.59257355523+0j)
15.056840777533619,56.53275837931633,0.03207304762753493,(-1260564.5352981305+2350048.3810585146j),56.53275837931633,0.03207304762753493,(-1260564.5352981305-2350048.3810585146j),56.72456029090948,0.028473443091474544,(2512685.4780227025+0j),63.956418823655476,3.2152760489845996e-07,(8443.59257355523+0j)
15.074535733366528,56.588573534914964,0.03207304762753493,(-1260564.5352981305+2350048.3810585146j),56.588573534914964,0.03207304762753493,(-1260564.5352981305-2350048.3810585146j),56.79079033145083,0.028473443091474544,(2512685.4780227025+0j),63.956648847710646,3.2152760489845996e-07,(8443.59257355523+0j)
15.092230689199436,56.6458249407223,0.03207304762753493,(-1260564.5352981305+2350048.3810585146j),56.6458249407223,0.03207304762753493,(-1260564.5352981305-2350048.3810585146j),56.85871100585211,0.028473443091474544,(2512685.4780227025+0j),63.95686677391603,3.2152760489845996e-07,(8443.59257355523+0j)
15.109925645032343,56.70450784610803,0.03207304762753493,(-1260564.5352981305+2350048.3810585146j),56.70450784610803,0.03207304762753493,(-1260564.5352981305-2350048.3810585146j),56.928316014943626,0.028473443091474544,(2512685.4780227025+0j),63.95707353222533,3.2152760489845996e-07,(8443.59257355523+0j)
15.127620600865251,56.764617515929345,0.03207304762753493,(-1260564.5352981305+2350048.3810585146j),56.764617515929345,0.03207304762753493,(-1260564.5352981305-2350048.3810585146j),56.999599082644266,0.028473443091474544,(2512685.4780227025+0j),63.95726995966023,3.2152760489845996e-07,(8443.59257355523+0j)
15.14531555669816,56.82614923047503,0.03207304762753493,(-1260564.5352981305+2350048.3810585146j),56.82614923047503,0.03207304762753493,(-1260564.5352981305-2350048.3810585146j),57.07255395586795,0.028473443091474544,(2512685.4780227025+0j),63.95745681163603,3.2152760489845996e-07,(8443.59257355523+0j)
15.163010512531068,56.88909828540988,0.03207304762753493,(-1260564.5352981305+2350048.3810585146j),56.88909828540988,0.03207304762753493,(-1260564.5352981305-2350048.3810585146j),57.14717440443037,0.028473443091474544,(2512685.4780227025+0j),63.9576347716704,3.2152760489845996e-07,(8443.59257355523+0j)
15.180705468363975,56.95345999171917,0.03207304762753493,(-1260564.5352981305+2350048.3810585146j),56.95345999171917,0.03207304762753493,(-1260564.5352981305-2350048.3810585146j),57.223454220956285,0.028473443091474544,(2512685.4780227025+0j),63.95780445973824,3.2152760489845996e-07,(8443.59257355523+0j)
15.198400424196883,57.01922967565356,0.03207304762753493,(-1260564.5352981305+2350048.3810585146j),57.01922967565356,0.03207304762753493,(-1260564.5352981305-2350048.3810585146j),57.30138722078718,0.028473443091474544,(2512685.4780227025+0j),63.95796643948804,3.2152760489845996e-07,(8443.59257355523+0j)
15.216095380029794,57.086402678674034,0.03207304762753493,(-1260564.5352981305+2350048.3810585146j),57.086402678674034,0.03207304762753493,(-1260564.5352981305-2350048.3810585146j),57.38096724188929,0.028473443091474544,(2512685.4780227025+0j),63.958121224496495,3.2152760489845996e-07,(8443.59257355523+0j)
15.2337903358627,57.154974357397194,0.03207304762753493,(-1260564.5352981305+2350048.3810585146j),57.154974357397194,0.03207304762753493,(-1260564.5352981305-2350048.3810585146j),57.46218814476219,0.028473443091474544,(2512685.4780227025+0j),63.95826928370794,3.2152760489845996e-07,(8443.59257355523+0j)
15.251485291695609,57.224940083540695,0.03207304762753493,(-1260564.5352981305+2350048.3810585146j),57.224940083540695,0.03207304762753493,(-1260564.5352981305-2350048.3810585146j),57.54504381234763,0.028473443091474544,(2512685.4780227025+0j),63.9584110461797,3.2152760489845996e-07,(8443.59257355523+0j)
15.269180247528517,57.29629524386895,0.03207304762753493,(-1260564.5352981305+2350048.3810585146j),57.29629524386895,0.03207304762753493,(-1260564.5352981305-2350048.3810585146j),57.629528149938906,0.028473443091474544,(2512685.4780227025+0j),63.95854690523457,3.2152760489845996e-07,(8443.59257355523+0j)
15.286875203361426,57.36903524013902,0.03207304762753493,(-1260564.5352981305+2350048.3810585146j),57.36903524013902,0.03207304762753493,(-1260564.5352981305-2350048.3810585146j),57.7156350850906,0.028473443091474544,(2512685.4780227025+0j),63.95867722210529,3.2152760489845996e-07,(8443.59257355523+0j)
15.304570159194332,57.443155489046745,0.03207304762753493,(-1260564.5352981305+2350048.3810585146j),57.443155489046745,0.03207304762753493,(-1260564.5352981305-2350048.3810585146j),57.80335856752867,0.028473443091474544,(2512685.4780227025+0j),63.958802329141676,3.2152760489845996e-07,(8443.59257355523+0j)
15.32226511502724,57.518651422173086,0.03207304762753493,(-1260564.5352981305+2350048.3810585146j),57.518651422173086,0.03207304762753493,(-1260564.5352981305-2350048.3810585146j),57.89269256906109,0.028473443091474544,(2512685.4780227025+0j),63.958922532640834,3.2152760489845996e-07,(8443.59257355523+0j)
15.33996007086015,57.59551848593066,0.03207304762753493,(-1260564.5352981305+2350048.3810585146j),57.59551848593066,0.03207304762753493,(-1260564.5352981305-2350048.3810585146j),57.98363108348874,0.028473443091474544,(2512685.4780227025+0j),63.95903811535092,3.2152760489845996e-07,(8443.59257355523+0j)
15.357655026693058,57.67375214151055,0.03207304762753493,(-1260564.5352981305+2350048.3810585146j),57.67375214151055,0.03207304762753493,(-1260564.5352981305-2350048.3810585146j),58.07616812651682,0.028473443091474544,(2512685.4780227025+0j),63.95914933869155,3.2152760489845996e-07,(8443.59257355523+0j)
15.375349982525966,57.75334786482926,0.03207304762753493,(-1260564.5352981305+2350048.3810585146j),57.75334786482926,0.03207304762753493,(-1260564.5352981305-2350048.3810585146j),58.17029773566657,0.028473443091474544,(2512685.4780227025+0j),63.959256444727714,3.2152760489845996e-07,(8443.59257355523+0j)
15.393044938358875,57.83430114647591,0.03207304762753493,(-1260564.5352981305+2350048.3810585146j),57.83430114647591,0.03207304762753493,(-1260564.5352981305-2350048.3810585146j),58.26601397018745,0.028473443091474544,(2512685.4780227025+0j),63.95935965792838,3.2152760489845996e-07,(8443.59257355523+0j)
15.410739894191783,57.91660749165968,0.03207304762753493,(-1260564.5352981305+2350048.3810585146j),57.91660749165968,0.03207304762753493,(-1260564.5352981305-2350048.3810585146j),58.3633109109697,0.028473443091474544,(2512685.4780227025+0j),63.95945918673685,3.2152760489845996e-07,(8443.59257355523+0j)
15.42843485002469,58.00026242015741,0.03207304762753493,(-1260564.5352981305+2350048.3810585146j),58.00026242015741,0.03207304762753493,(-1260564.5352981305-2350048.3810585146j),58.46218266045731,0.028473443091474544,(2512685.4780227025+0j),63.95955522497579,3.2152760489845996e-07,(8443.59257355523+0j)
15.446129805857598,58.085261466261436,0.03207304762753493,(-1260564.5352981305+2350048.3810585146j),58.085261466261436,0.03207304762753493,(-1260564.5352981305-2350048.3810585146j),58.56262334256132,0.028473443091474544,(2512685.4780227025+0j),63.95964795310709,3.2152760489845996e-07,(8443.59257355523+0j)
15.463824761690507,58.17160017872763,0.03207304762753493,(-1260564.5352981305+2350048.3810585146j),58.17160017872763,0.03207304762753493,(-1260564.5352981305-2350048.3810585146j),58.66462710257359,0.028473443091474544,(2512685.4780227025+0j),63.95973753936356,3.2152760489845996e-07,(8443.59257355523+0j)
15.481519717523415,58.25927412072367,0.03207304762753493,(-1260564.5352981305+2350048.3810585146j),58.25927412072367,0.03207304762753493,(-1260564.5352981305-2350048.3810585146j),58.76818810708095,0.028473443091474544,(2512685.4780227025+0j),63.959824140767594,3.2152760489845996e-07,(8443.59257355523+0j)
15.499214673356322,58.34827886977749,0.03207304762753493,(-1260564.5352981305+2350048.3810585146j),58.34827886977749,0.03207304762753493,(-1260564.5352981305-2350048.3810585146j),58.87330054387966,0.028473443091474544,(2512685.4780227025+0j),63.95990790404966,3.2152760489845996e-07,(8443.59257355523+0j)
15.51690962918923,58.43861001772592,0.03207304762753493,(-1260564.5352981305+2350048.3810585146j),58.43861001772592,0.03207304762753493,(-1260564.5352981305-2350048.3810585146j),58.97995862189032,0.028473443091474544,(2512685.4780227025+0j),63.95998896647786,3.2152760489845996e-07,(8443.59257355523+0j)
15.534604585022139,58.53026317066363,0.03207304762753493,(-1260564.5352981305+2350048.3810585146j),58.53026317066363,0.03207304762753493,(-1260564.5352981305-2350048.3810585146j),59.088156571073185,0.028473443091474544,(2512685.4780227025+0j),63.96006745660867,3.2152760489845996e-07,(8443.59257355523+0j)
15.552299540855048,58.62323394889212,0.03207304762753493,(-1260564.5352981305+2350048.3810585146j),58.62323394889212,0.03207304762753493,(-1260564.5352981305-2350048.3810585146j),59.19788864234379,0.028473443091474544,(2512685.4780227025+0j),63.960143494967184,3.2152760489845996e-07,(8443.59257355523+0j)
15.569994496687956,58.71751798686906,0.03207304762753493,(-1260564.5352981305+2350048.3810585146j),58.71751798686906,0.03207304762753493,(-1260564.5352981305-2350048.3810585146j),59.30914910748902,0.028473443091474544,(2512685.4780227025+0j),63.960217194664686,3.2152760489845996e-07,(8443.59257355523+0j)
15.587689452520864,58.81311093315776,0.03207304762753493,(-1260564.5352981305+2350048.3810585146j),58.81311093315776,0.03207304762753493,(-1260564.5352981305-2350048.3810585146j),59.42193225908349,0.028473443091474544,(2512685.4780227025+0j),63.96028866196007,3.2152760489845996e-07,(8443.59257355523+0j)
15.605384408353773,58.91000845037686,0.03207304762753493,(-1260564.5352981305+2350048.3810585146j),58.91000845037686,0.03207304762753493,(-1260564.5352981305-2350048.3810585146j),59.53623241040637,0.028473443091474544,(2512685.4780227025+0j),63.960357996770966,3.2152760489845996e-07,(8443.59257355523+0j)
15.623079364186681,59.00820621515019,0.03207304762753493,(-1260564.5352981305+2350048.3810585146j),59.00820621515019,0.03207304762753493,(-1260564.5352981305-2350048.3810585146j),59.65204389535855,0.028473443091474544,(2512685.4780227025+0j),63.96042529313988,3.2152760489845996e-07,(8443.59257355523+0j)
15.64077432001959,59.10769991805691,0.03207304762753493,(-1260564.5352981305+2350048.3810585146j),59.10769991805691,0.03207304762753493,(-1260564.5352981305-2350048.3810585146j),59.769361068380164,0.028473443091474544,(2512685.4780227025+0j),63.960490639659724,3.2152760489845996e-07,(8443.59257355523+0j)
15.658469275852498,59.208485263581764,0.03207304762753493,(-1260564.5352981305+2350048.3810585146j),59.208485263581764,0.03207304762753493,(-1260564.5352981305-2350048.3810585146j),59.88817830436851,0.028473443091474544,(2512685.4780227025+0j),63.96055411986293,3.2152760489845996e-07,(8443.59257355523+0j)
15.676164231685407,59.31055797006557,0.03207304762753493,(-1260564.5352981305+2350048.3810585146j),59.31055797006557,0.03207304762753493,(-1260564.5352981305-2350048.3810585146j),60.008489998596296,0.028473443091474544,(2512685.4780227025+0j),63.96061581257767,3.2152760489845996e-07,(8443.59257355523+0j)
15.693859187518314,59.4139137696559,0.03207304762753493,(-1260564.5352981305+2350048.3810585146j),59.4139137696559,0.03207304762753493,(-1260564.5352981305-2350048.3810585146j),60.13029056663036,0.028473443091474544,(2512685.4780227025+0j),63.960675792254456,3.2152760489845996e-07,(8443.59257355523+0j)
15.711554143351222,59.51854840825798,0.03207304762753493,(-1260564.5352981305+2350048.3810585146j),59.51854840825798,0.03207304762753493,(-1260564.5352981305-2350048.3810585146j),60.25357444425055,0.028473443091474544,(2512685.4780227025+0j),63.96073412926582,3.2152760489845996e-07,(8443.59257355523+0j)
15.72924909918413,59.62445764548576,0.03207304762753493,(-1260564.5352981305+2350048.3810585146j),59.62445764548576,0.03207304762753493,(-1260564.5352981305-2350048.3810585146j),60.37833608736924,0.028473443091474544,(2512685.4780227025+0j),63.960790890181784,3.2152760489845996e-07,(8443.59257355523+0j)
15.746944055017039,59.731637254613176,0.03207304762753493,(-1260564.5352981305+2350048.3810585146j),59.731637254613176,0.03207304762753493,(-1260564.5352981305-2350048.3810585146j),60.50456997195095,0.028473443091474544,(2512685.4780227025+0j),63.960846138023264,3.2152760489845996e-07,(8443.59257355523+0j)
15.764639010849946,59.840083022525626,0.03207304762753493,(-1260564.5352981305+2350048.3810585146j),59.840083022525626,0.03207304762753493,(-1260564.5352981305-2350048.3810585146j),60.63227059393245,0.028473443091474544,(2512685.4780227025+0j),63.960899932495465,3.2152760489845996e-07,(8443.59257355523+0j)
15.782333966682854,59.949790749671635,0.03207304762753493,(-1260564.5352981305+2350048.3810585146j),59.949790749671635,0.03207304762753493,(-1260564.5352981305-2350048.3810585146j),60.76143246914326,0.028473443091474544,(2512685.4780227025+0j),63.96095233020311,3.2152760489845996e-07,(8443.59257355523+0j)
15.800028922515763,60.0607562500147,0.03207304762753493,(-1260564.5352981305+2350048.3810585146j),60.0607562500147,0.03207304762753493,(-1260564.5352981305-2350048.3810585146j),60.89205013322638,0.028473443091474544,(2512685.4780227025+0j),63.96100338484917,3.2152760489845996e-07,(8443.59257355523+0j)
15.817723878348671,60.17297535098532,0.03207304762753493,(-1260564.5352981305+2350048.3810585146j),60.17297535098532,0.03207304762753493,(-1260564.5352981305-2350048.3810585146j),61.024118141559505,0.028473443091474544,(2512685.4780227025+0j),63.96105314741837,3.2152760489845996e-07,(8443.59257355523+0j)
15.835418834181578,60.286443893433265,0.03207304762753493,(-1260564.5352981305+2350048.3810585146j),60.286443893433265,0.03207304762753493,(-1260564.5352981305-2350048.3810585146j),61.157631069176496,0.028473443091474544,(2512685.4780227025+0j),63.961101666347105,3.2152760489845996e-07,(8443.59257355523+0j)
15.853113790014486,60.40115773157998,0.03207304762753493,(-1260564.5352981305+2350048.3810585146j),60.40115773157998,0.03207304762753493,(-1260564.5352981305-2350048.3810585146j),61.292583510689234,0.028473443091474544,(2512685.4780227025+0j),63.961148987680616,3.2152760489845996e-07,(8443.59257355523+0j)
15.870808745847395,60.5171127329712,0.03207304762753493,(-1260564.5352981305+2350048.3810585146j),60.5171127329712,0.03207304762753493,(-1260564.5352981305-2350048.3810585146j),61.42897008020982,0.028473443091474544,(2512685.4780227025+0j),63.96119515521881,3.2152760489845996e-07,(8443.59257355523+0j)
15.888503701680303,60.63430477842974,0.03207304762753493,(-1260564.5352981305+2350048.3810585146j),60.63430477842974,0.03207304762753493,(-1260564.5352981305-2350048.3810585146j),61.566785411273166,0.028473443091474544,(2512685.4780227025+0j),63.96124021065145,3.2152760489845996e-07,(8443.59257355523+0j)
15.90619865751321,60.75272976200853,0.03207304762753493,(-1260564.5352981305+2350048.3810585146j),60.75272976200853,0.03207304762753493,(-1260564.5352981305-2350048.3810585146j),61.70602415675984,0.028473443091474544,(2512685.4780227025+0j),63.9612841936837,3.2152760489845996e-07,(8443.59257355523+0j)
15.923893613346118,60.87238359094373,0.03207304762753493,(-1260564.5352981305+2350048.3810585146j),60.87238359094373,0.03207304762753493,(-1260564.5352981305-2350048.3810585146j),61.8466809888193,0.028473443091474544,(2512685.4780227025+0j),63.96132714215285,3.2152760489845996e-07,(8443.59257355523+0j)
15.941588569179027,60.99326218560813,0.03207304762753493,(-1260564.5352981305+2350048.3810585146j),60.99326218560813,0.03207304762753493,(-1260564.5352981305-2350048.3810585146j),61.988750598793544,0.028473443091474544,(2512685.4780227025+0j),63.96136909213686,3.2152760489845996e-07,(8443.59257355523+0j)
15.959283525011934,61.1153614794647,0.03207304762753493,(-1260564.5352981305+2350048.3810585146j),61.1153614794647,0.03207304762753493,(-1260564.5352981305-2350048.3810585146j),62.13222769714092,0.028473443091474544,(2512685.4780227025+0j),63.96141007805549,3.2152760489845996e-07,(8443.59257355523+0j)
15.976978480844846,61.23867741902031,0.03207304762753493,(-1260564.5352981305+2350048.3810585146j),61.23867741902031,0.03207304762753493,(-1260564.5352981305-2350048.3810585146j),62.27710701336049,0.028473443091474544,(2512685.4780227025+0j),63.961450132764426,3.2152760489845996e-07,(8443.59257355523+0j)
15.99467343667775,61.36320596377964,0.03207304762753493,(-1260564.5352981305+2350048.3810585146j),61.36320596377964,0.03207304762753493,(-1260564.5352981305-2350048.3810585146j),62.42338329591655,0.028473443091474544,(2512685.4780227025+0j),63.96148928764314,3.2152760489845996e-07,(8443.59257355523+0j)
16.012368392510663,61.48894308619927,0.03207304762753493,(-1260564.5352981305+2350048.3810585146j),61.48894308619927,0.03207304762753493,(-1260564.5352981305-2350048.3810585146j),62.571051312163576,0.028473443091474544,(2512685.4780227025+0j),63.961527572676886,3.2152760489845996e-07,(8443.59257355523+0j)
16.03006334834357,61.615884771642,0.03207304762753493,(-1260564.5352981305+2350048.3810585146j),61.615884771642,0.03207304762753493,(-1260564.5352981305-2350048.3810585146j),62.720105848271494,0.028473443091474544,(2512685.4780227025+0j),63.96156501653329,3.2152760489845996e-07,(8443.59257355523+0j)
16.04775830417648,61.744027018331245,0.03207304762753493,(-1260564.5352981305+2350048.3810585146j),61.744027018331245,0.03207304762753493,(-1260564.5352981305-2350048.3810585146j),62.87054170915125,0.028473443091474544,(2512685.4780227025+0j),63.96160164663392,3.2152760489845996e-07,(8443.59257355523+0j)
16.065453260009384,61.87336583730574,0.03207304762753493,(-1260564.5352981305+2350048.3810585146j),61.87336583730574,0.03207304762753493,(-1260564.5352981305-2350048.3810585146j),63.02235371838077,0.028473443091474544,(2512685.4780227025+0j),63.961637489221275,3.2152760489845996e-07,(8443.59257355523+0j)
16.083148215842293,62.00389725237432,0.03207304762753493,(-1260564.5352981305+2350048.3810585146j),62.00389725237432,0.03207304762753493,(-1260564.5352981305-2350048.3810585146j),63.175536718131156,0.028473443091474544,(2512685.4780227025+0j),63.961672569421474,3.2152760489845996e-07,(8443.59257355523+0j)
16.1008431716752,62.13561730007092,0.03207304762753493,(-1260564.5352981305+2350048.3810585146j),62.13561730007092,0.03207304762753493,(-1260564.5352981305-2350048.3810585146j),63.3300855690933,0.028473443091474544,(2512685.4780227025+0j),63.96170691130299,3.2152760489845996e-07,(8443.59257355523+0j)
16.11853812750811,62.268522029609755,0.03207304762753493,(-1260564.5352981305+2350048.3810585146j),62.268522029609755,0.03207304762753493,(-1260564.5352981305-2350048.3810585146j),63.485995150404776,0.028473443091474544,(2512685.4780227025+0j),63.96174053793172,3.2152760489845996e-07,(8443.59257355523+0j)
16.13623308334102,62.402607502840695,0.03207304762753493,(-1260564.5352981305+2350048.3810585146j),62.402607502840695,0.03207304762753493,(-1260564.5352981305-2350048.3810585146j),63.64326035957704,0.028473443091474544,(2512685.4780227025+0j),63.96177347142269,3.2152760489845996e-07,(8443.59257355523+0j)
16.153928039173927,62.53786979420474,0.03207304762753493,(-1260564.5352981305+2350048.3810585146j),62.53786979420474,0.03207304762753493,(-1260564.5352981305-2350048.3810585146j),63.80187611242302,0.028473443091474544,(2512685.4780227025+0j),63.96180573298849,3.2152760489845996e-07,(8443.59257355523+0j)
16.171622995006835,62.67430499068977,0.03207304762753493,(-1260564.5352981305+2350048.3810585146j),62.67430499068977,0.03207304762753493,(-1260564.5352981305-2350048.3810585146j),63.96183734298491,0.028473443091474544,(2512685.4780227025+0j),63.96183734298489,3.2152760489845996e-07,(8443.59257355523+0j)
