r (mm),uz_root1 (km/s),cbt_root1 (m),uz0_root1 (m/s),uz_root2 (km/s),cbt_root2 (m),uz0_root2 (m/s),uz_root3 (km/s),cbt_root3 (m),uz0_root3 (m/s),uz_root4 (km/s),cbt_root4 (m),uz0_root4 (m/s)
-23.73050240820114,56.80120086324392,0.0257013115806687,(-1112262.120773224+2112292.55609473j),56.80120086324392,0.0257013115806687,(-1112262.120773224-2112292.55609473j),59.03821588247815,0.022077661881633376,(2212558.057835529+0j),59.03821588247814,6.457658270092051e-07,(11966.183710920754+0j)
-23.71280745236823,56.618112459444895,0.0257013115806687,(-1112262.120773224+2112292.55609473j),56.618112459444895,0.0257013115806687,(-1112262.120773224-2112292.55609473j),58.81529367497504,0.022077661881633376,(2212558.057835529+0j),59.03812596019506,6.457658270092051e-07,(11966.183710920754+0j)
-23.695112496535323,56.43653182313331,0.0257013115806687,(-1112262.120773224+2112292.55609473j),56.43653182313331,0.0257013115806687,(-1112262.120773224-2112292.55609473j),58.59414216563445,0.022077661881633376,(2212558.057835529+0j),59.03803418489021,6.457658270092051e-07,(11966.183710920754+0j)
-23.677417540702415,56.25646525665056,0.0257013115806687,(-1112262.120773224+2112292.55609473j),56.25646525665056,0.0257013115806687,(-1112262.120773224-2112292.55609473j),58.374770004996336,0.022077661881633376,(2212558.057835529+0j),59.03794049868969,6.457658270092051e-07,(11966.183710920754+0j)
-23.65972258486951,56.07791908737435,0.0257013115806687,(-1112262.120773224+2112292.55609473j),56.07791908737435,0.0257013115806687,(-1112262.120773224-2112292.55609473j),58.15718588337535,0.022077661881633376,(2212558.057835529+0j),59.03784484128419,6.457658270092051e-07,(11966.183710920754+0j)
-23.6420276290366,55.900899667828014,0.0257013115806687,(-1112262.120773224+2112292.55609473j),55.900899667828014,0.0257013115806687,(-1112262.120773224-2112292.55609473j),57.94139853106131,0.022077661881633376,(2212558.057835529+0j),59.03774714979953,6.457658270092051e-07,(11966.183710920754+0j)
-23.624332673203693,55.7254133757902,0.0257013115806687,(-1112262.120773224+2112292.55609473j),55.7254133757902,0.0257013115806687,(-1112262.120773224-2112292.55609473j),57.72741671852079,0.022077661881633376,(2212558.057835529+0j),59.03764735865885,6.457658270092051e-07,(11966.183710920754+0j)
-23.606637717370784,55.55146661440521,0.0257013115806687,(-1112262.120773224+2112292.55609473j),55.55146661440521,0.0257013115806687,(-1112262.120773224-2112292.55609473j),57.51524925659982,0.022077661881633376,(2212558.057835529+0j),59.03754539943586,6.457658270092051e-07,(11966.183710920754+0j)
-23.588942761537876,55.37906581229389,0.0257013115806687,(-1112262.120773224+2112292.55609473j),55.37906581229389,0.0257013115806687,(-1112262.120773224-2112292.55609473j),57.304904996727814,0.022077661881633376,(2212558.057835529+0j),59.037441200698275,6.457658270092051e-07,(11966.183710920754+0j)
-23.571247805704967,55.208217423665005,0.0257013115806687,(-1112262.120773224+2112292.55609473j),55.208217423665005,0.0257013115806687,(-1112262.120773224-2112292.55609473j),57.0963928311225,0.022077661881633376,(2212558.057835529+0j),59.03733468784101,6.457658270092051e-07,(11966.183710920754+0j)
-23.55355284987206,55.03892792842714,0.0257013115806687,(-1112262.120773224+2112292.55609473j),55.03892792842714,0.0257013115806687,(-1112262.120773224-2112292.55609473j),56.889721692996176,0.022077661881633376,(2212558.057835529+0j),59.037225782907996,6.457658270092051e-07,(11966.183710920754+0j)
-23.53585789403915,54.87120383230125,0.0257013115806687,(-1112262.120773224+2112292.55609473j),54.87120383230125,0.0257013115806687,(-1112262.120773224-2112292.55609473j),56.68490055676303,0.022077661881633376,(2212558.057835529+0j),59.037114404401905,6.457658270092051e-07,(11966.183710920754+0j)
-23.518162938206242,54.70505166693365,0.0257013115806687,(-1112262.120773224+2112292.55609473j),54.70505166693365,0.0257013115806687,(-1112262.120773224-2112292.55609473j),56.48193843824764,0.022077661881633376,(2212558.057835529+0j),59.037000467080745,6.457658270092051e-07,(11966.183710920754+0j)
-23.500467982373333,54.540477990009656,0.0257013115806687,(-1112262.120773224+2112292.55609473j),54.540477990009656,0.0257013115806687,(-1112262.120773224-2112292.55609473j),56.28084439489472,0.022077661881633376,(2212558.057835529+0j),59.036883881740344,6.457658270092051e-07,(11966.183710920754+0j)
-23.482773026540425,54.37748938536771,0.0257013115806687,(-1112262.120773224+2112292.55609473j),54.37748938536771,0.0257013115806687,(-1112262.120773224-2112292.55609473j),56.08162752598,0.022077661881633376,(2212558.057835529+0j),59.03676455498136,6.457658270092051e-07,(11966.183710920754+0j)
-23.465078070707516,54.21609246311411,0.0257013115806687,(-1112262.120773224+2112292.55609473j),54.21609246311411,0.0257013115806687,(-1112262.120773224-2112292.55609473j),55.884296972822284,0.022077661881633376,(2212558.057835529+0j),59.03664238895977,6.457658270092051e-07,(11966.183710920754+0j)
-23.447383114874608,54.05629385973827,0.0257013115806687,(-1112262.120773224+2112292.55609473j),54.05629385973827,0.0257013115806687,(-1112262.120773224-2112292.55609473j),55.68886191899678,0.022077661881633376,(2212558.057835529+0j),59.03651728111928,6.457658270092051e-07,(11966.183710920754+0j)
-23.4296881590417,53.89810023822858,0.0257013115806687,(-1112262.120773224+2112292.55609473j),53.89810023822858,0.0257013115806687,(-1112262.120773224-2112292.55609473j),55.495331590549625,0.022077661881633376,(2212558.057835529+0j),59.0363891239042,6.457658270092051e-07,(11966.183710920754+0j)
-23.41199320320879,53.74151828818884,0.0257013115806687,(-1112262.120773224+2112292.55609473j),53.74151828818884,0.0257013115806687,(-1112262.120773224-2112292.55609473j),55.30371525621354,0.022077661881633376,(2212558.057835529+0j),59.03625780445102,6.457658270092051e-07,(11966.183710920754+0j)
-23.394298247375886,53.5865547259552,0.0257013115806687,(-1112262.120773224+2112292.55609473j),53.5865547259552,0.0257013115806687,(-1112262.120773224-2112292.55609473j),55.11402222762488,0.022077661881633376,(2212558.057835529+0j),59.03612320425692,6.457658270092051e-07,(11966.183710920754+0j)
-23.376603291542978,53.4332162947138,0.0257013115806687,(-1112262.120773224+2112292.55609473j),53.4332162947138,0.0257013115806687,(-1112262.120773224-2112292.55609473j),54.92626185954174,0.022077661881633376,(2212558.057835529+0j),59.0359851988231,6.457658270092051e-07,(11966.183710920754+0j)
-23.35890833571007,53.28150976461883,0.0257013115806687,(-1112262.120773224+2112292.55609473j),53.28150976461883,0.0257013115806687,(-1112262.120773224-2112292.55609473j),54.74044355006342,0.022077661881633376,(2212558.057835529+0j),59.03584365727069,6.457658270092051e-07,(11966.183710920754+0j)
-23.34121337987716,53.13144193291133,0.0257013115806687,(-1112262.120773224+2112292.55609473j),53.13144193291133,0.0257013115806687,(-1112262.120773224-2112292.55609473j),54.55657674085115,0.022077661881633376,(2212558.057835529+0j),59.03569844192674,6.457658270092051e-07,(11966.183710920754+0j)
-23.323518424044252,52.98301962403847,0.0257013115806687,(-1112262.120773224+2112292.55609473j),52.98301962403847,0.0257013115806687,(-1112262.120773224-2112292.55609473j),54.37467091734997,0.022077661881633376,(2212558.057835529+0j),59.03554940787757,6.457658270092051e-07,(11966.183710920754+0j)
-23.305823468211344,52.83624968977345,0.0257013115806687,(-1112262.120773224+2112292.55609473j),52.83624968977345,0.0257013115806687,(-1112262.120773224-2112292.55609473j),54.19473560901197,0.022077661881633376,(2212558.057835529+0j),59.03539640248641,6.457658270092051e-07,(11966.183710920754+0j)
-23.288128512378435,52.69113900933605,0.0257013115806687,(-1112262.120773224+2112292.55609473j),52.69113900933605,0.0257013115806687,(-1112262.120773224-2112292.55609473j),54.01678038952082,0.022077661881633376,(2212558.057835529+0j),59.03523926487197,6.457658270092051e-07,(11966.183710920754+0j)
-23.27043355654553,52.547694489513624,0.0257013115806687,(-1112262.120773224+2112292.55609473j),52.547694489513624,0.0257013115806687,(-1112262.120773224-2112292.55609473j),53.84081487701744,0.022077661881633376,(2212558.057835529+0j),59.03507782534414,6.457658270092051e-07,(11966.183710920754+0j)
-23.25273860071262,52.40592306478292,0.0257013115806687,(-1112262.120773224+2112292.55609473j),52.40592306478292,0.0257013115806687,(-1112262.120773224-2112292.55609473j),53.66684873432718,0.022077661881633376,(2212558.057835529+0j),59.03491190479275,6.457658270092051e-07,(11966.183710920754+0j)
-23.235043644879713,52.26583169743224,0.0257013115806687,(-1112262.120773224+2112292.55609473j),52.26583169743224,0.0257013115806687,(-1112262.120773224-2112292.55609473j),53.49489166918809,0.022077661881633376,(2212558.057835529+0j),59.03474131402469,6.457658270092051e-07,(11966.183710920754+0j)
-23.217348689046805,52.12742737768445,0.0257013115806687,(-1112262.120773224+2112292.55609473j),52.12742737768445,0.0257013115806687,(-1112262.120773224-2112292.55609473j),53.32495343448065,0.022077661881633376,(2212558.057835529+0j),59.034565853044285,6.457658270092051e-07,(11966.183710920754+0j)
-23.199653733213893,51.99071712382044,0.0257013115806687,(-1112262.120773224+2112292.55609473j),51.99071712382044,0.0257013115806687,(-1112262.120773224-2112292.55609473j),53.1570438284587,0.022077661881633376,(2212558.057835529+0j),59.03438531027107,6.457658270092051e-07,(11966.183710920754+0j)
-23.181958777380984,51.85570798230324,0.0257013115806687,(-1112262.120773224+2112292.55609473j),51.85570798230324,0.0257013115806687,(-1112262.120773224-2112292.55609473j),52.991172694981834,0.022077661881633376,(2212558.057835529+0j),59.03419946168872,6.457658270092051e-07,(11966.183710920754+0j)
-23.164263821548076,51.72240702790279,0.0257013115806687,(-1112262.120773224+2112292.55609473j),51.72240702790279,0.0257013115806687,(-1112262.120773224-2112292.55609473j),52.827349923748976,0.022077661881633376,(2212558.057835529+0j),59.034008069917704,6.457658270092051e-07,(11966.183710920754+0j)
-23.146568865715167,51.59082136382127,0.0257013115806687,(-1112262.120773224+2112292.55609473j),51.59082136382127,0.0257013115806687,(-1112262.120773224-2112292.55609473j),52.66558545053341,0.022077661881633376,(2212558.057835529+0j),59.033810883203785,6.457658270092051e-07,(11966.183710920754+0j)
-23.128873909882262,51.46095812181909,0.0257013115806687,(-1112262.120773224+2112292.55609473j),51.46095812181909,0.0257013115806687,(-1112262.120773224-2112292.55609473j),52.50588925741909,0.022077661881633376,(2212558.057835529+0j),59.03360763431319,6.457658270092051e-07,(11966.183710920754+0j)
-23.111178954049354,51.3328244623415,0.0257013115806687,(-1112262.120773224+2112292.55609473j),51.3328244623415,0.0257013115806687,(-1112262.120773224-2112292.55609473j),52.348271373038386,0.022077661881633376,(2212558.057835529+0j),59.03339803932435,6.457658270092051e-07,(11966.183710920754+0j)
-23.093483998216445,51.206427574645836,0.0257013115806687,(-1112262.120773224+2112292.55609473j),51.206427574645836,0.0257013115806687,(-1112262.120773224-2112292.55609473j),52.19274187281108,0.022077661881633376,(2212558.057835529+0j),59.03318179630454,6.457658270092051e-07,(11966.183710920754+0j)
-23.075789042383537,51.08177467692937,0.0257013115806687,(-1112262.120773224+2112292.55609473j),51.08177467692937,0.0257013115806687,(-1112262.120773224-2112292.55609473j),52.03931087918489,0.022077661881633376,(2212558.057835529+0j),59.032958583858736,6.457658270092051e-07,(11966.183710920754+0j)
-23.05809408655063,50.95887301645784,0.0257013115806687,(-1112262.120773224+2112292.55609473j),50.95887301645784,0.0257013115806687,(-1112262.120773224-2112292.55609473j),51.88798856187725,0.022077661881633376,(2212558.057835529+0j),59.0327280595357,6.457658270092051e-07,(11966.183710920754+0j)
-23.04039913071772,50.83772986969455,0.0257013115806687,(-1112262.120773224+2112292.55609473j),50.83772986969455,0.0257013115806687,(-1112262.120773224-2112292.55609473j),51.73878513811856,0.022077661881633376,(2212558.057835529+0j),59.03248985807497,6.457658270092051e-07,(11966.183710920754+0j)
-23.02270417488481,50.71835254243023,0.0257013115806687,(-1112262.120773224+2112292.55609473j),50.71835254243023,0.0257013115806687,(-1112262.120773224-2112292.55609473j),51.59171087289682,0.022077661881633376,(2212558.057835529+0j),59.0322435894756,6.457658270092051e-07,(11966.183710920754+0j)
-23.005009219051907,50.60074836991345,0.0257013115806687,(-1112262.120773224+2112292.55609473j),50.60074836991345,0.0257013115806687,(-1112262.120773224-2112292.55609473j),51.446776079203616,0.022077661881633376,(2212558.057835529+0j),59.03198883686541,6.457658270092051e-07,(11966.183710920754+0j)
-22.987314263218998,50.48492471698165,0.0257013115806687,(-1112262.120773224+2112292.55609473j),50.48492471698165,0.0257013115806687,(-1112262.120773224-2112292.55609473j),51.303991118281694,0.022077661881633376,(2212558.057835529+0j),59.031725154146116,6.457658270092051e-07,(11966.183710920754+0j)
-22.96961930738609,50.37088897819299,0.0257013115806687,(-1112262.120773224+2112292.55609473j),50.37088897819299,0.0257013115806687,(-1112262.120773224-2112292.55609473j),51.16336639987376,0.022077661881633376,(2212558.057835529+0j),59.03145206338642,6.457658270092051e-07,(11966.183710920754+0j)
-22.95192435155318,50.25864857795868,0.0257013115806687,(-1112262.120773224+2112292.55609473j),50.25864857795868,0.0257013115806687,(-1112262.120773224-2112292.55609473j),51.02491238247287,0.022077661881633376,(2212558.057835529+0j),59.03116905193092,6.457658270092051e-07,(11966.183710920754+0j)
-22.934229395720273,50.148210970676054,0.0257013115806687,(-1112262.120773224+2112292.55609473j),50.148210970676054,0.0257013115806687,(-1112262.120773224-2112292.55609473j),50.888639573574174,0.022077661881633376,(2212558.057835529+0j),59.03087556918827,6.457658270092051e-07,(11966.183710920754+0j)
-22.916534439887364,50.03958364086234,0.0257013115806687,(-1112262.120773224+2112292.55609473j),50.03958364086234,0.0257013115806687,(-1112262.120773224-2112292.55609473j),50.75455852992823,0.022077661881633376,(2212558.057835529+0j),59.03057102305593,6.457658270092051e-07,(11966.183710920754+0j)
-22.898839484054456,49.932774103289,0.0257013115806687,(-1112262.120773224+2112292.55609473j),49.932774103289,0.0257013115806687,(-1112262.120773224-2112292.55609473j),50.62267985779566,0.022077661881633376,(2212558.057835529+0j),59.030254775932924,6.457658270092051e-07,(11966.183710920754+0j)
-22.881144528221547,49.82778990311687,0.0257013115806687,(-1112262.120773224+2112292.55609473j),49.82778990311687,0.0257013115806687,(-1112262.120773224-2112292.55609473j),50.49301421320336,0.022077661881633376,(2212558.057835529+0j),59.02992614026404,6.457658270092051e-07,(11966.183710920754+0j)
-22.863449572388642,49.72463861603187,0.0257013115806687,(-1112262.120773224+2112292.55609473j),49.72463861603187,0.0257013115806687,(-1112262.120773224-2112292.55609473j),50.365572302202196,0.022077661881633376,(2212558.057835529+0j),59.02958437354981,6.457658270092051e-07,(11966.183710920754+0j)
-22.845754616555734,49.623327848381436,0.0257013115806687,(-1112262.120773224+2112292.55609473j),49.623327848381436,0.0257013115806687,(-1112262.120773224-2112292.55609473j),50.2403648811262,0.022077661881633376,(2212558.057835529+0j),59.029228672746264,6.457658270092051e-07,(11966.183710920754+0j)
-22.828059660722822,49.523865237311654,0.0257013115806687,(-1112262.120773224+2112292.55609473j),49.523865237311654,0.0257013115806687,(-1112262.120773224-2112292.55609473j),50.117402756853174,0.022077661881633376,(2212558.057835529+0j),59.02885816796537,6.457658270092051e-07,(11966.183710920754+0j)
-22.810364704889913,49.42625845090508,0.0257013115806687,(-1112262.120773224+2112292.55609473j),49.42625845090508,0.0257013115806687,(-1112262.120773224-2112292.55609473j),49.99669678706702,0.022077661881633376,(2212558.057835529+0j),59.02847191537223,6.457658270092051e-07,(11966.183710920754+0j)
-22.792669749057005,49.33051518831919,0.0257013115806687,(-1112262.120773224+2112292.55609473j),49.33051518831919,0.0257013115806687,(-1112262.120773224-2112292.55609473j),49.87825788052137,0.022077661881633376,(2212558.057835529+0j),59.02806888915702,6.457658270092051e-07,(11966.183710920754+0j)
-22.774974793224096,49.2366431799256,0.0257013115806687,(-1112262.120773224+2112292.55609473j),49.2366431799256,0.0257013115806687,(-1112262.120773224-2112292.55609473j),49.76209699730491,0.022077661881633376,(2212558.057835529+0j),59.02764797243762,6.457658270092051e-07,(11966.183710920754+0j)
-22.757279837391188,49.14465018745,0.0257013115806687,(-1112262.120773224+2112292.55609473j),49.14465018745,0.0257013115806687,(-1112262.120773224-2112292.55609473j),49.64822514910815,0.022077661881633376,(2212558.057835529+0j),59.027207946923454,6.457658270092051e-07,(11966.183710920754+0j)
-22.739584881558283,49.05454400411267,0.0257013115806687,(-1112262.120773224+2112292.55609473j),49.05454400411267,0.0257013115806687,(-1112262.120773224-2112292.55609473j),49.536653399491854,0.022077661881633376,(2212558.057835529+0j),59.026747481138756,6.457658270092051e-07,(11966.183710920754+0j)
-22.721889925725375,48.966332454769876,0.0257013115806687,(-1112262.120773224+2112292.55609473j),48.966332454769876,0.0257013115806687,(-1112262.120773224-2112292.55609473j),49.42739286415694,0.022077661881633376,(2212558.057835529+0j),59.026265116965746,6.457658270092051e-07,(11966.183710920754+0j)
-22.704194969892466,48.880023396055826,0.0257013115806687,(-1112262.120773224+2112292.55609473j),48.880023396055826,0.0257013115806687,(-1112262.120773224-2112292.55609473j),49.320454711216016,0.022077661881633376,(2212558.057835529+0j),59.02575925422105,6.457658270092051e-07,(11966.183710920754+0j)
-22.686500014059558,48.795624716525424,0.0257013115806687,(-1112262.120773224+2112292.55609473j),48.795624716525424,0.0257013115806687,(-1112262.120773224-2112292.55609473j),49.21585016146647,0.022077661881633376,(2212558.057835529+0j),59.025228132921804,6.457658270092051e-07,(11966.183710920754+0j)
-22.66880505822665,48.71314433679773,0.0257013115806687,(-1112262.120773224+2112292.55609473j),48.71314433679773,0.0257013115806687,(-1112262.120773224-2112292.55609473j),49.11359048866518,0.022077661881633376,(2212558.057835529+0j),59.02466981282729,6.457658270092051e-07,(11966.183710920754+0j)
-22.65111010239374,48.632590209700155,0.0257013115806687,(-1112262.120773224+2112292.55609473j),48.632590209700155,0.0257013115806687,(-1112262.120773224-2112292.55609473j),49.013687019804856,0.022077661881633376,(2212558.057835529+0j),59.024082149754946,6.457658270092051e-07,(11966.183710920754+0j)
-22.633415146560832,48.55397032041333,0.0257013115806687,(-1112262.120773224+2112292.55609473j),48.55397032041333,0.0257013115806687,(-1112262.120773224-2112292.55609473j),48.91615113539192,0.022077661881633376,(2212558.057835529+0j),59.0234627680614,6.457658270092051e-07,(11966.183710920754+0j)
-22.615720190727924,48.47729268661678,0.0257013115806687,(-1112262.120773224+2112292.55609473j),48.47729268661678,0.0257013115806687,(-1112262.120773224-2112292.55609473j),48.820994269726114,0.022077661881633376,(2212558.057835529+0j),59.022809028543975,6.457658270092051e-07,(11966.183710920754+0j)
-22.59802523489502,48.4025653586353,0.0257013115806687,(-1112262.120773224+2112292.55609473j),48.4025653586353,0.0257013115806687,(-1112262.120773224-2112292.55609473j),48.72822791118168,0.022077661881633376,(2212558.057835529+0j),59.02211799084827,6.457658270092051e-07,(11966.183710920754+0j)
-22.58033027906211,48.32979641958606,0.0257013115806687,(-1112262.120773224+2112292.55609473j),48.32979641958606,0.0257013115806687,(-1112262.120773224-2112292.55609473j),48.637863602490214,0.022077661881633376,(2212558.057835529+0j),59.02138636925235,6.457658270092051e-07,(11966.183710920754+0j)
-22.562635323229202,48.25899398552647,0.0257013115806687,(-1112262.120773224+2112292.55609473j),48.25899398552647,0.0257013115806687,(-1112262.120773224-2112292.55609473j),48.549912941025205,0.022077661881633376,(2212558.057835529+0j),59.02061048042506,6.457658270092051e-07,(11966.183710920754+0j)
-22.544940367396293,48.190166205602814,0.0257013115806687,(-1112262.120773224+2112292.55609473j),48.190166205602814,0.0257013115806687,(-1112262.120773224-2112292.55609473j),48.464387579088196,0.022077661881633376,(2212558.057835529+0j),59.01978618140591,6.457658270092051e-07,(11966.183710920754+0j)
-22.527245411563385,48.12332126219957,0.0257013115806687,(-1112262.120773224+2112292.55609473j),48.12332126219957,0.0257013115806687,(-1112262.120773224-2112292.55609473j),48.381299224196674,0.022077661881633376,(2212558.057835529+0j),59.01890879560199,6.457658270092051e-07,(11966.183710920754+0j)
-22.509550455730476,48.058467371089584,0.0257013115806687,(-1112262.120773224+2112292.55609473j),48.058467371089584,0.0257013115806687,(-1112262.120773224-2112292.55609473j),48.300659639373634,0.022077661881633376,(2212558.057835529+0j),59.017973024011475,6.457658270092051e-07,(11966.183710920754+0j)
-22.491855499897564,47.99561278158494,0.0257013115806687,(-1112262.120773224+2112292.55609473j),47.99561278158494,0.0257013115806687,(-1112262.120773224-2112292.55609473j),48.22248064343887,0.022077661881633376,(2212558.057835529+0j),59.01697283811418,6.457658270092051e-07,(11966.183710920754+0j)
-22.47416054406466,47.9347657766886,0.0257013115806687,(-1112262.120773224+2112292.55609473j),47.9347657766886,0.0257013115806687,(-1112262.120773224-2112292.55609473j),48.14677411130196,0.022077661881633376,(2212558.057835529+0j),59.0159013498549,6.457658270092051e-07,(11966.183710920754+0j)
-22.45646558823175,47.87593467324683,0.0257013115806687,(-1112262.120773224+2112292.55609473j),47.87593467324683,0.0257013115806687,(-1112262.120773224-2112292.55609473j),48.073551974256965,0.022077661881633376,(2212558.057835529+0j),59.01475065279272,6.457658270092051e-07,(11966.183710920754+0j)
-22.438770632398843,47.819127822102416,0.0257013115806687,(-1112262.120773224+2112292.55609473j),47.819127822102416,0.0257013115806687,(-1112262.120773224-2112292.55609473j),48.00282622027893,0.022077661881633376,(2212558.057835529+0j),59.01351162666959,6.457658270092051e-07,(11966.183710920754+0j)
-22.421075676565934,47.76435360824864,0.0257013115806687,(-1112262.120773224+2112292.55609473j),47.76435360824864,0.0257013115806687,(-1112262.120773224-2112292.55609473j),47.934608894322096,0.022077661881633376,(2212558.057835529+0j),59.01217369517806,6.457658270092051e-07,(11966.183710920754+0j)
-22.403380720733026,47.711620450984,0.0257013115806687,(-1112262.120773224+2112292.55609473j),47.711620450984,0.0257013115806687,(-1112262.120773224-2112292.55609473j),47.868912098619845,0.022077661881633376,(2212558.057835529+0j),59.010724523308895,6.457658270092051e-07,(11966.183710920754+0j)
-22.385685764900117,47.66093680406783,0.0257013115806687,(-1112262.120773224+2112292.55609473j),47.66093680406783,0.0257013115806687,(-1112262.120773224-2112292.55609473j),47.8057479929865,0.022077661881633376,(2212558.057835529+0j),59.00914963593371,6.457658270092051e-07,(11966.183710920754+0j)
-22.36799080906721,47.61231115587659,0.0257013115806687,(-1112262.120773224+2112292.55609473j),47.61231115587659,0.0257013115806687,(-1112262.120773224-2112292.55609473j),47.74512879512083,0.022077661881633376,(2212558.057835529+0j),59.00743193262334,6.457658270092051e-07,(11966.183710920754+0j)
-22.3502958532343,47.56575202956103,0.0257013115806687,(-1112262.120773224+2112292.55609473j),47.56575202956103,0.0257013115806687,(-1112262.120773224-2112292.55609473j),47.687066780911415,0.022077661881633376,(2212558.057835529+0j),59.0055510642039,6.457658270092051e-07,(11966.183710920754+0j)
-22.332600897401395,47.52126798320412,0.0257013115806687,(-1112262.120773224+2112292.55609473j),47.52126798320412,0.0257013115806687,(-1112262.120773224-2112292.55609473j),47.63157428474379,0.022077661881633376,(2212558.057835529+0j),59.003482622791196,6.457658270092051e-07,(11966.183710920754+0j)
-22.314905941568487,47.478867609979815,0.0257013115806687,(-1112262.120773224+2112292.55609473j),47.478867609979815,0.0257013115806687,(-1112262.120773224-2112292.55609473j),47.57866369980943,0.022077661881633376,(2212558.057835529+0j),59.00119707678275,6.457658270092051e-07,(11966.183710920754+0j)
-22.29721098573558,47.43855953831262,0.0257013115806687,(-1112262.120773224+2112292.55609473j),47.43855953831262,0.0257013115806687,(-1112262.120773224-2112292.55609473j),47.52834747841652,0.022077661881633376,(2212558.057835529+0j),58.99865835192571,6.457658270092051e-07,(11966.183710920754+0j)
-22.27951602990267,47.40035243203794,0.0257013115806687,(-1112262.120773224+2112292.55609473j),47.40035243203794,0.0257013115806687,(-1112262.120773224-2112292.55609473j),47.48063813230267,0.022077661881633376,(2212558.057835529+0j),58.995821913196146,6.457658270092051e-07,(11966.183710920754+0j)
-22.26182107406976,47.3642549905633,0.0257013115806687,(-1112262.120773224+2112292.55609473j),47.3642549905633,0.0257013115806687,(-1112262.120773224-2112292.55609473j),47.4355482329494,0.022077661881633376,(2212558.057835529+0j),58.992632129841205,6.457658270092051e-07,(11966.183710920754+0j)
-22.244126118236853,47.33027594903039,0.0257013115806687,(-1112262.120773224+2112292.55609473j),47.33027594903039,0.0257013115806687,(-1112262.120773224-2112292.55609473j),47.393090411898534,0.022077661881633376,(2212558.057835529+0j),58.98901859027976,6.457658270092051e-07,(11966.183710920754+0j)
-22.226431162403944,47.29842407847784,0.0257013115806687,(-1112262.120773224+2112292.55609473j),47.29842407847784,0.0257013115806687,(-1112262.120773224-2112292.55609473j),47.35327736107046,0.022077661881633376,(2212558.057835529+0j),58.98489084384172,6.457658270092051e-07,(11966.183710920754+0j)
-22.20873620657104,47.268708186005,0.0257013115806687,(-1112262.120773224+2112292.55609473j),47.268708186005,0.0257013115806687,(-1112262.120773224-2112292.55609473j),47.316121833084324,0.022077661881633376,(2212558.057835529+0j),58.980130725821844,6.457658270092051e-07,(11966.183710920754+0j)
-22.19104125073813,47.24113711493642,0.0257013115806687,(-1112262.120773224+2112292.55609473j),47.24113711493642,0.0257013115806687,(-1112262.120773224-2112292.55609473j),47.28163664158011,0.022077661881633376,(2212558.057835529+0j),58.974580862537145,6.457658270092051e-07,(11966.183710920754+0j)
-22.173346294905222,47.21571974498721,0.0257013115806687,(-1112262.120773224+2112292.55609473j),47.21571974498721,0.0257013115806687,(-1112262.120773224-2112292.55609473j),47.249834661542614,0.022077661881633376,(2212558.057835529+0j),58.96802693756032,6.457658270092051e-07,(11966.183710920754+0j)
-22.155651339072314,47.192464992429315,0.0257013115806687,(-1112262.120773224+2112292.55609473j),47.192464992429315,0.0257013115806687,(-1112262.120773224-2112292.55609473j),47.220728829627404,0.022077661881633376,(2212558.057835529+0j),58.96016937581703,6.457658270092051e-07,(11966.183710920754+0j)
-22.137956383239402,47.171381810258524,0.0257013115806687,(-1112262.120773224+2112292.55609473j),47.171381810258524,0.0257013115806687,(-1112262.120773224-2112292.55609473j),47.19433214448872,0.022077661881633376,(2212558.057835529+0j),58.95057626495717,6.457658270092051e-07,(11966.183710920754+0j)
-22.120261427406493,47.15247918836244,0.0257013115806687,(-1112262.120773224+2112292.55609473j),47.15247918836244,0.0257013115806687,(-1112262.120773224-2112292.55609473j),47.170657667109275,0.022077661881633376,(2212558.057835529+0j),58.93860120868373,6.457658270092051e-07,(11966.183710920754+0j)
-22.102566471573585,47.13576615368931,0.0257013115806687,(-1112262.120773224+2112292.55609473j),47.13576615368931,0.0257013115806687,(-1112262.120773224-2112292.55609473j),47.149718521132144,0.022077661881633376,(2212558.057835529+0j),58.92323131743952,6.457658270092051e-07,(11966.183710920754+0j)
-22.08487151574068,47.12125177041763,0.0257013115806687,(-1112262.120773224+2112292.55609473j),47.12125177041763,0.0257013115806687,(-1112262.120773224-2112292.55609473j),47.1315278931945,0.022077661881633376,(2212558.057835529+0j),58.90278457097496,6.457658270092051e-07,(11966.183710920754+0j)
-22.06717655990777,47.1089451401267,0.0257013115806687,(-1112262.120773224+2112292.55609473j),47.1089451401267,0.0257013115806687,(-1112262.120773224-2112292.55609473j),47.11609903326348,0.022077661881633376,(2212558.057835529+0j),58.874247971402994,6.457658270092051e-07,(11966.183710920754+0j)
-22.049481604074863,47.098855401968095,0.0257013115806687,(-1112262.120773224+2112292.55609473j),47.098855401968095,0.0257013115806687,(-1112262.120773224-2112292.55609473j),47.103445254973984,0.022077661881633376,(2212558.057835529+0j),58.831636418180985,6.457658270092051e-07,(11966.183710920754+0j)
-22.031786648241955,47.090991732837914,0.0257013115806687,(-1112262.120773224+2112292.55609473j),47.090991732837914,0.0257013115806687,(-1112262.120773224-2112292.55609473j),47.09357993596856,0.022077661881633376,(2212558.057835529+0j),58.76112862616308,6.457658270092051e-07,(11966.183710920754+0j)
-22.014091692409046,47.08536334754999,0.0257013115806687,(-1112262.120773224+2112292.55609473j),47.08536334754999,0.0257013115806687,(-1112262.120773224-2112292.55609473j),47.086516518239236,0.022077661881633376,(2212558.057835529+0j),58.62200359203404,6.457658270092051e-07,(11966.183710920754+0j)
-21.996396736576138,47.08197949901002,0.0257013115806687,(-1112262.120773224+2112292.55609473j),47.08197949901002,0.0257013115806687,(-1112262.120773224-2112292.55609473j),47.082268508471536,0.022077661881633376,(2212558.057835529+0j),58.219223364432544,6.457658270092051e-07,(11966.183710920754+0j)
-21.97870178074323,47.08084947839046,0.0257013115806687,(-1112262.120773224+2112292.55609473j),47.08084947839046,0.0257013115806687,(-1112262.120773224-2112292.55609473j),47.08084947839046,0.022077661881633376,(2212558.057835529+0j),47.08084947839046,6.457658270092051e-07,(11966.183710920754+0j)
-21.97870178074323,47.29926956583642,0.06533872843823724,(-1852126.4944950133+3325293.653341565j),47.29926956583642,0.06533872843823724,(-1852126.4944950133-3325293.653341565j),47.08084947839046,0.06178812384802592,(3701439.376332328+0j),47.08084947839046,3.5701983513203845e-08,(2813.6126576995593+0j)
-21.96100682491032,47.35008869842385,0.06533872843823724,(-1852126.4944950133+3325293.653341565j),47.35008869842385,0.06533872843823724,(-1852126.4944950133-3325293.653341565j),47.135864577283755,0.06178812384802592,(3701439.376332328+0j),47.08085064856113,3.5701983513203845e-08,(2813.6126576995593+0j)
-21.943311869077416,47.40043172866086,0.06533872843823724,(-1852126.4944950133+3325293.653341565j),47.40043172866086,0.06533872843823724,(-1852126.4944950133-3325293.653341565j),47.19036667466061,0.06178812384802592,(3701439.376332328+0j),47.08085184285827,3.5701983513203845e-08,(2813.6126576995593+0j)
-21.925616913244507,47.45029788118234,0.06533872843823724,(-1852126.4944950133+3325293.653341565j),47.45029788118234,0.06533872843823724,(-1852126.4944950133-3325293.653341565j),47.24435488686069,0.06178812384802592,(3701439.376332328+0j),47.08085306203583,3.5701983513203845e-08,(2813.6126576995593+0j)
-21.9079219574116,47.499686379383455,0.06533872843823724,(-1852126.4944950133+3325293.653341565j),47.499686379383455,0.06533872843823724,(-1852126.4944950133-3325293.653341565j),47.29782832873096,0.06178812384802592,(3701439.376332328+0j),47.08085430687946,3.5701983513203845e-08,(2813.6126576995593+0j)
-21.89022700157869,47.54859644541757,0.06533872843823724,(-1852126.4944950133+3325293.653341565j),47.54859644541757,0.06533872843823724,(-1852126.4944950133-3325293.653341565j),47.350786113622945,0.06178812384802592,(3701439.376332328+0j),47.08085557820828,3.5701983513203845e-08,(2813.6126576995593+0j)
-21.872532045745782,47.597027300193936,0.06533872843823724,(-1852126.4944950133+3325293.653341565j),47.597027300193936,0.06533872843823724,(-1852126.4944950133-3325293.653341565j),47.40322735338991,0.06178812384802592,(3701439.376332328+0j),47.0808568768766,3.5701983513203845e-08,(2813.6126576995593+0j)
-21.854837089912873,47.644978163375534,0.06533872843823724,(-1852126.4944950133+3325293.653341565j),47.644978163375534,0.06533872843823724,(-1852126.4944950133-3325293.653341565j),47.45515115838404,0.06178812384802592,(3701439.376332328+0j),47.080858203775925,3.5701983513203845e-08,(2813.6126576995593+0j)
-21.837142134079965,47.692448253376874,0.06533872843823724,(-1852126.4944950133+3325293.653341565j),47.692448253376874,0.06533872843823724,(-1852126.4944950133-3325293.653341565j),47.506556637453684,0.06178812384802592,(3701439.376332328+0j),47.0808595598369,3.5701983513203845e-08,(2813.6126576995593+0j)
-21.819447178247056,47.73943678736179,0.06533872843823724,(-1852126.4944950133+3325293.653341565j),47.73943678736179,0.06533872843823724,(-1852126.4944950133-3325293.653341565j),47.55744289794051,0.06178812384802592,(3701439.376332328+0j),47.08086094603154,3.5701983513203845e-08,(2813.6126576995593+0j)
-21.80175222241415,47.78594298124118,0.06533872843823724,(-1852126.4944950133+3325293.653341565j),47.78594298124118,0.06533872843823724,(-1852126.4944950133-3325293.653341565j),47.60780904567669,0.06178812384802592,(3701439.376332328+0j),47.08086236337558,3.5701983513203845e-08,(2813.6126576995593+0j)
-21.78405726658124,47.83196604967085,0.06533872843823724,(-1852126.4944950133+3325293.653341565j),47.83196604967085,0.06533872843823724,(-1852126.4944950133-3325293.653341565j),47.657654184982064,0.06178812384802592,(3701439.376332328+0j),47.08086381293086,3.5701983513203845e-08,(2813.6126576995593+0j)
-21.76636231074833,47.87750520604924,0.06533872843823724,(-1852126.4944950133+3325293.653341565j),47.87750520604924,0.06533872843823724,(-1852126.4944950133-3325293.653341565j),47.70697741866134,0.06178812384802592,(3701439.376332328+0j),47.0808652958081,3.5701983513203845e-08,(2813.6126576995593+0j)
-21.748667354915423,47.92255966251524,0.06533872843823724,(-1852126.4944950133+3325293.653341565j),47.92255966251524,0.06533872843823724,(-1852126.4944950133-3325293.653341565j),47.75577784800124,0.06178812384802592,(3701439.376332328+0j),47.08086681316964,3.5701983513203845e-08,(2813.6126576995593+0j)
-21.730972399082514,47.967128629945904,0.06533872843823724,(-1852126.4944950133+3325293.653341565j),47.967128629945904,0.06533872843823724,(-1852126.4944950133-3325293.653341565j),47.80405457276765,0.06178812384802592,(3701439.376332328+0j),47.08086836623254,3.5701983513203845e-08,(2813.6126576995593+0j)
-21.713277443249606,48.01121131795426,0.06533872843823724,(-1852126.4944950133+3325293.653341565j),48.01121131795426,0.06533872843823724,(-1852126.4944950133-3325293.653341565j),47.85180669120281,0.06178812384802592,(3701439.376332328+0j),47.08086995627178,3.5701983513203845e-08,(2813.6126576995593+0j)
-21.695582487416697,48.054806934887054,0.06533872843823724,(-1852126.4944950133+3325293.653341565j),48.054806934887054,0.06533872843823724,(-1852126.4944950133-3325293.653341565j),47.89903330002238,0.06178812384802592,(3701439.376332328+0j),47.080871584623836,3.5701983513203845e-08,(2813.6126576995593+0j)
-21.677887531583792,48.0979146878225,0.06533872843823724,(-1852126.4944950133+3325293.653341565j),48.0979146878225,0.06533872843823724,(-1852126.4944950133-3325293.653341565j),47.94573349441269,0.06178812384802592,(3701439.376332328+0j),47.080873252690324,3.5701983513203845e-08,(2813.6126576995593+0j)
-21.660192575750884,48.14053378256803,0.06533872843823724,(-1852126.4944950133+3325293.653341565j),48.14053378256803,0.06533872843823724,(-1852126.4944950133-3325293.653341565j),47.991906368027784,0.06178812384802592,(3701439.376332328+0j),47.0808749619421,3.5701983513203845e-08,(2813.6126576995593+0j)
-21.642497619917975,48.18266342365802,0.06533872843823724,(-1852126.4944950133+3325293.653341565j),48.18266342365802,0.06533872843823724,(-1852126.4944950133-3325293.653341565j),48.03755101298658,0.06178812384802592,(3701439.376332328+0j),47.08087671392356,3.5701983513203845e-08,(2813.6126576995593+0j)
-21.624802664085067,48.224302814351596,0.06533872843823724,(-1852126.4944950133+3325293.653341565j),48.224302814351596,0.06533872843823724,(-1852126.4944950133-3325293.653341565j),48.08266651987,0.06178812384802592,(3701439.376332328+0j),47.08087851025727,3.5701983513203845e-08,(2813.6126576995593+0j)
-21.60710770825216,48.2654511566303,0.06533872843823724,(-1852126.4944950133+3325293.653341565j),48.2654511566303,0.06533872843823724,(-1852126.4944950133-3325293.653341565j),48.12725197771808,0.06178812384802592,(3701439.376332328+0j),47.08088035264905,3.5701983513203845e-08,(2813.6126576995593+0j)
-21.58941275241925,48.30610765119584,0.06533872843823724,(-1852126.4944950133+3325293.653341565j),48.30610765119584,0.06533872843823724,(-1852126.4944950133-3325293.653341565j),48.17130647402706,0.06178812384802592,(3701439.376332328+0j),47.08088224289326,3.5701983513203845e-08,(2813.6126576995593+0j)
-21.57171779658634,48.34627149746784,0.06533872843823724,(-1852126.4944950133+3325293.653341565j),48.34627149746784,0.06533872843823724,(-1852126.4944950133-3325293.653341565j),48.214829094746534,0.06178812384802592,(3701439.376332328+0j),47.08088418287877,3.5701983513203845e-08,(2813.6126576995593+0j)
-21.554022840753436,48.385941893581546,0.06533872843823724,(-1852126.4944950133+3325293.653341565j),48.385941893581546,0.06533872843823724,(-1852126.4944950133-3325293.653341565j),48.257818924276506,0.06178812384802592,(3701439.376332328+0j),47.08088617459514,3.5701983513203845e-08,(2813.6126576995593+0j)
-21.536327884920528,48.425118036385555,0.06533872843823724,(-1852126.4944950133+3325293.653341565j),48.425118036385555,0.06533872843823724,(-1852126.4944950133-3325293.653341565j),48.30027504546449,0.06178812384802592,(3701439.376332328+0j),47.08088822013948,3.5701983513203845e-08,(2813.6126576995593+0j)
-21.51863292908762,48.46379912143949,0.06533872843823724,(-1852126.4944950133+3325293.653341565j),48.46379912143949,0.06533872843823724,(-1852126.4944950133-3325293.653341565j),48.34219653960258,0.06178812384802592,(3701439.376332328+0j),47.08089032172381,3.5701983513203845e-08,(2813.6126576995593+0j)
-21.50093797325471,48.50198434301178,0.06533872843823724,(-1852126.4944950133+3325293.653341565j),48.50198434301178,0.06533872843823724,(-1852126.4944950133-3325293.653341565j),48.38358248642461,0.06178812384802592,(3701439.376332328+0j),47.080892481683016,3.5701983513203845e-08,(2813.6126576995593+0j)
-21.483243017421803,48.53967289407728,0.06533872843823724,(-1852126.4944950133+3325293.653341565j),48.53967289407728,0.06533872843823724,(-1852126.4944950133-3325293.653341565j),48.424431964103114,0.06178812384802592,(3701439.376332328+0j),47.080894702483555,3.5701983513203845e-08,(2813.6126576995593+0j)
-21.465548061588894,48.57686396631505,0.06533872843823724,(-1852126.4944950133+3325293.653341565j),48.57686396631505,0.06533872843823724,(-1852126.4944950133-3325293.653341565j),48.464744049246455,0.06178812384802592,(3701439.376332328+0j),47.0808969867328,3.5701983513203845e-08,(2813.6126576995593+0j)
-21.447853105755982,48.61355675010601,0.06533872843823724,(-1852126.4944950133+3325293.653341565j),48.61355675010601,0.06533872843823724,(-1852126.4944950133-3325293.653341565j),48.504517816895884,0.06178812384802592,(3701439.376332328+0j),47.080899337189265,3.5701983513203845e-08,(2813.6126576995593+0j)
-21.430158149923074,48.64975043453061,0.06533872843823724,(-1852126.4944950133+3325293.653341565j),48.64975043453061,0.06533872843823724,(-1852126.4944950133-3325293.653341565j),48.54375234052258,0.06178812384802592,(3701439.376332328+0j),47.08090175677373,3.5701983513203845e-08,(2813.6126576995593+0j)
-21.41246319409017,48.68544420736657,0.06533872843823724,(-1852126.4944950133+3325293.653341565j),48.68544420736657,0.06533872843823724,(-1852126.4944950133-3325293.653341565j),48.582446692024725,0.06178812384802592,(3701439.376332328+0j),47.08090424858132,3.5701983513203845e-08,(2813.6126576995593+0j)
-21.39476823825726,48.720637255086515,0.06533872843823724,(-1852126.4944950133+3325293.653341565j),48.720637255086515,0.06533872843823724,(-1852126.4944950133-3325293.653341565j),48.620599941724485,0.06178812384802592,(3701439.376332328+0j),47.08090681589478,3.5701983513203845e-08,(2813.6126576995593+0j)
-21.37707328242435,48.755328762855676,0.06533872843823724,(-1852126.4944950133+3325293.653341565j),48.755328762855676,0.06533872843823724,(-1852126.4944950133-3325293.653341565j),48.65821115836513,0.06178812384802592,(3701439.376332328+0j),47.08090946219881,3.5701983513203845e-08,(2813.6126576995593+0j)
-21.359378326591443,48.78951791452957,0.06533872843823724,(-1852126.4944950133+3325293.653341565j),48.78951791452957,0.06533872843823724,(-1852126.4944950133-3325293.653341565j),48.69527940910798,0.06178812384802592,(3701439.376332328+0j),47.08091219119594,3.5701983513203845e-08,(2813.6126576995593+0j)
-21.341683370758535,48.823203892651634,0.06533872843823724,(-1852126.4944950133+3325293.653341565j),48.823203892651634,0.06533872843823724,(-1852126.4944950133-3325293.653341565j),48.73180375952952,0.06178812384802592,(3701439.376332328+0j),47.08091500682374,3.5701983513203845e-08,(2813.6126576995593+0j)
-21.323988414925626,48.85638587845091,0.06533872843823724,(-1852126.4944950133+3325293.653341565j),48.85638587845091,0.06533872843823724,(-1852126.4944950133-3325293.653341565j),48.7677832736183,0.06178812384802592,(3701439.376332328+0j),47.08091791327381,3.5701983513203845e-08,(2813.6126576995593+0j)
-21.306293459092718,48.8890630518397,0.06533872843823724,(-1852126.4944950133+3325293.653341565j),48.8890630518397,0.06533872843823724,(-1852126.4944950133-3325293.653341565j),48.80321701377207,0.06178812384802592,(3701439.376332328+0j),47.08092091501259,3.5701983513203845e-08,(2813.6126576995593+0j)
-21.288598503259813,48.921234591411235,0.06533872843823724,(-1852126.4944950133+3325293.653341565j),48.921234591411235,0.06533872843823724,(-1852126.4944950133-3325293.653341565j),48.838104040794676,0.06178812384802592,(3701439.376332328+0j),47.08092401680428,3.5701983513203845e-08,(2813.6126576995593+0j)
-21.270903547426904,48.952899674437305,0.06533872843823724,(-1852126.4944950133+3325293.653341565j),48.952899674437305,0.06533872843823724,(-1852126.4944950133-3325293.653341565j),48.87244341389316,0.06178812384802592,(3701439.376332328+0j),47.08092722373607,3.5701983513203845e-08,(2813.6126576995593+0j)
-21.253208591593996,48.984057476865885,0.06533872843823724,(-1852126.4944950133+3325293.653341565j),48.984057476865885,0.06533872843823724,(-1852126.4944950133-3325293.653341565j),48.906234190674645,0.06178812384802592,(3701439.376332328+0j),47.080930541245934,3.5701983513203845e-08,(2813.6126576995593+0j)
-21.235513635761087,49.014707173318826,0.06533872843823724,(-1852126.4944950133+3325293.653341565j),49.014707173318826,0.06533872843823724,(-1852126.4944950133-3325293.653341565j),48.939475427143414,0.06178812384802592,(3701439.376332328+0j),47.08093397515348,3.5701983513203845e-08,(2813.6126576995593+0j)
-21.21781867992818,49.044847937089436,0.06533872843823724,(-1852126.4944950133+3325293.653341565j),49.044847937089436,0.06533872843823724,(-1852126.4944950133-3325293.653341565j),48.97216617769782,0.06178812384802592,(3701439.376332328+0j),47.08093753169395,3.5701983513203845e-08,(2813.6126576995593+0j)
-21.20012372409527,49.07447894014015,0.06533872843823724,(-1852126.4944950133+3325293.653341565j),49.07447894014015,0.06533872843823724,(-1852126.4944950133-3325293.653341565j),49.00430549512731,0.06178812384802592,(3701439.376332328+0j),47.08094121755605,3.5701983513203845e-08,(2813.6126576995593+0j)
-21.182428768262362,49.10359935310014,0.06533872843823724,(-1852126.4944950133+3325293.653341565j),49.10359935310014,0.06533872843823724,(-1852126.4944950133-3325293.653341565j),49.03589243060936,0.06178812384802592,(3701439.376332328+0j),47.080945039923904,3.5701983513203845e-08,(2813.6126576995593+0j)
-21.164733812429454,49.13220834526291,0.06533872843823724,(-1852126.4944950133+3325293.653341565j),49.13220834526291,0.06533872843823724,(-1852126.4944950133-3325293.653341565j),49.06692603370643,0.06178812384802592,(3701439.376332328+0j),47.08094900652383,3.5701983513203845e-08,(2813.6126576995593+0j)
-21.14703885659655,49.16030508458397,0.06533872843823724,(-1852126.4944950133+3325293.653341565j),49.16030508458397,0.06533872843823724,(-1852126.4944950133-3325293.653341565j),49.09740535236295,0.06178812384802592,(3701439.376332328+0j),47.0809531256764,3.5701983513203845e-08,(2813.6126576995593+0j)
-21.12934390076364,49.18788873767839,0.06533872843823724,(-1852126.4944950133+3325293.653341565j),49.18788873767839,0.06533872843823724,(-1852126.4944950133-3325293.653341565j),49.127329432902236,0.06178812384802592,(3701439.376332328+0j),47.080957406354784,3.5701983513203845e-08,(2813.6126576995593+0j)
-21.11164894493073,49.214958469818434,0.06533872843823724,(-1852126.4944950133+3325293.653341565j),49.214958469818434,0.06533872843823724,(-1852126.4944950133-3325293.653341565j),49.15669732002344,0.06178812384802592,(3701439.376332328+0j),47.08096185824995,3.5701983513203845e-08,(2813.6126576995593+0j)
-21.093953989097823,49.241513444931165,0.06533872843823724,(-1852126.4944950133+3325293.653341565j),49.241513444931165,0.06533872843823724,(-1852126.4944950133-3325293.653341565j),49.1855080567985,0.06178812384802592,(3701439.376332328+0j),47.08096649184388,3.5701983513203845e-08,(2813.6126576995593+0j)
-21.07625903326491,49.26755282559602,0.06533872843823724,(-1852126.4944950133+3325293.653341565j),49.26755282559602,0.06533872843823724,(-1852126.4944950133-3325293.653341565j),49.213760684669026,0.06178812384802592,(3701439.376332328+0j),47.08097131849206,3.5701983513203845e-08,(2813.6126576995593+0j)
-21.058564077432003,49.29307577304243,0.06533872843823724,(-1852126.4944950133+3325293.653341565j),49.29307577304243,0.06533872843823724,(-1852126.4944950133-3325293.653341565j),49.24145424344326,0.06178812384802592,(3701439.376332328+0j),47.08097635051631,3.5701983513203845e-08,(2813.6126576995593+0j)
-21.040869121599094,49.318081447147364,0.06533872843823724,(-1852126.4944950133+3325293.653341565j),49.318081447147364,0.06533872843823724,(-1852126.4944950133-3325293.653341565j),49.26858777129298,0.06178812384802592,(3701439.376332328+0j),47.080981601309816,3.5701983513203845e-08,(2813.6126576995593+0j)
-21.02317416576619,49.34256900643296,0.06533872843823724,(-1852126.4944950133+3325293.653341565j),49.34256900643296,0.06533872843823724,(-1852126.4944950133-3325293.653341565j),49.29516030475041,0.06178812384802592,(3701439.376332328+0j),47.08098708545623,3.5701983513203845e-08,(2813.6126576995593+0j)
-21.00547920993328,49.36653760806408,0.06533872843823724,(-1852126.4944950133+3325293.653341565j),49.36653760806408,0.06533872843823724,(-1852126.4944950133-3325293.653341565j),49.32117087870509,0.06178812384802592,(3701439.376332328+0j),47.080992818864885,3.5701983513203845e-08,(2813.6126576995593+0j)
-20.987784254100372,49.38998640784586,0.06533872843823724,(-1852126.4944950133+3325293.653341565j),49.38998640784586,0.06533872843823724,(-1852126.4944950133-3325293.653341565j),49.346618526400825,0.06178812384802592,(3701439.376332328+0j),47.08099881892494,3.5701983513203845e-08,(2813.6126576995593+0j)
-20.970089298267464,49.412914560221324,0.06533872843823724,(-1852126.4944950133+3325293.653341565j),49.412914560221324,0.06533872843823724,(-1852126.4944950133-3325293.653341565j),49.37150227943252,0.06178812384802592,(3701439.376332328+0j),47.08100510468156,3.5701983513203845e-08,(2813.6126576995593+0j)
-20.952394342434555,49.43532121826892,0.06533872843823724,(-1852126.4944950133+3325293.653341565j),49.43532121826892,0.06533872843823724,(-1852126.4944950133-3325293.653341565j),49.3958211677431,0.06178812384802592,(3701439.376332328+0j),47.081011697037816,3.5701983513203845e-08,(2813.6126576995593+0j)
-20.934699386601647,49.45720553370005,0.06533872843823724,(-1852126.4944950133+3325293.653341565j),49.45720553370005,0.06533872843823724,(-1852126.4944950133-3325293.653341565j),49.41957421962038,0.06178812384802592,(3701439.376332328+0j),47.08101861898694,3.5701983513203845e-08,(2813.6126576995593+0j)
-20.91700443076874,49.478566656856685,0.06533872843823724,(-1852126.4944950133+3325293.653341565j),49.478566656856685,0.06533872843823724,(-1852126.4944950133-3325293.653341565j),49.44276046169388,0.06178812384802592,(3701439.376332328+0j),47.08102589588027,3.5701983513203845e-08,(2813.6126576995593+0j)
-20.89930947493583,49.499403736708864,0.06533872843823724,(-1852126.4944950133+3325293.653341565j),49.499403736708864,0.06533872843823724,(-1852126.4944950133-3325293.653341565j),49.465378918931776,0.06178812384802592,(3701439.376332328+0j),47.08103355573749,3.5701983513203845e-08,(2813.6126576995593+0j)
-20.881614519102925,49.51971592085225,0.06533872843823724,(-1852126.4944950133+3325293.653341565j),49.51971592085225,0.06533872843823724,(-1852126.4944950133-3325293.653341565j),49.48742861463768,0.06178812384802592,(3701439.376332328+0j),47.081041629607185,3.5701983513203845e-08,(2813.6126576995593+0j)
-20.863919563270017,49.539502355505675,0.06533872843823724,(-1852126.4944950133+3325293.653341565j),49.539502355505675,0.06533872843823724,(-1852126.4944950133-3325293.653341565j),49.508908570447524,0.06178812384802592,(3701439.376332328+0j),47.08105015198749,3.5701983513203845e-08,(2813.6126576995593+0j)
-20.846224607437108,49.55876218550867,0.06533872843823724,(-1852126.4944950133+3325293.653341565j),49.55876218550867,0.06533872843823724,(-1852126.4944950133-3325293.653341565j),49.529817806326385,0.06178812384802592,(3701439.376332328+0j),47.081059161318834,3.5701983513203845e-08,(2813.6126576995593+0j)
-20.8285296516042,49.577494554318974,0.06533872843823724,(-1852126.4944950133+3325293.653341565j),49.577494554318974,0.06533872843823724,(-1852126.4944950133-3325293.653341565j),49.55015534056535,0.06178812384802592,(3701439.376332328+0j),47.081068700563684,3.5701983513203845e-08,(2813.6126576995593+0j)
-20.81083469577129,49.59569860401009,0.06533872843823724,(-1852126.4944950133+3325293.653341565j),49.59569860401009,0.06533872843823724,(-1852126.4944950133-3325293.653341565j),49.56992018977829,0.06178812384802592,(3701439.376332328+0j),47.081078817891566,3.5701983513203845e-08,(2813.6126576995593+0j)
-20.793139739938383,49.61337347526877,0.06533872843823724,(-1852126.4944950133+3325293.653341565j),49.61337347526877,0.06533872843823724,(-1852126.4944950133-3325293.653341565j),49.58911136889872,0.06178812384802592,(3701439.376332328+0j),47.08108956749264,3.5701983513203845e-08,(2813.6126576995593+0j)
-20.775444784105474,49.63051830739257,0.06533872843823724,(-1852126.4944950133+3325293.653341565j),49.63051830739257,0.06533872843823724,(-1852126.4944950133-3325293.653341565j),49.607727891176616,0.06178812384802592,(3701439.376332328+0j),47.08110101054867,3.5701983513203845e-08,(2813.6126576995593+0j)
-20.75774982827257,49.64713223828731,0.06533872843823724,(-1852126.4944950133+3325293.653341565j),49.64713223828731,0.06533872843823724,(-1852126.4944950133-3325293.653341565j),49.62576876817521,0.06178812384802592,(3701439.376332328+0j),47.08111321639814,3.5701983513203845e-08,(2813.6126576995593+0j)
-20.740054872439657,49.66321440446459,0.06533872843823724,(-1852126.4944950133+3325293.653341565j),49.66321440446459,0.06533872843823724,(-1852126.4944950133-3325293.653341565j),49.64323300976778,0.06178812384802592,(3701439.376332328+0j),47.08112626394249,3.5701983513203845e-08,(2813.6126576995593+0j)
-20.72235991660675,49.678763941039314,0.06533872843823724,(-1852126.4944950133+3325293.653341565j),49.678763941039314,0.06533872843823724,(-1852126.4944950133-3325293.653341565j),49.660119624134474,0.06178812384802592,(3701439.376332328+0j),47.08114024335356,3.5701983513203845e-08,(2813.6126576995593+0j)
-20.70466496077384,49.69377998172717,0.06533872843823724,(-1852126.4944950133+3325293.653341565j),49.69377998172717,0.06533872843823724,(-1852126.4944950133-3325293.653341565j),49.67642761775906,0.06178812384802592,(3701439.376332328+0j),47.08115525816051,3.5701983513203845e-08,(2813.6126576995593+0j)
-20.68697000494093,49.70826165884207,0.06533872843823724,(-1852126.4944950133+3325293.653341565j),49.70826165884207,0.06533872843823724,(-1852126.4944950133-3325293.653341565j),49.692155995425715,0.06178812384802592,(3701439.376332328+0j),47.08117142781818,3.5701983513203845e-08,(2813.6126576995593+0j)
-20.669275049108023,49.72220810329374,0.06533872843823724,(-1852126.4944950133+3325293.653341565j),49.72220810329374,0.06533872843823724,(-1852126.4944950133-3325293.653341565j),49.70730376021585,0.06178812384802592,(3701439.376332328+0j),47.081188890891866,3.5701983513203845e-08,(2813.6126576995593+0j)
-20.651580093275115,49.73561844458506,0.06533872843823724,(-1852126.4944950133+3325293.653341565j),49.73561844458506,0.06533872843823724,(-1852126.4944950133-3325293.653341565j),49.7218699135048,0.06178812384802592,(3701439.376332328+0j),47.0812078090382,3.5701983513203845e-08,(2813.6126576995593+0j)
-20.633885137442206,49.748491810809675,0.06533872843823724,(-1852126.4944950133+3325293.653341565j),49.748491810809675,0.06533872843823724,(-1852126.4944950133-3325293.653341565j),49.73585345495861,0.06178812384802592,(3701439.376332328+0j),47.08122837202429,3.5701983513203845e-08,(2813.6126576995593+0j)
-20.6161901816093,49.760827328649356,0.06533872843823724,(-1852126.4944950133+3325293.653341565j),49.760827328649356,0.06533872843823724,(-1852126.4944950133-3325293.653341565j),49.749253382530824,0.06178812384802592,(3701439.376332328+0j),47.081250804115626,3.5701983513203845e-08,(2813.6126576995593+0j)
-20.598495225776393,49.77262412337151,0.06533872843823724,(-1852126.4944950133+3325293.653341565j),49.77262412337151,0.06533872843823724,(-1852126.4944950133-3325293.653341565j),49.762068692459195,0.06178812384802592,(3701439.376332328+0j),47.081275372288744,3.5701983513203845e-08,(2813.6126576995593+0j)
-20.580800269943484,49.78388131882662,0.06533872843823724,(-1852126.4944950133+3325293.653341565j),49.78388131882662,0.06533872843823724,(-1852126.4944950133-3325293.653341565j),49.774298379262405,0.06178812384802592,(3701439.376332328+0j),47.08130239690744,3.5701983513203845e-08,(2813.6126576995593+0j)
-20.563105314110576,49.79459803744574,0.06533872843823724,(-1852126.4944950133+3325293.653341565j),49.79459803744574,0.06533872843823724,(-1852126.4944950133-3325293.653341565j),49.78594143573685,0.06178812384802592,(3701439.376332328+0j),47.081332265769774,3.5701983513203845e-08,(2813.6126576995593+0j)
-20.545410358277667,49.80477340023786,0.06533872843823724,(-1852126.4944950133+3325293.653341565j),49.80477340023786,0.06533872843823724,(-1852126.4944950133-3325293.653341565j),49.79699685295332,0.06178812384802592,(3701439.376332328+0j),47.08136545283664,3.5701983513203845e-08,(2813.6126576995593+0j)
-20.52771540244476,49.81440652678743,0.06533872843823724,(-1852126.4944950133+3325293.653341565j),49.81440652678743,0.06533872843823724,(-1852126.4944950133-3325293.653341565j),49.80746362025374,0.06178812384802592,(3701439.376332328+0j),47.081402543569325,3.5701983513203845e-08,(2813.6126576995593+0j)
-20.51002044661185,49.82349653525175,0.06533872843823724,(-1852126.4944950133+3325293.653341565j),49.82349653525175,0.06533872843823724,(-1852126.4944950133-3325293.653341565j),49.81734072524788,0.06178812384802592,(3701439.376332328+0j),47.08144426976673,3.5701983513203845e-08,(2813.6126576995593+0j)
-20.492325490778946,49.832042542358394,0.06533872843823724,(-1852126.4944950133+3325293.653341565j),49.832042542358394,0.06533872843823724,(-1852126.4944950133-3325293.653341565j),49.82662715381003,0.06178812384802592,(3701439.376332328+0j),47.08149155833476,3.5701983513203845e-08,(2813.6126576995593+0j)
-20.474630534946037,49.840043663402696,0.06533872843823724,(-1852126.4944950133+3325293.653341565j),49.840043663402696,0.06533872843823724,(-1852126.4944950133-3325293.653341565j),49.83532189007574,0.06178812384802592,(3701439.376332328+0j),47.08154560095236,3.5701983513203845e-08,(2813.6126576995593+0j)
-20.45693557911313,49.847499012245095,0.06533872843823724,(-1852126.4944950133+3325293.653341565j),49.847499012245095,0.06533872843823724,(-1852126.4944950133-3325293.653341565j),49.843423916438475,0.06178812384802592,(3701439.376332328+0j),47.081607955883534,3.5701983513203845e-08,(2813.6126576995593+0j)
-20.43924062328022,49.85440770130859,0.06533872843823724,(-1852126.4944950133+3325293.653341565j),49.85440770130859,0.06533872843823724,(-1852126.4944950133-3325293.653341565j),49.85093221354632,0.06178812384802592,(3701439.376332328+0j),47.08168070068266,3.5701983513203845e-08,(2813.6126576995593+0j)
-20.42154566744731,49.86076884157616,0.06533872843823724,(-1852126.4944950133+3325293.653341565j),49.86076884157616,0.06533872843823724,(-1852126.4944950133-3325293.653341565j),49.85784576029864,0.06178812384802592,(3701439.376332328+0j),47.08176666817061,3.5701983513203845e-08,(2813.6126576995593+0j)
-20.403850711614403,49.86658154258813,0.06533872843823724,(-1852126.4944950133+3325293.653341565j),49.86658154258813,0.06533872843823724,(-1852126.4944950133-3325293.653341565j),49.86416353384274,0.06178812384802592,(3701439.376332328+0j),47.08186982395371,3.5701983513203845e-08,(2813.6126576995593+0j)
-20.38615575578149,49.87184491243962,0.06533872843823724,(-1852126.4944950133+3325293.653341565j),49.87184491243962,0.06533872843823724,(-1852126.4944950133-3325293.653341565j),49.86988450957058,0.06178812384802592,(3701439.376332328+0j),47.081995895537425,3.5701983513203845e-08,(2813.6126576995593+0j)
-20.368460799948586,49.876558057777906,0.06533872843823724,(-1852126.4944950133+3325293.653341565j),49.876558057777906,0.06533872843823724,(-1852126.4944950133-3325293.653341565j),49.87500766111534,0.06178812384802592,(3701439.376332328+0j),47.082153473096795,3.5701983513203845e-08,(2813.6126576995593+0j)
-20.350765844115678,49.880720083799794,0.06533872843823724,(-1852126.4944950133+3325293.653341565j),49.880720083799794,0.06533872843823724,(-1852126.4944950133-3325293.653341565j),49.87953196034814,0.06178812384802592,(3701439.376332328+0j),47.08235605335656,3.5701983513203845e-08,(2813.6126576995593+0j)
-20.33307088828277,49.884330094249066,0.06533872843823724,(-1852126.4944950133+3325293.653341565j),49.884330094249066,0.06533872843823724,(-1852126.4944950133-3325293.653341565j),49.88345637737466,0.06178812384802592,(3701439.376332328+0j),47.082626126320676,3.5701983513203845e-08,(2813.6126576995593+0j)
-20.31537593244986,49.8873871914138,0.06533872843823724,(-1852126.4944950133+3325293.653341565j),49.8873871914138,0.06533872843823724,(-1852126.4944950133-3325293.653341565j),49.88677988053173,0.06178812384802592,(3701439.376332328+0j),47.08300416310972,3.5701983513203845e-08,(2813.6126576995593+0j)
-20.297680976616952,49.88989047612377,0.06533872843823724,(-1852126.4944950133+3325293.653341565j),49.88989047612377,0.06533872843823724,(-1852126.4944950133-3325293.653341565j),49.88950143638406,0.06178812384802592,(3701439.376332328+0j),47.083571075357916,3.5701983513203845e-08,(2813.6126576995593+0j)
-20.279986020784044,49.89183904774778,0.06533872843823724,(-1852126.4944950133+3325293.653341565j),49.89183904774778,0.06533872843823724,(-1852126.4944950133-3325293.653341565j),49.89162000972072,0.06178812384802592,(3701439.376332328+0j),47.08451554811467,3.5701983513203845e-08,(2813.6126576995593+0j)
-20.262291064951135,49.8932320041911,0.06533872843823724,(-1852126.4944950133+3325293.653341565j),49.8932320041911,0.06533872843823724,(-1852126.4944950133-3325293.653341565j),49.89313456355185,0.06178812384802592,(3701439.376332328+0j),47.086403066066566,3.5701983513203845e-08,(2813.6126576995593+0j)
-20.244596109118227,49.89406844189275,0.06533872843823724,(-1852126.4944950133+3325293.653341565j),49.89406844189275,0.06533872843823724,(-1852126.4944950133-3325293.653341565j),49.89404405910523,0.06178812384802592,(3701439.376332328+0j),47.09205422241791,3.5701983513203845e-08,(2813.6126576995593+0j)
-20.226901153285322,49.89434745582287,0.06533872843823724,(-1852126.4944950133+3325293.653341565j),49.89434745582287,0.06533872843823724,(-1852126.4944950133-3325293.653341565j),49.89434745582287,0.06178812384802592,(3701439.376332328+0j),49.89434745582287,3.5701983513203845e-08,(2813.6126576995593+0j)
-20.226901153285322,49.819249017223036,0.10677169570910022,(-2039340.5002101685+3619428.368472694j),49.819249017223036,0.10677169570910022,(-2039340.5002101685-3619428.368472694j),49.89434745582287,0.10284330954048136,(4077274.2337351744+0j),49.89434745582287,1.224278854039586e-08,(1406.7666851662284+0j)
-20.207240091248757,49.79295494476127,0.10677169570910022,(-2039340.5002101685+3619428.368472694j),49.79295494476127,0.10677169570910022,(-2039340.5002101685-3619428.368472694j),49.866589230197654,0.10284330954048136,(4077274.2337351744+0j),49.89434727524857,1.224278854039586e-08,(1406.7666851662284+0j)
-20.18757902921219,49.766913690358315,0.10677169570910022,(-2039340.5002101685+3619428.368472694j),49.766913690358315,0.10677169570910022,(-2039340.5002101685-3619428.368472694j),49.839097341152076,0.10284330954048136,(4077274.2337351744+0j),49.89434709095112,1.224278854039586e-08,(1406.7666851662284+0j)
-20.167917967175626,49.74112553367744,0.10677169570910022,(-2039340.5002101685+3619428.368472694j),49.74112553367744,0.10677169570910022,(-2039340.5002101685-3619428.368472694j),49.811872094579385,0.10284330954048136,(4077274.2337351744+0j),49.894346902814185,1.224278854039586e-08,(1406.7666851662284+0j)
-20.14825690513906,49.71559075468754,0.10677169570910022,(-2039340.5002101685+3619428.368472694j),49.71559075468754,0.10677169570910022,(-2039340.5002101685-3619428.368472694j),49.7849137967197,0.10284330954048136,(4077274.2337351744+0j),49.89434671071651,1.224278854039586e-08,(1406.7666851662284+0j)
-20.128595843102495,49.6903096336634,0.10677169570910022,(-2039340.5002101685+3619428.368472694j),49.6903096336634,0.10677169570910022,(-2039340.5002101685-3619428.368472694j),49.75822275416041,0.10284330954048136,(4077274.2337351744+0j),49.8943465145317,1.224278854039586e-08,(1406.7666851662284+0j)
-20.108934781065933,49.66528245118613,0.10677169570910022,(-2039340.5002101685+3619428.368472694j),49.66528245118613,0.10677169570910022,(-2039340.5002101685-3619428.368472694j),49.731799273836636,0.10284330954048136,(4077274.2337351744+0j),49.89434631412789,1.224278854039586e-08,(1406.7666851662284+0j)
-20.089273719029368,49.64050948814354,0.10677169570910022,(-2039340.5002101685+3619428.368472694j),49.64050948814354,0.10677169570910022,(-2039340.5002101685-3619428.368472694j),49.705643663031665,0.10284330954048136,(4077274.2337351744+0j),49.89434610936752,1.224278854039586e-08,(1406.7666851662284+0j)
-20.069612656992803,49.61599102573048,0.10677169570910022,(-2039340.5002101685+3619428.368472694j),49.61599102573048,0.10677169570910022,(-2039340.5002101685-3619428.368472694j),49.67975622937738,0.10284330954048136,(4077274.2337351744+0j),49.89434590010697,1.224278854039586e-08,(1406.7666851662284+0j)
-20.049951594956237,49.5917273454492,0.10677169570910022,(-2039340.5002101685+3619428.368472694j),49.5917273454492,0.10677169570910022,(-2039340.5002101685-3619428.368472694j),49.6541372808547,0.10284330954048136,(4077274.2337351744+0j),49.89434568619623,1.224278854039586e-08,(1406.7666851662284+0j)
-20.030290532919672,49.56771872910979,0.10677169570910022,(-2039340.5002101685+3619428.368472694j),49.56771872910979,0.10677169570910022,(-2039340.5002101685-3619428.368472694j),49.628787125794005,0.10284330954048136,(4077274.2337351744+0j),49.894345467478566,1.224278854039586e-08,(1406.7666851662284+0j)
-20.01062947088311,49.54396545883049,0.10677169570910022,(-2039340.5002101685+3619428.368472694j),49.54396545883049,0.10677169570910022,(-2039340.5002101685-3619428.368472694j),49.603706072875624,0.10284330954048136,(4077274.2337351744+0j),49.8943452437901,1.224278854039586e-08,(1406.7666851662284+0j)
-19.990968408846545,49.52046781703807,0.10677169570910022,(-2039340.5002101685+3619428.368472694j),49.52046781703807,0.10677169570910022,(-2039340.5002101685-3619428.368472694j),49.578894431130216,0.10284330954048136,(4077274.2337351744+0j),49.89434501495942,1.224278854039586e-08,(1406.7666851662284+0j)
-19.97130734680998,49.49722608646823,0.10677169570910022,(-2039340.5002101685+3619428.368472694j),49.49722608646823,0.10677169570910022,(-2039340.5002101685-3619428.368472694j),49.55435250993925,0.10284330954048136,(4077274.2337351744+0j),49.89434478080716,1.224278854039586e-08,(1406.7666851662284+0j)
-19.951646284773414,49.47424055016597,0.10677169570910022,(-2039340.5002101685+3619428.368472694j),49.47424055016597,0.10677169570910022,(-2039340.5002101685-3619428.368472694j),49.53008061903542,0.10284330954048136,(4077274.2337351744+0j),49.894344541145486,1.224278854039586e-08,(1406.7666851662284+0j)
-19.93198522273685,49.45151149148595,0.10677169570910022,(-2039340.5002101685+3619428.368472694j),49.45151149148595,0.10677169570910022,(-2039340.5002101685-3619428.368472694j),49.506079068503105,0.10284330954048136,(4077274.2337351744+0j),49.89434429577765,1.224278854039586e-08,(1406.7666851662284+0j)
-19.912324160700287,49.429039194092866,0.10677169570910022,(-2039340.5002101685+3619428.368472694j),49.429039194092866,0.10677169570910022,(-2039340.5002101685-3619428.368472694j),49.48234816877879,0.10284330954048136,(4077274.2337351744+0j),49.8943440444974,1.224278854039586e-08,(1406.7666851662284+0j)
-19.89266309866372,49.40682394196184,0.10677169570910022,(-2039340.5002101685+3619428.368472694j),49.40682394196184,0.10677169570910022,(-2039340.5002101685-3619428.368472694j),49.458888230651574,0.10284330954048136,(4077274.2337351744+0j),49.89434378708844,1.224278854039586e-08,(1406.7666851662284+0j)
-19.873002036627156,49.38486601937878,0.10677169570910022,(-2039340.5002101685+3619428.368472694j),49.38486601937878,0.10677169570910022,(-2039340.5002101685-3619428.368472694j),49.435699565263505,0.10284330954048136,(4077274.2337351744+0j),49.894343523323776,1.224278854039586e-08,(1406.7666851662284+0j)
-19.85334097459059,49.36316571094078,0.10677169570910022,(-2039340.5002101685+3619428.368472694j),49.36316571094078,0.10677169570910022,(-2039340.5002101685-3619428.368472694j),49.41278248411011,0.10284330954048136,(4077274.2337351744+0j),49.894343252965065,1.224278854039586e-08,(1406.7666851662284+0j)
-19.833679912554025,49.34172330155646,0.10677169570910022,(-2039340.5002101685+3619428.368472694j),49.34172330155646,0.10677169570910022,(-2039340.5002101685-3619428.368472694j),49.39013729904083,0.10284330954048136,(4077274.2337351744+0j),49.894342975761916,1.224278854039586e-08,(1406.7666851662284+0j)
-19.81401885051746,49.3205390764464,0.10677169570910022,(-2039340.5002101685+3619428.368472694j),49.3205390764464,0.10677169570910022,(-2039340.5002101685-3619428.368472694j),49.36776432225941,0.10284330954048136,(4077274.2337351744+0j),49.89434269145108,1.224278854039586e-08,(1406.7666851662284+0j)
-19.794357788480898,49.29961332114346,0.10677169570910022,(-2039340.5002101685+3619428.368472694j),49.29961332114346,0.10677169570910022,(-2039340.5002101685-3619428.368472694j),49.34566386632443,0.10284330954048136,(4077274.2337351744+0j),49.89434239975563,1.224278854039586e-08,(1406.7666851662284+0j)
-19.774696726444333,49.278946321493194,0.10677169570910022,(-2039340.5002101685+3619428.368472694j),49.278946321493194,0.10677169570910022,(-2039340.5002101685-3619428.368472694j),49.323836244149675,0.10284330954048136,(4077274.2337351744+0j),49.89434210038409,1.224278854039586e-08,(1406.7666851662284+0j)
-19.755035664407764,49.25853836365422,0.10677169570910022,(-2039340.5002101685+3619428.368472694j),49.25853836365422,0.10677169570910022,(-2039340.5002101685-3619428.368472694j),49.30228176900462,0.10284330954048136,(4077274.2337351744+0j),49.8943417930294,1.224278854039586e-08,(1406.7666851662284+0j)
-19.735374602371202,49.23838973409859,0.10677169570910022,(-2039340.5002101685+3619428.368472694j),49.23838973409859,0.10677169570910022,(-2039340.5002101685-3619428.368472694j),49.28100075451489,0.10284330954048136,(4077274.2337351744+0j),49.894341477367924,1.224278854039586e-08,(1406.7666851662284+0j)
-19.715713540334637,49.21850071961221,0.10677169570910022,(-2039340.5002101685+3619428.368472694j),49.21850071961221,0.10677169570910022,(-2039340.5002101685-3619428.368472694j),49.25999351466266,0.10284330954048136,(4077274.2337351744+0j),49.89434115305831,1.224278854039586e-08,(1406.7666851662284+0j)
-19.696052478298075,49.19887160729515,0.10677169570910022,(-2039340.5002101685+3619428.368472694j),49.19887160729515,0.10677169570910022,(-2039340.5002101685-3619428.368472694j),49.23926036378717,0.10284330954048136,(4077274.2337351744+0j),49.89434081974021,1.224278854039586e-08,(1406.7666851662284+0j)
-19.67639141626151,49.17950268456211,0.10677169570910022,(-2039340.5002101685+3619428.368472694j),49.17950268456211,0.10677169570910022,(-2039340.5002101685-3619428.368472694j),49.21880161658511,0.10284330954048136,(4077274.2337351744+0j),49.89434047703299,1.224278854039586e-08,(1406.7666851662284+0j)
-19.65673035422494,49.16039423914274,0.10677169570910022,(-2039340.5002101685+3619428.368472694j),49.16039423914274,0.10677169570910022,(-2039340.5002101685-3619428.368472694j),49.19861758811112,0.10284330954048136,(4077274.2337351744+0j),49.89434012453427,1.224278854039586e-08,(1406.7666851662284+0j)
-19.63706929218838,49.14154655908204,0.10677169570910022,(-2039340.5002101685+3619428.368472694j),49.14154655908204,0.10677169570910022,(-2039340.5002101685-3619428.368472694j),49.178708593778225,0.10284330954048136,(4077274.2337351744+0j),49.89433976181833,1.224278854039586e-08,(1406.7666851662284+0j)
-19.617408230151813,49.12295993274075,0.10677169570910022,(-2039340.5002101685+3619428.368472694j),49.12295993274075,0.10677169570910022,(-2039340.5002101685-3619428.368472694j),49.15907494935827,0.10284330954048136,(4077274.2337351744+0j),49.89433938843442,1.224278854039586e-08,(1406.7666851662284+0j)
-19.597747168115248,49.10463464879574,0.10677169570910022,(-2039340.5002101685+3619428.368472694j),49.10463464879574,0.10677169570910022,(-2039340.5002101685-3619428.368472694j),49.139716970982406,0.10284330954048136,(4077274.2337351744+0j),49.894339003904875,1.224278854039586e-08,(1406.7666851662284+0j)
-19.578086106078686,49.086570996240354,0.10677169570910022,(-2039340.5002101685+3619428.368472694j),49.086570996240354,0.10677169570910022,(-2039340.5002101685-3619428.368472694j),49.120634975141506,0.10284330954048136,(4077274.2337351744+0j),49.89433860772309,1.224278854039586e-08,(1406.7666851662284+0j)
-19.55842504404212,49.068769264384876,0.10677169570910022,(-2039340.5002101685+3619428.368472694j),49.068769264384876,0.10677169570910022,(-2039340.5002101685-3619428.368472694j),49.101829278686644,0.10284330954048136,(4077274.2337351744+0j),49.89433819935127,1.224278854039586e-08,(1406.7666851662284+0j)
-19.538763982005555,49.05122974285682,0.10677169570910022,(-2039340.5002101685+3619428.368472694j),49.05122974285682,0.10677169570910022,(-2039340.5002101685-3619428.368472694j),49.08330019882955,0.10284330954048136,(4077274.2337351744+0j),49.894337778218016,1.224278854039586e-08,(1406.7666851662284+0j)
-19.51910291996899,49.033952721601366,0.10677169570910022,(-2039340.5002101685+3619428.368472694j),49.033952721601366,0.10677169570910022,(-2039340.5002101685-3619428.368472694j),49.06504805314306,0.10284330954048136,(4077274.2337351744+0j),49.89433734371565,1.224278854039586e-08,(1406.7666851662284+0j)
-19.499441857932425,49.01693849088176,0.10677169570910022,(-2039340.5002101685+3619428.368472694j),49.01693849088176,0.10677169570910022,(-2039340.5002101685-3619428.368472694j),49.04707315956155,0.10284330954048136,(4077274.2337351744+0j),49.89433689519729,1.224278854039586e-08,(1406.7666851662284+0j)
-19.479780795895863,49.000187341279684,0.10677169570910022,(-2039340.5002101685+3619428.368472694j),49.000187341279684,0.10677169570910022,(-2039340.5002101685-3619428.368472694j),49.02937583638143,0.10284330954048136,(4077274.2337351744+0j),49.894336431973635,1.224278854039586e-08,(1406.7666851662284+0j)
-19.460119733859297,48.9836995636956,0.10677169570910022,(-2039340.5002101685+3619428.368472694j),48.9836995636956,0.10677169570910022,(-2039340.5002101685-3619428.368472694j),49.011956402261596,0.10284330954048136,(4077274.2337351744+0j),49.89433595330944,1.224278854039586e-08,(1406.7666851662284+0j)
-19.44045867182273,48.96747544934923,0.10677169570910022,(-2039340.5002101685+3619428.368472694j),48.96747544934923,0.10677169570910022,(-2039340.5002101685-3619428.368472694j),48.99481517622384,0.10284330954048136,(4077274.2337351744+0j),49.89433545841958,1.224278854039586e-08,(1406.7666851662284+0j)
-19.420797609786167,48.95151528977986,0.10677169570910022,(-2039340.5002101685+3619428.368472694j),48.95151528977986,0.10677169570910022,(-2039340.5002101685-3619428.368472694j),48.977952477653375,0.10284330954048136,(4077274.2337351744+0j),49.894334946464845,1.224278854039586e-08,(1406.7666851662284+0j)
-19.4011365477496,48.93581937684678,0.10677169570910022,(-2039340.5002101685+3619428.368472694j),48.93581937684678,0.10677169570910022,(-2039340.5002101685-3619428.368472694j),48.96136862629925,0.10284330954048136,(4077274.2337351744+0j),49.89433441654707,1.224278854039586e-08,(1406.7666851662284+0j)
-19.38147548571304,48.92038800272964,0.10677169570910022,(-2039340.5002101685+3619428.368472694j),48.92038800272964,0.10677169570910022,(-2039340.5002101685-3619428.368472694j),48.94506394227483,0.10284330954048136,(4077274.2337351744+0j),49.89433386770398,1.224278854039586e-08,(1406.7666851662284+0j)
-19.361814423676474,48.90522145992888,0.10677169570910022,(-2039340.5002101685+3619428.368472694j),48.90522145992888,0.10677169570910022,(-2039340.5002101685-3619428.368472694j),48.92903874605824,0.10284330954048136,(4077274.2337351744+0j),49.89433329890329,1.224278854039586e-08,(1406.7666851662284+0j)
-19.342153361639905,48.890320041266065,0.10677169570910022,(-2039340.5002101685+3619428.368472694j),48.890320041266065,0.10677169570910022,(-2039340.5002101685-3619428.368472694j),48.91329335849284,0.10284330954048136,(4077274.2337351744+0j),49.89433270903628,1.224278854039586e-08,(1406.7666851662284+0j)
-19.322492299603343,48.87568403988434,0.10677169570910022,(-2039340.5002101685+3619428.368472694j),48.87568403988434,0.10677169570910022,(-2039340.5002101685-3619428.368472694j),48.897828100787684,0.10284330954048136,(4077274.2337351744+0j),49.894332096910524,1.224278854039586e-08,(1406.7666851662284+0j)
-19.302831237566778,48.861313749248765,0.10677169570910022,(-2039340.5002101685+3619428.368472694j),48.861313749248765,0.10677169570910022,(-2039340.5002101685-3619428.368472694j),48.88264329451799,0.10284330954048136,(4077274.2337351744+0j),49.894331461241904,1.224278854039586e-08,(1406.7666851662284+0j)
-19.283170175530213,48.847209463146754,0.10677169570910022,(-2039340.5002101685+3619428.368472694j),48.847209463146754,0.10677169570910022,(-2039340.5002101685-3619428.368472694j),48.86773926162556,0.10284330954048136,(4077274.2337351744+0j),49.89433080064555,1.224278854039586e-08,(1406.7666851662284+0j)
-19.26350911349365,48.83337147568842,0.10677169570910022,(-2039340.5002101685+3619428.368472694j),48.83337147568842,0.10677169570910022,(-2039340.5002101685-3619428.368472694j),48.853116324419325,0.10284330954048136,(4077274.2337351744+0j),49.89433011362584,1.224278854039586e-08,(1406.7666851662284+0j)
-19.243848051457082,48.819800081307015,0.10677169570910022,(-2039340.5002101685+3619428.368472694j),48.819800081307015,0.10677169570910022,(-2039340.5002101685-3619428.368472694j),48.83877480557572,0.10284330954048136,(4077274.2337351744+0j),49.89432939856504,1.224278854039586e-08,(1406.7666851662284+0j)
-19.22418698942052,48.8064955747593,0.10677169570910022,(-2039340.5002101685+3619428.368472694j),48.8064955747593,0.10677169570910022,(-2039340.5002101685-3619428.368472694j),48.8247150281392,0.10284330954048136,(4077274.2337351744+0j),49.894328653710616,1.224278854039586e-08,(1406.7666851662284+0j)
-19.204525927383955,48.793458251125934,0.10677169570910022,(-2039340.5002101685+3619428.368472694j),48.793458251125934,0.10677169570910022,(-2039340.5002101685-3619428.368472694j),48.81093731552273,0.10284330954048136,(4077274.2337351744+0j),49.8943278771609,1.224278854039586e-08,(1406.7666851662284+0j)
-19.18486486534739,48.78068840581189,0.10677169570910022,(-2039340.5002101685+3619428.368472694j),48.78068840581189,0.10677169570910022,(-2039340.5002101685-3619428.368472694j),48.797441991508165,0.10284330954048136,(4077274.2337351744+0j),49.89432706684883,1.224278854039586e-08,(1406.7666851662284+0j)
-19.165203803310828,48.76818633454682,0.10677169570910022,(-2039340.5002101685+3619428.368472694j),48.76818633454682,0.10677169570910022,(-2039340.5002101685-3619428.368472694j),48.78422938024681,0.10284330954048136,(4077274.2337351744+0j),49.89432622052364,1.224278854039586e-08,(1406.7666851662284+0j)
-19.14554274127426,48.755952333385466,0.10677169570910022,(-2039340.5002101685+3619428.368472694j),48.755952333385466,0.10677169570910022,(-2039340.5002101685-3619428.368472694j),48.77129980625983,0.10284330954048136,(4077274.2337351744+0j),49.89432533572994,1.224278854039586e-08,(1406.7666851662284+0j)
-19.125881679237693,48.7439866987081,0.10677169570910022,(-2039340.5002101685+3619428.368472694j),48.7439866987081,0.10677169570910022,(-2039340.5002101685-3619428.368472694j),48.75865359443874,0.10284330954048136,(4077274.2337351744+0j),49.89432440978394,1.224278854039586e-08,(1406.7666851662284+0j)
-19.10622061720113,48.73228972722083,0.10677169570910022,(-2039340.5002101685+3619428.368472694j),48.73228972722083,0.10677169570910022,(-2039340.5002101685-3619428.368472694j),48.746291070045864,0.10284330954048136,(4077274.2337351744+0j),49.89432343974625,1.224278854039586e-08,(1406.7666851662284+0j)
-19.086559555164566,48.720861715956076,0.10677169570910022,(-2039340.5002101685+3619428.368472694j),48.720861715956076,0.10677169570910022,(-2039340.5002101685-3619428.368472694j),48.73421255871481,0.10284330954048136,(4077274.2337351744+0j),49.89432242239073,1.224278854039586e-08,(1406.7666851662284+0j)
-19.066898493128,48.70970296227294,0.10677169570910022,(-2039340.5002101685+3619428.368472694j),48.70970296227294,0.10677169570910022,(-2039340.5002101685-3619428.368472694j),48.722418386450954,0.10284330954048136,(4077274.2337351744+0j),49.89432135416862,1.224278854039586e-08,(1406.7666851662284+0j)
-19.047237431091435,48.69881376385759,0.10677169570910022,(-2039340.5002101685+3619428.368472694j),48.69881376385759,0.10677169570910022,(-2039340.5002101685-3619428.368472694j),48.71090887963188,0.10284330954048136,(4077274.2337351744+0j),49.89432023116721,1.224278854039586e-08,(1406.7666851662284+0j)
-19.02757636905487,48.688194418723704,0.10677169570910022,(-2039340.5002101685+3619428.368472694j),48.688194418723704,0.10677169570910022,(-2039340.5002101685-3619428.368472694j),48.69968436500789,0.10284330954048136,(4077274.2337351744+0j),49.8943190490619,1.224278854039586e-08,(1406.7666851662284+0j)
-19.00791530701831,48.6778452252128,0.10677169570910022,(-2039340.5002101685+3619428.368472694j),48.6778452252128,0.10677169570910022,(-2039340.5002101685-3619428.368472694j),48.68874516970242,0.10284330954048136,(4077274.2337351744+0j),49.89431780306063,1.224278854039586e-08,(1406.7666851662284+0j)
-18.988254244981743,48.6677664819947,0.10677169570910022,(-2039340.5002101685+3619428.368472694j),48.6677664819947,0.10677169570910022,(-2039340.5002101685-3619428.368472694j),48.67809162121259,0.10284330954048136,(4077274.2337351744+0j),49.89431648783886,1.224278854039586e-08,(1406.7666851662284+0j)
-18.968593182945177,48.657958488067905,0.10677169570910022,(-2039340.5002101685+3619428.368472694j),48.657958488067905,0.10677169570910022,(-2039340.5002101685-3619428.368472694j),48.66772404740961,0.10284330954048136,(4077274.2337351744+0j),49.894315097463554,1.224278854039586e-08,(1406.7666851662284+0j)
-18.948932120908616,48.64842154276,0.10677169570910022,(-2039340.5002101685+3619428.368472694j),48.64842154276,0.10677169570910022,(-2039340.5002101685-3619428.368472694j),48.65764277653929,0.10284330954048136,(4077274.2337351744+0j),49.89431362530373,1.224278854039586e-08,(1406.7666851662284+0j)
-18.929271058872047,48.639155945728064,0.10677169570910022,(-2039340.5002101685+3619428.368472694j),48.639155945728064,0.10677169570910022,(-2039340.5002101685-3619428.368472694j),48.64784813722249,0.10284330954048136,(4077274.2337351744+0j),49.894312063924616,1.224278854039586e-08,(1406.7666851662284+0j)
-18.90960999683548,48.63016199695903,0.10677169570910022,(-2039340.5002101685+3619428.368472694j),48.63016199695903,0.10677169570910022,(-2039340.5002101685-3619428.368472694j),48.63834045845566,0.10284330954048136,(4077274.2337351744+0j),49.894310404962155,1.224278854039586e-08,(1406.7666851662284+0j)
-18.88994893479892,48.62143999677017,0.10677169570910022,(-2039340.5002101685+3619428.368472694j),48.62143999677017,0.10677169570910022,(-2039340.5002101685-3619428.368472694j),48.62912006961119,0.10284330954048136,(4077274.2337351744+0j),49.89430863897309,1.224278854039586e-08,(1406.7666851662284+0j)
-18.870287872762354,48.61299024580941,0.10677169570910022,(-2039340.5002101685+3619428.368472694j),48.61299024580941,0.10677169570910022,(-2039340.5002101685-3619428.368472694j),48.62018730043803,0.10284330954048136,(4077274.2337351744+0j),49.89430675525508,1.224278854039586e-08,(1406.7666851662284+0j)
-18.850626810725792,48.60481304505579,0.10677169570910022,(-2039340.5002101685+3619428.368472694j),48.60481304505579,0.10677169570910022,(-2039340.5002101685-3619428.368472694j),48.61154248106208,0.10284330954048136,(4077274.2337351744+0j),49.89430474162966,1.224278854039586e-08,(1406.7666851662284+0j)
-18.830965748689223,48.59690869581987,0.10677169570910022,(-2039340.5002101685+3619428.368472694j),48.59690869581987,0.10677169570910022,(-2039340.5002101685-3619428.368472694j),48.60318594198669,0.10284330954048136,(4077274.2337351744+0j),49.89430258417866,1.224278854039586e-08,(1406.7666851662284+0j)
-18.811304686652658,48.58927749974408,0.10677169570910022,(-2039340.5002101685+3619428.368472694j),48.58927749974408,0.10677169570910022,(-2039340.5002101685-3619428.368472694j),48.59511801409314,0.10284330954048136,(4077274.2337351744+0j),49.894300266922,1.224278854039586e-08,(1406.7666851662284+0j)
-18.791643624616096,48.5819197588032,0.10677169570910022,(-2039340.5002101685+3619428.368472694j),48.5819197588032,0.10677169570910022,(-2039340.5002101685-3619428.368472694j),48.58733902864111,0.10284330954048136,(4077274.2337351744+0j),49.89429777142123,1.224278854039586e-08,(1406.7666851662284+0j)
-18.77198256257953,48.574835775304734,0.10677169570910022,(-2039340.5002101685+3619428.368472694j),48.574835775304734,0.10677169570910022,(-2039340.5002101685-3619428.368472694j),48.57984931726919,0.10284330954048136,(4077274.2337351744+0j),49.89429507628786,1.224278854039586e-08,(1406.7666851662284+0j)
-18.752321500542966,48.568025851889274,0.10677169570910022,(-2039340.5002101685+3619428.368472694j),48.568025851889274,0.10677169570910022,(-2039340.5002101685-3619428.368472694j),48.57264921199534,0.10284330954048136,(4077274.2337351744+0j),49.89429215656879,1.224278854039586e-08,(1406.7666851662284+0j)
-18.7326604385064,48.56149029153098,0.10677169570910022,(-2039340.5002101685+3619428.368472694j),48.56149029153098,0.10677169570910022,(-2039340.5002101685-3619428.368472694j),48.56573904521735,0.10284330954048136,(4077274.2337351744+0j),49.8942889829714,1.224278854039586e-08,(1406.7666851662284+0j)
-18.712999376469835,48.555229397537964,0.10677169570910022,(-2039340.5002101685+3619428.368472694j),48.555229397537964,0.10677169570910022,(-2039340.5002101685-3619428.368472694j),48.559119149713375,0.10284330954048136,(4077274.2337351744+0j),49.89428552087742,1.224278854039586e-08,(1406.7666851662284+0j)
-18.693338314433273,48.549243473552664,0.10677169570910022,(-2039340.5002101685+3619428.368472694j),48.549243473552664,0.10677169570910022,(-2039340.5002101685-3619428.368472694j),48.55278985864237,0.10284330954048136,(4077274.2337351744+0j),49.894281729074855,1.224278854039586e-08,(1406.7666851662284+0j)
-18.673677252396708,48.5435328235523,0.10677169570910022,(-2039340.5002101685+3619428.368472694j),48.5435328235523,0.10677169570910022,(-2039340.5002101685-3619428.368472694j),48.5467515055446,0.10284330954048136,(4077274.2337351744+0j),49.89427755810975,1.224278854039586e-08,(1406.7666851662284+0j)
-18.654016190360142,48.53809775184925,0.10677169570910022,(-2039340.5002101685+3619428.368472694j),48.53809775184925,0.10677169570910022,(-2039340.5002101685-3619428.368472694j),48.54100442434211,0.10284330954048136,(4077274.2337351744+0j),49.89427294811727,1.224278854039586e-08,(1406.7666851662284+0j)
-18.634355128323577,48.53293856309149,0.10677169570910022,(-2039340.5002101685+3619428.368472694j),48.53293856309149,0.10677169570910022,(-2039340.5002101685-3619428.368472694j),48.535548949339244,0.10284330954048136,(4077274.2337351744+0j),49.89426782592998,1.224278854039586e-08,(1406.7666851662284+0j)
-18.61469406628701,48.528055562262985,0.10677169570910022,(-2039340.5002101685+3619428.368472694j),48.528055562262985,0.10677169570910022,(-2039340.5002101685-3619428.368472694j),48.53038541522307,0.10284330954048136,(4077274.2337351744+0j),49.89426210116553,1.224278854039586e-08,(1406.7666851662284+0j)
-18.595033004250446,48.52344905468409,0.10677169570910022,(-2039340.5002101685+3619428.368472694j),48.52344905468409,0.10677169570910022,(-2039340.5002101685-3619428.368472694j),48.52551415706392,0.10284330954048136,(4077274.2337351744+0j),49.89425566084729,1.224278854039586e-08,(1406.7666851662284+0j)
-18.575371942213884,48.519119346012,0.10677169570910022,(-2039340.5002101685+3619428.368472694j),48.519119346012,0.10677169570910022,(-2039340.5002101685-3619428.368472694j),48.52093551031586,0.10284330954048136,(4077274.2337351744+0j),49.89424836187343,1.224278854039586e-08,(1406.7666851662284+0j)
-18.55571088017732,48.51506674224112,0.10677169570910022,(-2039340.5002101685+3619428.368472694j),48.51506674224112,0.10677169570910022,(-2039340.5002101685-3619428.368472694j),48.51664981081717,0.10284330954048136,(4077274.2337351744+0j),49.89424002025858,1.224278854039586e-08,(1406.7666851662284+0j)
-18.536049818140757,48.511291549703515,0.10677169570910022,(-2039340.5002101685+3619428.368472694j),48.511291549703515,0.10677169570910022,(-2039340.5002101685-3619428.368472694j),48.51265739479086,0.10284330954048136,(4077274.2337351744+0j),49.89423039541057,1.224278854039586e-08,(1406.7666851662284+0j)
-18.516388756104188,48.507794075069285,0.10677169570910022,(-2039340.5002101685+3619428.368472694j),48.507794075069285,0.10677169570910022,(-2039340.5002101685-3619428.368472694j),48.5089585988451,0.10284330954048136,(4077274.2337351744+0j),49.89421916654607,1.224278854039586e-08,(1406.7666851662284+0j)
-18.496727694067623,48.50457462534703,0.10677169570910022,(-2039340.5002101685+3619428.368472694j),48.50457462534703,0.10677169570910022,(-2039340.5002101685-3619428.368472694j),48.505553759973786,0.10284330954048136,(4077274.2337351744+0j),49.8942058962432,1.224278854039586e-08,(1406.7666851662284+0j)
-18.47706663203106,48.50163350788422,0.10677169570910022,(-2039340.5002101685+3619428.368472694j),48.50163350788422,0.10677169570910022,(-2039340.5002101685-3619428.368472694j),48.50244321555699,0.10284330954048136,(4077274.2337351744+0j),49.894189972127634,1.224278854039586e-08,(1406.7666851662284+0j)
-18.457405569994496,48.498971030367635,0.10677169570910022,(-2039340.5002101685+3619428.368472694j),48.498971030367635,0.10677169570910022,(-2039340.5002101685-3619428.368472694j),48.499627303361436,0.10284330954048136,(4077274.2337351744+0j),49.89417050968695,1.224278854039586e-08,(1406.7666851662284+0j)
-18.43774450795793,48.49658750082375,0.10677169570910022,(-2039340.5002101685+3619428.368472694j),48.49658750082375,0.10677169570910022,(-2039340.5002101685-3619428.368472694j),48.49710636154102,0.10284330954048136,(4077274.2337351744+0j),49.894146182204125,1.224278854039586e-08,(1406.7666851662284+0j)
-18.418083445921365,48.4944832276192,0.10677169570910022,(-2039340.5002101685+3619428.368472694j),48.4944832276192,0.10677169570910022,(-2039340.5002101685-3619428.368472694j),48.49488072863733,0.10284330954048136,(4077274.2337351744+0j),49.8941149049393,1.224278854039586e-08,(1406.7666851662284+0j)
-18.3984223838848,48.49265851946115,0.10677169570910022,(-2039340.5002101685+3619428.368472694j),48.49265851946115,0.10677169570910022,(-2039340.5002101685-3619428.368472694j),48.49295074358004,0.10284330954048136,(4077274.2337351744+0j),49.89407320354236,1.224278854039586e-08,(1406.7666851662284+0j)
-18.378761321848238,48.49111368539777,0.10677169570910022,(-2039340.5002101685+3619428.368472694j),48.49111368539777,0.10677169570910022,(-2039340.5002101685-3619428.368472694j),48.491316745687534,0.10284330954048136,(4077274.2337351744+0j),49.89401482470229,1.224278854039586e-08,(1406.7666851662284+0j)
-18.359100259811672,48.4898490348186,0.10677169570910022,(-2039340.5002101685+3619428.368472694j),48.4898490348186,0.10677169570910022,(-2039340.5002101685-3619428.368472694j),48.48997907466729,0.10284330954048136,(4077274.2337351744+0j),49.893927263257034,1.224278854039586e-08,(1406.7666851662284+0j)
-18.339439197775107,48.48886487745496,0.10677169570910022,(-2039340.5002101685+3619428.368472694j),48.48886487745496,0.10677169570910022,(-2039340.5002101685-3619428.368472694j),48.48893807061644,0.10284330954048136,(4077274.2337351744+0j),49.89378134568537,1.224278854039586e-08,(1406.7666851662284+0j)
-18.31977813573854,48.48816152338043,0.10677169570910022,(-2039340.5002101685+3619428.368472694j),48.48816152338043,0.10677169570910022,(-2039340.5002101685-3619428.368472694j),48.48819407402227,0.10284330954048136,(4077274.2337351744+0j),49.89348957866417,1.224278854039586e-08,(1406.7666851662284+0j)
-18.300117073701976,48.48773928301123,0.10677169570910022,(-2039340.5002101685+3619428.368472694j),48.48773928301123,0.10677169570910022,(-2039340.5002101685-3619428.368472694j),48.48774742576266,0.10284330954048136,(4077274.2337351744+0j),49.89261482223858,1.224278854039586e-08,(1406.7666851662284+0j)
-18.28045601166541,46.84223138369416,0.02906907313803939,(-1192916.0551429493+2241118.5243967883j),46.84223138369416,0.02906907313803939,(-1192916.0551429493-2241118.5243967883j),48.48759846710663,0.025459464703692834,(2375979.9453683756+0j),48.48759846710664,4.377509254278071e-07,(9852.164917522356+0j)
-18.28045601166541,48.48759846710664,0.10677169570910022,(-2039340.5002101685+3619428.368472694j),48.48759846710664,0.10677169570910022,(-2039340.5002101685-3619428.368472694j),48.48759846710664,0.10284330954048136,(4077274.2337351744+0j),48.48759846710664,1.224278854039586e-08,(1406.7666851662284+0j)
-18.262761055832502,46.68661018185685,0.02906907313803939,(-1192916.0551429493+2241118.5243967883j),46.68661018185685,0.02906907313803939,(-1192916.0551429493-2241118.5243967883j),48.30223075771825,0.025459464703692834,(2375979.9453683756+0j),48.48754826166456,4.377509254278071e-07,(9852.164917522356+0j)
-18.245066099999597,46.53230319611355,0.02906907313803939,(-1192916.0551429493+2241118.5243967883j),46.53230319611355,0.02906907313803939,(-1192916.0551429493-2241118.5243967883j),48.11838642276927,0.025459464703692834,(2375979.9453683756+0j),48.48749702145464,4.377509254278071e-07,(9852.164917522356+0j)
-18.22737114416669,46.3793152715399,0.02906907313803939,(-1192916.0551429493+2241118.5243967883j),46.3793152715399,0.02906907313803939,(-1192916.0551429493-2241118.5243967883j),47.93607189169531,0.025459464703692834,(2375979.9453683756+0j),48.487444714152865,4.377509254278071e-07,(9852.164917522356+0j)
-18.20967618833378,46.227651270300356,0.02906907313803939,(-1192916.0551429493+2241118.5243967883j),46.227651270300356,0.02906907313803939,(-1192916.0551429493-2241118.5243967883j),47.75529361970711,0.025459464703692834,(2375979.9453683756+0j),48.48739130607477,4.377509254278071e-07,(9852.164917522356+0j)
-18.191981232500872,46.07731607171437,0.02906907313803939,(-1192916.0551429493+2241118.5243967883j),46.07731607171437,0.02906907313803939,(-1192916.0551429493-2241118.5243967883j),47.57605808790396,0.025459464703692834,(2375979.9453683756+0j),48.48733676210306,4.377509254278071e-07,(9852.164917522356+0j)
-18.174286276667964,45.92831457232308,0.02906907313803939,(-1192916.0551429493+2241118.5243967883j),45.92831457232308,0.02906907313803939,(-1192916.0551429493-2241118.5243967883j),47.39837180338782,0.025459464703692834,(2375979.9453683756+0j),48.48728104561062,4.377509254278071e-07,(9852.164917522356+0j)
-18.156591320835055,45.78065168595616,0.02906907313803939,(-1192916.0551429493+2241118.5243967883j),45.78065168595616,0.02906907313803939,(-1192916.0551429493-2241118.5243967883j),47.22224129937783,0.025459464703692834,(2375979.9453683756+0j),48.487224118378506,4.377509254278071e-07,(9852.164917522356+0j)
-18.138896365002147,45.63433234379894,0.02906907313803939,(-1192916.0551429493+2241118.5243967883j),45.63433234379894,0.02906907313803939,(-1192916.0551429493-2241118.5243967883j),47.04767313532558,0.025459464703692834,(2375979.9453683756+0j),48.4871659405085,4.377509254278071e-07,(9852.164917522356+0j)
-18.12120140916924,45.48936149445992,0.02906907313803939,(-1192916.0551429493+2241118.5243967883j),45.48936149445992,0.02906907313803939,(-1192916.0551429493-2241118.5243967883j),46.874673897030775,0.025459464703692834,(2375979.9453683756+0j),48.48710647032983,4.377509254278071e-07,(9852.164917522356+0j)
-18.103506453336333,45.34574410403848,0.02906907313803939,(-1192916.0551429493+2241118.5243967883j),45.34574410403848,0.02906907313803939,(-1192916.0551429493-2241118.5243967883j),46.70325019675758,0.025459464703692834,(2375979.9453683756+0j),48.4870456642997,4.377509254278071e-07,(9852.164917522356+0j)
-18.08581149750342,45.20348515619297,0.02906907313803939,(-1192916.0551429493+2241118.5243967883j),45.20348515619297,0.02906907313803939,(-1192916.0551429493-2241118.5243967883j),46.533408673351495,0.025459464703692834,(2375979.9453683756+0j),48.48698347689693,4.377509254278071e-07,(9852.164917522356+0j)
-18.068116541670513,45.06258965220901,0.02906907313803939,(-1192916.0551429493+2241118.5243967883j),45.06258965220901,0.02906907313803939,(-1192916.0551429493-2241118.5243967883j),46.365155992356804,0.025459464703692834,(2375979.9453683756+0j),48.48691986050828,4.377509254278071e-07,(9852.164917522356+0j)
-18.050421585837604,44.923062611068175,0.02906907313803939,(-1192916.0551429493+2241118.5243967883j),44.923062611068175,0.02906907313803939,(-1192916.0551429493-2241118.5243967883j),46.198498846134676,0.025459464703692834,(2375979.9453683756+0j),48.48685476530692,4.377509254278071e-07,(9852.164917522356+0j)
-18.032726630004696,44.7849090695169,0.02906907313803939,(-1192916.0551429493+2241118.5243967883j),44.7849090695169,0.02906907313803939,(-1192916.0551429493-2241118.5243967883j),46.03344395398172,0.025459464703692834,(2375979.9453683756+0j),48.48678813912223,4.377509254278071e-07,(9852.164917522356+0j)
-18.015031674171787,44.648134082135755,0.02906907313803939,(-1192916.0551429493+2241118.5243967883j),44.648134082135755,0.02906907313803939,(-1192916.0551429493-2241118.5243967883j),45.86999806224927,0.025459464703692834,(2375979.9453683756+0j),48.48671992730039,4.377509254278071e-07,(9852.164917522356+0j)
-17.997336718338882,44.51274272140896,0.02906907313803939,(-1192916.0551429493+2241118.5243967883j),44.51274272140896,0.02906907313803939,(-1192916.0551429493-2241118.5243967883j),45.70816794446317,0.025459464703692834,(2375979.9453683756+0j),48.48665007255483,4.377509254278071e-07,(9852.164917522356+0j)
-17.979641762505974,44.37874007779428,0.02906907313803939,(-1192916.0551429493+2241118.5243967883j),44.37874007779428,0.02906907313803939,(-1192916.0551429493-2241118.5243967883j),45.547960401444186,0.025459464703692834,(2375979.9453683756+0j),48.48657851480578,4.377509254278071e-07,(9852.164917522356+0j)
-17.961946806673065,44.246131259793124,0.02906907313803939,(-1192916.0551429493+2241118.5243967883j),44.246131259793124,0.02906907313803939,(-1192916.0551429493-2241118.5243967883j),45.38938226142898,0.025459464703692834,(2375979.9453683756+0j),48.48650519100792,4.377509254278071e-07,(9852.164917522356+0j)
-17.944251850840157,44.11492139402106,0.02906907313803939,(-1192916.0551429493+2241118.5243967883j),44.11492139402106,0.02906907313803939,(-1192916.0551429493-2241118.5243967883j),45.232440380191754,0.025459464703692834,(2375979.9453683756+0j),48.486430034965124,4.377509254278071e-07,(9852.164917522356+0j)
-17.92655689500725,43.98511562527855,0.02906907313803939,(-1192916.0551429493+2241118.5243967883j),43.98511562527855,0.02906907313803939,(-1192916.0551429493-2241118.5243967883j),45.07714164116646,0.025459464703692834,(2375979.9453683756+0j),48.48635297713116,4.377509254278071e-07,(9852.164917522356+0j)
-17.90886193917434,43.856719116622074,0.02906907313803939,(-1192916.0551429493+2241118.5243967883j),43.856719116622074,0.02906907313803939,(-1192916.0551429493-2241118.5243967883j),44.92349295556959,0.025459464703692834,(2375979.9453683756+0j),48.486273944394995,4.377509254278071e-07,(9852.164917522356+0j)
-17.89116698334143,43.729737049435464,0.02906907313803939,(-1192916.0551429493+2241118.5243967883j),43.729737049435464,0.02906907313803939,(-1192916.0551429493-2241118.5243967883j),44.771501262523635,0.025459464703692834,(2375979.9453683756+0j),48.48619285984945,4.377509254278071e-07,(9852.164917522356+0j)
-17.873472027508523,43.60417462350167,0.02906907313803939,(-1192916.0551429493+2241118.5243967883j),43.60417462350167,0.02906907313803939,(-1192916.0551429493-2241118.5243967883j),44.62117352918109,0.025459464703692834,(2375979.9453683756+0j),48.48610964254162,4.377509254278071e-07,(9852.164917522356+0j)
-17.855777071675618,43.48003705707474,0.02906907313803939,(-1192916.0551429493+2241118.5243967883j),43.48003705707474,0.02906907313803939,(-1192916.0551429493-2241118.5243967883j),44.472516750849174,0.025459464703692834,(2375979.9453683756+0j),48.486024207203165,4.377509254278071e-07,(9852.164917522356+0j)
-17.83808211584271,43.3573295869522,0.02906907313803939,(-1192916.0551429493+2241118.5243967883j),43.3573295869522,0.02906907313803939,(-1192916.0551429493-2241118.5243967883j),44.32553795111506,0.025459464703692834,(2375979.9453683756+0j),48.48593646395903,4.377509254278071e-07,(9852.164917522356+0j)
-17.8203871600098,43.23605746854765,0.02906907313803939,(-1192916.0551429493+2241118.5243967883j),43.23605746854765,0.02906907313803939,(-1192916.0551429493-2241118.5243967883j),44.18024418197182,0.025459464703692834,(2375979.9453683756+0j),48.48584631801197,4.377509254278071e-07,(9852.164917522356+0j)
-17.802692204176893,43.1162259759638,0.02906907313803939,(-1192916.0551429493+2241118.5243967883j),43.1162259759638,0.02906907313803939,(-1192916.0551429493-2241118.5243967883j),44.036642523944955,0.025459464703692834,(2375979.9453683756+0j),48.48575366930094,4.377509254278071e-07,(9852.164917522356+0j)
-17.784997248343984,42.99784040206574,0.02906907313803939,(-1192916.0551429493+2241118.5243967883j),42.99784040206574,0.02906907313803939,(-1192916.0551429493-2241118.5243967883j),43.89474008621955,0.025459464703692834,(2375979.9453683756+0j),48.485658412130604,4.377509254278071e-07,(9852.164917522356+0j)
-17.767302292511076,42.88090605855454,0.02906907313803939,(-1192916.0551429493+2241118.5243967883j),42.88090605855454,0.02906907313803939,(-1192916.0551429493-2241118.5243967883j),43.75454400676811,0.025459464703692834,(2375979.9453683756+0j),48.48556043476911,4.377509254278071e-07,(9852.164917522356+0j)
-17.749607336678164,42.765428276041234,0.02906907313803939,(-1192916.0551429493+2241118.5243967883j),42.765428276041234,0.02906907313803939,(-1192916.0551429493-2241118.5243967883j),43.61606145247896,0.025459464703692834,(2375979.9453683756+0j),48.48545961901085,4.377509254278071e-07,(9852.164917522356+0j)
-17.73191238084526,42.65141240412106,0.02906907313803939,(-1192916.0551429493+2241118.5243967883j),42.65141240412106,0.02906907313803939,(-1192916.0551429493-2241118.5243967883j),43.479299619285406,0.025459464703692834,(2375979.9453683756+0j),48.485355839700745,4.377509254278071e-07,(9852.164917522356+0j)
-17.71421742501235,42.538863811448046,0.02906907313803939,(-1192916.0551429493+2241118.5243967883j),42.538863811448046,0.02906907313803939,(-1192916.0551429493-2241118.5243967883j),43.3442657322954,0.025459464703692834,(2375979.9453683756+0j),48.48524896421592,4.377509254278071e-07,(9852.164917522356+0j)
-17.696522469179442,42.427787885809984,0.02906907313803939,(-1192916.0551429493+2241118.5243967883j),42.427787885809984,0.02906907313803939,(-1192916.0551429493-2241118.5243967883j),43.21096704592195,0.025459464703692834,(2375979.9453683756+0j),48.485138851900274,4.377509254278071e-07,(9852.164917522356+0j)
-17.678827513346533,42.31819003420364,0.02906907313803939,(-1192916.0551429493+2241118.5243967883j),42.31819003420364,0.02906907313803939,(-1192916.0551429493-2241118.5243967883j),43.079410844014184,0.025459464703692834,(2375979.9453683756+0j),48.48502535344686,4.377509254278071e-07,(9852.164917522356+0j)
-17.661132557513625,42.21007568291034,0.02906907313803939,(-1192916.0551429493+2241118.5243967883j),42.21007568291034,0.02906907313803939,(-1192916.0551429493-2241118.5243967883j),42.949604439989024,0.025459464703692834,(2375979.9453683756+0j),48.48490831022247,4.377509254278071e-07,(9852.164917522356+0j)
-17.643437601680716,42.10345027757194,0.02906907313803939,(-1192916.0551429493+2241118.5243967883j),42.10345027757194,0.02906907313803939,(-1192916.0551429493-2241118.5243967883j),42.82155517696351,0.025459464703692834,(2375979.9453683756+0j),48.4847875535279,4.377509254278071e-07,(9852.164917522356+0j)
-17.625742645847808,41.99831928326701,0.02906907313803939,(-1192916.0551429493+2241118.5243967883j),41.99831928326701,0.02906907313803939,(-1192916.0551429493-2241118.5243967883j),42.6952704278879,0.025459464703692834,(2375979.9453683756+0j),48.48466290378659,4.377509254278071e-07,(9852.164917522356+0j)
-17.6080476900149,41.89468818458751,0.02906907313803939,(-1192916.0551429493+2241118.5243967883j),41.89468818458751,0.02906907313803939,(-1192916.0551429493-2241118.5243967883j),42.57075759567929,0.025459464703692834,(2375979.9453683756+0j),48.48453416965368,4.377509254278071e-07,(9852.164917522356+0j)
-17.590352734181995,41.792562485715656,0.02906907313803939,(-1192916.0551429493+2241118.5243967883j),41.792562485715656,0.02906907313803939,(-1192916.0551429493-2241118.5243967883j),42.44802411335603,0.025459464703692834,(2375979.9453683756+0j),48.484401147035825,4.377509254278071e-07,(9852.164917522356+0j)
-17.572657778349086,41.69194771050124,0.02906907313803939,(-1192916.0551429493+2241118.5243967883j),41.69194771050124,0.02906907313803939,(-1192916.0551429493-2241118.5243967883j),42.327077444172716,0.025459464703692834,(2375979.9453683756+0j),48.48426361801158,4.377509254278071e-07,(9852.164917522356+0j)
-17.554962822516178,41.5928494025392,0.02906907313803939,(-1192916.0551429493+2241118.5243967883j),41.5928494025392,0.02906907313803939,(-1192916.0551429493-2241118.5243967883j),42.20792508175597,0.025459464703692834,(2375979.9453683756+0j),48.48412134964005,4.377509254278071e-07,(9852.164917522356+0j)
-17.53726786668327,41.495273125247635,0.02906907313803939,(-1192916.0551429493+2241118.5243967883j),41.495273125247635,0.02906907313803939,(-1192916.0551429493-2241118.5243967883j),42.09057455024075,0.025459464703692834,(2375979.9453683756+0j),48.4839740926442,4.377509254278071e-07,(9852.164917522356+0j)
-17.51957291085036,41.39922446194606,0.02906907313803939,(-1192916.0551429493+2241118.5243967883j),41.39922446194606,0.02906907313803939,(-1192916.0551429493-2241118.5243967883j),41.97503340440756,0.025459464703692834,(2375979.9453683756+0j),48.48382157995336,4.377509254278071e-07,(9852.164917522356+0j)
-17.501877955017452,41.304709015934094,0.02906907313803939,(-1192916.0551429493+2241118.5243967883j),41.304709015934094,0.02906907313803939,(-1192916.0551429493-2241118.5243967883j),41.86130922982013,0.025459464703692834,(2375979.9453683756+0j),48.48366352508657,4.377509254278071e-07,(9852.164917522356+0j)
-17.484182999184544,41.21173241057045,0.02906907313803939,(-1192916.0551429493+2241118.5243967883j),41.21173241057045,0.02906907313803939,(-1192916.0551429493-2241118.5243967883j),41.74940964296395,0.025459464703692834,(2375979.9453683756+0j),48.48349962035668,4.377509254278071e-07,(9852.164917522356+0j)
-17.46648804335164,41.12030028935225,0.02906907313803939,(-1192916.0551429493+2241118.5243967883j),41.12030028935225,0.02906907313803939,(-1192916.0551429493-2241118.5243967883j),41.639342291385425,0.025459464703692834,(2375979.9453683756+0j),48.48332953487112,4.377509254278071e-07,(9852.164917522356+0j)
-17.44879308751873,41.03041831599482,0.02906907313803939,(-1192916.0551429493+2241118.5243967883j),41.03041831599482,0.02906907313803939,(-1192916.0551429493-2241118.5243967883j),41.53111485383177,0.025459464703692834,(2375979.9453683756+0j),48.483152912302174,4.377509254278071e-07,(9852.164917522356+0j)
-17.431098131685822,40.942092174511664,0.02906907313803939,(-1192916.0551429493+2241118.5243967883j),40.942092174511664,0.02906907313803939,(-1192916.0551429493-2241118.5243967883j),41.42473504039156,0.025459464703692834,(2375979.9453683756+0j),48.48296936839522,4.377509254278071e-07,(9852.164917522356+0j)
-17.413403175852913,40.855327569294914,0.02906907313803939,(-1192916.0551429493+2241118.5243967883j),40.855327569294914,0.02906907313803939,(-1192916.0551429493-2241118.5243967883j),41.32021059263612,0.025459464703692834,(2375979.9453683756+0j),48.48277848817803,4.377509254278071e-07,(9852.164917522356+0j)
-17.395708220020005,40.770130225196105,0.02906907313803939,(-1192916.0551429493+2241118.5243967883j),40.770130225196105,0.02906907313803939,(-1192916.0551429493-2241118.5243967883j),41.21754928376142,0.025459464703692834,(2375979.9453683756+0j),48.482579822828775,4.377509254278071e-07,(9852.164917522356+0j)
-17.378013264187093,40.68650588760729,0.02906907313803939,(-1192916.0551429493+2241118.5243967883j),40.68650588760729,0.02906907313803939,(-1192916.0551429493-2241118.5243967883j),41.116758918730895,0.025459464703692834,(2375979.9453683756+0j),48.48237288615269,4.377509254278071e-07,(9852.164917522356+0j)
-17.360318308354184,40.60446032254256,0.02906907313803939,(-1192916.0551429493+2241118.5243967883j),40.60446032254256,0.02906907313803939,(-1192916.0551429493-2241118.5243967883j),41.01784733441885,0.025459464703692834,(2375979.9453683756+0j),48.4821571506094,4.377509254278071e-07,(9852.164917522356+0j)
-17.342623352521276,40.52399931671989,0.02906907313803939,(-1192916.0551429493+2241118.5243967883j),40.52399931671989,0.02906907313803939,(-1192916.0551429493-2241118.5243967883j),40.92082239975469,0.025459464703692834,(2375979.9453683756+0j),48.48193204282244,4.377509254278071e-07,(9852.164917522356+0j)
-17.32492839668837,40.44512867764333,0.02906907313803939,(-1192916.0551429493+2241118.5243967883j),40.44512867764333,0.02906907313803939,(-1192916.0551429493-2241118.5243967883j),40.82569201586781,0.025459464703692834,(2375979.9453683756+0j),48.48169693849057,4.377509254278071e-07,(9852.164917522356+0j)
-17.307233440855462,40.36785423368568,0.02906907313803939,(-1192916.0551429493+2241118.5243967883j),40.36785423368568,0.02906907313803939,(-1192916.0551429493-2241118.5243967883j),40.73246411623323,0.025459464703692834,(2375979.9453683756+0j),48.481451156605736,4.377509254278071e-07,(9852.164917522356+0j)
-17.289538485022554,40.29218183417134,0.02906907313803939,(-1192916.0551429493+2241118.5243967883j),40.29218183417134,0.02906907313803939,(-1192916.0551429493-2241118.5243967883j),40.641146666818045,0.025459464703692834,(2375979.9453683756+0j),48.481193952864906,4.377509254278071e-07,(9852.164917522356+0j)
-17.271843529189645,40.218117349459696,0.02906907313803939,(-1192916.0551429493+2241118.5243967883j),40.218117349459696,0.02906907313803939,(-1192916.0551429493-2241118.5243967883j),40.55174766622848,0.025459464703692834,(2375979.9453683756+0j),48.48092451214171,4.377509254278071e-07,(9852.164917522356+0j)
-17.254148573356737,40.14566667102884,0.02906907313803939,(-1192916.0551429493+2241118.5243967883j),40.14566667102884,0.02906907313803939,(-1192916.0551429493-2241118.5243967883j),40.46427514585785,0.025459464703692834,(2375979.9453683756+0j),48.480641939857165,4.377509254278071e-07,(9852.164917522356+0j)
-17.23645361752383,40.0748357115596,0.02906907313803939,(-1192916.0551429493+2241118.5243967883j),40.0748357115596,0.02906907313803939,(-1192916.0551429493-2241118.5243967883j),40.37873717003515,0.025459464703692834,(2375979.9453683756+0j),48.48034525205735,4.377509254278071e-07,(9852.164917522356+0j)
-17.21875866169092,40.00563040502002,0.02906907313803939,(-1192916.0551429493+2241118.5243967883j),40.00563040502002,0.02906907313803939,(-1192916.0551429493-2241118.5243967883j),40.295141836174466,0.025459464703692834,(2375979.9453683756+0j),48.480033363965966,4.377509254278071e-07,(9852.164917522356+0j)
-17.201063705858015,39.93805670675015,0.02906907313803939,(-1192916.0551429493+2241118.5243967883j),39.93805670675015,0.02906907313803939,(-1192916.0551429493-2241118.5243967883j),40.213497274925125,0.025459464703692834,(2375979.9453683756+0j),48.479705076731214,4.377509254278071e-07,(9852.164917522356+0j)
-17.183368750025107,39.872120593547336,0.02906907313803939,(-1192916.0551429493+2241118.5243967883j),39.872120593547336,0.02906907313803939,(-1192916.0551429493-2241118.5243967883j),40.133811650322635,0.025459464703692834,(2375979.9453683756+0j),48.47935906202559,4.377509254278071e-07,(9852.164917522356+0j)
-17.165673794192198,39.8078280637517,0.02906907313803939,(-1192916.0551429493+2241118.5243967883j),39.8078280637517,0.02906907313803939,(-1192916.0551429493-2241118.5243967883j),40.05609315994034,0.025459464703692834,(2375979.9453683756+0j),48.47899384408171,4.377509254278071e-07,(9852.164917522356+0j)
-17.14797883835929,39.745185137332214,0.02906907313803939,(-1192916.0551429493+2241118.5243967883j),39.745185137332214,0.02906907313803939,(-1192916.0551429493-2241118.5243967883j),39.98035003504192,0.025459464703692834,(2375979.9453683756+0j),48.478607778651806,4.377509254278071e-07,(9852.164917522356+0j)
-17.13028388252638,39.68419785597299,0.02906907313803939,(-1192916.0551429493+2241118.5243967883j),39.68419785597299,0.02906907313803939,(-1192916.0551429493-2241118.5243967883j),39.90659054073462,0.025459464703692834,(2375979.9453683756+0j),48.478199028258196,4.377509254278071e-07,(9852.164917522356+0j)
-17.112588926693473,39.62487228316008,0.02906907313803939,(-1192916.0551429493+2241118.5243967883j),39.62487228316008,0.02906907313803939,(-1192916.0551429493-2241118.5243967883j),39.83482297612326,0.025459464703692834,(2375979.9453683756+0j),48.477765532948965,4.377509254278071e-07,(9852.164917522356+0j)
-17.094893970860564,39.56721450426856,0.02906907313803939,(-1192916.0551429493+2241118.5243967883j),39.56721450426856,0.02906907313803939,(-1192916.0551429493-2241118.5243967883j),39.7650556744651,0.025459464703692834,(2375979.9453683756+0j),48.47730497557661,4.377509254278071e-07,(9852.164917522356+0j)
-17.077199015027656,39.511230626650125,0.02906907313803939,(-1192916.0551429493+2241118.5243967883j),39.511230626650125,0.02906907313803939,(-1192916.0551429493-2241118.5243967883j),39.6972970033254,0.025459464703692834,(2375979.9453683756+0j),48.476814740364595,4.377509254278071e-07,(9852.164917522356+0j)
-17.05950405919475,39.45692677972092,0.02906907313803939,(-1192916.0551429493+2241118.5243967883j),39.45692677972092,0.02906907313803939,(-1192916.0551429493-2241118.5243967883j),39.63155536473383,0.025459464703692834,(2375979.9453683756+0j),48.47629186319727,4.377509254278071e-07,(9852.164917522356+0j)
-17.04180910336184,39.40430911504995,0.02906907313803939,(-1192916.0551429493+2241118.5243967883j),39.40430911504995,0.02906907313803939,(-1192916.0551429493-2241118.5243967883j),39.56783919534171,0.025459464703692834,(2375979.9453683756+0j),48.47573297163833,4.377509254278071e-07,(9852.164917522356+0j)
-17.02411414752893,39.35338380644773,0.02906907313803939,(-1192916.0551429493+2241118.5243967883j),39.35338380644773,0.02906907313803939,(-1192916.0551429493-2241118.5243967883j),39.50615696657999,0.025459464703692834,(2375979.9453683756+0j),48.47513421211292,4.377509254278071e-07,(9852.164917522356+0j)
-17.006419191696022,39.30415705005543,0.02906907313803939,(-1192916.0551429493+2241118.5243967883j),39.30415705005543,0.02906907313803939,(-1192916.0551429493-2241118.5243967883j),39.446517184818056,0.025459464703692834,(2375979.9453683756+0j),48.47449116093032,4.377509254278071e-07,(9852.164917522356+0j)
-16.988724235863113,39.256635064434384,0.02906907313803939,(-1192916.0551429493+2241118.5243967883j),39.256635064434384,0.02906907313803939,(-1192916.0551429493-2241118.5243967883j),39.38892839152344,0.025459464703692834,(2375979.9453683756+0j),48.47379871480268,4.377509254278071e-07,(9852.164917522356+0j)
-16.971029280030205,39.210824090656,0.02906907313803939,(-1192916.0551429493+2241118.5243967883j),39.210824090656,0.02906907313803939,(-1192916.0551429493-2241118.5243967883j),39.33339916342221,0.025459464703692834,(2375979.9453683756+0j),48.47305095512719,4.377509254278071e-07,(9852.164917522356+0j)
-16.953334324197296,39.16673039239209,0.02906907313803939,(-1192916.0551429493+2241118.5243967883j),39.16673039239209,0.02906907313803939,(-1192916.0551429493-2241118.5243967883j),39.27993811266025,0.025459464703692834,(2375979.9453683756+0j),48.47224097839132,4.377509254278071e-07,(9852.164917522356+0j)
-16.93563936836439,39.12436025600561,0.02906907313803939,(-1192916.0551429493+2241118.5243967883j),39.12436025600561,0.02906907313803939,(-1192916.0551429493-2241118.5243967883j),39.22855388696543,0.025459464703692834,(2375979.9453683756+0j),48.47136068240717,4.377509254278071e-07,(9852.164917522356+0j)
-16.917944412531483,39.08371999064178,0.02906907313803939,(-1192916.0551429493+2241118.5243967883j),39.08371999064178,0.02906907313803939,(-1192916.0551429493-2241118.5243967883j),39.17925516981049,0.025459464703692834,(2375979.9453683756+0j),48.47040049434454,4.377509254278071e-07,(9852.164917522356+0j)
-16.900249456698575,39.044815928319665,0.02906907313803939,(-1192916.0551429493+2241118.5243967883j),39.044815928319665,0.02906907313803939,(-1192916.0551429493-2241118.5243967883j),39.13205068057687,0.025459464703692834,(2375979.9453683756+0j),48.46934902119619,4.377509254278071e-07,(9852.164917522356+0j)
-16.882554500865666,39.0076544240241,0.02906907313803939,(-1192916.0551429493+2241118.5243967883j),39.0076544240241,0.02906907313803939,(-1192916.0551429493-2241118.5243967883j),39.08694917471931,0.025459464703692834,(2375979.9453683756+0j),48.46819259557735,4.377509254278071e-07,(9852.164917522356+0j)
-16.864859545032758,38.972241855798146,0.02906907313803939,(-1192916.0551429493+2241118.5243967883j),38.972241855798146,0.02906907313803939,(-1192916.0551429493-2241118.5243967883j),39.04395944393134,0.025459464703692834,(2375979.9453683756+0j),48.46691467837326,4.377509254278071e-07,(9852.164917522356+0j)
-16.84716458919985,38.938584624835784,0.02906907313803939,(-1192916.0551429493+2241118.5243967883j),38.938584624835784,0.02906907313803939,(-1192916.0551429493-2241118.5243967883j),39.00309031631162,0.025459464703692834,(2375979.9453683756+0j),48.46549506267954,4.377509254278071e-07,(9852.164917522356+0j)
-16.82946963336694,38.90668915557523,0.02906907313803939,(-1192916.0551429493+2241118.5243967883j),38.90668915557523,0.02906907313803939,(-1192916.0551429493-2241118.5243967883j),38.9643506565311,0.025459464703692834,(2375979.9453683756+0j),48.4639087973932,4.377509254278071e-07,(9852.164917522356+0j)
-16.811774677534032,38.876561895792534,0.02906907313803939,(-1192916.0551429493+2241118.5243967883j),38.876561895792534,0.02906907313803939,(-1192916.0551429493-2241118.5243967883j),38.927749366001116,0.025459464703692834,(2375979.9453683756+0j),48.46212470808566,4.377509254278071e-07,(9852.164917522356+0j)
-16.794079721701127,38.848209316695645,0.02906907313803939,(-1192916.0551429493+2241118.5243967883j),38.848209316695645,0.02906907313803939,(-1192916.0551429493-2241118.5243967883j),38.89329538304226,0.025459464703692834,(2375979.9453683756+0j),48.46010332768741,4.377509254278071e-07,(9852.164917522356+0j)
-16.77638476586822,38.82163791301893,0.02906907313803939,(-1192916.0551429493+2241118.5243967883j),38.82163791301893,0.02906907313803939,(-1192916.0551429493-2241118.5243967883j),38.860997683054215,0.025459464703692834,(2375979.9453683756+0j),48.457793942671834,4.377509254278071e-07,(9852.164917522356+0j)
-16.75868981003531,38.79685420311806,0.02906907313803939,(-1192916.0551429493+2241118.5243967883j),38.79685420311806,0.02906907313803939,(-1192916.0551429493-2241118.5243967883j),38.83086527868643,0.025459464703692834,(2375979.9453683756+0j),48.45513027982667,4.377509254278071e-07,(9852.164917522356+0j)
-16.740994854202402,38.773864729065394,0.02906907313803939,(-1192916.0551429493+2241118.5243967883j),38.773864729065394,0.02906907313803939,(-1192916.0551429493-2241118.5243967883j),38.80290722000966,0.025459464703692834,(2375979.9453683756+0j),48.45202404307273,4.377509254278071e-07,(9852.164917522356+0j)
-16.723299898369493,38.75267605674575,0.02906907313803939,(-1192916.0551429493+2241118.5243967883j),38.75267605674575,0.02906907313803939,(-1192916.0551429493-2241118.5243967883j),38.77713259468839,0.025459464703692834,(2375979.9453683756+0j),48.448354936788775,4.377509254278071e-07,(9852.164917522356+0j)
-16.705604942536585,38.73329477595261,0.02906907313803939,(-1192916.0551429493+2241118.5243967883j),38.73329477595261,0.02906907313803939,(-1192916.0551429493-2241118.5243967883j),38.753550528154236,0.025459464703692834,(2375979.9453683756+0j),48.4439547253124,4.377509254278071e-07,(9852.164917522356+0j)
-16.687909986703673,38.71572750048481,0.02906907313803939,(-1192916.0551429493+2241118.5243967883j),38.71572750048481,0.02906907313803939,(-1192916.0551429493-2241118.5243967883j),38.73217018378014,0.025459464703692834,(2375979.9453683756+0j),48.438580709186354,4.377509254278071e-07,(9852.164917522356+0j)
-16.670215030870768,38.69998086824364,0.02906907313803939,(-1192916.0551429493+2241118.5243967883j),38.69998086824364,0.02906907313803939,(-1192916.0551429493-2241118.5243967883j),38.713000763055526,0.025459464703692834,(2375979.9453683756+0j),48.43186940068613,4.377509254278071e-07,(9852.164917522356+0j)
-16.65252007503786,38.68606154133034,0.02906907313803939,(-1192916.0551429493+2241118.5243967883j),38.68606154133034,0.02906907313803939,(-1192916.0551429493-2241118.5243967883j),38.69605150576234,0.025459464703692834,(2375979.9453683756+0j),48.42325070266973,4.377509254278071e-07,(9852.164917522356+0j)
-16.63482511920495,38.67397620614412,0.02906907313803939,(-1192916.0551429493+2241118.5243967883j),38.67397620614412,0.02906907313803939,(-1192916.0551429493-2241118.5243967883j),38.68133169015206,0.025459464703692834,(2375979.9453683756+0j),48.41177679557606,4.377509254278071e-07,(9852.164917522356+0j)
-16.617130163372043,38.66373157348058,0.02906907313803939,(-1192916.0551429493+2241118.5243967883j),38.66373157348058,0.02906907313803939,(-1192916.0551429493-2241118.5243967883j),38.66885063312352,0.025459464703692834,(2375979.9453683756+0j),48.39574720736323,4.377509254278071e-07,(9852.164917522356+0j)
-16.599435207539134,38.6553343786306,0.02906907313803939,(-1192916.0551429493+2241118.5243967883j),38.6553343786306,0.02906907313803939,(-1192916.0551429493-2241118.5243967883j),38.65861769040178,0.025459464703692834,(2375979.9453683756+0j),48.371776681106454,4.377509254278071e-07,(9852.164917522356+0j)
-16.581740251706226,38.64879138147964,0.02906907313803939,(-1192916.0551429493+2241118.5243967883j),38.64879138147964,0.02906907313803939,(-1192916.0551429493-2241118.5243967883j),38.650642256717866,0.025459464703692834,(2375979.9453683756+0j),48.332021680479535,4.377509254278071e-07,(9852.164917522356+0j)
-16.564045295873317,38.64410936660757,0.02906907313803939,(-1192916.0551429493+2241118.5243967883j),38.64410936660757,0.02906907313803939,(-1192916.0551429493-2241118.5243967883j),38.64493376598941,0.025459464703692834,(2375979.9453683756+0j),48.25323904666496,4.377509254278071e-07,(9852.164917522356+0j)
-16.54635034004041,38.64129514338886,0.02906907313803939,(-1192916.0551429493+2241118.5243967883j),38.64129514338886,0.02906907313803939,(-1192916.0551429493-2241118.5243967883j),38.641501691502306,0.025459464703692834,(2375979.9453683756+0j),48.022570148645926,4.377509254278071e-07,(9852.164917522356+0j)
-16.528655384207504,38.6403555460933,0.02906907313803939,(-1192916.0551429493+2241118.5243967883j),38.6403555460933,0.02906907313803939,(-1192916.0551429493-2241118.5243967883j),38.6403555460933,0.025459464703692834,(2375979.9453683756+0j),38.6403555460933,4.377509254278071e-07,(9852.164917522356+0j)
-16.528655384207504,37.968190972623454,0.04162639814802567,(-1455124.1093851798+2666961.9816719657j),37.968190972623454,0.04162639814802567,(-1455124.1093851798-2666961.9816719657j),38.640355546093296,0.038048931470938456,(2904620.305120838+0j),38.6403555460933,1.4284287332786906e-07,(5627.913649524856+0j)
-16.510960428374595,37.872562463012564,0.04162639814802567,(-1455124.1093851798+2666961.9816719657j),37.872562463012564,0.04162639814802567,(-1455124.1093851798-2666961.9816719657j),38.53215908578267,0.038048931470938456,(2904620.305120838+0j),38.640346183019005,1.4284287332786906e-07,(5627.913649524856+0j)
-16.493265472541687,37.77778884496217,0.04162639814802567,(-1455124.1093851798+2666961.9816719657j),37.77778884496217,0.04162639814802567,(-1455124.1093851798-2666961.9816719657j),38.42491806534735,0.038048931470938456,(2904620.305120838+0j),38.64033662691572,1.4284287332786906e-07,(5627.913649524856+0j)
-16.47557051670878,37.6838723095525,0.04162639814802567,(-1455124.1093851798+2666961.9816719657j),37.6838723095525,0.04162639814802567,(-1455124.1093851798-2666961.9816719657j),38.31863516608498,0.038048931470938456,(2904620.305120838+0j),38.64032687175206,1.4284287332786906e-07,(5627.913649524856+0j)
-16.45787556087587,37.590815053314614,0.04162639814802567,(-1455124.1093851798+2666961.9816719657j),37.590815053314614,0.04162639814802567,(-1455124.1093851798-2666961.9816719657j),38.21331307657463,0.038048931470938456,(2904620.305120838+0j),38.640316911242714,1.4284287332786906e-07,(5627.913649524856+0j)
-16.44018060504296,37.49861927824537,0.04162639814802567,(-1455124.1093851798+2666961.9816719657j),37.49861927824537,0.04162639814802567,(-1455124.1093851798-2666961.9816719657j),38.108954492698594,0.038048931470938456,(2904620.305120838+0j),38.64030673883493,1.4284287332786906e-07,(5627.913649524856+0j)
-16.422485649210053,37.40728719182246,0.04162639814802567,(-1455124.1093851798+2666961.9816719657j),37.40728719182246,0.04162639814802567,(-1455124.1093851798-2666961.9816719657j),38.00556211766425,0.038048931470938456,(2904620.305120838+0j),38.640296347694175,1.4284287332786906e-07,(5627.913649524856+0j)
-16.404790693377148,37.31682100701943,0.04162639814802567,(-1455124.1093851798+2666961.9816719657j),37.31682100701943,0.04162639814802567,(-1455124.1093851798-2666961.9816719657j),37.90313866202602,0.038048931470938456,(2904620.305120838+0j),38.640285730688774,1.4284287332786906e-07,(5627.913649524856+0j)
-16.38709573754424,37.227222942320786,0.04162639814802567,(-1455124.1093851798+2666961.9816719657j),37.227222942320786,0.04162639814802567,(-1455124.1093851798-2666961.9816719657j),37.801686843707444,0.038048931470938456,(2904620.305120838+0j),38.640274880373646,1.4284287332786906e-07,(5627.913649524856+0j)
-16.369400781711327,37.138495221737166,0.04162639814802567,(-1455124.1093851798+2666961.9816719657j),37.138495221737166,0.04162639814802567,(-1455124.1093851798-2666961.9816719657j),37.701209388023194,0.038048931470938456,(2904620.305120838+0j),38.640263788972845,1.4284287332786906e-07,(5627.913649524856+0j)
-16.35170582587842,37.050640074820535,0.04162639814802567,(-1455124.1093851798+2666961.9816719657j),37.050640074820535,0.04162639814802567,(-1455124.1093851798-2666961.9816719657j),37.6017090277013,0.038048931470938456,(2904620.305120838+0j),38.64025244836099,1.4284287332786906e-07,(5627.913649524856+0j)
-16.33401087004551,36.96365973667939,0.04162639814802567,(-1455124.1093851798+2666961.9816719657j),36.96365973667939,0.04162639814802567,(-1455124.1093851798-2666961.9816719657j),37.5031885029054,0.038048931470938456,(2904620.305120838+0j),38.64024085004341,1.4284287332786906e-07,(5627.913649524856+0j)
-16.316315914212602,36.87755644799408,0.04162639814802567,(-1455124.1093851798+2666961.9816719657j),36.87755644799408,0.04162639814802567,(-1455124.1093851798-2666961.9816719657j),37.405650561257055,0.038048931470938456,(2904620.305120838+0j),38.64022898513495,1.4284287332786906e-07,(5627.913649524856+0j)
-16.298620958379693,36.79233245503217,0.04162639814802567,(-1455124.1093851798+2666961.9816719657j),36.79233245503217,0.04162639814802567,(-1455124.1093851798-2666961.9816719657j),37.30909795785813,0.038048931470938456,(2904620.305120838+0j),38.64021684433724,1.4284287332786906e-07,(5627.913649524856+0j)
-16.28092600254679,36.70799000966373,0.04162639814802567,(-1455124.1093851798+2666961.9816719657j),36.70799000966373,0.04162639814802567,(-1455124.1093851798-2666961.9816719657j),37.21353345531328,0.038048931470938456,(2904620.305120838+0j),38.64020441791438,1.4284287332786906e-07,(5627.913649524856+0j)
-16.26323104671388,36.62453136937689,0.04162639814802567,(-1455124.1093851798+2666961.9816719657j),36.62453136937689,0.04162639814802567,(-1455124.1093851798-2666961.9816719657j),37.11895982375253,0.038048931470938456,(2904620.305120838+0j),38.640191695666964,1.4284287332786906e-07,(5627.913649524856+0j)
-16.24553609088097,36.541958797293226,0.04162639814802567,(-1455124.1093851798+2666961.9816719657j),36.541958797293226,0.04162639814802567,(-1455124.1093851798-2666961.9816719657j),37.02537984085385,0.038048931470938456,(2904620.305120838+0j),38.64017866690409,1.4284287332786906e-07,(5627.913649524856+0j)
-16.227841135048063,36.460274562183336,0.04162639814802567,(-1455124.1093851798+2666961.9816719657j),36.460274562183336,0.04162639814802567,(-1455124.1093851798-2666961.9816719657j),36.932796291865884,0.038048931470938456,(2904620.305120838+0j),38.64016532041343,1.4284287332786906e-07,(5627.913649524856+0j)
-16.210146179215155,36.379480938482374,0.04162639814802567,(-1455124.1093851798+2666961.9816719657j),36.379480938482374,0.04162639814802567,(-1455124.1093851798-2666961.9816719657j),36.841211969630734,0.038048931470938456,(2904620.305120838+0j),38.64015164442905,1.4284287332786906e-07,(5627.913649524856+0j)
-16.192451223382246,36.29958020630572,0.04162639814802567,(-1455124.1093851798+2666961.9816719657j),36.29958020630572,0.04162639814802567,(-1455124.1093851798-2666961.9816719657j),36.75062967460681,0.038048931470938456,(2904620.305120838+0j),38.6401376265968,1.4284287332786906e-07,(5627.913649524856+0j)
-16.174756267549338,36.22057465146463,0.04162639814802567,(-1455124.1093851798+2666961.9816719657j),36.22057465146463,0.04162639814802567,(-1455124.1093851798-2666961.9816719657j),36.66105221489175,0.038048931470938456,(2904620.305120838+0j),38.64012325393711,1.4284287332786906e-07,(5627.913649524856+0j)
-16.15706131171643,36.14246656548194,0.04162639814802567,(-1455124.1093851798+2666961.9816719657j),36.14246656548194,0.04162639814802567,(-1455124.1093851798-2666961.9816719657j),36.57248240624544,0.038048931470938456,(2904620.305120838+0j),38.64010851280489,1.4284287332786906e-07,(5627.913649524856+0j)
-16.139366355883524,36.06525824560787,0.04162639814802567,(-1455124.1093851798+2666961.9816719657j),36.06525824560787,0.04162639814802567,(-1455124.1093851798-2666961.9816719657j),36.48492307211313,0.038048931470938456,(2904620.305120838+0j),38.64009338884633,1.4284287332786906e-07,(5627.913649524856+0j)
-16.121671400050616,35.98895199483582,0.04162639814802567,(-1455124.1093851798+2666961.9816719657j),35.98895199483582,0.04162639814802567,(-1455124.1093851798-2666961.9816719657j),36.39837704364855,0.038048931470938456,(2904620.305120838+0j),38.64007786695226,1.4284287332786906e-07,(5627.913649524856+0j)
-16.103976444217707,35.91355012191822,0.04162639814802567,(-1455124.1093851798+2666961.9816719657j),35.91355012191822,0.04162639814802567,(-1455124.1093851798-2666961.9816719657j),36.31284715973718,0.038048931470938456,(2904620.305120838+0j),38.64006193120783,1.4284287332786906e-07,(5627.913649524856+0j)
-16.0862814883848,35.83905494138249,0.04162639814802567,(-1455124.1093851798+2666961.9816719657j),35.83905494138249,0.04162639814802567,(-1455124.1093851798-2666961.9816719657j),36.22833626701959,0.038048931470938456,(2904620.305120838+0j),38.64004556483809,1.4284287332786906e-07,(5627.913649524856+0j)
-16.06858653255189,35.765468773546985,0.04162639814802567,(-1455124.1093851798+2666961.9816719657j),35.765468773546985,0.04162639814802567,(-1455124.1093851798-2666961.9816719657j),36.14484721991481,0.038048931470938456,(2904620.305120838+0j),38.640028750149014,1.4284287332786906e-07,(5627.913649524856+0j)
-16.050891576718982,35.692793944536994,0.04162639814802567,(-1455124.1093851798+2666961.9816719657j),35.692793944536994,0.04162639814802567,(-1455124.1093851798-2666961.9816719657j),36.062382880643824,0.038048931470938456,(2904620.305120838+0j),38.64001146846379,1.4284287332786906e-07,(5627.913649524856+0j)
-16.03319662088607,35.621032786300816,0.04162639814802567,(-1455124.1093851798+2666961.9816719657j),35.621032786300816,0.04162639814802567,(-1455124.1093851798-2666961.9816719657j),35.98094611925316,0.038048931470938456,(2904620.305120838+0j),38.63999370005354,1.4284287332786906e-07,(5627.913649524856+0j)
-16.015501665053165,35.550187636625886,0.04162639814802567,(-1455124.1093851798+2666961.9816719657j),35.550187636625886,0.04162639814802567,(-1455124.1093851798-2666961.9816719657j),35.900539813638474,0.038048931470938456,(2904620.305120838+0j),38.63997542406223,1.4284287332786906e-07,(5627.913649524856+0j)
-15.997806709220255,35.48026083915494,0.04162639814802567,(-1455124.1093851798+2666961.9816719657j),35.48026083915494,0.04162639814802567,(-1455124.1093851798-2666961.9816719657j),35.821166849568336,0.038048931470938456,(2904620.305120838+0j),38.639956618424996,1.4284287332786906e-07,(5627.913649524856+0j)
-15.980111753387348,35.411254743402196,0.04162639814802567,(-1455124.1093851798+2666961.9816719657j),35.411254743402196,0.04162639814802567,(-1455124.1093851798-2666961.9816719657j),35.74283012070797,0.038048931470938456,(2904620.305120838+0j),38.63993725977927,1.4284287332786906e-07,(5627.913649524856+0j)
-15.96241679755444,35.34317170476968,0.04162639814802567,(-1455124.1093851798+2666961.9816719657j),35.34317170476968,0.04162639814802567,(-1455124.1093851798-2666961.9816719657j),35.66553252864319,0.038048931470938456,(2904620.305120838+0j),38.639917323367946,1.4284287332786906e-07,(5627.913649524856+0j)
-15.944721841721531,35.27601408456347,0.04162639814802567,(-1455124.1093851798+2666961.9816719657j),35.27601408456347,0.04162639814802567,(-1455124.1093851798-2666961.9816719657j),35.58927698290433,0.038048931470938456,(2904620.305120838+0j),38.63989678293377,1.4284287332786906e-07,(5627.913649524856+0j)
-15.927026885888623,35.20978425001014,0.04162639814802567,(-1455124.1093851798+2666961.9816719657j),35.20978425001014,0.04162639814802567,(-1455124.1093851798-2666961.9816719657j),35.5140664009903,0.038048931470938456,(2904620.305120838+0j),38.63987561060395,1.4284287332786906e-07,(5627.913649524856+0j)
-15.909331930055716,35.1444845742731,0.04162639814802567,(-1455124.1093851798+2666961.9816719657j),35.1444845742731,0.04162639814802567,(-1455124.1093851798-2666961.9816719657j),35.43990370839273,0.038048931470938456,(2904620.305120838+0j),38.639853776764,1.4284287332786906e-07,(5627.913649524856+0j)
-15.891636974222807,35.08011743646913,0.04162639814802567,(-1455124.1093851798+2666961.9816719657j),35.08011743646913,0.04162639814802567,(-1455124.1093851798-2666961.9816719657j),35.36679183862013,0.038048931470938456,(2904620.305120838+0j),38.639831249919474,1.4284287332786906e-07,(5627.913649524856+0j)
-15.873942018389899,35.01668522168487,0.04162639814802567,(-1455124.1093851798+2666961.9816719657j),35.01668522168487,0.04162639814802567,(-1455124.1093851798-2666961.9816719657j),35.29473373322223,0.038048931470938456,(2904620.305120838+0j),38.63980799654445,1.4284287332786906e-07,(5627.913649524856+0j)
-15.85624706255699,34.954190320993376,0.04162639814802567,(-1455124.1093851798+2666961.9816719657j),34.954190320993376,0.04162639814802567,(-1455124.1093851798-2666961.9816719657j),35.22373234181435,0.038048931470938456,(2904620.305120838+0j),38.639783980915006,1.4284287332786906e-07,(5627.913649524856+0j)
-15.838552106724084,34.892635131470804,0.04162639814802567,(-1455124.1093851798+2666961.9816719657j),34.892635131470804,0.04162639814802567,(-1455124.1093851798-2666961.9816719657j),35.15379062210184,0.038048931470938456,(2904620.305120838+0j),38.63975916492611,1.4284287332786906e-07,(5627.913649524856+0j)
-15.820857150891175,34.832022056213,0.04162639814802567,(-1455124.1093851798+2666961.9816719657j),34.832022056213,0.04162639814802567,(-1455124.1093851798-2666961.9816719657j),35.0849115399046,0.038048931470938456,(2904620.305120838+0j),38.63973350788988,1.4284287332786906e-07,(5627.913649524856+0j)
-15.803162195058267,34.7723535043523,0.04162639814802567,(-1455124.1093851798+2666961.9816719657j),34.7723535043523,0.04162639814802567,(-1455124.1093851798-2666961.9816719657j),35.017098069181785,0.038048931470938456,(2904620.305120838+0j),38.63970696631293,1.4284287332786906e-07,(5627.913649524856+0j)
-15.785467239225358,34.71363189107429,0.04162639814802567,(-1455124.1093851798+2666961.9816719657j),34.71363189107429,0.04162639814802567,(-1455124.1093851798-2666961.9816719657j),34.95035319205639,0.038048931470938456,(2904620.305120838+0j),38.6396794936504,1.4284287332786906e-07,(5627.913649524856+0j)
-15.767772283392452,34.655859637634606,0.04162639814802567,(-1455124.1093851798+2666961.9816719657j),34.655859637634606,0.04162639814802567,(-1455124.1093851798-2666961.9816719657j),34.884679898840155,0.038048931470938456,(2904620.305120838+0j),38.63965104003347,1.4284287332786906e-07,(5627.913649524856+0j)
-15.750077327559543,34.59903917137585,0.04162639814802567,(-1455124.1093851798+2666961.9816719657j),34.59903917137585,0.04162639814802567,(-1455124.1093851798-2666961.9816719657j),34.8200811880584,0.038048931470938456,(2904620.305120838+0j),38.63962155196733,1.4284287332786906e-07,(5627.913649524856+0j)
-15.732382371726631,34.54317292574454,0.04162639814802567,(-1455124.1093851798+2666961.9816719657j),34.54317292574454,0.04162639814802567,(-1455124.1093851798-2666961.9816719657j),34.756560066474954,0.038048931470938456,(2904620.305120838+0j),38.639590971995446,1.4284287332786906e-07,(5627.913649524856+0j)
-15.714687415893724,34.48826334030806,0.04162639814802567,(-1455124.1093851798+2666961.9816719657j),34.48826334030806,0.04162639814802567,(-1455124.1093851798-2666961.9816719657j),34.69411954911724,0.038048931470938456,(2904620.305120838+0j),38.639559238325965,1.4284287332786906e-07,(5627.913649524856+0j)
-15.696992460060816,34.43431286077173,0.04162639814802567,(-1455124.1093851798+2666961.9816719657j),34.43431286077173,0.04162639814802567,(-1455124.1093851798-2666961.9816719657j),34.63276265930143,0.038048931470938456,(2904620.305120838+0j),38.6395262844149,1.4284287332786906e-07,(5627.913649524856+0j)
-15.679297504227907,34.381323938995905,0.04162639814802567,(-1455124.1093851798+2666961.9816719657j),34.381323938995905,0.04162639814802567,(-1455124.1093851798-2666961.9816719657j),34.57249242865759,0.038048931470938456,(2904620.305120838+0j),38.63949203850038,1.4284287332786906e-07,(5627.913649524856+0j)
-15.661602548394999,34.32929903301311,0.04162639814802567,(-1455124.1093851798+2666961.9816719657j),34.32929903301311,0.04162639814802567,(-1455124.1093851798-2666961.9816719657j),34.51331189715505,0.038048931470938456,(2904620.305120838+0j),38.639456423080965,1.4284287332786906e-07,(5627.913649524856+0j)
-15.643907592562092,34.278240607045255,0.04162639814802567,(-1455124.1093851798+2666961.9816719657j),34.278240607045255,0.04162639814802567,(-1455124.1093851798-2666961.9816719657j),34.45522411312778,0.038048931470938456,(2904620.305120838+0j),38.63941935433014,1.4284287332786906e-07,(5627.913649524856+0j)
-15.626212636729184,34.228151131520896,0.04162639814802567,(-1455124.1093851798+2666961.9816719657j),34.228151131520896,0.04162639814802567,(-1455124.1093851798-2666961.9816719657j),34.39823213329983,0.038048931470938456,(2904620.305120838+0j),38.63938074143759,1.4284287332786906e-07,(5627.913649524856+0j)
-15.608517680896275,34.179033083092534,0.04162639814802567,(-1455124.1093851798+2666961.9816719657j),34.179033083092534,0.04162639814802567,(-1455124.1093851798-2666961.9816719657j),34.34233902281095,0.038048931470938456,(2904620.305120838+0j),38.63934048586648,1.4284287332786906e-07,(5627.913649524856+0j)
-15.590822725063367,34.130888944654,0.04162639814802567,(-1455124.1093851798+2666961.9816719657j),34.130888944654,0.04162639814802567,(-1455124.1093851798-2666961.9816719657j),34.28754785524222,0.038048931470938456,(2904620.305120838+0j),38.63929848051379,1.4284287332786906e-07,(5627.913649524856+0j)
-15.57312776923046,34.08372120535784,0.04162639814802567,(-1455124.1093851798+2666961.9816719657j),34.08372120535784,0.04162639814802567,(-1455124.1093851798-2666961.9816719657j),34.23386171264177,0.038048931470938456,(2904620.305120838+0j),38.63925460875879,1.4284287332786906e-07,(5627.913649524856+0j)
-15.555432813397552,34.037532360632845,0.04162639814802567,(-1455124.1093851798+2666961.9816719657j),34.037532360632845,0.04162639814802567,(-1455124.1093851798-2666961.9816719657j),34.181283685550646,0.038048931470938456,(2904620.305120838+0j),38.63920874338181,1.4284287332786906e-07,(5627.913649524856+0j)
-15.537737857564643,33.99232491220153,0.04162639814802567,(-1455124.1093851798+2666961.9816719657j),33.99232491220153,0.04162639814802567,(-1455124.1093851798-2666961.9816719657j),34.1298168730287,0.038048931470938456,(2904620.305120838+0j),38.6391607453321,1.4284287332786906e-07,(5627.913649524856+0j)
-15.520042901731737,33.94810136809775,0.04162639814802567,(-1455124.1093851798+2666961.9816719657j),33.94810136809775,0.04162639814802567,(-1455124.1093851798-2666961.9816719657j),34.0794643826806,0.038048931470938456,(2904620.305120838+0j),38.63911046231979,1.4284287332786906e-07,(5627.913649524856+0j)
-15.502347945898828,33.904864242684354,0.04162639814802567,(-1455124.1093851798+2666961.9816719657j),33.904864242684354,0.04162639814802567,(-1455124.1093851798-2666961.9816719657j),34.03022933068195,0.038048931470938456,(2904620.305120838+0j),38.63905772720189,1.4284287332786906e-07,(5627.913649524856+0j)
-15.484652990065918,33.862616056670795,0.04162639814802567,(-1455124.1093851798+2666961.9816719657j),33.862616056670795,0.04162639814802567,(-1455124.1093851798-2666961.9816719657j),33.98211484180542,0.038048931470938456,(2904620.305120838+0j),38.63900235612612,1.4284287332786906e-07,(5627.913649524856+0j)
-15.46695803423301,33.821359337131014,0.04162639814802567,(-1455124.1093851798+2666961.9816719657j),33.821359337131014,0.04162639814802567,(-1455124.1093851798-2666961.9816719657j),33.935124049447104,0.038048931470938456,(2904620.305120838+0j),38.63894414638944,1.4284287332786906e-07,(5627.913649524856+0j)
-15.449263078400103,33.781096617521136,0.04162639814802567,(-1455124.1093851798+2666961.9816719657j),33.781096617521136,0.04162639814802567,(-1455124.1093851798-2666961.9816719657j),33.88926009565281,0.038048931470938456,(2904620.305120838+0j),38.63888287395845,1.4284287332786906e-07,(5627.913649524856+0j)
-15.431568122567194,33.741830437697395,0.04162639814802567,(-1455124.1093851798+2666961.9816719657j),33.741830437697395,0.04162639814802567,(-1455124.1093851798-2666961.9816719657j),33.844526131144534,0.038048931470938456,(2904620.305120838+0j),38.63881829058783,1.4284287332786906e-07,(5627.913649524856+0j)
-15.413873166734286,33.70356334393402,0.04162639814802567,(-1455124.1093851798+2666961.9816719657j),33.70356334393402,0.04162639814802567,(-1455124.1093851798-2666961.9816719657j),33.80092531534704,0.038048931470938456,(2904620.305120838+0j),38.63875012045873,1.4284287332786906e-07,(5627.913649524856+0j)
-15.396178210901377,33.66629788894125,0.04162639814802567,(-1455124.1093851798+2666961.9816719657j),33.66629788894125,0.04162639814802567,(-1455124.1093851798-2666961.9816719657j),33.75846081641444,0.038048931470938456,(2904620.305120838+0j),38.63867805624105,1.4284287332786906e-07,(5627.913649524856+0j)
-15.37848325506847,33.630036631883314,0.04162639814802567,(-1455124.1093851798+2666961.9816719657j),33.630036631883314,0.04162639814802567,(-1455124.1093851798-2666961.9816719657j),33.71713581125702,0.038048931470938456,(2904620.305120838+0j),38.638601754461085,1.4284287332786906e-07,(5627.913649524856+0j)
-15.360788299235562,33.59478213839655,0.04162639814802567,(-1455124.1093851798+2666961.9816719657j),33.59478213839655,0.04162639814802567,(-1455124.1093851798-2666961.9816719657j),33.676953485567935,0.038048931470938456,(2904620.305120838+0j),38.638520830027225,1.4284287332786906e-07,(5627.913649524856+0j)
-15.343093343402654,33.56053698060759,0.04162639814802567,(-1455124.1093851798+2666961.9816719657j),33.56053698060759,0.04162639814802567,(-1455124.1093851798-2666961.9816719657j),33.63791703385022,0.038048931470938456,(2904620.305120838+0j),38.63843484972961,1.4284287332786906e-07,(5627.913649524856+0j)
-15.325398387569745,33.52730373715147,0.04162639814802567,(-1455124.1093851798+2666961.9816719657j),33.52730373715147,0.04162639814802567,(-1455124.1093851798-2666961.9816719657j),33.60002965944377,0.038048931470938456,(2904620.305120838+0j),38.6383433244822,1.4284287332786906e-07,(5627.913649524856+0j)
-15.307703431736837,33.49508499318998,0.04162639814802567,(-1455124.1093851798+2666961.9816719657j),33.49508499318998,0.04162639814802567,(-1455124.1093851798-2666961.9816719657j),33.563294574552394,0.038048931470938456,(2904620.305120838+0j),38.63824570001374,1.4284287332786906e-07,(5627.913649524856+0j)
-15.290008475903928,33.46388334042993,0.04162639814802567,(-1455124.1093851798+2666961.9816719657j),33.46388334042993,0.04162639814802567,(-1455124.1093851798-2666961.9816719657j),33.52771500027112,0.038048931470938456,(2904620.305120838+0j),38.63814134563374,1.4284287332786906e-07,(5627.913649524856+0j)
-15.27231352007102,33.433701377141546,0.04162639814802567,(-1455124.1093851798+2666961.9816719657j),33.433701377141546,0.04162639814802567,(-1455124.1093851798-2666961.9816719657j),33.49329416661334,0.038048931470938456,(2904620.305120838+0j),38.63802954059199,1.4284287332786906e-07,(5627.913649524856+0j)
-15.254618564238113,33.404541708176914,0.04162639814802567,(-1455124.1093851798+2666961.9816719657j),33.404541708176914,0.04162639814802567,(-1455124.1093851798-2666961.9816719657j),33.460035312538295,0.038048931470938456,(2904620.305120838+0j),38.63790945740834,1.4284287332786906e-07,(5627.913649524856+0j)
-15.236923608405204,33.37640694498844,0.04162639814802567,(-1455124.1093851798+2666961.9816719657j),33.37640694498844,0.04162639814802567,(-1455124.1093851798-2666961.9816719657j),33.42794168597853,0.038048931470938456,(2904620.305120838+0j),38.63778014135733,1.4284287332786906e-07,(5627.913649524856+0j)
-15.219228652572296,33.34929970564745,0.04162639814802567,(-1455124.1093851798+2666961.9816719657j),33.34929970564745,0.04162639814802567,(-1455124.1093851798-2666961.9816719657j),33.39701654386743,0.038048931470938456,(2904620.305120838+0j),38.63764048503133,1.4284287332786906e-07,(5627.913649524856+0j)
-15.201533696739387,33.32322261486275,0.04162639814802567,(-1455124.1093851798+2666961.9816719657j),33.32322261486275,0.04162639814802567,(-1455124.1093851798-2666961.9816719657j),33.36726315216692,0.038048931470938456,(2904620.305120838+0j),38.637489196547925,1.4284287332786906e-07,(5627.913649524856+0j)
-15.18383874090648,33.298178303999315,0.04162639814802567,(-1455124.1093851798+2666961.9816719657j),33.298178303999315,0.04162639814802567,(-1455124.1093851798-2666961.9816719657j),33.3386847858952,0.038048931470938456,(2904620.305120838+0j),38.63732475946771,1.4284287332786906e-07,(5627.913649524856+0j)
-15.16614378507357,33.27416941109704,0.04162639814802567,(-1455124.1093851798+2666961.9816719657j),33.27416941109704,0.04162639814802567,(-1455124.1093851798-2666961.9816719657j),33.31128472915464,0.038048931470938456,(2904620.305120838+0j),38.63714538178675,1.4284287332786906e-07,(5627.913649524856+0j)
-15.148448829240662,33.25119858088947,0.04162639814802567,(-1455124.1093851798+2666961.9816719657j),33.25119858088947,0.04162639814802567,(-1455124.1093851798-2666961.9816719657j),33.285066275159714,0.038048931470938456,(2904620.305120838+0j),38.6369489303638,1.4284287332786906e-07,(5627.913649524856+0j)
-15.130753873407754,33.22926846482273,0.04162639814802567,(-1455124.1093851798+2666961.9816719657j),33.22926846482273,0.04162639814802567,(-1455124.1093851798-2666961.9816719657j),33.260032726265024,0.038048931470938456,(2904620.305120838+0j),38.6367328456876,1.4284287332786906e-07,(5627.913649524856+0j)
-15.113058917574847,33.20838172107433,0.04162639814802567,(-1455124.1093851798+2666961.9816719657j),33.20838172107433,0.04162639814802567,(-1455124.1093851798-2666961.9816719657j),33.23618739399348,0.038048931470938456,(2904620.305120838+0j),38.63649402974565,1.4284287332786906e-07,(5627.913649524856+0j)
-15.095363961741938,33.1885410145722,0.04162639814802567,(-1455124.1093851798+2666961.9816719657j),33.1885410145722,0.04162639814802567,(-1455124.1093851798-2666961.9816719657j),33.21353359906456,0.038048931470938456,(2904620.305120838+0j),38.636228696541274,1.4284287332786906e-07,(5627.913649524856+0j)
-15.07766900590903,33.169749017013736,0.04162639814802567,(-1455124.1093851798+2666961.9816719657j),33.169749017013736,0.04162639814802567,(-1455124.1093851798-2666961.9816719657j),33.1920746714226,0.038048931470938456,(2904620.305120838+0j),38.63593216988928,1.4284287332786906e-07,(5627.913649524856+0j)
-15.059974050076123,33.1520084068848,0.04162639814802567,(-1455124.1093851798+2666961.9816719657j),33.1520084068848,0.04162639814802567,(-1455124.1093851798-2666961.9816719657j),33.17181395026529,0.038048931470938456,(2904620.305120838+0j),38.635598605442624,1.4284287332786906e-07,(5627.913649524856+0j)
-15.042279094243215,33.135321869478936,0.04162639814802567,(-1455124.1093851798+2666961.9816719657j),33.135321869478936,0.04162639814802567,(-1455124.1093851798-2666961.9816719657j),33.15275478407218,0.038048931470938456,(2904620.305120838+0j),38.63522060161926,1.4284287332786906e-07,(5627.913649524856+0j)
-15.024584138410306,33.119692096916566,0.04162639814802567,(-1455124.1093851798+2666961.9816719657j),33.119692096916566,0.04162639814802567,(-1455124.1093851798-2666961.9816719657j),33.134900530633324,0.038048931470938456,(2904620.305120838+0j),38.63478864392769,1.4284287332786906e-07,(5627.913649524856+0j)
-15.006889182577396,33.10512178816424,0.04162639814802567,(-1455124.1093851798+2666961.9816719657j),33.10512178816424,0.04162639814802567,(-1455124.1093851798-2666961.9816719657j),33.11825455707803,0.038048931470938456,(2904620.305120838+0j),38.634290293066094,1.4284287332786906e-07,(5627.913649524856+0j)
-14.98919422674449,33.09161364905397,0.04162639814802567,(-1455124.1093851798+2666961.9816719657j),33.09161364905397,0.04162639814802567,(-1455124.1093851798-2666961.9816719657j),33.10282023990371,0.038048931470938456,(2904620.305120838+0j),38.63370896748056,1.4284287332786906e-07,(5627.913649524856+0j)
-14.97149927091158,33.07917039230264,0.04162639814802567,(-1455124.1093851798+2666961.9816719657j),33.07917039230264,0.04162639814802567,(-1455124.1093851798-2666961.9816719657j),33.08860096500476,0.038048931470938456,(2904620.305120838+0j),38.6330220625948,1.4284287332786906e-07,(5627.913649524856+0j)
-14.953804315078672,33.067794737531464,0.04162639814802567,(-1455124.1093851798+2666961.9816719657j),33.067794737531464,0.04162639814802567,(-1455124.1093851798-2666961.9816719657j),33.07560012770167,0.038048931470938456,(2904620.305120838+0j),38.632197942943534,1.4284287332786906e-07,(5627.913649524856+0j)
-14.936109359245764,33.05748941128544,0.04162639814802567,(-1455124.1093851798+2666961.9816719657j),33.05748941128544,0.04162639814802567,(-1455124.1093851798-2666961.9816719657j),33.06382113277012,0.038048931470938456,(2904620.305120838+0j),38.631190931757935,1.4284287332786906e-07,(5627.913649524856+0j)
-14.918414403412857,33.048257147052986,0.04162639814802567,(-1455124.1093851798+2666961.9816719657j),33.048257147052986,0.04162639814802567,(-1455124.1093851798-2666961.9816719657j),33.053267394470254,0.038048931470938456,(2904620.305120838+0j),38.62993254842428,1.4284287332786906e-07,(5627.913649524856+0j)
-14.900719447579949,33.040100685285594,0.04162639814802567,(-1455124.1093851798+2666961.9816719657j),33.040100685285594,0.04162639814802567,(-1455124.1093851798-2666961.9816719657j),33.04394233657599,0.038048931470938456,(2904620.305120838+0j),38.62831524817568,1.4284287332786906e-07,(5627.913649524856+0j)
-14.88302449174704,33.03302277341746,0.04162639814802567,(-1455124.1093851798+2666961.9816719657j),33.03302277341746,0.04162639814802567,(-1455124.1093851798-2666961.9816719657j),33.03584939240446,0.038048931470938456,(2904620.305120838+0j),38.62615993426078,1.4284287332786906e-07,(5627.913649524856+0j)
-14.865329535914132,33.027026165885296,0.04162639814802567,(-1455124.1093851798+2666961.9816719657j),33.027026165885296,0.04162639814802567,(-1455124.1093851798-2666961.9816719657j),33.02899200484561,0.038048931470938456,(2904620.305120838+0j),38.623144579018735,1.4284287332786906e-07,(5627.913649524856+0j)
-14.847634580081223,33.022113624148176,0.04162639814802567,(-1455124.1093851798+2666961.9816719657j),33.022113624148176,0.04162639814802567,(-1455124.1093851798-2666961.9816719657j),33.023373626391795,0.038048931470938456,(2904620.305120838+0j),38.618626100181736,1.4284287332786906e-07,(5627.913649524856+0j)
-14.829939624248315,33.01828791670736,0.04162639814802567,(-1455124.1093851798+2666961.9816719657j),33.01828791670736,0.04162639814802567,(-1455124.1093851798-2666961.9816719657j),33.01899771916758,0.038048931470938456,(2904620.305120838+0j),38.61110742446843,1.4284287332786906e-07,(5627.913649524856+0j)
-14.812244668415406,33.01555181912631,0.04162639814802567,(-1455124.1093851798+2666961.9816719657j),33.01555181912631,0.04162639814802567,(-1455124.1093851798-2666961.9816719657j),33.01586775495954,0.038048931470938456,(2904620.305120838+0j),38.59611538572164,1.4284287332786906e-07,(5627.913649524856+0j)
-14.7945497125825,33.0139081140507,0.04162639814802567,(-1455124.1093851798+2666961.9816719657j),33.0139081140507,0.04162639814802567,(-1455124.1093851798-2666961.9816719657j),33.01398721524627,0.038048931470938456,(2904620.305120838+0j),38.55149887176686,1.4284287332786906e-07,(5627.913649524856+0j)
-14.776854756749591,33.01335959122844,0.04162639814802567,(-1455124.1093851798+2666961.9816719657j),33.01335959122844,0.04162639814802567,(-1455124.1093851798-2666961.9816719657j),33.01335959122844,0.038048931470938456,(2904620.305120838+0j),33.01335959122844,1.4284287332786906e-07,(5627.913649524856+0j)
-14.776854756749591,32.341195017758594,0.04162639814802583,(-1455124.1093851887+2666961.9816719787j),32.341195017758594,0.04162639814802583,(-1455124.1093851887-2666961.9816719787j),33.01335959122844,0.038048931470938595,(2904620.305120852+0j),33.01335959122844,1.4284287332786622e-07,(5627.913649524817+0j)
-14.759159800916683,32.24556650814771,0.04162639814802583,(-1455124.1093851887+2666961.9816719787j),32.24556650814771,0.04162639814802583,(-1455124.1093851887-2666961.9816719787j),32.90516313091782,0.038048931470938595,(2904620.305120852+0j),33.013350228154145,1.4284287332786622e-07,(5627.913649524817+0j)
-14.741464845083774,32.15079289009732,0.04162639814802583,(-1455124.1093851887+2666961.9816719787j),32.15079289009732,0.04162639814802583,(-1455124.1093851887-2666961.9816719787j),32.797922110482496,0.038048931470938595,(2904620.305120852+0j),33.013340672050866,1.4284287332786622e-07,(5627.913649524817+0j)
-14.723769889250867,32.056876354687645,0.04162639814802583,(-1455124.1093851887+2666961.9816719787j),32.056876354687645,0.04162639814802583,(-1455124.1093851887-2666961.9816719787j),32.691639211220135,0.038048931470938595,(2904620.305120852+0j),33.0133309168872,1.4284287332786622e-07,(5627.913649524817+0j)
-14.706074933417959,31.963819098449765,0.04162639814802583,(-1455124.1093851887+2666961.9816719787j),31.963819098449765,0.04162639814802583,(-1455124.1093851887-2666961.9816719787j),32.58631712170978,0.038048931470938595,(2904620.305120852+0j),33.013320956377854,1.4284287332786622e-07,(5627.913649524817+0j)
-14.68837997758505,31.871623323380526,0.04162639814802583,(-1455124.1093851887+2666961.9816719787j),31.871623323380526,0.04162639814802583,(-1455124.1093851887-2666961.9816719787j),32.48195853783374,0.038048931470938595,(2904620.305120852+0j),33.01331078397007,1.4284287332786622e-07,(5627.913649524817+0j)
-14.67068502175214,31.780291236957613,0.04162639814802583,(-1455124.1093851887+2666961.9816719787j),31.780291236957613,0.04162639814802583,(-1455124.1093851887-2666961.9816719787j),32.37856616279939,0.038048931470938595,(2904620.305120852+0j),33.01330039282931,1.4284287332786622e-07,(5627.913649524817+0j)
-14.652990065919234,31.68982505215458,0.04162639814802583,(-1455124.1093851887+2666961.9816719787j),31.68982505215458,0.04162639814802583,(-1455124.1093851887-2666961.9816719787j),32.27614270716117,0.038048931470938595,(2904620.305120852+0j),33.013289775823914,1.4284287332786622e-07,(5627.913649524817+0j)
-14.635295110086325,31.600226987455937,0.04162639814802583,(-1455124.1093851887+2666961.9816719787j),31.600226987455937,0.04162639814802583,(-1455124.1093851887-2666961.9816719787j),32.17469088884259,0.038048931470938595,(2904620.305120852+0j),33.013278925508786,1.4284287332786622e-07,(5627.913649524817+0j)
-14.617600154253417,31.51149926687232,0.04162639814802583,(-1455124.1093851887+2666961.9816719787j),31.51149926687232,0.04162639814802583,(-1455124.1093851887-2666961.9816719787j),32.07421343315834,0.038048931470938595,(2904620.305120852+0j),33.01326783410798,1.4284287332786622e-07,(5627.913649524817+0j)
-14.599905198420508,31.423644119955682,0.04162639814802583,(-1455124.1093851887+2666961.9816719787j),31.423644119955682,0.04162639814802583,(-1455124.1093851887-2666961.9816719787j),31.97471307283645,0.038048931470938595,(2904620.305120852+0j),33.01325649349613,1.4284287332786622e-07,(5627.913649524817+0j)
-14.582210242587601,31.33666378181454,0.04162639814802583,(-1455124.1093851887+2666961.9816719787j),31.33666378181454,0.04162639814802583,(-1455124.1093851887-2666961.9816719787j),31.876192548040557,0.038048931470938595,(2904620.305120852+0j),33.013244895178545,1.4284287332786622e-07,(5627.913649524817+0j)
-14.564515286754693,31.250560493129235,0.04162639814802583,(-1455124.1093851887+2666961.9816719787j),31.250560493129235,0.04162639814802583,(-1455124.1093851887-2666961.9816719787j),31.778654606392205,0.038048931470938595,(2904620.305120852+0j),33.01323303027009,1.4284287332786622e-07,(5627.913649524817+0j)
-14.546820330921785,31.165336500167317,0.04162639814802583,(-1455124.1093851887+2666961.9816719787j),31.165336500167317,0.04162639814802583,(-1455124.1093851887-2666961.9816719787j),31.68210200299328,0.038048931470938595,(2904620.305120852+0j),33.01322088947237,1.4284287332786622e-07,(5627.913649524817+0j)
-14.529125375088878,31.080994054798886,0.04162639814802583,(-1455124.1093851887+2666961.9816719787j),31.080994054798886,0.04162639814802583,(-1455124.1093851887-2666961.9816719787j),31.586537500448436,0.038048931470938595,(2904620.305120852+0j),33.01320846304952,1.4284287332786622e-07,(5627.913649524817+0j)
-14.51143041925597,30.997535414512047,0.04162639814802583,(-1455124.1093851887+2666961.9816719787j),30.997535414512047,0.04162639814802583,(-1455124.1093851887-2666961.9816719787j),31.491963868887684,0.038048931470938595,(2904620.305120852+0j),33.013195740802104,1.4284287332786622e-07,(5627.913649524817+0j)
-14.49373546342306,30.914962842428388,0.04162639814802583,(-1455124.1093851887+2666961.9816719787j),30.914962842428388,0.04162639814802583,(-1455124.1093851887-2666961.9816719787j),31.398383885989002,0.038048931470938595,(2904620.305120852+0j),33.013182712039224,1.4284287332786622e-07,(5627.913649524817+0j)
-14.476040507590152,30.83327860731849,0.04162639814802583,(-1455124.1093851887+2666961.9816719787j),30.83327860731849,0.04162639814802583,(-1455124.1093851887-2666961.9816719787j),31.30580033700104,0.038048931470938595,(2904620.305120852+0j),33.01316936554856,1.4284287332786622e-07,(5627.913649524817+0j)
-14.458345551757244,30.75248498361753,0.04162639814802583,(-1455124.1093851887+2666961.9816719787j),30.75248498361753,0.04162639814802583,(-1455124.1093851887-2666961.9816719787j),31.214216014765892,0.038048931470938595,(2904620.305120852+0j),33.013155689564186,1.4284287332786622e-07,(5627.913649524817+0j)
-14.440650595924335,30.67258425144088,0.04162639814802583,(-1455124.1093851887+2666961.9816719787j),30.67258425144088,0.04162639814802583,(-1455124.1093851887-2666961.9816719787j),31.123633719741964,0.038048931470938595,(2904620.305120852+0j),33.01314167173194,1.4284287332786622e-07,(5627.913649524817+0j)
-14.422955640091427,30.593578696599792,0.04162639814802583,(-1455124.1093851887+2666961.9816719787j),30.593578696599792,0.04162639814802583,(-1455124.1093851887-2666961.9816719787j),31.034056260026905,0.038048931470938595,(2904620.305120852+0j),33.01312729907225,1.4284287332786622e-07,(5627.913649524817+0j)
-14.405260684258518,30.5154706106171,0.04162639814802583,(-1455124.1093851887+2666961.9816719787j),30.5154706106171,0.04162639814802583,(-1455124.1093851887-2666961.9816719787j),30.945486451380603,0.038048931470938595,(2904620.305120852+0j),33.01311255794003,1.4284287332786622e-07,(5627.913649524817+0j)
-14.387565728425612,30.438262290743033,0.04162639814802583,(-1455124.1093851887+2666961.9816719787j),30.438262290743033,0.04162639814802583,(-1455124.1093851887-2666961.9816719787j),30.85792711724829,0.038048931470938595,(2904620.305120852+0j),33.01309743398147,1.4284287332786622e-07,(5627.913649524817+0j)
-14.369870772592703,30.361956039970977,0.04162639814802583,(-1455124.1093851887+2666961.9816719787j),30.361956039970977,0.04162639814802583,(-1455124.1093851887-2666961.9816719787j),30.77138108878371,0.038048931470938595,(2904620.305120852+0j),33.0130819120874,1.4284287332786622e-07,(5627.913649524817+0j)
-14.352175816759795,30.286554167053378,0.04162639814802583,(-1455124.1093851887+2666961.9816719787j),30.286554167053378,0.04162639814802583,(-1455124.1093851887-2666961.9816719787j),30.685851204872343,0.038048931470938595,(2904620.305120852+0j),33.01306597634298,1.4284287332786622e-07,(5627.913649524817+0j)
-14.334480860926886,30.212058986517654,0.04162639814802583,(-1455124.1093851887+2666961.9816719787j),30.212058986517654,0.04162639814802583,(-1455124.1093851887-2666961.9816719787j),30.60134031215475,0.038048931470938595,(2904620.305120852+0j),33.01304960997323,1.4284287332786622e-07,(5627.913649524817+0j)
-14.31678590509398,30.13847281868215,0.04162639814802583,(-1455124.1093851887+2666961.9816719787j),30.13847281868215,0.04162639814802583,(-1455124.1093851887-2666961.9816719787j),30.517851265049966,0.038048931470938595,(2904620.305120852+0j),33.013032795284154,1.4284287332786622e-07,(5627.913649524817+0j)
-14.299090949261071,30.065797989672156,0.04162639814802583,(-1455124.1093851887+2666961.9816719787j),30.065797989672156,0.04162639814802583,(-1455124.1093851887-2666961.9816719787j),30.435386925778985,0.038048931470938595,(2904620.305120852+0j),33.01301551359892,1.4284287332786622e-07,(5627.913649524817+0j)
-14.281395993428161,29.994036831435977,0.04162639814802583,(-1455124.1093851887+2666961.9816719787j),29.994036831435977,0.04162639814802583,(-1455124.1093851887-2666961.9816719787j),30.353950164388316,0.038048931470938595,(2904620.305120852+0j),33.01299774518867,1.4284287332786622e-07,(5627.913649524817+0j)
-14.263701037595254,29.92319168176105,0.04162639814802583,(-1455124.1093851887+2666961.9816719787j),29.92319168176105,0.04162639814802583,(-1455124.1093851887-2666961.9816719787j),30.273543858773635,0.038048931470938595,(2904620.305120852+0j),33.01297946919737,1.4284287332786622e-07,(5627.913649524817+0j)
-14.246006081762346,29.853264884290102,0.04162639814802583,(-1455124.1093851887+2666961.9816719787j),29.853264884290102,0.04162639814802583,(-1455124.1093851887-2666961.9816719787j),30.194170894703493,0.038048931470938595,(2904620.305120852+0j),33.012960663560136,1.4284287332786622e-07,(5627.913649524817+0j)
-14.228311125929437,29.784258788537365,0.04162639814802583,(-1455124.1093851887+2666961.9816719787j),29.784258788537365,0.04162639814802583,(-1455124.1093851887-2666961.9816719787j),30.115834165843133,0.038048931470938595,(2904620.305120852+0j),33.01294130491441,1.4284287332786622e-07,(5627.913649524817+0j)
-14.210616170096529,29.716175749904842,0.04162639814802583,(-1455124.1093851887+2666961.9816719787j),29.716175749904842,0.04162639814802583,(-1455124.1093851887-2666961.9816719787j),30.038536573778355,0.038048931470938595,(2904620.305120852+0j),33.012921368503086,1.4284287332786622e-07,(5627.913649524817+0j)
-14.192921214263622,29.649018129698643,0.04162639814802583,(-1455124.1093851887+2666961.9816719787j),29.649018129698643,0.04162639814802583,(-1455124.1093851887-2666961.9816719787j),29.962281028039495,0.038048931470938595,(2904620.305120852+0j),33.01290082806891,1.4284287332786622e-07,(5627.913649524817+0j)
-14.175226258430714,29.582788295145306,0.04162639814802583,(-1455124.1093851887+2666961.9816719787j),29.582788295145306,0.04162639814802583,(-1455124.1093851887-2666961.9816719787j),29.88707044612547,0.038048931470938595,(2904620.305120852+0j),33.0128796557391,1.4284287332786622e-07,(5627.913649524817+0j)
-14.157531302597805,29.517488619408265,0.04162639814802583,(-1455124.1093851887+2666961.9816719787j),29.517488619408265,0.04162639814802583,(-1455124.1093851887-2666961.9816719787j),29.81290775352789,0.038048931470938595,(2904620.305120852+0j),33.01285782189914,1.4284287332786622e-07,(5627.913649524817+0j)
-14.139836346764897,29.453121481604295,0.04162639814802583,(-1455124.1093851887+2666961.9816719787j),29.453121481604295,0.04162639814802583,(-1455124.1093851887-2666961.9816719787j),29.739795883755292,0.038048931470938595,(2904620.305120852+0j),33.01283529505461,1.4284287332786622e-07,(5627.913649524817+0j)
-14.12214139093199,29.38968926682003,0.04162639814802583,(-1455124.1093851887+2666961.9816719787j),29.38968926682003,0.04162639814802583,(-1455124.1093851887-2666961.9816719787j),29.6677377783574,0.038048931470938595,(2904620.305120852+0j),33.01281204167959,1.4284287332786622e-07,(5627.913649524817+0j)
-14.104446435099081,29.327194366128545,0.04162639814802583,(-1455124.1093851887+2666961.9816719787j),29.327194366128545,0.04162639814802583,(-1455124.1093851887-2666961.9816719787j),29.596736386949516,0.038048931470938595,(2904620.305120852+0j),33.01278802605014,1.4284287332786622e-07,(5627.913649524817+0j)
-14.086751479266173,29.265639176605966,0.04162639814802583,(-1455124.1093851887+2666961.9816719787j),29.265639176605966,0.04162639814802583,(-1455124.1093851887-2666961.9816719787j),29.526794667237002,0.038048931470938595,(2904620.305120852+0j),33.012763210061244,1.4284287332786622e-07,(5627.913649524817+0j)
-14.069056523433265,29.205026101348164,0.04162639814802583,(-1455124.1093851887+2666961.9816719787j),29.205026101348164,0.04162639814802583,(-1455124.1093851887-2666961.9816719787j),29.45791558503977,0.038048931470938595,(2904620.305120852+0j),33.01273755302501,1.4284287332786622e-07,(5627.913649524817+0j)
-14.051361567600356,29.14535754948747,0.04162639814802583,(-1455124.1093851887+2666961.9816719787j),29.14535754948747,0.04162639814802583,(-1455124.1093851887-2666961.9816719787j),29.39010211431695,0.038048931470938595,(2904620.305120852+0j),33.01271101144807,1.4284287332786622e-07,(5627.913649524817+0j)
-14.033666611767448,29.086635936209454,0.04162639814802583,(-1455124.1093851887+2666961.9816719787j),29.086635936209454,0.04162639814802583,(-1455124.1093851887-2666961.9816719787j),29.323357237191555,0.038048931470938595,(2904620.305120852+0j),33.01268353878554,1.4284287332786622e-07,(5627.913649524817+0j)
-14.015971655934539,29.02886368276977,0.04162639814802583,(-1455124.1093851887+2666961.9816719787j),29.02886368276977,0.04162639814802583,(-1455124.1093851887-2666961.9816719787j),29.257683943975323,0.038048931470938595,(2904620.305120852+0j),33.01265508516861,1.4284287332786622e-07,(5627.913649524817+0j)
-13.998276700101632,28.97204321651102,0.04162639814802583,(-1455124.1093851887+2666961.9816719787j),28.97204321651102,0.04162639814802583,(-1455124.1093851887-2666961.9816719787j),29.193085233193564,0.038048931470938595,(2904620.305120852+0j),33.01262559710246,1.4284287332786622e-07,(5627.913649524817+0j)
-13.980581744268724,28.91617697087971,0.04162639814802583,(-1455124.1093851887+2666961.9816719787j),28.91617697087971,0.04162639814802583,(-1455124.1093851887-2666961.9816719787j),29.12956411161012,0.038048931470938595,(2904620.305120852+0j),33.01259501713058,1.4284287332786622e-07,(5627.913649524817+0j)
-13.962886788435815,28.861267385443227,0.04162639814802583,(-1455124.1093851887+2666961.9816719787j),28.861267385443227,0.04162639814802583,(-1455124.1093851887-2666961.9816719787j),29.06712359425241,0.038048931470938595,(2904620.305120852+0j),33.012563283461105,1.4284287332786622e-07,(5627.913649524817+0j)
-13.945191832602907,28.8073169059069,0.04162639814802583,(-1455124.1093851887+2666961.9816719787j),28.8073169059069,0.04162639814802583,(-1455124.1093851887-2666961.9816719787j),29.005766704436596,0.038048931470938595,(2904620.305120852+0j),33.01253032955004,1.4284287332786622e-07,(5627.913649524817+0j)
-13.92749687677,28.754327984131073,0.04162639814802583,(-1455124.1093851887+2666961.9816719787j),28.754327984131073,0.04162639814802583,(-1455124.1093851887-2666961.9816719787j),28.94549647379276,0.038048931470938595,(2904620.305120852+0j),33.01249608363552,1.4284287332786622e-07,(5627.913649524817+0j)
-13.909801920937092,28.70230307814828,0.04162639814802583,(-1455124.1093851887+2666961.9816719787j),28.70230307814828,0.04162639814802583,(-1455124.1093851887-2666961.9816719787j),28.88631594229022,0.038048931470938595,(2904620.305120852+0j),33.0124604682161,1.4284287332786622e-07,(5627.913649524817+0j)
-13.892106965104182,28.651244652180427,0.04162639814802583,(-1455124.1093851887+2666961.9816719787j),28.651244652180427,0.04162639814802583,(-1455124.1093851887-2666961.9816719787j),28.828228158262945,0.038048931470938595,(2904620.305120852+0j),33.01242339946528,1.4284287332786622e-07,(5627.913649524817+0j)
-13.874412009271273,28.60115517665607,0.04162639814802583,(-1455124.1093851887+2666961.9816719787j),28.60115517665607,0.04162639814802583,(-1455124.1093851887-2666961.9816719787j),28.771236178434997,0.038048931470938595,(2904620.305120852+0j),33.01238478657273,1.4284287332786622e-07,(5627.913649524817+0j)
-13.856717053438366,28.55203712822771,0.04162639814802583,(-1455124.1093851887+2666961.9816719787j),28.55203712822771,0.04162639814802583,(-1455124.1093851887-2666961.9816719787j),28.71534306794612,0.038048931470938595,(2904620.305120852+0j),33.01234453100162,1.4284287332786622e-07,(5627.913649524817+0j)
-13.839022097605458,28.50389298978917,0.04162639814802583,(-1455124.1093851887+2666961.9816719787j),28.50389298978917,0.04162639814802583,(-1455124.1093851887-2666961.9816719787j),28.66055190037739,0.038048931470938595,(2904620.305120852+0j),33.01230252564893,1.4284287332786622e-07,(5627.913649524817+0j)
-13.82132714177255,28.45672525049301,0.04162639814802583,(-1455124.1093851887+2666961.9816719787j),28.45672525049301,0.04162639814802583,(-1455124.1093851887-2666961.9816719787j),28.60686575777694,0.038048931470938595,(2904620.305120852+0j),33.01225865389393,1.4284287332786622e-07,(5627.913649524817+0j)
-13.803632185939643,28.410536405768017,0.04162639814802583,(-1455124.1093851887+2666961.9816719787j),28.410536405768017,0.04162639814802583,(-1455124.1093851887-2666961.9816719787j),28.554287730685814,0.038048931470938595,(2904620.305120852+0j),33.01221278851695,1.4284287332786622e-07,(5627.913649524817+0j)
-13.785937230106734,28.365328957336704,0.04162639814802583,(-1455124.1093851887+2666961.9816719787j),28.365328957336704,0.04162639814802583,(-1455124.1093851887-2666961.9816719787j),28.502820918163867,0.038048931470938595,(2904620.305120852+0j),33.01216479046724,1.4284287332786622e-07,(5627.913649524817+0j)
-13.768242274273826,28.32110541323293,0.04162639814802583,(-1455124.1093851887+2666961.9816719787j),28.32110541323293,0.04162639814802583,(-1455124.1093851887-2666961.9816719787j),28.45246842781577,0.038048931470938595,(2904620.305120852+0j),33.012114507454925,1.4284287332786622e-07,(5627.913649524817+0j)
-13.750547318440917,28.277868287819523,0.04162639814802583,(-1455124.1093851887+2666961.9816719787j),28.277868287819523,0.04162639814802583,(-1455124.1093851887-2666961.9816719787j),28.403233375817116,0.038048931470938595,(2904620.305120852+0j),33.01206177233702,1.4284287332786622e-07,(5627.913649524817+0j)
-13.73285236260801,28.23562010180597,0.04162639814802583,(-1455124.1093851887+2666961.9816719787j),28.23562010180597,0.04162639814802583,(-1455124.1093851887-2666961.9816719787j),28.355118886940595,0.038048931470938595,(2904620.305120852+0j),33.01200640126125,1.4284287332786622e-07,(5627.913649524817+0j)
-13.715157406775102,28.194363382266186,0.04162639814802583,(-1455124.1093851887+2666961.9816719787j),28.194363382266186,0.04162639814802583,(-1455124.1093851887-2666961.9816719787j),28.30812809458228,0.038048931470938595,(2904620.305120852+0j),33.01194819152458,1.4284287332786622e-07,(5627.913649524817+0j)
-13.697462450942194,28.15410066265631,0.04162639814802583,(-1455124.1093851887+2666961.9816719787j),28.15410066265631,0.04162639814802583,(-1455124.1093851887-2666961.9816719787j),28.26226414078798,0.038048931470938595,(2904620.305120852+0j),33.011886919093584,1.4284287332786622e-07,(5627.913649524817+0j)
-13.679767495109283,28.114834482832567,0.04162639814802583,(-1455124.1093851887+2666961.9816719787j),28.114834482832567,0.04162639814802583,(-1455124.1093851887-2666961.9816719787j),28.217530176279706,0.038048931470938595,(2904620.305120852+0j),33.01182233572297,1.4284287332786622e-07,(5627.913649524817+0j)
-13.662072539276377,28.076567389069197,0.04162639814802583,(-1455124.1093851887+2666961.9816719787j),28.076567389069197,0.04162639814802583,(-1455124.1093851887-2666961.9816719787j),28.173929360482205,0.038048931470938595,(2904620.305120852+0j),33.01175416559387,1.4284287332786622e-07,(5627.913649524817+0j)
-13.644377583443468,28.039301934076427,0.04162639814802583,(-1455124.1093851887+2666961.9816719787j),28.039301934076427,0.04162639814802583,(-1455124.1093851887-2666961.9816719787j),28.13146486154962,0.038048931470938595,(2904620.305120852+0j),33.01168210137619,1.4284287332786622e-07,(5627.913649524817+0j)
-13.62668262761056,28.003040677018486,0.04162639814802583,(-1455124.1093851887+2666961.9816719787j),28.003040677018486,0.04162639814802583,(-1455124.1093851887-2666961.9816719787j),28.090139856392195,0.038048931470938595,(2904620.305120852+0j),33.011605799596225,1.4284287332786622e-07,(5627.913649524817+0j)
-13.608987671777651,27.967786183531736,0.04162639814802583,(-1455124.1093851887+2666961.9816719787j),27.967786183531736,0.04162639814802583,(-1455124.1093851887-2666961.9816719787j),28.04995753070311,0.038048931470938595,(2904620.305120852+0j),33.011524875162365,1.4284287332786622e-07,(5627.913649524817+0j)
-13.591292715944745,27.93354102574277,0.04162639814802583,(-1455124.1093851887+2666961.9816719787j),27.93354102574277,0.04162639814802583,(-1455124.1093851887-2666961.9816719787j),28.010921078985398,0.038048931470938595,(2904620.305120852+0j),33.01143889486476,1.4284287332786622e-07,(5627.913649524817+0j)
-13.573597760111836,27.900307782286646,0.04162639814802583,(-1455124.1093851887+2666961.9816719787j),27.900307782286646,0.04162639814802583,(-1455124.1093851887-2666961.9816719787j),27.97303370457894,0.038048931470938595,(2904620.305120852+0j),33.01134736961734,1.4284287332786622e-07,(5627.913649524817+0j)
-13.555902804278928,27.868089038325152,0.04162639814802583,(-1455124.1093851887+2666961.9816719787j),27.868089038325152,0.04162639814802583,(-1455124.1093851887-2666961.9816719787j),27.936298619687577,0.038048931470938595,(2904620.305120852+0j),33.01124974514888,1.4284287332786622e-07,(5627.913649524817+0j)
-13.53820784844602,27.8368873855651,0.04162639814802583,(-1455124.1093851887+2666961.9816719787j),27.8368873855651,0.04162639814802583,(-1455124.1093851887-2666961.9816719787j),27.90071904540629,0.038048931470938595,(2904620.305120852+0j),33.011145390768874,1.4284287332786622e-07,(5627.913649524817+0j)
-13.520512892613112,27.806705422276718,0.04162639814802583,(-1455124.1093851887+2666961.9816719787j),27.806705422276718,0.04162639814802583,(-1455124.1093851887-2666961.9816719787j),27.86629821174851,0.038048931470938595,(2904620.305120852+0j),33.01103358572713,1.4284287332786622e-07,(5627.913649524817+0j)
-13.502817936780202,27.777545753312086,0.04162639814802583,(-1455124.1093851887+2666961.9816719787j),27.777545753312086,0.04162639814802583,(-1455124.1093851887-2666961.9816719787j),27.833039357673474,0.038048931470938595,(2904620.305120852+0j),33.01091350254348,1.4284287332786622e-07,(5627.913649524817+0j)
-13.485122980947294,27.749410990123618,0.04162639814802583,(-1455124.1093851887+2666961.9816719787j),27.749410990123618,0.04162639814802583,(-1455124.1093851887-2666961.9816719787j),27.800945731113703,0.038048931470938595,(2904620.305120852+0j),33.01078418649247,1.4284287332786622e-07,(5627.913649524817+0j)
-13.467428025114387,27.722303750782626,0.04162639814802583,(-1455124.1093851887+2666961.9816719787j),27.722303750782626,0.04162639814802583,(-1455124.1093851887-2666961.9816719787j),27.770020589002606,0.038048931470938595,(2904620.305120852+0j),33.01064453016647,1.4284287332786622e-07,(5627.913649524817+0j)
-13.449733069281478,27.696226659997926,0.04162639814802583,(-1455124.1093851887+2666961.9816719787j),27.696226659997926,0.04162639814802583,(-1455124.1093851887-2666961.9816719787j),27.74026719730209,0.038048931470938595,(2904620.305120852+0j),33.010493241683065,1.4284287332786622e-07,(5627.913649524817+0j)
-13.43203811344857,27.671182349134494,0.04162639814802583,(-1455124.1093851887+2666961.9816719787j),27.671182349134494,0.04162639814802583,(-1455124.1093851887-2666961.9816719787j),27.711688831030372,0.038048931470938595,(2904620.305120852+0j),33.01032880460285,1.4284287332786622e-07,(5627.913649524817+0j)
-13.414343157615662,27.647173456232217,0.04162639814802583,(-1455124.1093851887+2666961.9816719787j),27.647173456232217,0.04162639814802583,(-1455124.1093851887-2666961.9816719787j),27.68428877428982,0.038048931470938595,(2904620.305120852+0j),33.01014942692189,1.4284287332786622e-07,(5627.913649524817+0j)
-13.396648201782755,27.624202626024655,0.04162639814802583,(-1455124.1093851887+2666961.9816719787j),27.624202626024655,0.04162639814802583,(-1455124.1093851887-2666961.9816719787j),27.65807032029489,0.038048931470938595,(2904620.305120852+0j),33.00995297549895,1.4284287332786622e-07,(5627.913649524817+0j)
-13.378953245949846,27.602272509957903,0.04162639814802583,(-1455124.1093851887+2666961.9816719787j),27.602272509957903,0.04162639814802583,(-1455124.1093851887-2666961.9816719787j),27.6330367714002,0.038048931470938595,(2904620.305120852+0j),33.00973689082274,1.4284287332786622e-07,(5627.913649524817+0j)
-13.361258290116938,27.581385766209504,0.04162639814802583,(-1455124.1093851887+2666961.9816719787j),27.581385766209504,0.04162639814802583,(-1455124.1093851887-2666961.9816719787j),27.609191439128658,0.038048931470938595,(2904620.305120852+0j),33.009498074880796,1.4284287332786622e-07,(5627.913649524817+0j)
-13.34356333428403,27.561545059707388,0.04162639814802583,(-1455124.1093851887+2666961.9816719787j),27.561545059707388,0.04162639814802583,(-1455124.1093851887-2666961.9816719787j),27.586537644199737,0.038048931470938595,(2904620.305120852+0j),33.009232741676406,1.4284287332786622e-07,(5627.913649524817+0j)
-13.325868378451123,27.54275306214892,0.04162639814802583,(-1455124.1093851887+2666961.9816719787j),27.54275306214892,0.04162639814802583,(-1455124.1093851887-2666961.9816719787j),27.565078716557778,0.038048931470938595,(2904620.305120852+0j),33.00893621502443,1.4284287332786622e-07,(5627.913649524817+0j)
-13.308173422618212,27.52501245201998,0.04162639814802583,(-1455124.1093851887+2666961.9816719787j),27.52501245201998,0.04162639814802583,(-1455124.1093851887-2666961.9816719787j),27.54481799540047,0.038048931470938595,(2904620.305120852+0j),33.008602650577764,1.4284287332786622e-07,(5627.913649524817+0j)
-13.290478466785304,27.50832591461412,0.04162639814802583,(-1455124.1093851887+2666961.9816719787j),27.50832591461412,0.04162639814802583,(-1455124.1093851887-2666961.9816719787j),27.525758829207355,0.038048931470938595,(2904620.305120852+0j),33.0082246467544,1.4284287332786622e-07,(5627.913649524817+0j)
-13.272783510952397,27.492696142051745,0.04162639814802583,(-1455124.1093851887+2666961.9816719787j),27.492696142051745,0.04162639814802583,(-1455124.1093851887-2666961.9816719787j),27.507904575768503,0.038048931470938595,(2904620.305120852+0j),33.00779268906283,1.4284287332786622e-07,(5627.913649524817+0j)
-13.255088555119489,27.478125833299416,0.04162639814802583,(-1455124.1093851887+2666961.9816719787j),27.478125833299416,0.04162639814802583,(-1455124.1093851887-2666961.9816719787j),27.49125860221321,0.038048931470938595,(2904620.305120852+0j),33.007294338201234,1.4284287332786622e-07,(5627.913649524817+0j)
-13.23739359928658,27.464617694189148,0.04162639814802583,(-1455124.1093851887+2666961.9816719787j),27.464617694189148,0.04162639814802583,(-1455124.1093851887-2666961.9816719787j),27.475824285038886,0.038048931470938595,(2904620.305120852+0j),33.0067130126157,1.4284287332786622e-07,(5627.913649524817+0j)
-13.219698643453672,27.452174437437826,0.04162639814802583,(-1455124.1093851887+2666961.9816719787j),27.452174437437826,0.04162639814802583,(-1455124.1093851887-2666961.9816719787j),27.461605010139934,0.038048931470938595,(2904620.305120852+0j),33.00602610772994,1.4284287332786622e-07,(5627.913649524817+0j)
-13.202003687620765,27.44079878266664,0.04162639814802583,(-1455124.1093851887+2666961.9816719787j),27.44079878266664,0.04162639814802583,(-1455124.1093851887-2666961.9816719787j),27.448604172836845,0.038048931470938595,(2904620.305120852+0j),33.005201988078674,1.4284287332786622e-07,(5627.913649524817+0j)
-13.184308731787857,27.430493456420614,0.04162639814802583,(-1455124.1093851887+2666961.9816719787j),27.430493456420614,0.04162639814802583,(-1455124.1093851887-2666961.9816719787j),27.4368251779053,0.038048931470938595,(2904620.305120852+0j),33.004194976893075,1.4284287332786622e-07,(5627.913649524817+0j)
-13.166613775954948,27.42126119218817,0.04162639814802583,(-1455124.1093851887+2666961.9816719787j),27.42126119218817,0.04162639814802583,(-1455124.1093851887-2666961.9816719787j),27.426271439605433,0.038048931470938595,(2904620.305120852+0j),33.00293659355942,1.4284287332786622e-07,(5627.913649524817+0j)
-13.14891882012204,27.41310473042077,0.04162639814802583,(-1455124.1093851887+2666961.9816719787j),27.41310473042077,0.04162639814802583,(-1455124.1093851887-2666961.9816719787j),27.41694638171116,0.038048931470938595,(2904620.305120852+0j),33.00131929331082,1.4284287332786622e-07,(5627.913649524817+0j)
-13.131223864289133,27.406026818552633,0.04162639814802583,(-1455124.1093851887+2666961.9816719787j),27.406026818552633,0.04162639814802583,(-1455124.1093851887-2666961.9816719787j),27.408853437539634,0.038048931470938595,(2904620.305120852+0j),32.99916397939591,1.4284287332786622e-07,(5627.913649524817+0j)
-13.113528908456223,27.400030211020475,0.04162639814802583,(-1455124.1093851887+2666961.9816719787j),27.400030211020475,0.04162639814802583,(-1455124.1093851887-2666961.9816719787j),27.401996049980784,0.038048931470938595,(2904620.305120852+0j),32.996148624153875,1.4284287332786622e-07,(5627.913649524817+0j)
-13.095833952623314,27.395117669283348,0.04162639814802583,(-1455124.1093851887+2666961.9816719787j),27.395117669283348,0.04162639814802583,(-1455124.1093851887-2666961.9816719787j),27.396377671526977,0.038048931470938595,(2904620.305120852+0j),32.99163014531687,1.4284287332786622e-07,(5627.913649524817+0j)
-13.078138996790408,27.391291961842533,0.04162639814802583,(-1455124.1093851887+2666961.9816719787j),27.391291961842533,0.04162639814802583,(-1455124.1093851887-2666961.9816719787j),27.39200176430276,0.038048931470938595,(2904620.305120852+0j),32.98411146960357,1.4284287332786622e-07,(5627.913649524817+0j)
-13.0604440409575,27.38855586426149,0.04162639814802583,(-1455124.1093851887+2666961.9816719787j),27.38855586426149,0.04162639814802583,(-1455124.1093851887-2666961.9816719787j),27.388871800094716,0.038048931470938595,(2904620.305120852+0j),32.96911943085678,1.4284287332786622e-07,(5627.913649524817+0j)
-13.04274908512459,27.386912159185876,0.04162639814802583,(-1455124.1093851887+2666961.9816719787j),27.386912159185876,0.04162639814802583,(-1455124.1093851887-2666961.9816719787j),27.38699126038145,0.038048931470938595,(2904620.305120852+0j),32.92450291690201,1.4284287332786622e-07,(5627.913649524817+0j)
-13.025054129291682,27.386363636363622,0.04162639814802583,(-1455124.1093851887+2666961.9816719787j),27.386363636363622,0.04162639814802583,(-1455124.1093851887-2666961.9816719787j),27.386363636363622,0.038048931470938595,(2904620.305120852+0j),27.386363636363622,1.4284287332786622e-07,(5627.913649524817+0j)
-13.025054129291682,27.408748280293523,0.1627920844297994,(-2971707.2657473525+5221668.976542719j),27.408748280293523,0.1627920844297994,(-2971707.2657473525-5221668.976542719j),27.386363636363622,0.15926962987085883,(5942711.155208625+0j),27.386363636363622,2.2312034429439953e-09,(703.3762860832364+0j)
-13.007359173458775,27.422292623637198,0.1627920844297994,(-2971707.2657473525+5221668.976542719j),27.422292623637198,0.1627920844297994,(-2971707.2657473525-5221668.976542719j),27.40034994845259,0.15926962987085883,(5942711.155208625+0j),27.386363654646495,2.2312034429439953e-09,(703.3762860832364+0j)
-12.989664217625867,27.435703787373264,0.1627920844297994,(-2971707.2657473525+5221668.976542719j),27.435703787373264,0.1627920844297994,(-2971707.2657473525-5221668.976542719j),27.41419883287645,0.15926962987085883,(5942711.155208625+0j),27.386363673306334,2.2312034429439953e-09,(703.3762860832364+0j)
-12.971969261792959,27.448981684596585,0.1627920844297994,(-2971707.2657473525+5221668.976542719j),27.448981684596585,0.1627920844297994,(-2971707.2657473525-5221668.976542719j),27.427910197973116,0.15926962987085883,(5942711.155208625+0j),27.38636369235492,2.2312034429439953e-09,(703.3762860832364+0j)
-12.95427430596005,27.46212622834572,0.1627920844297994,(-2971707.2657473525+5221668.976542719j),27.46212622834572,0.1627920844297994,(-2971707.2657473525-5221668.976542719j),27.441483952019798,0.15926962987085883,(5942711.155208625+0j),27.38636371180453,2.2312034429439953e-09,(703.3762860832364+0j)
-12.936579350127143,27.47513733160288,0.1627920844297994,(-2971707.2657473525+5221668.976542719j),27.47513733160288,0.1627920844297994,(-2971707.2657473525-5221668.976542719j),27.454920003232974,0.15926962987085883,(5942711.155208625+0j),27.386363731667956,2.2312034429439953e-09,(703.3762860832364+0j)
-12.918884394294233,27.4880149072939,0.1627920844297994,(-2971707.2657473525+5221668.976542719j),27.4880149072939,0.1627920844297994,(-2971707.2657473525-5221668.976542719j),27.468218259768353,0.15926962987085883,(5942711.155208625+0j),27.386363751958555,2.2312034429439953e-09,(703.3762860832364+0j)
-12.901189438461325,27.50075886828817,0.1627920844297994,(-2971707.2657473525+5221668.976542719j),27.50075886828817,0.1627920844297994,(-2971707.2657473525-5221668.976542719j),27.4813786297208,0.15926962987085883,(5942711.155208625+0j),27.386363772690252,2.2312034429439953e-09,(703.3762860832364+0j)
-12.883494482628416,27.51336912739864,0.1627920844297994,(-2971707.2657473525+5221668.976542719j),27.51336912739864,0.1627920844297994,(-2971707.2657473525-5221668.976542719j),27.494401021124336,0.15926962987085883,(5942711.155208625+0j),27.38636379387759,2.2312034429439953e-09,(703.3762860832364+0j)
-12.86579952679551,27.525845597381736,0.1627920844297994,(-2971707.2657473525+5221668.976542719j),27.525845597381736,0.1627920844297994,(-2971707.2657473525-5221668.976542719j),27.50728534195205,0.15926962987085883,(5942711.155208625+0j),27.38636381553576,2.2312034429439953e-09,(703.3762860832364+0j)
-12.848104570962601,27.538188190937344,0.1627920844297994,(-2971707.2657473525+5221668.976542719j),27.538188190937344,0.1627920844297994,(-2971707.2657473525-5221668.976542719j),27.52003150011607,0.15926962987085883,(5942711.155208625+0j),27.386363837680623,2.2312034429439953e-09,(703.3762860832364+0j)
-12.830409615129692,27.550396820708755,0.1627920844297994,(-2971707.2657473525+5221668.976542719j),27.550396820708755,0.1627920844297994,(-2971707.2657473525-5221668.976542719j),27.532639403467538,0.15926962987085883,(5942711.155208625+0j),27.38636386032878,2.2312034429439953e-09,(703.3762860832364+0j)
-12.812714659296786,27.562471399282643,0.1627920844297994,(-2971707.2657473525+5221668.976542719j),27.562471399282643,0.1627920844297994,(-2971707.2657473525-5221668.976542719j),27.545108959796536,0.15926962987085883,(5942711.155208625+0j),27.386363883497584,2.2312034429439953e-09,(703.3762860832364+0j)
-12.795019703463877,27.574411839189004,0.1627920844297994,(-2971707.2657473525+5221668.976542719j),27.574411839189004,0.1627920844297994,(-2971707.2657473525-5221668.976542719j),27.557440076832055,0.15926962987085883,(5942711.155208625+0j),27.386363907205194,2.2312034429439953e-09,(703.3762860832364+0j)
-12.777324747630967,27.586218052901124,0.1627920844297994,(-2971707.2657473525+5221668.976542719j),27.586218052901124,0.1627920844297994,(-2971707.2657473525-5221668.976542719j),27.569632662241947,0.15926962987085883,(5942711.155208625+0j),27.38636393147063,2.2312034429439953e-09,(703.3762860832364+0j)
-12.759629791798059,27.59788995283554,0.1627920844297994,(-2971707.2657473525+5221668.976542719j),27.59788995283554,0.1627920844297994,(-2971707.2657473525-5221668.976542719j),27.581686623632887,0.15926962987085883,(5942711.155208625+0j),27.386363956313815,2.2312034429439953e-09,(703.3762860832364+0j)
-12.741934835965152,27.609427451352005,0.1627920844297994,(-2971707.2657473525+5221668.976542719j),27.609427451352005,0.1627920844297994,(-2971707.2657473525-5221668.976542719j),27.593601868550312,0.15926962987085883,(5942711.155208625+0j),27.38636398175563,2.2312034429439953e-09,(703.3762860832364+0j)
-12.724239880132243,27.620830460753417,0.1627920844297994,(-2971707.2657473525+5221668.976542719j),27.620830460753417,0.1627920844297994,(-2971707.2657473525-5221668.976542719j),27.6053783044784,0.15926962987085883,(5942711.155208625+0j),27.38636400781797,2.2312034429439953e-09,(703.3762860832364+0j)
-12.706544924299335,27.632098893285836,0.1627920844297994,(-2971707.2657473525+5221668.976542719j),27.632098893285836,0.1627920844297994,(-2971707.2657473525-5221668.976542719j),27.617015838839997,0.15926962987085883,(5942711.155208625+0j),27.38636403452383,2.2312034429439953e-09,(703.3762860832364+0j)
-12.688849968466426,27.643232661138377,0.1627920844297994,(-2971707.2657473525+5221668.976542719j),27.643232661138377,0.1627920844297994,(-2971707.2657473525-5221668.976542719j),27.6285143789966,0.15926962987085883,(5942711.155208625+0j),27.38636406189733,2.2312034429439953e-09,(703.3762860832364+0j)
-12.67115501263352,27.654231676443207,0.1627920844297994,(-2971707.2657473525+5221668.976542719j),27.654231676443207,0.1627920844297994,(-2971707.2657473525-5221668.976542719j),27.63987383224828,0.15926962987085883,(5942711.155208625+0j),27.38636408996383,2.2312034429439953e-09,(703.3762860832364+0j)
-12.653460056800611,27.665095851275506,0.1627920844297994,(-2971707.2657473525+5221668.976542719j),27.665095851275506,0.1627920844297994,(-2971707.2657473525-5221668.976542719j),27.65109410583368,0.15926962987085883,(5942711.155208625+0j),27.386364118749984,2.2312034429439953e-09,(703.3762860832364+0j)
-12.635765100967703,27.675825097653412,0.1627920844297994,(-2971707.2657473525+5221668.976542719j),27.675825097653412,0.1627920844297994,(-2971707.2657473525-5221668.976542719j),27.662175106929922,0.15926962987085883,(5942711.155208625+0j),27.386364148283825,2.2312034429439953e-09,(703.3762860832364+0j)
-12.618070145134794,27.686419327537983,0.1627920844297994,(-2971707.2657473525+5221668.976542719j),27.686419327537983,0.1627920844297994,(-2971707.2657473525-5221668.976542719j),27.67311674265259,0.15926962987085883,(5942711.155208625+0j),27.386364178594874,2.2312034429439953e-09,(703.3762860832364+0j)
-12.600375189301886,27.696878452833158,0.1627920844297994,(-2971707.2657473525+5221668.976542719j),27.696878452833158,0.1627920844297994,(-2971707.2657473525-5221668.976542719j),27.68391892005568,0.15926962987085883,(5942711.155208625+0j),27.386364209714216,2.2312034429439953e-09,(703.3762860832364+0j)
-12.582680233468977,27.70720238538571,0.1627920844297994,(-2971707.2657473525+5221668.976542719j),27.70720238538571,0.1627920844297994,(-2971707.2657473525-5221668.976542719j),27.694581546131573,0.15926962987085883,(5942711.155208625+0j),27.386364241674617,2.2312034429439953e-09,(703.3762860832364+0j)
-12.564985277636069,27.717391036985223,0.1627920844297994,(-2971707.2657473525+5221668.976542719j),27.717391036985223,0.1627920844297994,(-2971707.2657473525-5221668.976542719j),27.70510452781093,0.15926962987085883,(5942711.155208625+0j),27.38636427451064,2.2312034429439953e-09,(703.3762860832364+0j)
-12.547290321803162,27.727444319364032,0.1627920844297994,(-2971707.2657473525+5221668.976542719j),27.727444319364032,0.1627920844297994,(-2971707.2657473525-5221668.976542719j),27.715487771962724,0.15926962987085883,(5942711.155208625+0j),27.386364308258777,2.2312034429439953e-09,(703.3762860832364+0j)
-12.529595365970254,27.73736214419719,0.1627920844297994,(-2971707.2657473525+5221668.976542719j),27.73736214419719,0.1627920844297994,(-2971707.2657473525-5221668.976542719j),27.725731185394142,0.15926962987085883,(5942711.155208625+0j),27.38636434295756,2.2312034429439953e-09,(703.3762860832364+0j)
-12.511900410137345,27.747144423102412,0.1627920844297994,(-2971707.2657473525+5221668.976542719j),27.747144423102412,0.1627920844297994,(-2971707.2657473525-5221668.976542719j),27.735834674850555,0.15926962987085883,(5942711.155208625+0j),27.386364378647738,2.2312034429439953e-09,(703.3762860832364+0j)
-12.494205454304437,27.756791067640062,0.1627920844297994,(-2971707.2657473525+5221668.976542719j),27.756791067640062,0.1627920844297994,(-2971707.2657473525-5221668.976542719j),27.74579814701547,0.15926962987085883,(5942711.155208625+0j),27.38636441537241,2.2312034429439953e-09,(703.3762860832364+0j)
-12.47651049847153,27.766301989313092,0.1627920844297994,(-2971707.2657473525+5221668.976542719j),27.766301989313092,0.1627920844297994,(-2971707.2657473525-5221668.976542719j),27.7556215085105,0.15926962987085883,(5942711.155208625+0j),27.38636445317721,2.2312034429439953e-09,(703.3762860832364+0j)
-12.45881554263862,27.775677099566998,0.1627920844297994,(-2971707.2657473525+5221668.976542719j),27.775677099566998,0.1627920844297994,(-2971707.2657473525-5221668.976542719j),27.765304665895293,0.15926962987085883,(5942711.155208625+0j),27.386364492110516,2.2312034429439953e-09,(703.3762860832364+0j)
-12.441120586805711,27.784916309789796,0.1627920844297994,(-2971707.2657473525+5221668.976542719j),27.784916309789796,0.1627920844297994,(-2971707.2657473525-5221668.976542719j),27.774847525667504,0.15926962987085883,(5942711.155208625+0j),27.386364532223613,2.2312034429439953e-09,(703.3762860832364+0j)
-12.423425630972803,27.794019531311967,0.1627920844297994,(-2971707.2657473525+5221668.976542719j),27.794019531311967,0.1627920844297994,(-2971707.2657473525-5221668.976542719j),27.78424999426274,0.15926962987085883,(5942711.155208625+0j),27.386364573570958,2.2312034429439953e-09,(703.3762860832364+0j)
-12.405730675139896,27.802986675406405,0.1627920844297994,(-2971707.2657473525+5221668.976542719j),27.802986675406405,0.1627920844297994,(-2971707.2657473525-5221668.976542719j),27.79351197805453,0.15926962987085883,(5942711.155208625+0j),27.3863646162104,2.2312034429439953e-09,(703.3762860832364+0j)
-12.388035719306988,27.811817653288415,0.1627920844297994,(-2971707.2657473525+5221668.976542719j),27.811817653288415,0.1627920844297994,(-2971707.2657473525-5221668.976542719j),27.802633383354248,0.15926962987085883,(5942711.155208625+0j),27.386364660203473,2.2312034429439953e-09,(703.3762860832364+0j)
-12.37034076347408,27.820512376115612,0.1627920844297994,(-2971707.2657473525+5221668.976542719j),27.820512376115612,0.1627920844297994,(-2971707.2657473525-5221668.976542719j),27.811614116411107,0.15926962987085883,(5942711.155208625+0j),27.386364705615673,2.2312034429439953e-09,(703.3762860832364+0j)
-12.35264580764117,27.82907075498795,0.1627920844297994,(-2971707.2657473525+5221668.976542719j),27.82907075498795,0.1627920844297994,(-2971707.2657473525-5221668.976542719j),27.820454083412084,0.15926962987085883,(5942711.155208625+0j),27.38636475251679,2.2312034429439953e-09,(703.3762860832364+0j)
-12.334950851808264,27.83749270094761,0.1627920844297994,(-2971707.2657473525+5221668.976542719j),27.83749270094761,0.1627920844297994,(-2971707.2657473525-5221668.976542719j),27.829153190481886,0.15926962987085883,(5942711.155208625+0j),27.38636480098128,2.2312034429439953e-09,(703.3762860832364+0j)
-12.317255895975356,27.84577812497901,0.1627920844297994,(-2971707.2657473525+5221668.976542719j),27.84577812497901,0.1627920844297994,(-2971707.2657473525-5221668.976542719j),27.837711343682898,0.15926962987085883,(5942711.155208625+0j),27.38636485108862,2.2312034429439953e-09,(703.3762860832364+0j)
-12.299560940142447,27.853926938008744,0.1627920844297994,(-2971707.2657473525+5221668.976542719j),27.853926938008744,0.1627920844297994,(-2971707.2657473525-5221668.976542719j),27.84612844901514,0.15926962987085883,(5942711.155208625+0j),27.386364902923802,2.2312034429439953e-09,(703.3762860832364+0j)
-12.281865984309539,27.861939050905534,0.1627920844297994,(-2971707.2657473525+5221668.976542719j),27.861939050905534,0.1627920844297994,(-2971707.2657473525-5221668.976542719j),27.854404412416233,0.15926962987085883,(5942711.155208625+0j),27.386364956577747,2.2312034429439953e-09,(703.3762860832364+0j)
-12.26417102847663,27.869814374480203,0.1627920844297994,(-2971707.2657473525+5221668.976542719j),27.869814374480203,0.1627920844297994,(-2971707.2657473525-5221668.976542719j),27.862539139761328,0.15926962987085883,(5942711.155208625+0j),27.386365012147905,2.2312034429439953e-09,(703.3762860832364+0j)
-12.246476072643722,27.877552819485626,0.1627920844297994,(-2971707.2657473525+5221668.976542719j),27.877552819485626,0.1627920844297994,(-2971707.2657473525-5221668.976542719j),27.870532536863077,0.15926962987085883,(5942711.155208625+0j),27.386365069738787,2.2312034429439953e-09,(703.3762860832364+0j)
-12.228781116810813,27.885154296616683,0.1627920844297994,(-2971707.2657473525+5221668.976542719j),27.885154296616683,0.1627920844297994,(-2971707.2657473525-5221668.976542719j),27.878384509471587,0.15926962987085883,(5942711.155208625+0j),27.386365129462657,2.2312034429439953e-09,(703.3762860832364+0j)
-12.211086160977906,27.892618716510217,0.1627920844297994,(-2971707.2657473525+5221668.976542719j),27.892618716510217,0.1627920844297994,(-2971707.2657473525-5221668.976542719j),27.886094963274367,0.15926962987085883,(5942711.155208625+0j),27.38636519144025,2.2312034429439953e-09,(703.3762860832364+0j)
-12.193391205144998,27.89994598974501,0.1627920844297994,(-2971707.2657473525+5221668.976542719j),27.89994598974501,0.1627920844297994,(-2971707.2657473525-5221668.976542719j),27.893663803896295,0.15926962987085883,(5942711.155208625+0j),27.38636525580159,2.2312034429439953e-09,(703.3762860832364+0j)
-12.17569624931209,27.907136026841723,0.1627920844297994,(-2971707.2657473525+5221668.976542719j),27.907136026841723,0.1627920844297994,(-2971707.2657473525-5221668.976542719j),27.901090936899546,0.15926962987085883,(5942711.155208625+0j),27.386365322686892,2.2312034429439953e-09,(703.3762860832364+0j)
-12.158001293479181,27.91418873826286,0.1627920844297994,(-2971707.2657473525+5221668.976542719j),27.91418873826286,0.1627920844297994,(-2971707.2657473525-5221668.976542719j),27.908376267783577,0.15926962987085883,(5942711.155208625+0j),27.386365392247594,2.2312034429439953e-09,(703.3762860832364+0j)
-12.140306337646273,27.921104034412725,0.1627920844297994,(-2971707.2657473525+5221668.976542719j),27.921104034412725,0.1627920844297994,(-2971707.2657473525-5221668.976542719j),27.915519701985055,0.15926962987085883,(5942711.155208625+0j),27.3863654646475,2.2312034429439953e-09,(703.3762860832364+0j)
-12.122611381813364,27.927881825637375,0.1627920844297994,(-2971707.2657473525+5221668.976542719j),27.927881825637375,0.1627920844297994,(-2971707.2657473525-5221668.976542719j),27.922521144877823,0.15926962987085883,(5942711.155208625+0j),27.386365540064055,2.2312034429439953e-09,(703.3762860832364+0j)
-12.104916425980456,27.934522022224595,0.1627920844297994,(-2971707.2657473525+5221668.976542719j),27.934522022224595,0.1627920844297994,(-2971707.2657473525-5221668.976542719j),27.92938050177286,0.15926962987085883,(5942711.155208625+0j),27.38636561868982,2.2312034429439953e-09,(703.3762860832364+0j)
-12.087221470147549,27.941024534403837,0.1627920844297994,(-2971707.2657473525+5221668.976542719j),27.941024534403837,0.1627920844297994,(-2971707.2657473525-5221668.976542719j),27.936097677918223,0.15926962987085883,(5942711.155208625+0j),27.386365700734075,2.2312034429439953e-09,(703.3762860832364+0j)
-12.06952651431464,27.947389272346186,0.1627920844297994,(-2971707.2657473525+5221668.976542719j),27.947389272346186,0.1627920844297994,(-2971707.2657473525-5221668.976542719j),27.942672578498996,0.15926962987085883,(5942711.155208625+0j),27.386365786424726,2.2312034429439953e-09,(703.3762860832364+0j)
-12.051831558481732,27.953616146164318,0.1627920844297994,(-2971707.2657473525+5221668.976542719j),27.953616146164318,0.1627920844297994,(-2971707.2657473525-5221668.976542719j),27.949105108637266,0.15926962987085883,(5942711.155208625+0j),27.386365876010395,2.2312034429439953e-09,(703.3762860832364+0j)
-12.034136602648823,27.959705065912456,0.1627920844297994,(-2971707.2657473525+5221668.976542719j),27.959705065912456,0.1627920844297994,(-2971707.2657473525-5221668.976542719j),27.955395173392045,0.15926962987085883,(5942711.155208625+0j),27.386365969762814,2.2312034429439953e-09,(703.3762860832364+0j)
-12.016441646815917,27.96565594158633,0.1627920844297994,(-2971707.2657473525+5221668.976542719j),27.96565594158633,0.1627920844297994,(-2971707.2657473525-5221668.976542719j),27.961542677759255,0.15926962987085883,(5942711.155208625+0j),27.386366067979615,2.2312034429439953e-09,(703.3762860832364+0j)
-11.998746690983008,27.971468683123135,0.1627920844297994,(-2971707.2657473525+5221668.976542719j),27.971468683123135,0.1627920844297994,(-2971707.2657473525-5221668.976542719j),27.96754752667166,0.15926962987085883,(5942711.155208625+0j),27.38636617098746,2.2312034429439953e-09,(703.3762860832364+0j)
-11.981051735150098,27.977143200401486,0.1627920844297994,(-2971707.2657473525+5221668.976542719j),27.977143200401486,0.1627920844297994,(-2971707.2657473525-5221668.976542719j),27.973409624998837,0.15926962987085883,(5942711.155208625+0j),27.386366279145673,2.2312034429439953e-09,(703.3762860832364+0j)
-11.96335677931719,27.982679403241374,0.1627920844297994,(-2971707.2657473525+5221668.976542719j),27.982679403241374,0.1627920844297994,(-2971707.2657473525-5221668.976542719j),27.9791288775471,0.15926962987085883,(5942711.155208625+0j),27.386366392850437,2.2312034429439953e-09,(703.3762860832364+0j)
-11.945661823484283,27.988077201404135,0.1627920844297994,(-2971707.2657473525+5221668.976542719j),27.988077201404135,0.1627920844297994,(-2971707.2657473525-5221668.976542719j),27.984705189059493,0.15926962987085883,(5942711.155208625+0j),27.386366512539624,2.2312034429439953e-09,(703.3762860832364+0j)
-11.927966867651374,27.99333650459239,0.1627920844297994,(-2971707.2657473525+5221668.976542719j),27.99333650459239,0.1627920844297994,(-2971707.2657473525-5221668.976542719j),27.990138464215708,0.15926962987085883,(5942711.155208625+0j),27.386366638698473,2.2312034429439953e-09,(703.3762860832364+0j)
-11.910271911818466,27.998457222450014,0.1627920844297994,(-2971707.2657473525+5221668.976542719j),27.998457222450014,0.1627920844297994,(-2971707.2657473525-5221668.976542719j),27.995428607632057,0.15926962987085883,(5942711.155208625+0j),27.386366771866104,2.2312034429439953e-09,(703.3762860832364+0j)
-11.892576955985557,28.003439264562097,0.1627920844297994,(-2971707.2657473525+5221668.976542719j),28.003439264562097,0.1627920844297994,(-2971707.2657473525-5221668.976542719j),28.00057552386142,0.15926962987085883,(5942711.155208625+0j),27.386366912643275,2.2312034429439953e-09,(703.3762860832364+0j)
-11.87488200015265,28.008282540454893,0.1627920844297994,(-2971707.2657473525+5221668.976542719j),28.008282540454893,0.1627920844297994,(-2971707.2657473525-5221668.976542719j),28.00557911739321,0.15926962987085883,(5942711.155208625+0j),27.38636706170141,2.2312034429439953e-09,(703.3762860832364+0j)
-11.857187044319742,28.012986959595775,0.1627920844297994,(-2971707.2657473525+5221668.976542719j),28.012986959595775,0.1627920844297994,(-2971707.2657473525-5221668.976542719j),28.010439292653295,0.15926962987085883,(5942711.155208625+0j),27.386367219793318,2.2312034429439953e-09,(703.3762860832364+0j)
-11.839492088486834,28.017552431393206,0.1627920844297994,(-2971707.2657473525+5221668.976542719j),28.017552431393206,0.1627920844297994,(-2971707.2657473525-5221668.976542719j),28.01515595400399,0.15926962987085883,(5942711.155208625+0j),27.38636738776591,2.2312034429439953e-09,(703.3762860832364+0j)
-11.821797132653925,28.021978865196683,0.1627920844297994,(-2971707.2657473525+5221668.976542719j),28.021978865196683,0.1627920844297994,(-2971707.2657473525-5221668.976542719j),28.01972900574398,0.15926962987085883,(5942711.155208625+0j),27.386367566575384,2.2312034429439953e-09,(703.3762860832364+0j)
-11.804102176821017,28.026266170296708,0.1627920844297994,(-2971707.2657473525+5221668.976542719j),28.026266170296708,0.1627920844297994,(-2971707.2657473525-5221668.976542719j),28.024158352108287,0.15926962987085883,(5942711.155208625+0j),27.38636775730541,2.2312034429439953e-09,(703.3762860832364+0j)
-11.786407220988108,28.030414255924725,0.1627920844297994,(-2971707.2657473525+5221668.976542719j),28.030414255924725,0.1627920844297994,(-2971707.2657473525-5221668.976542719j),28.02844389726822,0.15926962987085883,(5942711.155208625+0j),27.386367961189148,2.2312034429439953e-09,(703.3762860832364+0j)
-11.7687122651552,28.034423031253095,0.1627920844297994,(-2971707.2657473525+5221668.976542719j),28.034423031253095,0.1627920844297994,(-2971707.2657473525-5221668.976542719j),28.032585545331337,0.15926962987085883,(5942711.155208625+0j),27.38636817963591,2.2312034429439953e-09,(703.3762860832364+0j)
-11.751017309322293,28.03829240539505,0.1627920844297994,(-2971707.2657473525+5221668.976542719j),28.03829240539505,0.1627920844297994,(-2971707.2657473525-5221668.976542719j),28.03658320034138,0.15926962987085883,(5942711.155208625+0j),27.386368414263803,2.2312034429439953e-09,(703.3762860832364+0j)
-11.733322353489385,28.04202228740465,0.1627920844297994,(-2971707.2657473525+5221668.976542719j),28.04202228740465,0.1627920844297994,(-2971707.2657473525-5221668.976542719j),28.040436766278226,0.15926962987085883,(5942711.155208625+0j),27.386368666939855,2.2312034429439953e-09,(703.3762860832364+0j)
-11.715627397656476,28.045612586276725,0.1627920844297994,(-2971707.2657473525+5221668.976542719j),28.045612586276725,0.1627920844297994,(-2971707.2657473525-5221668.976542719j),28.044146147057884,0.15926962987085883,(5942711.155208625+0j),27.386368939829847,2.2312034429439953e-09,(703.3762860832364+0j)
-11.697932441823568,28.049063210946862,0.1627920844297994,(-2971707.2657473525+5221668.976542719j),28.049063210946862,0.1627920844297994,(-2971707.2657473525-5221668.976542719j),28.047711246532376,0.15926962987085883,(5942711.155208625+0j),27.38636923546049,2.2312034429439953e-09,(703.3762860832364+0j)
-11.680237485990661,28.052374070291336,0.1627920844297994,(-2971707.2657473525+5221668.976542719j),28.052374070291336,0.1627920844297994,(-2971707.2657473525-5221668.976542719j),28.05113196848976,0.15926962987085883,(5942711.155208625+0j),27.386369556797934,2.2312034429439953e-09,(703.3762860832364+0j)
-11.66254253015775,28.055545073127075,0.1627920844297994,(-2971707.2657473525+5221668.976542719j),28.055545073127075,0.1627920844297994,(-2971707.2657473525-5221668.976542719j),28.05440821665403,0.15926962987085883,(5942711.155208625+0j),27.38636990734762,2.2312034429439953e-09,(703.3762860832364+0j)
-11.644847574324842,28.058576128211627,0.1627920844297994,(-2971707.2657473525+5221668.976542719j),28.058576128211627,0.1627920844297994,(-2971707.2657473525-5221668.976542719j),28.0575398946851,0.15926962987085883,(5942711.155208625+0j),27.38637029128269,2.2312034429439953e-09,(703.3762860832364+0j)
-11.627152618491936,28.0614671442431,0.1627920844297994,(-2971707.2657473525+5221668.976542719j),28.0614671442431,0.1627920844297994,(-2971707.2657473525-5221668.976542719j),28.060526906178737,0.15926962987085883,(5942711.155208625+0j),27.38637071361091,2.2312034429439953e-09,(703.3762860832364+0j)
-11.609457662659027,28.06421802986013,0.1627920844297994,(-2971707.2657473525+5221668.976542719j),28.06421802986013,0.1627920844297994,(-2971707.2657473525-5221668.976542719j),28.063369154666535,0.15926962987085883,(5942711.155208625+0j),27.38637118039428,2.2312034429439953e-09,(703.3762860832364+0j)
-11.591762706826119,28.066828693641845,0.1627920844297994,(-2971707.2657473525+5221668.976542719j),28.066828693641845,0.1627920844297994,(-2971707.2657473525-5221668.976542719j),28.066066543615854,0.15926962987085883,(5942711.155208625+0j),27.38637169904193,2.2312034429439953e-09,(703.3762860832364+0j)
-11.57406775099321,28.069299044107797,0.1627920844297994,(-2971707.2657473525+5221668.976542719j),28.069299044107797,0.1627920844297994,(-2971707.2657473525-5221668.976542719j),28.068618976429764,0.15926962987085883,(5942711.155208625+0j),27.386372278706272,2.2312034429439953e-09,(703.3762860832364+0j)
-11.556372795160303,28.071628989717947,0.1627920844297994,(-2971707.2657473525+5221668.976542719j),28.071628989717947,0.1627920844297994,(-2971707.2657473525-5221668.976542719j),28.071026356447007,0.15926962987085883,(5942711.155208625+0j),27.386372930827797,2.2312034429439953e-09,(703.3762860832364+0j)
-11.538677839327395,28.0738184388726,0.1627920844297994,(-2971707.2657473525+5221668.976542719j),28.0738184388726,0.1627920844297994,(-2971707.2657473525-5221668.976542719j),28.073288586941967,0.15926962987085883,(5942711.155208625+0j),27.386373669897765,2.2312034429439953e-09,(703.3762860832364+0j)
-11.520982883494487,28.07586729991238,0.1627920844297994,(-2971707.2657473525+5221668.976542719j),28.07586729991238,0.1627920844297994,(-2971707.2657473525-5221668.976542719j),28.075405571124584,0.15926962987085883,(5942711.155208625+0j),27.38637451454773,2.2312034429439953e-09,(703.3762860832364+0j)
-11.503287927661576,28.077775481118174,0.1627920844297994,(-2971707.2657473525+5221668.976542719j),28.077775481118174,0.1627920844297994,(-2971707.2657473525-5221668.976542719j),28.077377212140345,0.15926962987085883,(5942711.155208625+0j),27.38637548914195,2.2312034429439953e-09,(703.3762860832364+0j)
-11.48559297182867,28.07954289071109,0.1627920844297994,(-2971707.2657473525+5221668.976542719j),28.07954289071109,0.1627920844297994,(-2971707.2657473525-5221668.976542719j),28.079203413070204,0.15926962987085883,(5942711.155208625+0j),27.386376626165987,2.2312034429439953e-09,(703.3762860832364+0j)
-11.467898015995761,28.081169436852413,0.1627920844297994,(-2971707.2657473525+5221668.976542719j),28.081169436852413,0.1627920844297994,(-2971707.2657473525-5221668.976542719j),28.08088407693056,0.15926962987085883,(5942711.155208625+0j),27.386377969918108,2.2312034429439953e-09,(703.3762860832364+0j)
-11.450203060162853,28.08265502764358,0.1627920844297994,(-2971707.2657473525+5221668.976542719j),28.08265502764358,0.1627920844297994,(-2971707.2657473525-5221668.976542719j),28.082419106673193,0.15926962987085883,(5942711.155208625+0j),27.386379582415568,2.2312034429439953e-09,(703.3762860832364+0j)
-11.432508104329944,28.083999571126107,0.1627920844297994,(-2971707.2657473525+5221668.976542719j),28.083999571126107,0.1627920844297994,(-2971707.2657473525-5221668.976542719j),28.083808405185216,0.15926962987085883,(5942711.155208625+0j),27.38638155323827,2.2312034429439953e-09,(703.3762860832364+0j)
-11.414813148497037,28.085202975281568,0.1627920844297994,(-2971707.2657473525+5221668.976542719j),28.085202975281568,0.1627920844297994,(-2971707.2657473525-5221668.976542719j),28.08505187528905,0.15926962987085883,(5942711.155208625+0j),27.386384016754995,2.2312034429439953e-09,(703.3762860832364+0j)
-11.397118192664129,28.086265148031544,0.1627920844297994,(-2971707.2657473525+5221668.976542719j),28.086265148031544,0.1627920844297994,(-2971707.2657473525-5221668.976542719j),28.086149419742338,0.15926962987085883,(5942711.155208625+0j),27.38638718411463,2.2312034429439953e-09,(703.3762860832364+0j)
-11.37942323683122,28.087185997237576,0.1627920844297994,(-2971707.2657473525+5221668.976542719j),28.087185997237576,0.1627920844297994,(-2971707.2657473525-5221668.976542719j),28.08710094123793,0.15926962987085883,(5942711.155208625+0j),27.38639140722752,2.2312034429439953e-09,(703.3762860832364+0j)
-11.361728280998314,28.087965430701125,0.1627920844297994,(-2971707.2657473525+5221668.976542719j),28.087965430701125,0.1627920844297994,(-2971707.2657473525-5221668.976542719j),28.087906342403826,0.15926962987085883,(5942711.155208625+0j),27.386397319521674,2.2312034429439953e-09,(703.3762860832364+0j)
-11.344033325165404,28.08860335616353,0.1627920844297994,(-2971707.2657473525+5221668.976542719j),28.08860335616353,0.1627920844297994,(-2971707.2657473525-5221668.976542719j),28.088565525803105,0.15926962987085883,(5942711.155208625+0j),27.386406187823127,2.2312034429439953e-09,(703.3762860832364+0j)
-11.326338369332495,28.089099681305964,0.1627920844297994,(-2971707.2657473525+5221668.976542719j),28.089099681305964,0.1627920844297994,(-2971707.2657473525-5221668.976542719j),28.08907839393392,0.15926962987085883,(5942711.155208625+0j),27.386420967952827,2.2312034429439953e-09,(703.3762860832364+0j)
-11.308643413499587,28.08945431374939,0.1627920844297994,(-2971707.2657473525+5221668.976542719j),28.08945431374939,0.1627920844297994,(-2971707.2657473525-5221668.976542719j),28.089444849229412,0.15926962987085883,(5942711.155208625+0j),27.38645052681457,2.2312034429439953e-09,(703.3762860832364+0j)
-11.29094845766668,28.089667161054514,0.1627920844297994,(-2971707.2657473525+5221668.976542719j),28.089667161054514,0.1627920844297994,(-2971707.2657473525-5221668.976542719j),28.089664794057683,0.15926962987085883,(5942711.155208625+0j),27.386539192220024,2.2312034429439953e-09,(703.3762860832364+0j)
-11.273253501833771,28.08973813072174,0.1627920844297994,(-2971707.2657473525+5221668.976542719j),28.08973813072174,0.1627920844297994,(-2971707.2657473525-5221668.976542719j),28.08973813072174,0.15926962987085883,(5942711.155208625+0j),28.08973813072174,2.2312034429439953e-09,(703.3762860832364+0j)
-11.273253501833771,26.80220577842662,0.03207304762753493,(-1260564.53529813+2350048.3810585146j),26.80220577842662,0.03207304762753493,(-1260564.53529813-2350048.3810585146j),28.089738130721738,0.028473443091474593,(2512685.4780227044+0j),28.089738130721738,3.2152760489845937e-07,(8443.592573555223+0j)
-11.255558546000863,26.665770581941587,0.03207304762753493,(-1260564.53529813+2350048.3810585146j),26.665770581941587,0.03207304762753493,(-1260564.53529813-2350048.3810585146j),27.929776900159847,0.028473443091474593,(2512685.4780227044+0j),28.089706520725336,3.2152760489845937e-07,(8443.592573555223+0j)
-11.237863590167954,26.530508290577536,0.03207304762753493,(-1260564.53529813+2350048.3810585146j),26.530508290577536,0.03207304762753493,(-1260564.53529813-2350048.3810585146j),27.771161147313872,0.028473443091474593,(2512685.4780227044+0j),28.089674259159533,3.2152760489845937e-07,(8443.592573555223+0j)
-11.220168634335048,26.396422817346604,0.03207304762753493,(-1260564.53529813+2350048.3810585146j),26.396422817346604,0.03207304762753493,(-1260564.53529813-2350048.3810585146j),27.613895938141606,0.028473443091474593,(2512685.4780227044+0j),28.089641325668566,3.2152760489845937e-07,(8443.592573555223+0j)
-11.20247367850214,26.263518087807768,0.03207304762753493,(-1260564.53529813+2350048.3810585146j),26.263518087807768,0.03207304762753493,(-1260564.53529813-2350048.3810585146j),27.45798635683013,0.028473443091474593,(2512685.4780227044+0j),28.089607699039828,3.2152760489845937e-07,(8443.592573555223+0j)
-11.184778722669229,26.13179804011117,0.03207304762753493,(-1260564.53529813+2350048.3810585146j),26.13179804011117,0.03207304762753493,(-1260564.53529813-2350048.3810585146j),27.303437505867983,0.028473443091474593,(2512685.4780227044+0j),28.08957335715832,3.2152760489845937e-07,(8443.592573555223+0j)
-11.16708376683632,26.001266625042593,0.03207304762753493,(-1260564.53529813+2350048.3810585146j),26.001266625042593,0.03207304762753493,(-1260564.53529813-2350048.3810585146j),27.150254506117598,0.028473443091474593,(2512685.4780227044+0j),28.08953827695812,3.2152760489845937e-07,(8443.592573555223+0j)
-11.149388811003414,25.871927806068097,0.03207304762753493,(-1260564.53529813+2350048.3810585146j),25.871927806068097,0.03207304762753493,(-1260564.53529813-2350048.3810585146j),26.99844249688808,0.028473443091474593,(2512685.4780227044+0j),28.08950243437076,3.2152760489845937e-07,(8443.592573555223+0j)
-11.131693855170505,25.74378555937885,0.03207304762753493,(-1260564.53529813+2350048.3810585146j),25.74378555937885,0.03207304762753493,(-1260564.53529813-2350048.3810585146j),26.84800663600832,0.028473443091474593,(2512685.4780227044+0j),28.089465804270134,3.2152760489845937e-07,(8443.592573555223+0j)
-11.113998899337597,25.616843873936123,0.03207304762753493,(-1260564.53529813+2350048.3810585146j),25.616843873936123,0.03207304762753493,(-1260564.53529813-2350048.3810585146j),26.69895209990041,0.028473443091474593,(2512685.4780227044+0j),28.089428360413727,3.2152760489845937e-07,(8443.592573555223+0j)
-11.09630394350469,25.49110675151649,0.03207304762753493,(-1260564.53529813+2350048.3810585146j),25.49110675151649,0.03207304762753493,(-1260564.53529813-2350048.3810585146j),26.551284083653385,0.028473443091474593,(2512685.4780227044+0j),28.089390075379978,3.2152760489845937e-07,(8443.592573555223+0j)
-11.078608987671782,25.366578206757165,0.03207304762753493,(-1260564.53529813+2350048.3810585146j),25.366578206757165,0.03207304762753493,(-1260564.53529813-2350048.3810585146j),26.40500780109733,0.028473443091474593,(2512685.4780227044+0j),28.089350920501268,3.2152760489845937e-07,(8443.592573555223+0j)
-11.060914031838873,25.243262267201555,0.03207304762753493,(-1260564.53529813+2350048.3810585146j),25.243262267201555,0.03207304762753493,(-1260564.53529813-2350048.3810585146j),26.260128484877757,0.028473443091474593,(2512685.4780227044+0j),28.089310865792335,3.2152760489845937e-07,(8443.592573555223+0j)
-11.043219076005965,25.121162973344976,0.03207304762753493,(-1260564.53529813+2350048.3810585146j),25.121162973344976,0.03207304762753493,(-1260564.53529813-2350048.3810585146j),26.116651386530375,0.028473443091474593,(2512685.4780227044+0j),28.089269879873704,3.2152760489845937e-07,(8443.592573555223+0j)
-11.025524120173058,25.000284378680576,0.03207304762753493,(-1260564.53529813+2350048.3810585146j),25.000284378680576,0.03207304762753493,(-1260564.53529813-2350048.3810585146j),25.974581776556136,0.028473443091474593,(2512685.4780227044+0j),28.089227929889688,3.2152760489845937e-07,(8443.592573555223+0j)
-11.00782916434015,24.880630549745376,0.03207304762753493,(-1260564.53529813+2350048.3810585146j),24.880630549745376,0.03207304762753493,(-1260564.53529813-2350048.3810585146j),25.83392494449667,0.028473443091474593,(2512685.4780227044+0j),28.08918498142054,3.2152760489845937e-07,(8443.592573555223+0j)
-10.99013420850724,24.76220556616659,0.03207304762753493,(-1260564.53529813+2350048.3810585146j),24.76220556616659,0.03207304762753493,(-1260564.53529813-2350048.3810585146j),25.694686199010004,0.028473443091474593,(2512685.4780227044+0j),28.08914099838829,3.2152760489845937e-07,(8443.592573555223+0j)
-10.97243925267433,24.645013520708044,0.03207304762753493,(-1260564.53529813+2350048.3810585146j),24.645013520708044,0.03207304762753493,(-1260564.53529813-2350048.3810585146j),25.556870867946657,0.028473443091474593,(2512685.4780227044+0j),28.089095942955655,3.2152760489845937e-07,(8443.592573555223+0j)
-10.954744296841424,24.529058519316827,0.03207304762753493,(-1260564.53529813+2350048.3810585146j),24.529058519316827,0.03207304762753493,(-1260564.53529813-2350048.3810585146j),25.420484298426064,0.028473443091474593,(2512685.4780227044+0j),28.089049775417458,3.2152760489845937e-07,(8443.592573555223+0j)
-10.937049341008516,24.414344681170114,0.03207304762753493,(-1260564.53529813+2350048.3810585146j),24.414344681170114,0.03207304762753493,(-1260564.53529813-2350048.3810585146j),25.28553185691333,0.028473443091474593,(2512685.4780227044+0j),28.089002454083943,3.2152760489845937e-07,(8443.592573555223+0j)
-10.919354385175607,24.300876138722163,0.03207304762753493,(-1260564.53529813+2350048.3810585146j),24.300876138722163,0.03207304762753493,(-1260564.53529813-2350048.3810585146j),25.15201892929634,0.028473443091474593,(2512685.4780227044+0j),28.088953935155214,3.2152760489845937e-07,(8443.592573555223+0j)
-10.901659429342699,24.188657037751543,0.03207304762753493,(-1260564.53529813+2350048.3810585146j),24.188657037751543,0.03207304762753493,(-1260564.53529813-2350048.3810585146j),25.019950920963208,0.028473443091474593,(2512685.4780227044+0j),28.088904172586012,3.2152760489845937e-07,(8443.592573555223+0j)
-10.883964473509792,24.077691537408487,0.03207304762753493,(-1260564.53529813+2350048.3810585146j),24.077691537408487,0.03207304762753493,(-1260564.53529813-2350048.3810585146j),24.88933325688009,0.028473443091474593,(2512685.4780227044+0j),28.08885311793996,3.2152760489845937e-07,(8443.592573555223+0j)
-10.866269517676884,23.967983810262474,0.03207304762753493,(-1260564.53529813+2350048.3810585146j),23.967983810262474,0.03207304762753493,(-1260564.53529813-2350048.3810585146j),24.760171381669288,0.028473443091474593,(2512685.4780227044+0j),28.088800720232307,3.2152760489845937e-07,(8443.592573555223+0j)
-10.848574561843975,23.859538042350025,0.03207304762753493,(-1260564.53529813+2350048.3810585146j),23.859538042350025,0.03207304762753493,(-1260564.53529813-2350048.3810585146j),24.632470759687784,0.028473443091474593,(2512685.4780227044+0j),28.088746925760105,3.2152760489845937e-07,(8443.592573555223+0j)
-10.830879606011067,23.752358433222607,0.03207304762753493,(-1260564.53529813+2350048.3810585146j),23.752358433222607,0.03207304762753493,(-1260564.53529813-2350048.3810585146j),24.506236875106087,0.028473443091474593,(2512685.4780227044+0j),28.08869167791863,3.2152760489845937e-07,(8443.592573555223+0j)
-10.813184650178158,23.64644919599483,0.03207304762753493,(-1260564.53529813+2350048.3810585146j),23.64644919599483,0.03207304762753493,(-1260564.53529813-2350048.3810585146j),24.38147523198739,0.028473443091474593,(2512685.4780227044+0j),28.088634917002665,3.2152760489845937e-07,(8443.592573555223+0j)
-10.79548969434525,23.541814557392748,0.03207304762753493,(-1260564.53529813+2350048.3810585146j),23.541814557392748,0.03207304762753493,(-1260564.53529813-2350048.3810585146j),24.25819135436719,0.028473443091474593,(2512685.4780227044+0j),28.088576579991297,3.2152760489845937e-07,(8443.592573555223+0j)
-10.777794738512341,23.43845875780242,0.03207304762753493,(-1260564.53529813+2350048.3810585146j),23.43845875780242,0.03207304762753493,(-1260564.53529813-2350048.3810585146j),24.13639078633314,0.028473443091474593,(2512685.4780227044+0j),28.088516600314513,3.2152760489845937e-07,(8443.592573555223+0j)
-10.760099782679434,23.336386051318616,0.03207304762753493,(-1260564.53529813+2350048.3810585146j),23.336386051318616,0.03207304762753493,(-1260564.53529813-2350048.3810585146j),24.016079092105343,0.028473443091474593,(2512685.4780227044+0j),28.088454907599772,3.2152760489845937e-07,(8443.592573555223+0j)
-10.742404826846526,23.235600705793765,0.03207304762753493,(-1260564.53529813+2350048.3810585146j),23.235600705793765,0.03207304762753493,(-1260564.53529813-2350048.3810585146j),23.897261856117005,0.028473443091474593,(2512685.4780227044+0j),28.088391427396562,3.2152760489845937e-07,(8443.592573555223+0j)
-10.724709871013618,23.136107002887037,0.03207304762753493,(-1260564.53529813+2350048.3810585146j),23.136107002887037,0.03207304762753493,(-1260564.53529813-2350048.3810585146j),23.779944683095394,0.028473443091474593,(2512685.4780227044+0j),28.088326080876723,3.2152760489845937e-07,(8443.592573555223+0j)
-10.707014915180709,23.037909238113706,0.03207304762753493,(-1260564.53529813+2350048.3810585146j),23.037909238113706,0.03207304762753493,(-1260564.53529813-2350048.3810585146j),23.66413319814321,0.028473443091474593,(2512685.4780227044+0j),28.088258784507804,3.2152760489845937e-07,(8443.592573555223+0j)
-10.689319959347802,22.94101172089461,0.03207304762753493,(-1260564.53529813+2350048.3810585146j),22.94101172089461,0.03207304762753493,(-1260564.53529813-2350048.3810585146j),23.549833046820332,0.028473443091474593,(2512685.4780227044+0j),28.088189449696912,3.2152760489845937e-07,(8443.592573555223+0j)
-10.671625003514894,22.84541877460591,0.03207304762753493,(-1260564.53529813+2350048.3810585146j),22.84541877460591,0.03207304762753493,(-1260564.53529813-2350048.3810585146j),23.437049895225865,0.028473443091474593,(2512685.4780227044+0j),28.08811798240153,3.2152760489845937e-07,(8443.592573555223+0j)
-10.653930047681985,22.751134736628966,0.03207304762753493,(-1260564.53529813+2350048.3810585146j),22.751134736628966,0.03207304762753493,(-1260564.53529813-2350048.3810585146j),23.325789430080636,0.028473443091474593,(2512685.4780227044+0j),28.08804428270403,3.2152760489845937e-07,(8443.592573555223+0j)
-10.636235091849077,22.65816395840048,0.03207304762753493,(-1260564.53529813+2350048.3810585146j),22.65816395840048,0.03207304762753493,(-1260564.53529813-2350048.3810585146j),23.216057358810026,0.028473443091474593,(2512685.4780227044+0j),28.087968244345515,3.2152760489845937e-07,(8443.592573555223+0j)
-10.618540136016168,22.566510805462773,0.03207304762753493,(-1260564.53529813+2350048.3810585146j),22.566510805462773,0.03207304762753493,(-1260564.53529813-2350048.3810585146j),23.107859409627164,0.028473443091474593,(2512685.4780227044+0j),28.087889754214704,3.2152760489845937e-07,(8443.592573555223+0j)
-10.60084518018326,22.476179657514336,0.03207304762753493,(-1260564.53529813+2350048.3810585146j),22.476179657514336,0.03207304762753493,(-1260564.53529813-2350048.3810585146j),23.0012013316165,0.028473443091474593,(2512685.4780227044+0j),28.0878086917865,3.2152760489845937e-07,(8443.592573555223+0j)
-10.583150224350351,22.387174908460523,0.03207304762753493,(-1260564.53529813+2350048.3810585146j),22.387174908460523,0.03207304762753493,(-1260564.53529813-2350048.3810585146j),22.896088894817797,0.028473443091474593,(2512685.4780227044+0j),28.08772492850444,3.2152760489845937e-07,(8443.592573555223+0j)
-10.565455268517445,22.29950096646448,0.03207304762753493,(-1260564.53529813+2350048.3810585146j),22.29950096646448,0.03207304762753493,(-1260564.53529813-2350048.3810585146j),22.79252789031044,0.028473443091474593,(2512685.4780227044+0j),28.087638327100397,3.2152760489845937e-07,(8443.592573555223+0j)
-10.547760312684536,22.213162253998284,0.03207304762753493,(-1260564.53529813+2350048.3810585146j),22.213162253998284,0.03207304762753493,(-1260564.53529813-2350048.3810585146j),22.690524130298154,0.028473443091474593,(2512685.4780227044+0j),28.08754874084393,3.2152760489845937e-07,(8443.592573555223+0j)
-10.530065356851628,22.12816320789426,0.03207304762753493,(-1260564.53529813+2350048.3810585146j),22.12816320789426,0.03207304762753493,(-1260564.53529813-2350048.3810585146j),22.59008344819415,0.028473443091474593,(2512685.4780227044+0j),28.087456012712632,3.2152760489845937e-07,(8443.592573555223+0j)
-10.51237040101872,22.044508279396535,0.03207304762753493,(-1260564.53529813+2350048.3810585146j),22.044508279396535,0.03207304762753493,(-1260564.53529813-2350048.3810585146j),22.491211698706547,0.028473443091474593,(2512685.4780227044+0j),28.087359974473692,3.2152760489845937e-07,(8443.592573555223+0j)
-10.494675445185813,21.96220193421276,0.03207304762753493,(-1260564.53529813+2350048.3810585146j),21.96220193421276,0.03207304762753493,(-1260564.53529813-2350048.3810585146j),22.393914757924293,0.028473443091474593,(2512685.4780227044+0j),28.087260445665226,3.2152760489845937e-07,(8443.592573555223+0j)
-10.476980489352902,21.881248652566107,0.03207304762753493,(-1260564.53529813+2350048.3810585146j),21.881248652566107,0.03207304762753493,(-1260564.53529813-2350048.3810585146j),22.298198523403414,0.028473443091474593,(2512685.4780227044+0j),28.087157232464552,3.2152760489845937e-07,(8443.592573555223+0j)
-10.459285533519994,21.801652929247403,0.03207304762753493,(-1260564.53529813+2350048.3810585146j),21.801652929247403,0.03207304762753493,(-1260564.53529813-2350048.3810585146j),22.204068914253664,0.028473443091474593,(2512685.4780227044+0j),28.08705012642839,3.2152760489845937e-07,(8443.592573555223+0j)
-10.441590577687085,21.72341927366751,0.03207304762753493,(-1260564.53529813+2350048.3810585146j),21.72341927366751,0.03207304762753493,(-1260564.53529813-2350048.3810585146j),22.111531871225587,0.028473443091474593,(2512685.4780227044+0j),28.086938903087766,3.2152760489845937e-07,(8443.592573555223+0j)
-10.423895621854179,21.64655220990993,0.03207304762753493,(-1260564.53529813+2350048.3810585146j),21.64655220990993,0.03207304762753493,(-1260564.53529813-2350048.3810585146j),22.02059335679793,0.028473443091474593,(2512685.4780227044+0j),28.08682332037768,3.2152760489845937e-07,(8443.592573555223+0j)
-10.40620066602127,21.571056276783594,0.03207304762753493,(-1260564.53529813+2350048.3810585146j),21.571056276783594,0.03207304762753493,(-1260564.53529813-2350048.3810585146j),21.931259355265514,0.028473443091474593,(2512685.4780227044+0j),28.086703116878518,3.2152760489845937e-07,(8443.592573555223+0j)
-10.388505710188362,21.49693602787587,0.03207304762753493,(-1260564.53529813+2350048.3810585146j),21.49693602787587,0.03207304762753493,(-1260564.53529813-2350048.3810585146j),21.84353587282744,0.028473443091474593,(2512685.4780227044+0j),28.086578009842132,3.2152760489845937e-07,(8443.592573555223+0j)
-10.370810754355455,21.4241960316058,0.03207304762753493,(-1260564.53529813+2350048.3810585146j),21.4241960316058,0.03207304762753493,(-1260564.53529813-2350048.3810585146j),21.757428937675755,0.028473443091474593,(2512685.4780227044+0j),28.086447692971415,3.2152760489845937e-07,(8443.592573555223+0j)
-10.353115798522547,21.352840871277547,0.03207304762753493,(-1260564.53529813+2350048.3810585146j),21.352840871277547,0.03207304762753493,(-1260564.53529813-2350048.3810585146j),21.672944600084474,0.028473443091474593,(2512685.4780227044+0j),28.086311833916533,3.2152760489845937e-07,(8443.592573555223+0j)
-10.335420842689638,21.282875145134042,0.03207304762753493,(-1260564.53529813+2350048.3810585146j),21.282875145134042,0.03207304762753493,(-1260564.53529813-2350048.3810585146j),21.590088932499032,0.028473443091474593,(2512685.4780227044+0j),28.086170071444787,3.2152760489845937e-07,(8443.592573555223+0j)
-10.31772588685673,21.214303466410886,0.03207304762753493,(-1260564.53529813+2350048.3810585146j),21.214303466410886,0.03207304762753493,(-1260564.53529813-2350048.3810585146j),21.508868029626132,0.028473443091474593,(2512685.4780227044+0j),28.086022012233332,3.2152760489845937e-07,(8443.592573555223+0j)
-10.300030931023823,21.14713046339041,0.03207304762753493,(-1260564.53529813+2350048.3810585146j),21.14713046339041,0.03207304762753493,(-1260564.53529813-2350048.3810585146j),21.42928800852402,0.028473443091474593,(2512685.4780227044+0j),28.08586722722488,3.2152760489845937e-07,(8443.592573555223+0j)
-10.282335975190913,21.081360779456023,0.03207304762753493,(-1260564.53529813+2350048.3810585146j),21.081360779456023,0.03207304762753493,(-1260564.53529813-2350048.3810585146j),21.351355008693133,0.028473443091474593,(2512685.4780227044+0j),28.085705247475087,3.2152760489845937e-07,(8443.592573555223+0j)
-10.264641019358004,21.016999073146728,0.03207304762753493,(-1260564.53529813+2350048.3810585146j),21.016999073146728,0.03207304762753493,(-1260564.53529813-2350048.3810585146j),21.27507519216721,0.028473443091474593,(2512685.4780227044+0j),28.08553555940724,3.2152760489845937e-07,(8443.592573555223+0j)
-10.246946063525096,20.954050018211884,0.03207304762753493,(-1260564.53529813+2350048.3810585146j),20.954050018211884,0.03207304762753493,(-1260564.53529813-2350048.3810585146j),21.200454743604794,0.028473443091474593,(2512685.4780227044+0j),28.08535759937287,3.2152760489845937e-07,(8443.592573555223+0j)
-10.229251107692189,20.89251830366619,0.03207304762753493,(-1260564.53529813+2350048.3810585146j),20.89251830366619,0.03207304762753493,(-1260564.53529813-2350048.3810585146j),21.127499870381115,0.028473443091474593,(2512685.4780227044+0j),28.085170747397072,3.2152760489845937e-07,(8443.592573555223+0j)
-10.21155615185928,20.832408633844874,0.03207304762753493,(-1260564.53529813+2350048.3810585146j),20.832408633844874,0.03207304762753493,(-1260564.53529813-2350048.3810585146j),21.056216802680463,0.028473443091474593,(2512685.4780227044+0j),28.08497431996217,3.2152760489845937e-07,(8443.592573555223+0j)
-10.193861196026372,20.773725728459148,0.03207304762753493,(-1260564.53529813+2350048.3810585146j),20.773725728459148,0.03207304762753493,(-1260564.53529813-2350048.3810585146j),20.986611793588956,0.028473443091474593,(2512685.4780227044+0j),28.08476756165287,3.2152760489845937e-07,(8443.592573555223+0j)
-10.176166240193464,20.71647432265181,0.03207304762753493,(-1260564.53529813+2350048.3810585146j),20.71647432265181,0.03207304762753493,(-1260564.53529813-2350048.3810585146j),20.918691119187674,0.028473443091474593,(2512685.4780227044+0j),28.084549635447488,3.2152760489845937e-07,(8443.592573555223+0j)
-10.158471284360557,20.66065916705318,0.03207304762753493,(-1260564.53529813+2350048.3810585146j),20.66065916705318,0.03207304762753493,(-1260564.53529813-2350048.3810585146j),20.852461078646332,0.028473443091474593,(2512685.4780227044+0j),28.084319611392317,3.2152760489845937e-07,(8443.592573555223+0j)
-10.140776328527648,20.60628502783716,0.03207304762753493,(-1260564.53529813+2350048.3810585146j),20.60628502783716,0.03207304762753493,(-1260564.53529813-2350048.3810585146j),20.78792799431726,0.028473443091474593,(2512685.4780227044+0j),28.08407645333597,3.2152760489845937e-07,(8443.592573555223+0j)
-10.123081372694738,20.5533566867776,0.03207304762753493,(-1260564.53529813+2350048.3810585146j),20.5533566867776,0.03207304762753493,(-1260564.53529813-2350048.3810585146j),20.725098211829927,0.028473443091474593,(2512685.4780227044+0j),28.08381900332457,3.2152760489845937e-07,(8443.592573555223+0j)
-10.105386416861831,20.50187894130485,0.03207304762753493,(-1260564.53529813+2350048.3810585146j),20.50187894130485,0.03207304762753493,(-1260564.53529813-2350048.3810585146j),20.663978100185787,0.028473443091474593,(2512685.4780227044+0j),28.083545963162077,3.2152760489845937e-07,(8443.592573555223+0j)
-10.087691461028923,20.451856604562526,0.03207304762753493,(-1260564.53529813+2350048.3810585146j),20.451856604562526,0.03207304762753493,(-1260564.53529813-2350048.3810585146j),20.604574051853664,0.028473443091474593,(2512685.4780227044+0j),28.08325587251611,3.2152760489845937e-07,(8443.592573555223+0j)
-10.069996505196015,20.403294505464597,0.03207304762753493,(-1260564.53529813+2350048.3810585146j),20.403294505464597,0.03207304762753493,(-1260564.53529813-2350048.3810585146j),20.546892482865488,0.028473443091474593,(2512685.4780227044+0j),28.0829470827899,3.2152760489845937e-07,(8443.592573555223+0j)
-10.052301549363106,20.356197488752585,0.03207304762753493,(-1260564.53529813+2350048.3810585146j),20.356197488752585,0.03207304762753493,(-1260564.53529813-2350048.3810585146j),20.490939832912535,0.028473443091474593,(2512685.4780227044+0j),28.082617725773403,3.2152760489845937e-07,(8443.592573555223+0j)
-10.0346065935302,20.3105704150531,0.03207304762753493,(-1260564.53529813+2350048.3810585146j),20.3105704150531,0.03207304762753493,(-1260564.53529813-2350048.3810585146j),20.43672256544206,0.028473443091474593,(2512685.4780227044+0j),28.082265675814508,3.2152760489845937e-07,(8443.592573555223+0j)
-10.01691163769729,20.266418160935523,0.03207304762753493,(-1260564.53529813+2350048.3810585146j),20.266418160935523,0.03207304762753493,(-1260564.53529813-2350048.3810585146j),20.384247167754417,0.028473443091474593,(2512685.4780227044+0j),28.081888503891967,3.2152760489845937e-07,(8443.592573555223+0j)
-9.999216681864382,20.22374561897001,0.03207304762753493,(-1260564.53529813+2350048.3810585146j),20.22374561897001,0.03207304762753493,(-1260564.53529813-2350048.3810585146j),20.33352015110057,0.028473443091474593,(2512685.4780227044+0j),28.081483421492628,3.2152760489845937e-07,(8443.592573555223+0j)
-9.981521726031474,20.182557697785672,0.03207304762753493,(-1260564.53529813+2350048.3810585146j),20.182557697785672,0.03207304762753493,(-1260564.53529813-2350048.3810585146j),20.284548050780124,0.028473443091474593,(2512685.4780227044+0j),28.081047211550803,3.2152760489845937e-07,(8443.592573555223+0j)
-9.963826770198567,20.142859322129024,0.03207304762753493,(-1260564.53529813+2350048.3810585146j),20.142859322129024,0.03207304762753493,(-1260564.53529813-2350048.3810585146j),20.237337426239748,0.028473443091474593,(2512685.4780227044+0j),28.080576142831177,3.2152760489845937e-07,(8443.592573555223+0j)
-9.946131814365657,20.104655432922637,0.03207304762753493,(-1260564.53529813+2350048.3810585146j),20.104655432922637,0.03207304762753493,(-1260564.53529813-2350048.3810585146j),20.191894861172067,0.028473443091474593,(2512685.4780227044+0j),28.080065862931743,3.2152760489845937e-07,(8443.592573555223+0j)
-9.928436858532748,20.067950987324082,0.03207304762753493,(-1260564.53529813+2350048.3810585146j),20.067950987324082,0.03207304762753493,(-1260564.53529813-2350048.3810585146j),20.148226963615024,0.028473443091474593,(2512685.4780227044+0j),28.079511263407483,3.2152760489845937e-07,(8443.592573555223+0j)
-9.910741902699842,20.032750958785076,0.03207304762753493,(-1260564.53529813+2350048.3810585146j),20.032750958785076,0.03207304762753493,(-1260564.53529813-2350048.3810585146j),20.106340366051686,0.028473443091474593,(2512685.4780227044+0j),28.078906308155208,3.2152760489845937e-07,(8443.592573555223+0j)
-9.893046946866933,19.999060337110883,0.03207304762753493,(-1260564.53529813+2350048.3810585146j),19.999060337110883,0.03207304762753493,(-1260564.53529813-2350048.3810585146j),20.066241725510515,0.028473443091474593,(2512685.4780227044+0j),28.07824381282908,3.2152760489845937e-07,(8443.592573555223+0j)
-9.875351991034025,19.96688412851997,0.03207304762753493,(-1260564.53529813+2350048.3810585146j),19.96688412851997,0.03207304762753493,(-1260564.53529813-2350048.3810585146j),20.027937723666092,0.028473443091474593,(2512685.4780227044+0j),28.07751515817092,3.2152760489845937e-07,(8443.592573555223+0j)
-9.857657035201116,19.936227355703856,0.03207304762753493,(-1260564.53529813+2350048.3810585146j),19.936227355703856,0.03207304762753493,(-1260564.53529813-2350048.3810585146j),19.991435066940337,0.028473443091474593,(2512685.4780227044+0j),28.076709912943116,3.2152760489845937e-07,(8443.592573555223+0j)
-9.83996207936821,19.90709505788732,0.03207304762753493,(-1260564.53529813+2350048.3810585146j),19.90709505788732,0.03207304762753493,(-1260564.53529813-2350048.3810585146j),19.95674048660414,0.028473443091474593,(2512685.4780227044+0j),28.075815331362605,3.2152760489845937e-07,(8443.592573555223+0j)
-9.822267123535301,19.879492290888702,0.03207304762753493,(-1260564.53529813+2350048.3810585146j),19.879492290888702,0.03207304762753493,(-1260564.53529813-2350048.3810585146j),19.923860738879522,0.028473443091474593,(2512685.4780227044+0j),28.074815673442995,3.2152760489845937e-07,(8443.592573555223+0j)
-9.804572167702393,19.85342412718059,0.03207304762753493,(-1260564.53529813+2350048.3810585146j),19.85342412718059,0.03207304762753493,(-1260564.53529813-2350048.3810585146j),19.892802605042228,0.028473443091474593,(2512685.4780227044+0j),28.073691270898767,3.2152760489845937e-07,(8443.592573555223+0j)
-9.786877211869484,19.82889565595066,0.03207304762753493,(-1260564.53529813+2350048.3810585146j),19.82889565595066,0.03207304762753493,(-1260564.53529813-2350048.3810585146j),19.863572891524807,0.028473443091474593,(2512685.4780227044+0j),28.072417220089783,3.2152760489845937e-07,(8443.592573555223+0j)
-9.769182256036576,19.805911983162844,0.03207304762753493,(-1260564.53529813+2350048.3810585146j),19.805911983162844,0.03207304762753493,(-1260564.53529813-2350048.3810585146j),19.83617843002019,0.028473443091474593,(2512685.4780227044+0j),28.070961515888847,3.2152760489845937e-07,(8443.592573555223+0j)
-9.751487300203667,19.78447823161867,0.03207304762753493,(-1260564.53529813+2350048.3810585146j),19.78447823161867,0.03207304762753493,(-1260564.53529813-2350048.3810585146j),19.810626077585695,0.028473443091474593,(2512685.4780227044+0j),28.069282326061934,3.2152760489845937e-07,(8443.592573555223+0j)
-9.733792344370759,19.764599541018935,0.03207304762753493,(-1260564.53529813+2350048.3810585146j),19.764599541018935,0.03207304762753493,(-1260564.53529813-2350048.3810585146j),19.78692271674756,0.028473443091474593,(2512685.4780227044+0j),28.067323905931232,3.2152760489845937e-07,(8443.592573555223+0j)
-9.71609738853785,19.746281068025546,0.03207304762753493,(-1260564.53529813+2350048.3810585146j),19.746281068025546,0.03207304762753493,(-1260564.53529813-2350048.3810585146j),19.76507525560597,0.028473443091474593,(2512685.4780227044+0j),28.065010290189004,3.2152760489845937e-07,(8443.592573555223+0j)
-9.698402432704944,19.72952798632371,0.03207304762753493,(-1260564.53529813+2350048.3810585146j),19.72952798632371,0.03207304762753493,(-1260564.53529813-2350048.3810585146j),19.745090627940506,0.028473443091474593,(2512685.4780227044+0j),28.062235210104987,3.2152760489845937e-07,(8443.592573555223+0j)
-9.680707476872035,19.71434548668429,0.03207304762753493,(-1260564.53529813+2350048.3810585146j),19.71434548668429,0.03207304762753493,(-1260564.53529813-2350048.3810585146j),19.726975793316157,0.028473443091474593,(2512685.4780227044+0j),28.058845309204177,3.2152760489845937e-07,(8443.592573555223+0j)
-9.663012521039127,19.700738777026498,0.03207304762753493,(-1260564.53529813+2350048.3810585146j),19.700738777026498,0.03207304762753493,(-1260564.53529813-2350048.3810585146j),19.71073773718977,0.028473443091474593,(2512685.4780227044+0j),28.05461081353072,3.2152760489845937e-07,(8443.592573555223+0j)
-9.64531756520622,19.688713082480774,0.03207304762753493,(-1260564.53529813+2350048.3810585146j),19.688713082480774,0.03207304762753493,(-1260564.53529813-2350048.3810585146j),19.69638347101705,0.028473443091474593,(2512685.4780227044+0j),28.049171159860556,3.2152760489845937e-07,(8443.592573555223+0j)
-9.627622609373311,19.678273645451988,0.03207304762753493,(-1260564.53529813+2350048.3810585146j),19.678273645451988,0.03207304762753493,(-1260564.53529813-2350048.3810585146j),19.683920032359975,0.028473443091474593,(2512685.4780227044+0j),28.041926498612607,3.2152760489845937e-07,(8443.592573555223+0j)
-9.609927653540403,19.669425725682846,0.03207304762753493,(-1260564.53529813+2350048.3810585146j),19.669425725682846,0.03207304762753493,(-1260564.53529813-2350048.3810585146j),19.673354484994817,0.028473443091474593,(2512685.4780227044+0j),28.031799708132134,3.2152760489845937e-07,(8443.592573555223+0j)
-9.592232697707493,19.662174600317623,0.03207304762753493,(-1260564.53529813+2350048.3810585146j),19.662174600317623,0.03207304762753493,(-1260564.53529813-2350048.3810585146j),19.664693919020557,0.028473443091474593,(2512685.4780227044+0j),28.016643854393855,3.2152760489845937e-07,(8443.592573555223+0j)
-9.574537741874586,19.656525563966085,0.03207304762753493,(-1260564.53529813+2350048.3810585146j),19.656525563966085,0.03207304762753493,(-1260564.53529813-2350048.3810585146j),19.657945450967887,0.028473443091474593,(2512685.4780227044+0j),27.99147528287599,3.2152760489845937e-07,(8443.592573555223+0j)
-9.556842786041678,19.652483928767747,0.03207304762753493,(-1260564.53529813+2350048.3810585146j),19.652483928767747,0.03207304762753493,(-1260564.53529813-2350048.3810585146j),19.653116223908686,0.028473443091474593,(2512685.4780227044+0j),27.941477622219626,3.2152760489845937e-07,(8443.592573555223+0j)
-9.539147830208769,19.650055024456325,0.03207304762753493,(-1260564.53529813+2350048.3810585146j),19.650055024456325,0.03207304762753493,(-1260564.53529813-2350048.3810585146j),19.650213407565992,0.028473443091474593,(2512685.4780227044+0j),27.794152169442967,3.2152760489845937e-07,(8443.592573555223+0j)
-9.52145287437586,19.64924419842453,0.03207304762753493,(-1260564.53529813+2350048.3810585146j),19.64924419842453,0.03207304762753493,(-1260564.53529813-2350048.3810585146j),19.64924419842453,0.028473443091474593,(2512685.4780227044+0j),19.64924419842453,3.2152760489845937e-07,(8443.592573555223+0j)
-9.52145287437586,12.372507044660393,0.03777931764995731,(-140515.3669102132+317518.61167819385j),12.372507044660393,0.03777931764995731,(-140515.3669102132-317518.61167819385j),19.64924419842453,0.021916741539558585,(264464.45386537537+0j),19.649244198424533,8.599859644800414e-05,(16566.279955050733+0j)
-9.448706944840572,12.221879370939158,0.03777931764995731,(-140515.3669102132+317518.61167819385j),12.221879370939158,0.03777931764995731,(-140515.3669102132-317518.61167819385j),19.40357933383798,0.021916741539558585,(264464.45386537537+0j),19.645348977130407,8.599859644800414e-05,(16566.279955050733+0j)
-9.375961015305283,12.072054593653611,0.03777931764995731,(-140515.3669102132+317518.61167819385j),12.072054593653611,0.03777931764995731,(-140515.3669102132-317518.61167819385j),19.158574583379927,0.021916741539558585,(264464.45386537537+0j),19.641374892453175,8.599859644800414e-05,(16566.279955050733+0j)
-9.303215085769992,11.923042934982208,0.03777931764995731,(-140515.3669102132+317518.61167819385j),11.923042934982208,0.03777931764995731,(-140515.3669102132-317518.61167819385j),18.91424926826418,0.021916741539558585,(264464.45386537537+0j),19.637319524968298,8.599859644800414e-05,(16566.279955050733+0j)
-9.230469156234705,11.774854724798658,0.03777931764995731,(-140515.3669102132+317518.61167819385j),11.774854724798658,0.03777931764995731,(-140515.3669102132-317518.61167819385j),18.670623049807563,0.021916741539558585,(264464.45386537537+0j),19.63318035526635,8.599859644800414e-05,(16566.279955050733+0j)
-9.157723226699416,11.627500401885799,0.03777931764995731,(-140515.3669102132+317518.61167819385j),11.627500401885799,0.03777931764995731,(-140515.3669102132-317518.61167819385j),18.427715935571722,0.021916741539558585,(264464.45386537537+0j),19.628954758734377,8.599859644800414e-05,(16566.279955050733+0j)
-9.084977297164125,11.480990515164633,0.03777931764995731,(-140515.3669102132+317518.61167819385j),11.480990515164633,0.03777931764995731,(-140515.3669102132-317518.61167819385j),18.185548285626513,0.021916741539558585,(264464.45386537537+0j),19.62464000000691,8.599859644800414e-05,(16566.279955050733+0j)
-9.012231367628836,11.335335724938789,0.03777931764995731,(-140515.3669102132+317518.61167819385j),11.335335724938789,0.03777931764995731,(-140515.3669102132-317518.61167819385j),17.944140818937544,0.021916741539558585,(264464.45386537537+0j),19.620233227062084,8.599859644800414e-05,(16566.279955050733+0j)
-8.939485438093548,11.190546804154579,0.03777931764995731,(-140515.3669102132+317518.61167819385j),11.190546804154579,0.03777931764995731,(-140515.3669102132-317518.61167819385j),17.703514619880675,0.021916741539558585,(264464.45386537537+0j),19.61573146493601,8.599859644800414e-05,(16566.279955050733+0j)
-8.866739508558256,11.04663463967691,0.03777931764995731,(-140515.3669102132+317518.61167819385j),11.04663463967691,0.03777931764995731,(-140515.3669102132-317518.61167819385j),17.46369114488623,0.021916741539558585,(264464.45386537537+0j),19.611131609026366,8.599859644800414e-05,(16566.279955050733+0j)
-8.793993579022969,10.903610233581247,0.03777931764995731,(-140515.3669102132+317518.61167819385j),10.903610233581247,0.03777931764995731,(-140515.3669102132-317518.61167819385j),17.22469222921577,0.021916741539558585,(264464.45386537537+0j),19.60643041795339,8.599859644800414e-05,(16566.279955050733+0j)
-8.72124764948768,10.761484704461857,0.03777931764995731,(-140515.3669102132+317518.61167819385j),10.761484704461857,0.03777931764995731,(-140515.3669102132-317518.61167819385j),16.986540093874396,0.021916741539558585,(264464.45386537537+0j),19.601624505944052,8.599859644800414e-05,(16566.279955050733+0j)
-8.648501719952389,10.62026928875656,0.03777931764995731,(-140515.3669102132+317518.61167819385j),10.62026928875656,0.03777931764995731,(-140515.3669102132-317518.61167819385j),16.749257352661587,0.021916741539558585,(264464.45386537537+0j),19.596710334701484,8.599859644800414e-05,(16566.279955050733+0j)
-8.575755790417102,10.479975342088252,0.03777931764995731,(-140515.3669102132+317518.61167819385j),10.479975342088252,0.03777931764995731,(-140515.3669102132-317518.61167819385j),16.512867019363625,0.021916741539558585,(264464.45386537537+0j),19.59168420471892,8.599859644800414e-05,(16566.279955050733+0j)
-8.503009860881813,10.340614340623354,0.03777931764995731,(-140515.3669102132+317518.61167819385j),10.340614340623354,0.03777931764995731,(-140515.3669102132-317518.61167819385j),16.27739251509075,0.021916741539558585,(264464.45386537537+0j),19.58654224599316,8.599859644800414e-05,(16566.279955050733+0j)
-8.430263931346522,10.202197882447527,0.03777931764995731,(-140515.3669102132+317518.61167819385j),10.202197882447527,0.03777931764995731,(-140515.3669102132-317518.61167819385j),16.04285767576234,0.021916741539558585,(264464.45386537537+0j),19.581280408088702,8.599859644800414e-05,(16566.279955050733+0j)
-8.357518001811233,10.064737688958845,0.03777931764995731,(-140515.3669102132+317518.61167819385j),10.064737688958845,0.03777931764995731,(-140515.3669102132-317518.61167819385j),15.809286759743365,0.021916741539558585,(264464.45386537537+0j),19.575894449498822,8.599859644800414e-05,(16566.279955050733+0j)
-8.284772072275944,9.92824560627865,0.03777931764995731,(-140515.3669102132+317518.61167819385j),9.92824560627865,0.03777931764995731,(-140515.3669102132-317518.61167819385j),15.576704455635522,0.021916741539558585,(264464.45386537537+0j),19.570379926244993,8.599859644800414e-05,(16566.279955050733+0j)
-8.212026142740653,9.792733606680398,0.03777931764995731,(-140515.3669102132+317518.61167819385j),9.792733606680398,0.03777931764995731,(-140515.3669102132-317518.61167819385j),15.345135890226546,0.021916741539558585,(264464.45386537537+0j),19.564732179650203,8.599859644800414e-05,(16566.279955050733+0j)
-8.139280213205366,9.658213790036697,0.03777931764995731,(-140515.3669102132+317518.61167819385j),9.658213790036697,0.03777931764995731,(-140515.3669102132-317518.61167819385j),15.114606636601275,0.021916741539558585,(264464.45386537537+0j),19.55894632321549,8.599859644800414e-05,(16566.279955050733+0j)
-8.066534283670075,9.524698385284834,0.03777931764995731,(-140515.3669102132+317518.61167819385j),9.524698385284834,0.03777931764995731,(-140515.3669102132-317518.61167819385j),14.88514272241805,0.021916741539558585,(264464.45386537537+0j),19.55301722852198,8.599859644800414e-05,(16566.279955050733+0j)
-7.993788354134786,9.392199751911035,0.03777931764995731,(-140515.3669102132+317518.61167819385j),9.392199751911035,0.03777931764995731,(-140515.3669102132-317518.61167819385j),14.656770638354294,0.021916741539558585,(264464.45386537537+0j),19.54693951007305,8.599859644800414e-05,(16566.279955050733+0j)
-7.921042424599498,9.260730381453728,0.03777931764995731,(-140515.3669102132+317518.61167819385j),9.260730381453728,0.03777931764995731,(-140515.3669102132-317518.61167819385j),14.429517346725035,0.021916741539558585,(264464.45386537537+0j),19.540707508982358,8.599859644800414e-05,(16566.279955050733+0j)
-7.848296495064208,9.130302899026093,0.03777931764995731,(-140515.3669102132+317518.61167819385j),9.130302899026093,0.03777931764995731,(-140515.3669102132-317518.61167819385j),14.20341029027831,0.021916741539558585,(264464.45386537537+0j),19.53431527540402,8.599859644800414e-05,(16566.279955050733+0j)
-7.775550565528919,9.00093006485815,0.03777931764995731,(-140515.3669102132+317518.61167819385j),9.00093006485815,0.03777931764995731,(-140515.3669102132-317518.61167819385j),13.978477401171567,0.021916741539558585,(264464.45386537537+0j),19.5277565495902,8.599859644800414e-05,(16566.279955050733+0j)
-7.70280463599363,8.872624775858675,0.03777931764995731,(-140515.3669102132+317518.61167819385j),8.872624775858675,0.03777931764995731,(-140515.3669102132-317518.61167819385j),13.754747110133078,0.021916741539558585,(264464.45386537537+0j),19.521024741449448,8.599859644800414e-05,(16566.279955050733+0j)
-7.63005870645834,8.745400067197261,0.03777931764995731,(-140515.3669102132+317518.61167819385j),8.745400067197261,0.03777931764995731,(-140515.3669102132-317518.61167819385j),13.532248355812687,0.021916741539558585,(264464.45386537537+0j),19.514112908465503,8.599859644800414e-05,(16566.279955050733+0j)
-7.557312776923051,8.619269113906737,0.03777931764995731,(-140515.3669102132+317518.61167819385j),8.619269113906737,0.03777931764995731,(-140515.3669102132-317518.61167819385j),13.31101059432626,0.021916741539558585,(264464.45386537537+0j),19.50701373182101,8.599859644800414e-05,(16566.279955050733+0j)
-7.484566847387762,8.494245232506348,0.03777931764995731,(-140515.3669102132+317518.61167819385j),8.494245232506348,0.03777931764995731,(-140515.3669102132-317518.61167819385j),13.091063808998166,0.021916741539558585,(264464.45386537537+0j),19.499719490553655,8.599859644800414e-05,(16566.279955050733+0j)
-7.411820917852473,8.370341882645869,0.03777931764995731,(-140515.3669102132+317518.61167819385j),8.370341882645869,0.03777931764995731,(-140515.3669102132-317518.61167819385j),12.872438520306526,0.021916741539558585,(264464.45386537537+0j),19.492222033552864,8.599859644800414e-05,(16566.279955050733+0j)
-7.339074988317184,8.247572668771074,0.03777931764995731,(-140515.3669102132+317518.61167819385j),8.247572668771074,0.03777931764995731,(-140515.3669102132-317518.61167819385j),12.655165796035849,0.021916741539558585,(264464.45386537537+0j),19.484512749183658,8.599859644800414e-05,(16566.279955050733+0j)
-7.266329058781894,8.125951341810767,0.03777931764995731,(-140515.3669102132+317518.61167819385j),8.125951341810767,0.03777931764995731,(-140515.3669102132-317518.61167819385j),12.439277261641793,0.021916741539558585,(264464.45386537537+0j),19.476582532299727,8.599859644800414e-05,(16566.279955050733+0j)
-7.193583129246605,8.005491800885768,0.03777931764995731,(-140515.3669102132+317518.61167819385j),8.005491800885768,0.03777931764995731,(-140515.3669102132-317518.61167819385j),12.224805110833117,0.021916741539558585,(264464.45386537537+0j),19.468421748380102,8.599859644800414e-05,(16566.279955050733+0j)
-7.120837199711316,7.886208095040133,0.03777931764995731,(-140515.3669102132+317518.61167819385j),7.886208095040133,0.03777931764995731,(-140515.3669102132-317518.61167819385j),12.011782116375795,0.021916741539558585,(264464.45386537537+0j),19.460020194492607,8.599859644800414e-05,(16566.279955050733+0j)
-7.048091270176026,7.7681144249949154,0.03777931764995731,(-140515.3669102132+317518.61167819385j),7.7681144249949154,0.03777931764995731,(-140515.3669102132-317518.61167819385j),11.800241641124495,0.021916741539558585,(264464.45386537537+0j),19.451367056751625,8.599859644800414e-05,(16566.279955050733+0j)
-6.975345340640737,7.651225144924848,0.03777931764995731,(-140515.3669102132+317518.61167819385j),7.651225144924848,0.03777931764995731,(-140515.3669102132-317518.61167819385j),11.590217649286808,0.021916741539558585,(264464.45386537537+0j),19.44245086389721,8.599859644800414e-05,(16566.279955050733+0j)
-6.902599411105448,7.535554764258228,0.03777931764995731,(-140515.3669102132+317518.61167819385j),7.535554764258228,0.03777931764995731,(-140515.3669102132-317518.61167819385j),11.381744717925574,0.021916741539558585,(264464.45386537537+0j),19.433259436576925,8.599859644800414e-05,(16566.279955050733+0j)
-6.829853481570158,7.421117949500372,0.03777931764995731,(-140515.3669102132+317518.61167819385j),7.421117949500372,0.03777931764995731,(-140515.3669102132-317518.61167819385j),11.17485804870505,0.021916741539558585,(264464.45386537537+0j),19.423779831858745,8.599859644800414e-05,(16566.279955050733+0j)
-6.757107552034869,7.307929526080987,0.03777931764995731,(-140515.3669102132+317518.61167819385j),7.307929526080987,0.03777931764995731,(-140515.3669102132-317518.61167819385j),10.969593479886568,0.021916741539558585,(264464.45386537537+0j),19.413998282443863,8.599859644800414e-05,(16566.279955050733+0j)
-6.68436162249958,7.196004480225782,0.03777931764995731,(-140515.3669102132+317518.61167819385j),7.196004480225782,0.03777931764995731,(-140515.3669102132-317518.61167819385j),10.765987498579628,0.021916741539558585,(264464.45386537537+0j),19.403900129979164,8.599859644800414e-05,(16566.279955050733+0j)
-6.611615692964291,7.085357960852709,0.03777931764995731,(-140515.3669102132+317518.61167819385j),7.085357960852709,0.03777931764995731,(-140515.3669102132-317518.61167819385j),10.564077253254494,0.021916741539558585,(264464.45386537537+0j),19.39346975179025,8.599859644800414e-05,(16566.279955050733+0j)
-6.538869763429002,6.976005281493179,0.03777931764995731,(-140515.3669102132+317518.61167819385j),6.976005281493179,0.03777931764995731,(-140515.3669102132-317518.61167819385j),10.363900566522469,0.021916741539558585,(264464.45386537537+0j),19.382690480265186,8.599859644800414e-05,(16566.279955050733+0j)
-6.466123833893712,6.867961922238605,0.03777931764995731,(-140515.3669102132+317518.61167819385j),6.867961922238605,0.03777931764995731,(-140515.3669102132-317518.61167819385j),10.165495948190284,0.021916741539558585,(264464.45386537537+0j),19.37154451401435,8.599859644800414e-05,(16566.279955050733+0j)
-6.393377904358423,6.76124353171268,0.03777931764995731,(-140515.3669102132+317518.61167819385j),6.76124353171268,0.03777931764995731,(-140515.3669102132-317518.61167819385j),9.968902608595105,0.021916741539558585,(264464.45386537537+0j),19.360012819810837,8.599859644800414e-05,(16566.279955050733+0j)
-6.320631974823134,6.655865929069737,0.03777931764995731,(-140515.3669102132+317518.61167819385j),6.655865929069737,0.03777931764995731,(-140515.3669102132-317518.61167819385j),9.774160472226907,0.021916741539558585,(264464.45386537537+0j),19.34807502417571,8.599859644800414e-05,(16566.279955050733+0j)
-6.247886045287844,6.551845106019599,0.03777931764995731,(-140515.3669102132+317518.61167819385j),6.551845106019599,0.03777931764995731,(-140515.3669102132-317518.61167819385j),9.581310191645109,0.021916741539558585,(264464.45386537537+0j),19.33570929330956,8.599859644800414e-05,(16566.279955050733+0j)
-6.175140115752555,6.449197228879302,0.03777931764995731,(-140515.3669102132+317518.61167819385j),6.449197228879302,0.03777931764995731,(-140515.3669102132-317518.61167819385j),9.390393161696574,0.021916741539558585,(264464.45386537537+0j),19.32289219988266,8.599859644800414e-05,(16566.279955050733+0j)
-6.102394186217266,6.347938640652087,0.03777931764995731,(-140515.3669102132+317518.61167819385j),6.347938640652087,0.03777931764995731,(-140515.3669102132-317518.61167819385j),9.201451534042205,0.021916741539558585,(264464.45386537537+0j),19.309598574974483,8.599859644800414e-05,(16566.279955050733+0j)
-6.029648256681976,6.248085863134067,0.03777931764995731,(-140515.3669102132+317518.61167819385j),6.248085863134067,0.03777931764995731,(-140515.3669102132-317518.61167819385j),9.014528231999652,0.021916741539558585,(264464.45386537537+0j),19.295801343195038,8.599859644800414e-05,(16566.279955050733+0j)
-5.956902327146687,6.1496555990489865,0.03777931764995731,(-140515.3669102132+317518.61167819385j),6.1496555990489865,0.03777931764995731,(-140515.3669102132-317518.61167819385j),8.829666965709793,0.021916741539558585,(264464.45386537537+0j),19.281471338716425,8.599859644800414e-05,(16566.279955050733+0j)
-5.884156397611399,6.0526647342115005,0.03777931764995731,(-140515.3669102132+317518.61167819385j),6.0526647342115005,0.03777931764995731,(-140515.3669102132-317518.61167819385j),8.646912247634846,0.021916741539558585,(264464.45386537537+0j),19.26657709958578,8.599859644800414e-05,(16566.279955050733+0j)
-5.811410468076109,5.957130339719353,0.03777931764995731,(-140515.3669102132+317518.61167819385j),5.957130339719353,0.03777931764995731,(-140515.3669102132-317518.61167819385j),8.466309408396238,0.021916741539558585,(264464.45386537537+0j),19.25108463726867,8.599859644800414e-05,(16566.279955050733+0j)
-5.73866453854082,5.863069674174969,0.03777931764995731,(-140515.3669102132+317518.61167819385j),5.863069674174969,0.03777931764995731,(-140515.3669102132-317518.61167819385j),8.287904612960483,0.021916741539558585,(264464.45386537537+0j),19.234957177872396,8.599859644800414e-05,(16566.279955050733+0j)
-5.665918609005531,5.770500185936806,0.03777931764995731,(-140515.3669102132+317518.61167819385j),5.770500185936806,0.03777931764995731,(-140515.3669102132-317518.61167819385j),8.111744877181684,0.021916741539558585,(264464.45386537537+0j),19.218154870904883,8.599859644800414e-05,(16566.279955050733+0j)
-5.593172679470241,5.679439515400994,0.03777931764995731,(-140515.3669102132+317518.61167819385j),5.679439515400994,0.03777931764995731,(-140515.3669102132-317518.61167819385j),7.937878084709354,0.021916741539558585,(264464.45386537537+0j),19.200634460716923,8.599859644800414e-05,(16566.279955050733+0j)
-5.520426749934952,5.58990549731366,0.03777931764995731,(-140515.3669102132+317518.61167819385j),5.58990549731366,0.03777931764995731,(-140515.3669102132-317518.61167819385j),7.766353004270602,0.021916741539558585,(264464.45386537537+0j),19.182348914929158,8.599859644800414e-05,(16566.279955050733+0j)
-5.447680820399663,5.501916163114427,0.03777931764995731,(-140515.3669102132+317518.61167819385j),5.501916163114427,0.03777931764995731,(-140515.3669102132-317518.61167819385j),7.597219307335944,0.021916741539558585,(264464.45386537537+0j),19.163247003128273,8.599859644800414e-05,(16566.279955050733+0j)
-5.374934890864373,5.415489743311564,0.03777931764995731,(-140515.3669102132+317518.61167819385j),5.415489743311564,0.03777931764995731,(-140515.3669102132-317518.61167819385j),7.430527586178207,0.021916741539558585,(264464.45386537537+0j),19.14327281789192,8.599859644800414e-05,(16566.279955050733+0j)
-5.302188961329083,5.33064466988924,0.03777931764995731,(-140515.3669102132+317518.61167819385j),5.33064466988924,0.03777931764995731,(-140515.3669102132-317518.61167819385j),7.266329372334341,0.021916741539558585,(264464.45386537537+0j),19.122365228719303,8.599859644800414e-05,(16566.279955050733+0j)
-5.229443031793795,5.247399578747383,0.03777931764995731,(-140515.3669102132+317518.61167819385j),5.247399578747383,0.03777931764995731,(-140515.3669102132-317518.61167819385j),7.104677155480156,0.021916741539558585,(264464.45386537537+0j),19.100457257643185,8.599859644800414e-05,(16566.279955050733+0j)
-5.156697102258505,5.165773312174642,0.03777931764995731,(-140515.3669102132+317518.61167819385j),5.165773312174642,0.03777931764995731,(-140515.3669102132-317518.61167819385j),6.945624402728295,0.021916741539558585,(264464.45386537537+0j),19.07747536310121,8.599859644800414e-05,(16566.279955050733+0j)
-5.083951172723216,5.085784921354942,0.03777931764995731,(-140515.3669102132+317518.61167819385j),5.085784921354942,0.03777931764995731,(-140515.3669102132-317518.61167819385j),6.789225578360067,0.021916741539558585,(264464.45386537537+0j),19.053338615950317,8.599859644800414e-05,(16566.279955050733+0j)
-5.011205243187928,5.007453668908145,0.03777931764995731,(-140515.3669102132+317518.61167819385j),5.007453668908145,0.03777931764995731,(-140515.3669102132-317518.61167819385j),6.635536164002025,0.021916741539558585,(264464.45386537537+0j),19.02795774819018,8.599859644800414e-05,(16566.279955050733+0j)
-4.938459313652638,4.930799031465356,0.03777931764995731,(-140515.3669102132+317518.61167819385j),4.930799031465356,0.03777931764995731,(-140515.3669102132-317518.61167819385j),6.484612679258492,0.021916741539558585,(264464.45386537537+0j),19.001234050855157,8.599859644800414e-05,(16566.279955050733+0j)
-4.865713384117348,4.855840702279367,0.03777931764995731,(-140515.3669102132+317518.61167819385j),4.855840702279367,0.03777931764995731,(-140515.3669102132-317518.61167819385j),6.336512702811553,0.021916741539558585,(264464.45386537537+0j),18.973058092425745,8.599859644800414e-05,(16566.279955050733+0j)
-4.792967454582059,4.782598593870805,0.03777931764995731,(-140515.3669102132+317518.61167819385j),4.782598593870805,0.03777931764995731,(-140515.3669102132-317518.61167819385j),6.191294894000365,0.021916741539558585,(264464.45386537537+0j),18.943308222720194,8.599859644800414e-05,(16566.279955050733+0j)
-4.72022152504677,4.7110928407105215,0.03777931764995731,(-140515.3669102132+317518.61167819385j),4.7110928407105215,0.03777931764995731,(-140515.3669102132-317518.61167819385j),6.049019014891943,0.021916741539558585,(264464.45386537537+0j),18.91184881918823,8.599859644800414e-05,(16566.279955050733+0j)
-4.64747559551148,4.6413438019387705,0.03777931764995731,(-140515.3669102132+317518.61167819385j),4.6413438019387705,0.03777931764995731,(-140515.3669102132-317518.61167819385j),5.909745952855933,0.021916741539558585,(264464.45386537537+0j),18.878528222354376,8.599859644800414e-05,(16566.279955050733+0j)
-4.574729665976191,4.573372064121755,0.03777931764995731,(-140515.3669102132+317518.61167819385j),4.573372064121755,0.03777931764995731,(-140515.3669102132-317518.61167819385j),5.77353774365628,0.021916741539558585,(264464.45386537537+0j),18.84317629420023,8.599859644800414e-05,(16566.279955050733+0j)
-4.501983736440902,4.5071984440461055,0.03777931764995731,(-140515.3669102132+317518.61167819385j),4.5071984440461055,0.03777931764995731,(-140515.3669102132-317518.61167819385j),5.640457595072972,0.021916741539558585,(264464.45386537537+0j),18.805601516659245,8.599859644800414e-05,(16566.279955050733+0j)
-4.429237806905612,4.442843991551873,0.03777931764995731,(-140515.3669102132+317518.61167819385j),4.442843991551873,0.03777931764995731,(-140515.3669102132-317518.61167819385j),5.51056991106753,0.021916741539558585,(264464.45386537537+0j),18.76558752594249,8.599859644800414e-05,(16566.279955050733+0j)
-4.356491877370324,4.380329992404646,0.03777931764995731,(-140515.3669102132+317518.61167819385j),4.380329992404646,0.03777931764995731,(-140515.3669102132-317518.61167819385j),5.383940316506201,0.021916741539558585,(264464.45386537537+0j),18.72288895049982,8.599859644800414e-05,(16566.279955050733+0j)
-4.283745947835035,4.319677971207378,0.03777931764995731,(-140515.3669102132+317518.61167819385j),4.319677971207378,0.03777931764995731,(-140515.3669102132-317518.61167819385j),5.260635682455284,0.021916741539558585,(264464.45386537537+0j),18.677226383816212,8.599859644800414e-05,(16566.279955050733+0j)
-4.211000018299745,4.260909694352557,0.03777931764995731,(-140515.3669102132+317518.61167819385j),4.260909694352557,0.03777931764995731,(-140515.3669102132-317518.61167819385j),5.140724152063405,0.021916741539558585,(264464.45386537537+0j),18.628280274834044,8.599859644800414e-05,(16566.279955050733+0j)
-4.138254088764456,4.204047173015314,0.03777931764995731,(-140515.3669102132+317518.61167819385j),4.204047173015314,0.03777931764995731,(-140515.3669102132-317518.61167819385j),5.024275167045963,0.021916741539558585,(264464.45386537537+0j),18.575683454196966,8.599859644800414e-05,(16566.279955050733+0j)
-4.065508159229167,4.149112666188161,0.03777931764995731,(-140515.3669102132+317518.61167819385j),4.149112666188161,0.03777931764995731,(-140515.3669102132-317518.61167819385j),4.911359494787451,0.021916741539558585,(264464.45386537537+0j),18.51901192748825,8.599859644800414e-05,(16566.279955050733+0j)
-3.992762229693877,4.096128683757937,0.03777931764995731,(-140515.3669102132+317518.61167819385j),4.096128683757937,0.03777931764995731,(-140515.3669102132-317518.61167819385j),4.802049256077793,0.021916741539558585,(264464.45386537537+0j),18.45777344819608,8.599859644800414e-05,(16566.279955050733+0j)
-3.920016300158588,4.045117989625678,0.03777931764995731,(-140515.3669102132+317518.61167819385j),4.045117989625678,0.03777931764995731,(-140515.3669102132-317518.61167819385j),4.696417953499288,0.021916741539558585,(264464.45386537537+0j),18.3913932201642,8.599859644800414e-05,(16566.279955050733+0j)
-3.8472703706232987,3.996103604870048,0.03777931764995731,(-140515.3669102132+317518.61167819385j),3.996103604870048,0.03777931764995731,(-140515.3669102132-317518.61167819385j),4.594540500481256,0.021916741539558585,(264464.45386537537+0j),18.319195852383686,8.599859644800414e-05,(16566.279955050733+0j)
-3.7745244410880097,3.949108810955029,0.03777931764995731,(-140515.3669102132+317518.61167819385j),3.949108810955029,0.03777931764995731,(-140515.3669102132-317518.61167819385j),4.496493251039992,0.021916741539558585,(264464.45386537537+0j),18.2403823690566,8.599859644800414e-05,(16566.279955050733+0j)
-3.7017785115527206,3.9041571529825503,0.03777931764995731,(-140515.3669102132+317518.61167819385j),3.9041571529825503,0.03777931764995731,(-140515.3669102132-317518.61167819385j),4.4023540302221145,0.021916741539558585,(264464.45386537537+0j),18.154000620583187,8.599859644800414e-05,(16566.279955050733+0j)
-3.629032582017431,3.861272442990776,0.03777931764995731,(-140515.3669102132+317518.61167819385j),3.861272442990776,0.03777931764995731,(-140515.3669102132-317518.61167819385j),4.312202165269958,0.021916741539558585,(264464.45386537537+0j),18.058906777799884,8.599859644800414e-05,(16566.279955050733+0j)
-3.5562866524821417,3.82047876329876,0.03777931764995731,(-140515.3669102132+317518.61167819385j),3.82047876329876,0.03777931764995731,(-140515.3669102132-317518.61167819385j),4.226118517528192,0.021916741539558585,(264464.45386537537+0j),17.953714614037853,8.599859644800414e-05,(16566.279955050733+0j)
-3.4835407229468527,3.7818004698982004,0.03777931764995731,(-140515.3669102132+317518.61167819385j),3.7818004698982004,0.03777931764995731,(-140515.3669102132-317518.61167819385j),4.144185515111435,0.021916741539558585,(264464.45386537537+0j),17.836727812944698,8.599859644800414e-05,(16566.279955050733+0j)
-3.410794793411563,3.745262195893038,0.03777931764995731,(-140515.3669102132+317518.61167819385j),3.745262195893038,0.03777931764995731,(-140515.3669102132-317518.61167819385j),4.066487186353177,0.021916741539558585,(264464.45386537537+0j),17.705848297686803,8.599859644800414e-05,(16566.279955050733+0j)
-3.338048863876274,3.710888854987655,0.03777931764995731,(-140515.3669102132+317518.61167819385j),3.710888854987655,0.03777931764995731,(-140515.3669102132-317518.61167819385j),3.9931091940569936,0.021916741539558585,(264464.45386537537+0j),17.55845007627586,8.599859644800414e-05,(16566.279955050733+0j)
-3.2653029343409847,3.6787056450244413,0.03777931764995731,(-140515.3669102132+317518.61167819385j),3.6787056450244413,0.03777931764995731,(-140515.3669102132-317518.61167819385j),3.9241388705715976,0.021916741539558585,(264464.45386537537+0j),17.391202504292576,8.599859644800414e-05,(16566.279955050733+0j)
-3.1925570048056953,3.6487380515715158,0.03777931764995731,(-140515.3669102132+317518.61167819385j),3.6487380515715158,0.03777931764995731,(-140515.3669102132-317518.61167819385j),3.8596652537119507,0.021916741539558585,(264464.45386537537+0j),17.199817698098485,8.599859644800414e-05,(16566.279955050733+0j)
-3.1198110752704062,3.621011851561393,0.03777931764995731,(-140515.3669102132+317518.61167819385j),3.621011851561393,0.03777931764995731,(-140515.3669102132-317518.61167819385j),3.79977912354933,0.021916741539558585,(264464.45386537537+0j),16.97868137124432,8.599859644800414e-05,(16566.279955050733+0j)
-3.0470651457351168,3.5955531169814154,0.03777931764995731,(-140515.3669102132+317518.61167819385j),3.5955531169814154,0.03777931764995731,(-140515.3669102132-317518.61167819385j),3.744573040093911,0.021916741539558585,(264464.45386537537+0j),16.720299455929478,8.599859644800414e-05,(16566.279955050733+0j)
-2.9743192161998278,3.5723882186167635,0.03777931764995731,(-140515.3669102132+317518.61167819385j),3.5723882186167635,0.03777931764995731,(-140515.3669102132-317518.61167819385j),3.6941413818941613,0.021916741539558585,(264464.45386537537+0j),16.41444433529439,8.599859644800414e-05,(16566.279955050733+0j)
-2.9015732866645387,3.5515438298469006,0.03777931764995731,(-140515.3669102132+317518.61167819385j),3.5515438298469006,0.03777931764995731,(-140515.3669102132-317518.61167819385j),3.6485803855780645,0.021916741539558585,(264464.45386537537+0j),16.046793409775585,8.599859644800414e-05,(16566.279955050733+0j)
-2.8288273571292493,3.5330469304962917,0.03777931764995731,(-140515.3669102132+317518.61167819385j),3.5330469304962917,0.03777931764995731,(-140515.3669102132-317518.61167819385j),3.6079881863619545,0.021916741539558585,(264464.45386537537+0j),15.596673895084642,8.599859644800414e-05,(16566.279955050733+0j)
-2.75608142759396,3.516924810740275,0.03777931764995731,(-140515.3669102132+317518.61167819385j),3.516924810740275,0.03777931764995731,(-140515.3669102132-317518.61167819385j),3.572464859553533,0.021916741539558585,(264464.45386537537+0j),15.033158864692403,8.599859644800414e-05,(16566.279955050733+0j)
-2.6833354980586708,3.5032050750669694,0.03777931764995731,(-140515.3669102132+317518.61167819385j),3.5032050750669694,0.03777931764995731,(-140515.3669102132-317518.61167819385j),3.542112463076449,0.021916741539558585,(264464.45386537537+0j),14.307957120486579,8.599859644800414e-05,(16566.279955050733+0j)
-2.6105895685233818,3.491915646296124,0.03777931764995731,(-140515.3669102132+317518.61167819385j),3.491915646296124,0.03777931764995731,(-140515.3669102132-317518.61167819385j),3.5170350810446642,0.021916741539558585,(264464.45386537537+0j),13.341705104939505,8.599859644800414e-05,(16566.279955050733+0j)
-2.5378436389880923,3.483084769655813,0.03777931764995731,(-140515.3669102132+317518.61167819385j),3.483084769655813,0.03777931764995731,(-140515.3669102132-317518.61167819385j),3.4973388684156856,0.021916741539558585,(264464.45386537537+0j),11.99600680754513,8.599859644800414e-05,(16566.279955050733+0j)
-2.465097709452803,3.476741016917935,0.03777931764995731,(-140515.3669102132+317518.61167819385j),3.476741016917935,0.03777931764995731,(-140515.3669102132-317518.61167819385j),3.4831320967526667,0.021916741539558585,(264464.45386537537+0j),10.015524042501708,8.599859644800414e-05,(16566.279955050733+0j)
-2.392351779917514,3.472913290593439,0.03777931764995731,(-140515.3669102132+317518.61167819385j),3.472913290593439,0.03777931764995731,(-140515.3669102132-317518.61167819385j),3.474525201126284,0.021916741539558585,(264464.45386537537+0j),6.950554294630144,8.599859644800414e-05,(16566.279955050733+0j)
-2.3196058503822243,7.51695243556366,0.03926814971926076,(-245939.20170863753+511860.7767572424j),7.51695243556366,0.03926814971926076,(-245939.20170863753-511860.7767572424j),3.4716308281882595,0.028036351072615727,(479840.6086142411+0j),3.4716308281882684,1.7644987830372445e-05,(12037.794803034043+0j)
-2.3196058503822243,3.4716308281882675,0.03777931764995731,(-140515.3669102132+317518.61167819385j),3.4716308281882675,0.03777931764995731,(-140515.3669102132-317518.61167819385j),3.4716308281882675,0.021916741539558585,(264464.45386537537+0j),3.4716308281882675,8.599859644800414e-05,(16566.279955050733+0j)
-2.2665209828835007,7.657463700576196,0.03926814971926076,(-245939.20170863753+511860.7767572424j),7.657463700576196,0.03926814971926076,(-245939.20170863753-511860.7767572424j),3.674517797883662,0.028036351072615727,(479840.6086142411+0j),3.472447367212486,1.7644987830372445e-05,(12037.794803034043+0j)
-2.213436115384776,7.797047424485793,0.03926814971926076,(-245939.20170863753+511860.7767572424j),7.797047424485793,0.03926814971926076,(-245939.20170863753-511860.7767572424j),3.8763095138336503,0.028036351072615727,(479840.6086142411+0j),3.4732806558521916,1.7644987830372445e-05,(12037.794803034043+0j)
-2.160351247886051,7.935695737034511,0.03926814971926076,(-245939.20170863753+511860.7767572424j),7.935695737034511,0.03926814971926076,(-245939.20170863753-511860.7767572424j),4.0769923137972945,0.028036351072615727,(479840.6086142411+0j),3.474131214822299,1.7644987830372445e-05,(12037.794803034043+0j)
-2.107266380387327,8.07340070846516,0.03926814971926076,(-245939.20170863753+511860.7767572424j),8.07340070846516,0.03926814971926076,(-245939.20170863753-511860.7767572424j),4.276552393841943,0.028036351072615727,(479840.6086142411+0j),3.4749995866477765,1.7644987830372445e-05,(12037.794803034043+0j)
-2.054181512888602,8.210154349033703,0.03926814971926076,(-245939.20170863753+511860.7767572424j),8.210154349033703,0.03926814971926076,(-245939.20170863753-511860.7767572424j),4.474975806769928,0.028036351072615727,(479840.6086142411+0j),3.475886336817595,1.7644987830372445e-05,(12037.794803034043+0j)
-2.0010966453898775,8.345948608517126,0.03926814971926076,(-245939.20170863753+511860.7767572424j),8.345948608517126,0.03926814971926076,(-245939.20170863753-511860.7767572424j),4.672248460525707,0.028036351072615727,(479840.6086142411+0j),3.4767920550127527,1.7644987830372445e-05,(12037.794803034043+0j)
-1.9480117778911534,8.480775375716872,0.03926814971926076,(-245939.20170863753+511860.7767572424j),8.480775375716872,0.03926814971926076,(-245939.20170863753-511860.7767572424j),4.868356116583503,0.028036351072615727,(479840.6086142411+0j),3.477717356413954,1.7644987830372445e-05,(12037.794803034043+0j)
-1.8949269103924284,8.614626477957703,0.03926814971926076,(-245939.20170863753+511860.7767572424j),8.614626477957703,0.03926814971926076,(-245939.20170863753-511860.7767572424j),5.0632843883149015,0.028036351072615727,(479840.6086142411+0j),3.478662883095027,1.7644987830372445e-05,(12037.794803034043+0j)
-1.8418420428937035,8.74749368058193,0.03926814971926076,(-245939.20170863753+511860.7767572424j),8.74749368058193,0.03926814971926076,(-245939.20170863753-511860.7767572424j),5.257018739336228,0.028036351072615727,(479840.6086142411+0j),3.4796293055087153,1.7644987830372445e-05,(12037.794803034043+0j)
-1.7887571753949796,8.879368686439069,0.03926814971926076,(-245939.20170863753+511860.7767572424j),8.879368686439069,0.03926814971926076,(-245939.20170863753-511860.7767572424j),5.449544481835518,0.028036351072615727,(479840.6086142411+0j),3.480617324072093,1.7644987830372445e-05,(12037.794803034043+0j)
-1.7356723078962546,9.01024313537076,0.03926814971926076,(-245939.20170863753+511860.7767572424j),9.01024313537076,0.03926814971926076,(-245939.20170863753-511860.7767572424j),5.640846774878606,0.028036351072615727,(479840.6086142411+0j),3.481627670859465,1.7644987830372445e-05,(12037.794803034043+0j)
-1.6825874403975298,9.140108603690962,0.03926814971926076,(-245939.20170863753+511860.7767572424j),9.140108603690962,0.03926814971926076,(-245939.20170863753-511860.7767572424j),5.83091062269423,0.028036351072615727,(479840.6086142411+0j),3.482661111411324,1.7644987830372445e-05,(12037.794803034043+0j)
-1.6295025728988057,9.268956603661342,0.03926814971926076,(-245939.20170863753+511860.7767572424j),9.268956603661342,0.03926814971926076,(-245939.20170863753-511860.7767572424j),6.019720872937716,0.028036351072615727,(479840.6086142411+0j),3.483718446668816,1.7644987830372445e-05,(12037.794803034043+0j)
-1.576417705400081,9.396778582961892,0.03926814971926076,(-245939.20170863753+511860.7767572424j),9.396778582961892,0.03926814971926076,(-245939.20170863753-511860.7767572424j),6.20726221493308,0.028036351072615727,(479840.6086142411+0j),3.484800515043935,1.7644987830372445e-05,(12037.794803034043+0j)
-1.523332837901356,9.523565924156568,0.03926814971926076,(-245939.20170863753+511860.7767572424j),9.523565924156568,0.03926814971926076,(-245939.20170863753-511860.7767572424j),6.393519177893108,0.028036351072615727,(479840.6086142411+0j),3.4859081946367185,1.7644987830372445e-05,(12037.794803034043+0j)
-1.4702479704026319,9.649309944154059,0.03926814971926076,(-245939.20170863753+511860.7767572424j),9.649309944154059,0.03926814971926076,(-245939.20170863753-511860.7767572424j),6.578476129117186,0.028036351072615727,(479840.6086142411+0j),3.487042405611768,1.7644987830372445e-05,(12037.794803034043+0j)
-1.4171631029039071,9.774001893663565,0.03926814971926076,(-245939.20170863753+511860.7767572424j),9.774001893663565,0.03926814971926076,(-245939.20170863753-511860.7767572424j),6.762117272166635,0.028036351072615727,(479840.6086142411+0j),3.488204112747595,1.7644987830372445e-05,(12037.794803034043+0j)
-1.364078235405183,9.897632956645488,0.03926814971926076,(-245939.20170863753+511860.7767572424j),9.897632956645488,0.03926814971926076,(-245939.20170863753-511860.7767572424j),6.944426645017043,0.028036351072615727,(479840.6086142411+0j),3.48939432817365,1.7644987830372445e-05,(12037.794803034043+0j)
-1.3109933679064583,10.020194249757118,0.03926814971926076,(-245939.20170863753+511860.7767572424j),10.020194249757118,0.03926814971926076,(-245939.20170863753-511860.7767572424j),7.125388118187501,0.028036351072615727,(479840.6086142411+0j),3.490614114311349,1.7644987830372445e-05,(12037.794803034043+0j)
-1.2579085004077333,10.141676821793077,0.03926814971926076,(-245939.20170863753+511860.7767572424j),10.141676821793077,0.03926814971926076,(-245939.20170863753-511860.7767572424j),7.304985392846216,0.028036351072615727,(479840.6086142411+0j),3.49186458703708,1.7644987830372445e-05,(12037.794803034043+0j)
-1.2048236329090094,10.262071653120634,0.03926814971926076,(-245939.20170863753+511860.7767572424j),10.262071653120634,0.03926814971926076,(-245939.20170863753-511860.7767572424j),7.4832019988923335,0.028036351072615727,(479840.6086142411+0j),3.4931469190869247,1.7644987830372445e-05,(12037.794803034043+0j)
-1.1517387654102844,10.381369655109774,0.03926814971926076,(-245939.20170863753+511860.7767572424j),10.381369655109774,0.03926814971926076,(-245939.20170863753-511860.7767572424j),7.660021293013551,0.028036351072615727,(479840.6086142411+0j),3.4944623437250155,1.7644987830372445e-05,(12037.794803034043+0j)
-1.0986538979115597,10.499561669557897,0.03926814971926076,(-245939.20170863753+511860.7767572424j),10.499561669557897,0.03926814971926076,(-245939.20170863753-511860.7767572424j),7.835426456719131,0.028036351072615727,(479840.6086142411+0j),3.4958121586995765,1.7644987830372445e-05,(12037.794803034043+0j)
-1.0455690304128356,10.616638468109231,0.03926814971926076,(-245939.20170863753+511860.7767572424j),10.616638468109231,0.03926814971926076,(-245939.20170863753-511860.7767572424j),8.009400494348135,0.028036351072615727,(479840.6086142411+0j),3.4971977305133297,1.7644987830372445e-05,(12037.794803034043+0j)
-0.9924841629141107,10.732590751668795,0.03926814971926076,(-245939.20170863753+511860.7767572424j),10.732590751668795,0.03926814971926076,(-245939.20170863753-511860.7767572424j),8.181926231052346,0.028036351072615727,(479840.6086142411+0j),3.4986204990378718,1.7644987830372445e-05,(12037.794803034043+0j)
-0.9393992954153862,10.847409149810884,0.03926814971926076,(-245939.20170863753+511860.7767572424j),10.847409149810884,0.03926814971926076,(-245939.20170863753-511860.7767572424j),8.35298631075363,0.028036351072615727,(479840.6086142411+0j),3.5000819825046854,1.7644987830372445e-05,(12037.794803034043+0j)
-0.8863144279166614,10.961084220182048,0.03926814971926076,(-245939.20170863753+511860.7767572424j),10.961084220182048,0.03926814971926076,(-245939.20170863753-511860.7767572424j),8.522563194075358,0.028036351072615727,(479840.6086142411+0j),3.5015837829092087,1.7644987830372445e-05,(12037.794803034043+0j)
-0.8332295604179368,11.073606447898449,0.03926814971926076,(-245939.20170863753+511860.7767572424j),11.073606447898449,0.03926814971926076,(-245939.20170863753-511860.7767572424j),8.690639156247467,0.028036351072615727,(479840.6086142411+0j),3.5031275918683766,1.7644987830372445e-05,(12037.794803034043+0j)
-0.7801446929192124,11.184966244937623,0.03926814971926076,(-245939.20170863753+511860.7767572424j),11.184966244937623,0.03926814971926076,(-245939.20170863753-511860.7767572424j),8.857196284984875,0.028036351072615727,(479840.6086142411+0j),3.5047151969766874,1.7644987830372445e-05,(12037.794803034043+0j)
-0.7270598254204875,11.29515394952449,0.03926814971926076,(-245939.20170863753+511860.7767572424j),11.29515394952449,0.03926814971926076,(-245939.20170863753-511860.7767572424j),9.022216478338793,0.028036351072615727,(479840.6086142411+0j),3.5063484887109664,1.7644987830372445e-05,(12037.794803034043+0j)
-0.6739749579217631,11.404159825511625,0.03926814971926076,(-245939.20170863753+511860.7767572424j),11.404159825511625,0.03926814971926076,(-245939.20170863753-511860.7767572424j),9.185681442520588,0.028036351072615727,(479840.6086142411+0j),3.508029467939912,1.7644987830372445e-05,(12037.794803034043+0j)
-0.6208900904230387,11.511974061753707,0.03926814971926076,(-245939.20170863753+511860.7767572424j),11.511974061753707,0.03926814971926076,(-245939.20170863753-511860.7767572424j),9.347572689697794,0.028036351072615727,(479840.6086142411+0j),3.5097602541011637,1.7644987830372445e-05,(12037.794803034043+0j)
-0.5678052229243142,11.618586771476055,0.03926814971926076,(-245939.20170863753+511860.7767572424j),11.618586771476055,0.03926814971926076,(-245939.20170863753-511860.7767572424j),9.507871535761879,0.028036351072615727,(479840.6086142411+0j),3.51154309411611,1.7644987830372445e-05,(12037.794803034043+0j)
-0.5147203554255894,11.723987991637264,0.03926814971926076,(-245939.20170863753+511860.7767572424j),11.723987991637264,0.03926814971926076,(-245939.20170863753-511860.7767572424j),9.666559098067344,0.028036351072615727,(479840.6086142411+0j),3.513380372121317,1.7644987830372445e-05,(12037.794803034043+0j)
-0.4616354879268649,11.828167682285775,0.03926814971926076,(-245939.20170863753+511860.7767572424j),11.828167682285775,0.03926814971926076,(-245939.20170863753-511860.7767572424j),9.823616293141777,0.028036351072615727,(479840.6086142411+0j),3.5152746201051923,1.7644987830372445e-05,(12037.794803034043+0j)
-0.40855062042814044,11.931115725910418,0.03926814971926076,(-245939.20170863753+511860.7767572424j),11.931115725910418,0.03926814971926076,(-245939.20170863753-511860.7767572424j),9.979023834366423,0.028036351072615727,(479840.6086142411+0j),3.517228529549622,1.7644987830372445e-05,(12037.794803034043+0j)
-0.35546575292941557,12.03282192678479,0.03926814971926076,(-245939.20170863753+511860.7767572424j),12.03282192678479,0.03926814971926076,(-245939.20170863753-511860.7767572424j),10.132762229626838,0.028036351072615727,(479840.6086142411+0j),3.5192449641892525,1.7644987830372445e-05,(12037.794803034043+0j)
-0.3023808854306911,12.133276010305442,0.03926814971926076,(-245939.20170863753+511860.7767572424j),12.133276010305442,0.03926814971926076,(-245939.20170863753-511860.7767572424j),10.284811778933227,0.028036351072615727,(479840.6086142411+0j),3.521326974015454,1.7644987830372445e-05,(12037.794803034043+0j)
-0.24929601793196665,12.2324676223238,0.03926814971926076,(-245939.20170863753+511860.7767572424j),12.2324676223238,0.03926814971926076,(-245939.20170863753-511860.7767572424j),10.435152572009986,0.028036351072615727,(479840.6086142411+0j),3.523477810669152,1.7644987830372445e-05,(12037.794803034043+0j)
-0.19621115043324222,12.330386328471738,0.03926814971926076,(-245939.20170863753+511860.7767572424j),12.330386328471738,0.03926814971926076,(-245939.20170863753-511860.7767572424j),10.58376448585405,0.028036351072615727,(479840.6086142411+0j),3.5257009443857643,1.7644987830372445e-05,(12037.794803034043+0j)
-0.14312628293451732,12.427021613480761,0.03926814971926076,(-245939.20170863753+511860.7767572424j),12.427021613480761,0.03926814971926076,(-245939.20170863753-511860.7767572424j),10.73062718226157,0.028036351072615727,(479840.6086142411+0j),3.528000082678076,1.7644987830372445e-05,(12037.794803034043+0j)
-0.09004141543579287,12.522362880494725,0.03926814971926076,(-245939.20170863753+511860.7767572424j),12.522362880494725,0.03926814971926076,(-245939.20170863753-511860.7767572424j),10.875720105322431,0.028036351072615727,(479840.6086142411+0j),3.53037919096855,1.7644987830372445e-05,(12037.794803034043+0j)
-0.03695654793706843,12.616399450375997,0.03926814971926076,(-245939.20170863753+511860.7767572424j),12.616399450375997,0.03926814971926076,(-245939.20170863753-511860.7767572424j),11.019022478882235,0.028036351072615727,(479840.6086142411+0j),3.5328425154125833,1.7644987830372445e-05,(12037.794803034043+0j)
0.016128319561656453,12.709120561005031,0.03926814971926076,(-245939.20170863753+511860.7767572424j),12.709120561005031,0.03926814971926076,(-245939.20170863753-511860.7767572424j),11.160513303971163,0.028036351072615727,(479840.6086142411+0j),3.535394608189103,1.7644987830372445e-05,(12037.794803034043+0j)
0.0692131870603809,12.800515366573247,0.03926814971926076,(-245939.20170863753+511860.7767572424j),12.800515366573247,0.03926814971926076,(-245939.20170863753-511860.7767572424j),11.300171356199316,0.028036351072615727,(479840.6086142411+0j),3.538040355575293,1.7644987830372445e-05,(12037.794803034043+0j)
0.12229805455910535,12.89057293686917,0.03926814971926076,(-245939.20170863753+511860.7767572424j),12.89057293686917,0.03926814971926076,(-245939.20170863753-511860.7767572424j),11.437975183118015,0.028036351072615727,(479840.6086142411+0j),3.540785009169807,1.7644987830372445e-05,(12037.794803034043+0j)
0.17538292205783024,12.979282256557758,0.03926814971926076,(-245939.20170863753+511860.7767572424j),12.979282256557758,0.03926814971926076,(-245939.20170863753-511860.7767572424j),11.57390310154656,0.028036351072615727,(479840.6086142411+0j),3.543634220684176,1.7644987830372445e-05,(12037.794803034043+0j)
0.22846778955655467,13.066632224452801,0.03926814971926076,(-245939.20170863753+511860.7767572424j),13.066632224452801,0.03926814971926076,(-245939.20170863753-511860.7767572424j),11.707933194863957,0.028036351072615727,(479840.6086142411+0j),3.5465940807874032,1.7644987830372445e-05,(12037.794803034043+0j)
0.2815526570552791,13.1526116527824,0.03926814971926076,(-245939.20170863753+511860.7767572424j),13.1526116527824,0.03926814971926076,(-245939.20170863753-511860.7767572424j),11.84004331026509,0.028036351072615727,(479840.6086142411+0j),3.5496711625655823,1.7644987830372445e-05,(12037.794803034043+0j)
0.3346375245540036,13.237209266447367,0.03926814971926076,(-245939.20170863753+511860.7767572424j),13.237209266447367,0.03926814971926076,(-245939.20170863753-511860.7767572424j),11.970211055980808,0.028036351072615727,(479840.6086142411+0j),3.5528725702490576,1.7644987830372445e-05,(12037.794803034043+0j)
0.38772239205272846,13.320413702272516,0.03926814971926076,(-245939.20170863753+511860.7767572424j),13.320413702272516,0.03926814971926076,(-245939.20170863753-511860.7767572424j),12.098413798461431,0.028036351072615727,(479840.6086142411+0j),3.5562059939674056,1.7644987830372445e-05,(12037.794803034043+0j)
0.4408072595514529,13.402213508250764,0.03926814971926076,(-245939.20170863753+511860.7767572424j),13.402213508250764,0.03926814971926076,(-245939.20170863753-511860.7767572424j),12.224628659523086,0.028036351072615727,(479840.6086142411+0j),3.5596797714204658,1.7644987830372445e-05,(12037.794803034043+0j)
0.4938921270501774,13.482597142779962,0.03926814971926076,(-245939.20170863753+511860.7767572424j),13.482597142779962,0.03926814971926076,(-245939.20170863753-511860.7767572424j),12.348832513456365,0.028036351072615727,(479840.6086142411+0j),3.5633029575064503,1.7644987830372445e-05,(12037.794803034043+0j)
0.5469769945489023,13.561552973892367,0.03926814971926076,(-245939.20170863753+511860.7767572424j),13.561552973892367,0.03926814971926076,(-245939.20170863753-511860.7767572424j),12.47100198409674,0.028036351072615727,(479840.6086142411+0j),3.5670854031312866,1.7644987830372445e-05,(12037.794803034043+0j)
0.6000618620476267,13.639069278476695,0.03926814971926076,(-245939.20170863753+511860.7767572424j),13.639069278476695,0.03926814971926076,(-245939.20170863753-511860.7767572424j),12.591113441856143,0.028036351072615727,(479840.6086142411+0j),3.5710378446432314,1.7644987830372445e-05,(12037.794803034043+0j)
0.6531467295463511,13.71513424149265,0.03926814971926076,(-245939.20170863753+511860.7767572424j),13.71513424149265,0.03926814971926076,(-245939.20170863753-511860.7767572424j),12.709143000715194,0.028036351072615727,(479840.6086142411+0j),3.5751720056025005,1.7644987830372445e-05,(12037.794803034043+0j)
0.706231597045076,13.789735955177882,0.03926814971926076,(-245939.20170863753+511860.7767572424j),13.789735955177882,0.03926814971926076,(-245939.20170863753-511860.7767572424j),12.825066515175415,0.028036351072615727,(479840.6086142411+0j),3.5795007129173593,1.7644987830372445e-05,(12037.794803034043+0j)
0.7593164645438004,13.862862418247252,0.03926814971926076,(-245939.20170863753+511860.7767572424j),13.862862418247252,0.03926814971926076,(-245939.20170863753-511860.7767572424j),12.938859577170902,0.028036351072615727,(479840.6086142411+0j),3.584038029769741,1.7644987830372445e-05,(12037.794803034043+0j)
0.812401332042525,13.934501535084353,0.03926814971926076,(-245939.20170863753+511860.7767572424j),13.934501535084353,0.03926814971926076,(-245939.20170863753-511860.7767572424j),13.050497512938819,0.028036351072615727,(479840.6086142411+0j),3.588799408231982,1.7644987830372445e-05,(12037.794803034043+0j)
0.8654861995412494,14.004641114925194,0.03926814971926076,(-245939.20170863753+511860.7767572424j),14.004641114925194,0.03926814971926076,(-245939.20170863753-511860.7767572424j),13.159955379848107,0.028036351072615727,(479840.6086142411+0j),3.5938018650639405,1.7644987830372445e-05,(12037.794803034043+0j)
0.9185710670399743,14.073268871033953,0.03926814971926076,(-245939.20170863753+511860.7767572424j),14.073268871033953,0.03926814971926076,(-245939.20170863753-511860.7767572424j),13.267207963185784,0.028036351072615727,(479840.6086142411+0j),3.599064184904606,1.7644987830372445e-05,(12037.794803034043+0j)
0.9716559345386987,14.14037241987071,0.03926814971926076,(-245939.20170863753+511860.7767572424j),14.14037241987071,0.03926814971926076,(-245939.20170863753-511860.7767572424j),13.372229772900198,0.028036351072615727,(479840.6086142411+0j),3.604607155971338,1.7644987830372445e-05,(12037.794803034043+0j)
1.0247408020374233,14.205939280251107,0.03926814971926076,(-245939.20170863753+511860.7767572424j),14.205939280251107,0.03926814971926076,(-245939.20170863753-511860.7767572424j),13.474995040300595,0.028036351072615727,(479840.6086142411+0j),3.6104538445002508,1.7644987830372445e-05,(12037.794803034043+0j)
1.077825669536148,14.269956872497787,0.03926814971926076,(-245939.20170863753+511860.7767572424j),14.269956872497787,0.03926814971926076,(-245939.20170863753-511860.7767572424j),13.575477714712335,0.028036351072615727,(479840.6086142411+0j),3.616629915565949,1.7644987830372445e-05,(12037.794803034043+0j)
1.1309105370348724,14.332412517583604,0.03926814971926076,(-245939.20170863753+511860.7767572424j),14.332412517583604,0.03926814971926076,(-245939.20170863753-511860.7767572424j),13.673651460087116,0.028036351072615727,(479840.6086142411+0j),3.6231640096896225,1.7644987830372445e-05,(12037.794803034043+0j)
1.183995404533597,14.39329343626641,0.03926814971926076,(-245939.20170863753+511860.7767572424j),14.39329343626641,0.03926814971926076,(-245939.20170863753-511860.7767572424j),13.769489651567477,0.028036351072615727,(479840.6086142411+0j),3.63008818689102,1.7644987830372445e-05,(12037.794803034043+0j)
1.2370802720323215,14.452586748215435,0.03926814971926076,(-245939.20170863753+511860.7767572424j),14.452586748215435,0.03926814971926076,(-245939.20170863753-511860.7767572424j),13.86296537200496,0.028036351072615727,(479840.6086142411+0j),3.6374384527085692,1.7644987830372445e-05,(12037.794803034043+0j)
1.2901651395310463,14.510279471129088,0.03926814971926076,(-245939.20170863753+511860.7767572424j),14.510279471129088,0.03926814971926076,(-245939.20170863753-511860.7767572424j),13.95405140843115,0.028036351072615727,(479840.6086142411+0j),3.645255384399621,1.7644987830372445e-05,(12037.794803034043+0j)
1.3432500070297706,14.566358519844124,0.03926814971926076,(-245939.20170863753+511860.7767572424j),14.566358519844124,0.03926814971926076,(-245939.20170863753-511860.7767572424j),14.042720248480972,0.028036351072615727,(479840.6086142411+0j),3.653584880309014,1.7644987830372445e-05,(12037.794803034043+0j)
1.3963348745284954,14.620810705436073,0.03926814971926076,(-245939.20170863753+511860.7767572424j),14.620810705436073,0.03926814971926076,(-245939.20170863753-511860.7767572424j),14.128944076767423,0.028036351072615727,(479840.6086142411+0j),3.66247906162668,1.7644987830372445e-05,(12037.794803034043+0j)
1.44941974202722,14.673622734310827,0.03926814971926076,(-245939.20170863753+511860.7767572424j),14.673622734310827,0.03926814971926076,(-245939.20170863753-511860.7767572424j),14.21269477120709,0.028036351072615727,(479840.6086142411+0j),3.671997363955508,1.7644987830372445e-05,(12037.794803034043+0j)
1.5025046095259444,14.72478120728731,0.03926814971926076,(-245939.20170863753+511860.7767572424j),14.72478120728731,0.03926814971926076,(-245939.20170863753-511860.7767572424j),14.29394389929564,0.028036351072615727,(479840.6086142411+0j),3.6822078669940295,1.7644987830372445e-05,(12037.794803034043+0j)
1.5555894770246692,14.774272618671098,0.03926814971926076,(-245939.20170863753+511860.7767572424j),14.774272618671098,0.03926814971926076,(-245939.20170863753-511860.7767572424j),14.372662714332563,0.028036351072615727,(479840.6086142411+0j),3.693188925217035,1.7644987830372445e-05,(12037.794803034043+0j)
1.6086743445233935,14.822083355318933,0.03926814971926076,(-245939.20170863753+511860.7767572424j),14.822083355318933,0.03926814971926076,(-245939.20170863753-511860.7767572424j),14.44882215159436,0.028036351072615727,(479840.6086142411+0j),3.7050311821593676,1.7644987830372445e-05,(12037.794803034043+0j)
1.6617592120221183,14.868199695693987,0.03926814971926076,(-245939.20170863753+511860.7767572424j),14.868199695693987,0.03926814971926076,(-245939.20170863753-511860.7767572424j),14.52239282445543,0.028036351072615727,(479840.6086142411+0j),3.71784007787257,1.7644987830372445e-05,(12037.794803034043+0j)
1.7148440795208426,14.912607808911797,0.03926814971926076,(-245939.20170863753+511860.7767572424j),14.912607808911797,0.03926814971926076,(-245939.20170863753-511860.7767572424j),14.59334502045579,0.028036351072615727,(479840.6086142411+0j),3.7317389964111682,1.7644987830372445e-05,(12037.794803034043+0j)
1.7679289470195674,14.955293753776786,0.03926814971926076,(-245939.20170863753+511860.7767572424j),14.955293753776786,0.03926814971926076,(-245939.20170863753-511860.7767572424j),14.66164869731489,0.028036351072615727,(479840.6086142411+0j),3.746873252401005,1.7644987830372445e-05,(12037.794803034043+0j)
1.821013814518292,14.996243477809202,0.03926814971926076,(-245939.20170863753+511860.7767572424j),14.996243477809202,0.03926814971926076,(-245939.20170863753-511860.7767572424j),14.72727347889064,0.028036351072615727,(479840.6086142411+0j),3.763415189776504,1.7644987830372445e-05,(12037.794803034043+0j)
1.8740986820170165,15.035442816262455,0.03926814971926076,(-245939.20170863753+511860.7767572424j),15.035442816262455,0.03926814971926076,(-245939.20170863753-511860.7767572424j),14.79018865108282,0.028036351072615727,(479840.6086142411+0j),3.781570772294412,1.7644987830372445e-05,(12037.794803034043+0j)
1.9271835495157412,15.072877491130678,0.03926814971926076,(-245939.20170863753+511860.7767572424j),15.072877491130678,0.03926814971926076,(-245939.20170863753-511860.7767572424j),14.850363157680023,0.028036351072615727,(479840.6086142411+0j),3.80158820108707,1.7644987830372445e-05,(12037.794803034043+0j)
1.9802684170144658,15.108533110146421,0.03926814971926076,(-245939.20170863753+511860.7767572424j),15.108533110146421,0.03926814971926076,(-245939.20170863753-511860.7767572424j),14.907765596149249,0.028036351072615727,(479840.6086142411+0j),3.823769325849784,1.7644987830372445e-05,(12037.794803034043+0j)
2.0333532845131903,15.1423951657684,0.03926814971926076,(-245939.20170863753+511860.7767572424j),15.1423951657684,0.03926814971926076,(-245939.20170863753-511860.7767572424j),14.962364213367273,0.028036351072615727,(479840.6086142411+0j),3.8484849664733827,1.7644987830372445e-05,(12037.794803034043+0j)
2.086438152011915,15.174449034159133,0.03926814971926076,(-245939.20170863753+511860.7767572424j),15.174449034159133,0.03926814971926076,(-245939.20170863753-511860.7767572424j),15.014126901292881,0.028036351072615727,(479840.6086142411+0j),3.876195803022991,1.7644987830372445e-05,(12037.794803034043+0j)
2.1395230195106394,15.2046799741524,0.03926814971926076,(-245939.20170863753+511860.7767572424j),15.2046799741524,0.03926814971926076,(-245939.20170863753-511860.7767572424j),15.06302119257905,0.028036351072615727,(479840.6086142411+0j),3.907481346948718,1.7644987830372445e-05,(12037.794803034043+0j)
2.192607887009364,15.233073126210396,0.03926814971926076,(-245939.20170863753+511860.7767572424j),15.233073126210396,0.03926814971926076,(-245939.20170863753-511860.7767572424j),15.109014256124135,0.028036351072615727,(479840.6086142411+0j),3.9430808915264004,1.7644987830372445e-05,(12037.794803034043+0j)
2.2456927545080885,15.259613511370441,0.03926814971926076,(-245939.20170863753+511860.7767572424j),15.259613511370441,0.03926814971926076,(-245939.20170863753-511860.7767572424j),15.152072892561149,0.028036351072615727,(479840.6086142411+0j),3.9839526469417104,1.7644987830372445e-05,(12037.794803034043+0j)
2.2987776220068135,15.284286030181175,0.03926814971926076,(-245939.20170863753+511860.7767572424j),15.284286030181175,0.03926814971926076,(-245939.20170863753-511860.7767572424j),15.192163529684104,0.028036351072615727,(479840.6086142411+0j),4.031361231873482,1.7644987830372445e-05,(12037.794803034043+0j)
2.351862489505538,15.30707546162807,0.03926814971926076,(-245939.20170863753+511860.7767572424j),15.30707546162807,0.03926814971926076,(-245939.20170863753-511860.7767572424j),15.229252217810489,0.028036351072615727,(479840.6086142411+0j),4.08701075896817,1.7644987830372445e-05,(12037.794803034043+0j)
2.404947357004262,15.327966462048186,0.03926814971926076,(-245939.20170863753+511860.7767572424j),15.327966462048186,0.03926814971926076,(-245939.20170863753-511860.7767572424j),15.26330462507887,0.028036351072615727,(479840.6086142411+0j),4.153253861498268,1.7644987830372445e-05,(12037.794803034043+0j)
2.4580322245029866,15.34694356403401,0.03926814971926076,(-245939.20170863753+511860.7767572424j),15.34694356403401,0.03926814971926076,(-245939.20170863753-511860.7767572424j),15.294286032680574,0.028036351072615727,(479840.6086142411+0j),4.2334325089621885,1.7644987830372445e-05,(12037.794803034043+0j)
2.5111170920017116,15.363991175326273,0.03926814971926076,(-245939.20170863753+511860.7767572424j),15.363991175326273,0.03926814971926076,(-245939.20170863753-511860.7767572424j),15.322161330024434,0.028036351072615727,(479840.6086142411+0j),4.332458881498489,1.7644987830372445e-05,(12037.794803034043+0j)
2.564201959500436,15.379093577695633,0.03926814971926076,(-245939.20170863753+511860.7767572424j),15.379093577695633,0.03926814971926076,(-245939.20170863753-511860.7767572424j),15.346895009833547,0.028036351072615727,(479840.6086142411+0j),4.457859668885106,1.7644987830372445e-05,(12037.794803034043+0j)
2.6172868269991603,15.392234925813076,0.03926814971926076,(-245939.20170863753+511860.7767572424j),15.392234925813076,0.03926814971926076,(-245939.20170863753-511860.7767572424j),15.36845116317298,0.028036351072615727,(479840.6086142411+0j),4.621780847888403,1.7644987830372445e-05,(12037.794803034043+0j)
2.670371694497885,15.403399246108918,0.03926814971926076,(-245939.20170863753+511860.7767572424j),15.403399246108918,0.03926814971926076,(-245939.20170863753-511860.7767572424j),15.386793474407302,0.028036351072615727,(479840.6086142411+0j),4.845168572688837,1.7644987830372445e-05,(12037.794803034043+0j)
2.72345656199661,15.412570435620278,0.03926814971926076,(-245939.20170863753+511860.7767572424j),15.412570435620278,0.03926814971926076,(-245939.20170863753-511860.7767572424j),15.401885216086866,0.028036351072615727,(479840.6086142411+0j),5.167483784442023,1.7644987830372445e-05,(12037.794803034043+0j)
2.7765414294953343,15.419732260826901,0.03926814971926076,(-245939.20170863753+511860.7767572424j),15.419732260826901,0.03926814971926076,(-245939.20170863753-511860.7767572424j),15.413689243761686,0.028036351072615727,(479840.6086142411+0j),5.672874243013457,1.7644987830372445e-05,(12037.794803034043+0j)
2.829626296994059,15.424868356475164,0.03926814971926076,(-245939.20170863753+511860.7767572424j),15.424868356475164,0.03926814971926076,(-245939.20170863753-511860.7767572424j),15.422167990721794,0.028036351072615727,(479840.6086142411+0j),6.577763215144892,1.7644987830372445e-05,(12037.794803034043+0j)
2.8827111644927834,15.427962224390194,0.03926814971926076,(-245939.20170863753+511860.7767572424j),15.427962224390194,0.03926814971926076,(-245939.20170863753-511860.7767572424j),15.427283462662851,0.028036351072615727,(479840.6086142411+0j),8.648166991847527,1.7644987830372445e-05,(12037.794803034043+0j)
2.935796031991508,15.42899723227589,0.03926814971926076,(-245939.20170863753+511860.7767572424j),15.42899723227589,0.03926814971926076,(-245939.20170863753-511860.7767572424j),15.42899723227589,0.028036351072615727,(479840.6086142411+0j),15.42899723227589,1.7644987830372445e-05,(12037.794803034043+0j)
2.935796031991508,15.42899723227589,0.05647918312468606,(-1714543.9205679134+3095772.786672962j),15.42899723227589,0.05647918312468606,(-1714543.9205679134-3095772.786672962j),15.42899723227589,0.052921190923099666,(3425570.7446675827+0j),15.42899723227589,5.578690756898586e-08,(3517.0964682434974+0j)
2.953490987824416,15.42865008608393,0.05647918312468606,(-1714543.9205679134+3095772.786672962j),15.42865008608393,0.05647918312468606,(-1714543.9205679134-3095772.786672962j),15.428614511258383,0.052921190923099666,(3425570.7446675827+0j),11.933973036500038,5.578690756898586e-08,(3517.0964682434974+0j)
2.9711859436573245,15.427609516915645,0.05647918312468606,(-1714543.9205679134+3095772.786672962j),15.427609516915645,0.05647918312468606,(-1714543.9205679134-3095772.786672962j),15.427467371096686,0.052921190923099666,(3425570.7446675827+0j),11.922962954403745,5.578690756898586e-08,(3517.0964682434974+0j)
2.9888808994902325,15.425876827045837,0.05647918312468606,(-1714543.9205679134+3095772.786672962j),15.425876827045837,0.05647918312468606,(-1714543.9205679134-3095772.786672962j),15.425557343821104,0.052921190923099666,(3425570.7446675827+0j),11.919281363632086,5.578690756898586e-08,(3517.0964682434974+0j)
3.006575855323141,15.423453316304606,0.05647918312468606,(-1714543.9205679134+3095772.786672962j),15.423453316304606,0.05647918312468606,(-1714543.9205679134-3095772.786672962j),15.422885958392863,0.052921190923099666,(3425570.7446675827+0j),11.917438393275537,5.578690756898586e-08,(3517.0964682434974+0j)
3.024270811156049,15.420340282082448,0.05647918312468606,(-1714543.9205679134+3095772.786672962j),15.420340282082448,0.05647918312468606,(-1714543.9205679134-3095772.786672962j),15.419454740710911,0.052921190923099666,(3425570.7446675827+0j),11.91633191419372,5.578690756898586e-08,(3517.0964682434974+0j)
3.0419657669889575,15.41653901933534,0.05647918312468606,(-1714543.9205679134+3095772.786672962j),15.41653901933534,0.05647918312468606,(-1714543.9205679134-3095772.786672962j),15.415265213618762,0.052921190923099666,(3425570.7446675827+0j),11.915593970907551,5.578690756898586e-08,(3517.0964682434974+0j)
3.0596607228218655,15.412050820589824,0.05647918312468606,(-1714543.9205679134+3095772.786672962j),15.412050820589824,0.05647918312468606,(-1714543.9205679134-3095772.786672962j),15.41031889691126,0.052921190923099666,(3425570.7446675827+0j),11.91506672617869,5.578690756898586e-08,(3517.0964682434974+0j)
3.0773556786547736,15.406876975948045,0.05647918312468606,(-1714543.9205679134+3095772.786672962j),15.406876975948045,0.05647918312468606,(-1714543.9205679134-3095772.786672962j),15.404617307341384,0.052921190923099666,(3425570.7446675827+0j),11.914671214742562,5.578690756898586e-08,(3517.0964682434974+0j)
3.095050634487682,15.401018773092822,0.05647918312468606,(-1714543.9205679134+3095772.786672962j),15.401018773092822,0.05647918312468606,(-1714543.9205679134-3095772.786672962j),15.398161958626995,0.052921190923099666,(3425570.7446675827+0j),11.914363548569183,5.578690756898586e-08,(3517.0964682434974+0j)
3.1127455903205896,15.394477497292684,0.05647918312468606,(-1714543.9205679134+3095772.786672962j),15.394477497292684,0.05647918312468606,(-1714543.9205679134-3095772.786672962j),15.390954361457574,0.052921190923099666,(3425570.7446675827+0j),11.914117386539713,5.578690756898586e-08,(3517.0964682434974+0j)
3.130440546153498,15.387254431406882,0.05647918312468606,(-1714543.9205679134+3095772.786672962j),15.387254431406882,0.05647918312468606,(-1714543.9205679134-3095772.786672962j),15.382996023500963,0.052921190923099666,(3425570.7446675827+0j),11.913915962006557,5.578690756898586e-08,(3517.0964682434974+0j)
3.148135501986406,15.379350855890422,0.05647918312468606,(-1714543.9205679134+3095772.786672962j),15.379350855890422,0.05647918312468606,(-1714543.9205679134-3095772.786672962j),15.374288449410068,0.052921190923099666,(3425570.7446675827+0j),11.913748095002411,5.578690756898586e-08,(3517.0964682434974+0j)
3.1658304578193146,15.370768048799054,0.05647918312468606,(-1714543.9205679134+3095772.786672962j),15.370768048799054,0.05647918312468606,(-1714543.9205679134-3095772.786672962j),15.364833140829553,0.052921190923099666,(3425570.7446675827+0j),11.913606044298694,5.578690756898586e-08,(3517.0964682434974+0j)
3.1835254136522226,15.361507285794264,0.05647918312468606,(-1714543.9205679134+3095772.786672962j),15.361507285794264,0.05647918312468606,(-1714543.9205679134-3095772.786672962j),15.354631596402516,0.052921190923099666,(3425570.7446675827+0j),11.913484279699386,5.578690756898586e-08,(3517.0964682434974+0j)
3.201220369485131,15.351569840148269,0.05647918312468606,(-1714543.9205679134+3095772.786672962j),15.351569840148269,0.05647918312468606,(-1714543.9205679134-3095772.786672962j),15.343685311777154,0.052921190923099666,(3425570.7446675827+0j),11.91337874526252,5.578690756898586e-08,(3517.0964682434974+0j)
3.218915325318039,15.340956982748963,0.05647918312468606,(-1714543.9205679134+3095772.786672962j),15.340956982748963,0.05647918312468606,(-1714543.9205679134-3095772.786672962j),15.331995779613399,0.052921190923099666,(3425570.7446675827+0j),11.913286398731959,5.578690756898586e-08,(3517.0964682434974+0j)
3.236610281150947,15.329669982104887,0.05647918312468606,(-1714543.9205679134+3095772.786672962j),15.329669982104887,0.05647918312468606,(-1714543.9205679134-3095772.786672962j),15.319564489589553,0.052921190923099666,(3425570.7446675827+0j),11.91320491347743,5.578690756898586e-08,(3517.0964682434974+0j)
3.2543052369838557,15.31771010435017,0.05647918312468606,(-1714543.9205679134+3095772.786672962j),15.31771010435017,0.05647918312468606,(-1714543.9205679134-3095772.786672962j),15.306392928408892,0.052921190923099666,(3425570.7446675827+0j),11.913132479761781,5.578690756898586e-08,(3517.0964682434974+0j)
3.2720001928167637,15.30507861324946,0.05647918312468606,(-1714543.9205679134+3095772.786672962j),15.30507861324946,0.05647918312468606,(-1714543.9205679134-3095772.786672962j),15.292482579806265,0.052921190923099666,(3425570.7446675827+0j),11.913067668750342,5.578690756898586e-08,(3517.0964682434974+0j)
3.289695148649672,15.291776770202844,0.05647918312468606,(-1714543.9205679134+3095772.786672962j),15.291776770202844,0.05647918312468606,(-1714543.9205679134-3095772.786672962j),15.277834924554664,0.052921190923099666,(3425570.7446675827+0j),11.913009337307809,5.578690756898586e-08,(3517.0964682434974+0j)
3.30739010448258,15.277805834250774,0.05647918312468606,(-1714543.9205679134+3095772.786672962j),15.277805834250774,0.05647918312468606,(-1714543.9205679134-3095772.786672962j),15.2624514404718,0.052921190923099666,(3425570.7446675827+0j),11.912956559989906,5.578690756898586e-08,(3517.0964682434974+0j)
3.3250850603154887,15.263167062078935,0.05647918312468606,(-1714543.9205679134+3095772.786672962j),15.263167062078935,0.05647918312468606,(-1714543.9205679134-3095772.786672962j),15.246333602426624,0.052921190923099666,(3425570.7446675827+0j),11.91290857957879,5.578690756898586e-08,(3517.0964682434974+0j)
3.3427800161483963,15.247861708023166,0.05647918312468606,(-1714543.9205679134+3095772.786672962j),15.247861708023166,0.05647918312468606,(-1714543.9205679134-3095772.786672962j),15.229482882345886,0.052921190923099666,(3425570.7446675827+0j),11.912864770519597,5.578690756898586e-08,(3517.0964682434974+0j)
3.3604749719813047,15.231891024074308,0.05647918312468606,(-1714543.9205679134+3095772.786672962j),15.231891024074308,0.05647918312468606,(-1714543.9205679134-3095772.786672962j),15.211900749220622,0.052921190923099666,(3425570.7446675827+0j),11.912824611496074,5.578690756898586e-08,(3517.0964682434974+0j)
3.3781699278142128,15.215256259883082,0.05647918312468606,(-1714543.9205679134+3095772.786672962j),15.215256259883082,0.05647918312468606,(-1714543.9205679134-3095772.786672962j),15.193588669112655,0.052921190923099666,(3425570.7446675827+0j),11.91278766458678,5.578690756898586e-08,(3517.0964682434974+0j)
3.395864883647121,15.197958662764949,0.05647918312468606,(-1714543.9205679134+3095772.786672962j),15.197958662764949,0.05647918312468606,(-1714543.9205679134-3095772.786672962j),15.174548105161088,0.052921190923099666,(3425570.7446675827+0j),11.912753559230557,5.578690756898586e-08,(3517.0964682434974+0j)
3.4135598394800293,15.179999477704927,0.05647918312468606,(-1714543.9205679134+3095772.786672962j),15.179999477704927,0.05647918312468606,(-1714543.9205679134-3095772.786672962j),15.154780517588755,0.052921190923099666,(3425570.7446675827+0j),11.912721979754586,5.578690756898586e-08,(3517.0964682434974+0j)
3.4312547953129373,15.16137994736245,0.05647918312468606,(-1714543.9205679134+3095772.786672962j),15.16137994736245,0.05647918312468606,(-1714543.9205679134-3095772.786672962j),15.134287363708673,0.052921190923099666,(3425570.7446675827+0j),11.912692655574538,5.578690756898586e-08,(3517.0964682434974+0j)
3.448949751145846,15.142101312076166,0.05647918312468606,(-1714543.9205679134+3095772.786672962j),15.142101312076166,0.05647918312468606,(-1714543.9205679134-3095772.786672962j),15.11307009793047,0.052921190923099666,(3425570.7446675827+0j),11.912665353421982,5.578690756898586e-08,(3517.0964682434974+0j)
3.466644706978754,15.122164809868757,0.05647918312468606,(-1714543.9205679134+3095772.786672962j),15.122164809868757,0.05647918312468606,(-1714543.9205679134-3095772.786672962j),15.091130171766808,0.052921190923099666,(3425570.7446675827+0j),11.912639871126043,5.578690756898586e-08,(3517.0964682434974+0j)
3.484339662811662,15.101571676451728,0.05647918312468606,(-1714543.9205679134+3095772.786672962j),15.101571676451728,0.05647918312468606,(-1714543.9205679134-3095772.786672962j),15.068469033839783,0.052921190923099666,(3425570.7446675827+0j),11.912616032598425,5.578690756898586e-08,(3517.0964682434974+0j)
3.5020346186445703,15.080323145230198,0.05647918312468606,(-1714543.9205679134+3095772.786672962j),15.080323145230198,0.05647918312468606,(-1714543.9205679134-3095772.786672962j),15.045088129887294,0.052921190923099666,(3425570.7446675827+0j),11.912593683758622,5.578690756898586e-08,(3517.0964682434974+0j)
3.519729574477479,15.058420447307673,0.05647918312468606,(-1714543.9205679134+3095772.786672962j),15.058420447307673,0.05647918312468606,(-1714543.9205679134-3095772.786672962j),15.02098890276943,0.052921190923099666,(3425570.7446675827+0j),11.912572689199875,5.578690756898586e-08,(3517.0964682434974+0j)
3.537424530310387,15.035864811490809,0.05647918312468606,(-1714543.9205679134+3095772.786672962j),15.035864811490809,0.05647918312468606,(-1714543.9205679134-3095772.786672962j),14.996172792474812,0.052921190923099666,(3425570.7446675827+0j),11.912552929443414,5.578690756898586e-08,(3517.0964682434974+0j)
3.555119486143295,15.01265746429416,0.05647918312468606,(-1714543.9205679134+3095772.786672962j),15.01265746429416,0.05647918312468606,(-1714543.9205679134-3095772.786672962j),14.970641236126932,0.052921190923099666,(3425570.7446675827+0j),11.912534298663346,5.578690756898586e-08,(3517.0964682434974+0j)
3.5728144419762033,14.988799629944928,0.05647918312468606,(-1714543.9205679134+3095772.786672962j),14.988799629944928,0.05647918312468606,(-1714543.9205679134-3095772.786672962j),14.944395667990474,0.052921190923099666,(3425570.7446675827+0j),11.912516702790661,5.578690756898586e-08,(3517.0964682434974+0j)
3.590509397809111,14.964292530387684,0.05647918312468606,(-1714543.9205679134+3095772.786672962j),14.964292530387684,0.05647918312468606,(-1714543.9205679134-3095772.786672962j),14.917437519477613,0.052921190923099666,(3425570.7446675827+0j),11.912500057924671,5.578690756898586e-08,(3517.0964682434974+0j)
3.6082043536420194,14.939137385289092,0.05647918312468606,(-1714543.9205679134+3095772.786672962j),14.939137385289092,0.05647918312468606,(-1714543.9205679134-3095772.786672962j),14.889768219154321,0.052921190923099666,(3425570.7446675827+0j),11.912484288995248,5.578690756898586e-08,(3517.0964682434974+0j)
3.6258993094749274,14.913335412042619,0.05647918312468606,(-1714543.9205679134+3095772.786672962j),14.913335412042619,0.05647918312468606,(-1714543.9205679134-3095772.786672962j),14.86138919274662,0.052921190923099666,(3425570.7446675827+0j),11.912469328630824,5.578690756898586e-08,(3517.0964682434974+0j)
3.6435942653078355,14.886887825773229,0.05647918312468606,(-1714543.9205679134+3095772.786672962j),14.886887825773229,0.05647918312468606,(-1714543.9205679134-3095772.786672962j),14.832301863146855,0.052921190923099666,(3425570.7446675827+0j),11.91245511619619,5.578690756898586e-08,(3517.0964682434974+0j)
3.661289221140744,14.859795839342066,0.05647918312468606,(-1714543.9205679134+3095772.786672962j),14.859795839342066,0.05647918312468606,(-1714543.9205679134-3095772.786672962j),14.802507650419933,0.052921190923099666,(3425570.7446675827+0j),11.912441596971092,5.578690756898586e-08,(3517.0964682434974+0j)
3.6789841769736524,14.832060663351138,0.05647918312468606,(-1714543.9205679134+3095772.786672962j),14.832060663351138,0.05647918312468606,(-1714543.9205679134-3095772.786672962j),14.772007971809547,0.052921190923099666,(3425570.7446675827+0j),11.912428721446137,5.578690756898586e-08,(3517.0964682434974+0j)
3.6966791328065605,14.803683506147976,0.05647918312468606,(-1714543.9205679134+3095772.786672962j),14.803683506147976,0.05647918312468606,(-1714543.9205679134-3095772.786672962j),14.740804241744394,0.052921190923099666,(3425570.7446675827+0j),11.91241644471695,5.578690756898586e-08,(3517.0964682434974+0j)
3.7143740886394685,14.774665573830285,0.05647918312468606,(-1714543.9205679134+3095772.786672962j),14.774665573830285,0.05647918312468606,(-1714543.9205679134-3095772.786672962j),14.70889787184436,0.052921190923099666,(3425570.7446675827+0j),11.912404725960936,5.578690756898586e-08,(3517.0964682434974+0j)
3.732069044472377,14.745008070250597,0.05647918312468606,(-1714543.9205679134+3095772.786672962j),14.745008070250597,0.05647918312468606,(-1714543.9205679134-3095772.786672962j),14.676290270926726,0.052921190923099666,(3425570.7446675827+0j),11.912393527983792,5.578690756898586e-08,(3517.0964682434974+0j)
3.749764000305285,14.714712197020893,0.05647918312468606,(-1714543.9205679134+3095772.786672962j),14.714712197020893,0.05647918312468606,(-1714543.9205679134-3095772.786672962j),14.6429828450123,0.052921190923099666,(3425570.7446675827+0j),11.91238281682517,5.578690756898586e-08,(3517.0964682434974+0j)
3.7674589561381935,14.683779153517227,0.05647918312468606,(-1714543.9205679134+3095772.786672962j),14.683779153517227,0.05647918312468606,(-1714543.9205679134-3095772.786672962j),14.608976997331595,0.052921190923099666,(3425570.7446675827+0j),11.912372561414672,5.578690756898586e-08,(3517.0964682434974+0j)
3.7851539119711015,14.652210136884344,0.05647918312468606,(-1714543.9205679134+3095772.786672962j),14.652210136884344,0.05647918312468606,(-1714543.9205679134-3095772.786672962j),14.574274128330956,0.052921190923099666,(3425570.7446675827+0j),11.912362733270852,5.578690756898586e-08,(3517.0964682434974+0j)
3.8028488678040095,14.620006342040268,0.05647918312468606,(-1714543.9205679134+3095772.786672962j),14.620006342040268,0.05647918312468606,(-1714543.9205679134-3095772.786672962j),14.538875635678673,0.052921190923099666,(3425570.7446675827+0j),11.912353306237044,5.578690756898586e-08,(3517.0964682434974+0j)
3.820543823636918,14.587168961680902,0.05647918312468606,(-1714543.9205679134+3095772.786672962j),14.587168961680902,0.05647918312468606,(-1714543.9205679134-3095772.786672962j),14.502782914271098,0.052921190923099666,(3425570.7446675827+0j),11.912344256248927,5.578690756898586e-08,(3517.0964682434974+0j)
3.8382387794698256,14.553699186284597,0.05647918312468606,(-1714543.9205679134+3095772.786672962j),14.553699186284597,0.05647918312468606,(-1714543.9205679134-3095772.786672962j),14.46599735623873,0.052921190923099666,(3425570.7446675827+0j),11.912335561129398,5.578690756898586e-08,(3517.0964682434974+0j)
3.855933735302734,14.519598204116734,0.05647918312468606,(-1714543.9205679134+3095772.786672962j),14.519598204116734,0.05647918312468606,(-1714543.9205679134-3095772.786672962j),14.428520350952287,0.052921190923099666,(3425570.7446675827+0j),11.91232720040713,5.578690756898586e-08,(3517.0964682434974+0j)
3.873628691135642,14.484867201234266,0.05647918312468606,(-1714543.9205679134+3095772.786672962j),14.484867201234266,0.05647918312468606,(-1714543.9205679134-3095772.786672962j),14.390353285028773,0.052921190923099666,(3425570.7446675827+0j),11.912319155155666,5.578690756898586e-08,(3517.0964682434974+0j)
3.89132364696855,14.449507361490278,0.05647918312468606,(-1714543.9205679134+3095772.786672962j),14.449507361490278,0.05647918312468606,(-1714543.9205679134-3095772.786672962j),14.351497542337516,0.052921190923099666,(3425570.7446675827+0j),11.912311407850385,5.578690756898586e-08,(3517.0964682434974+0j)
3.909018602801458,14.413519866538511,0.05647918312468606,(-1714543.9205679134+3095772.786672962j),14.413519866538511,0.05647918312468606,(-1714543.9205679134-3095772.786672962j),14.311954504006206,0.052921190923099666,(3425570.7446675827+0j),11.912303942241076,5.578690756898586e-08,(3517.0964682434974+0j)
3.926713558634367,14.376905895837899,0.05647918312468606,(-1714543.9205679134+3095772.786672962j),14.376905895837899,0.05647918312468606,(-1714543.9205679134-3095772.786672962j),14.271725548426904,0.052921190923099666,(3425570.7446675827+0j),11.912296743238155,5.578690756898586e-08,(3517.0964682434974+0j)
3.944408514467275,14.339666626657083,0.05647918312468606,(-1714543.9205679134+3095772.786672962j),14.339666626657083,0.05647918312468606,(-1714543.9205679134-3095772.786672962j),14.230812051262044,0.052921190923099666,(3425570.7446675827+0j),11.912289796810871,5.578690756898586e-08,(3517.0964682434974+0j)
3.962103470300183,14.30180323407891,0.05647918312468606,(-1714543.9205679134+3095772.786672962j),14.30180323407891,0.05647918312468606,(-1714543.9205679134-3095772.786672962j),14.189215385450424,0.052921190923099666,(3425570.7446675827+0j),11.912283089896034,5.578690756898586e-08,(3517.0964682434974+0j)
3.979798426133092,14.263316891004932,0.05647918312468606,(-1714543.9205679134+3095772.786672962j),14.263316891004932,0.05647918312468606,(-1714543.9205679134-3095772.786672962j),14.146936921213173,0.052921190923099666,(3425570.7446675827+0j),11.91227661031602,5.578690756898586e-08,(3517.0964682434974+0j)
3.997493381966,14.224208768159894,0.05647918312468606,(-1714543.9205679134+3095772.786672962j),14.224208768159894,0.05647918312468606,(-1714543.9205679134-3095772.786672962j),14.103978026059703,0.052921190923099666,(3425570.7446675827+0j),11.912270346704982,5.578690756898586e-08,(3517.0964682434974+0j)
4.015188337798908,14.184480034096193,0.05647918312468606,(-1714543.9205679134+3095772.786672962j),14.184480034096193,0.05647918312468606,(-1714543.9205679134-3095772.786672962j),14.06034006479366,0.052921190923099666,(3425570.7446675827+0j),11.912264288442325,5.578690756898586e-08,(3517.0964682434974+0j)
4.032883293631816,14.144131855198365,0.05647918312468606,(-1714543.9205679134+3095772.786672962j),14.144131855198365,0.05647918312468606,(-1714543.9205679134-3095772.786672962j),14.016024399518844,0.052921190923099666,(3425570.7446675827+0j),11.912258425592587,5.578690756898586e-08,(3517.0964682434974+0j)
4.050578249464724,14.103165395687522,0.05647918312468606,(-1714543.9205679134+3095772.786672962j),14.103165395687522,0.05647918312468606,(-1714543.9205679134-3095772.786672962j),13.971032389645126,0.052921190923099666,(3425570.7446675827+0j),11.912252748851094,5.578690756898586e-08,(3517.0964682434974+0j)
4.068273205297632,14.061581817625795,0.05647918312468606,(-1714543.9205679134+3095772.786672962j),14.061581817625795,0.05647918312468606,(-1714543.9205679134-3095772.786672962j),13.925365391894342,0.052921190923099666,(3425570.7446675827+0j),11.912247249494662,5.578690756898586e-08,(3517.0964682434974+0j)
4.085968161130541,14.019382280920773,0.05647918312468606,(-1714543.9205679134+3095772.786672962j),14.019382280920773,0.05647918312468606,(-1714543.9205679134-3095772.786672962j),13.87902476030618,0.052921190923099666,(3425570.7446675827+0j),11.912241919336887,5.578690756898586e-08,(3517.0964682434974+0j)
4.103663116963449,13.976567943329927,0.05647918312468606,(-1714543.9205679134+3095772.786672962j),13.976567943329927,0.05647918312468606,(-1714543.9205679134-3095772.786672962j),13.832011846244047,0.052921190923099666,(3425570.7446675827+0j),11.912236750687475,5.578690756898586e-08,(3517.0964682434974+0j)
4.121358072796357,13.933139960465013,0.05647918312468606,(-1714543.9205679134+3095772.786672962j),13.933139960465013,0.05647918312468606,(-1714543.9205679134-3095772.786672962j),13.784327998400926,0.052921190923099666,(3425570.7446675827+0j),11.912231736315213,5.578690756898586e-08,(3517.0964682434974+0j)
4.139053028629266,13.889099485796486,0.05647918312468606,(-1714543.9205679134+3095772.786672962j),13.889099485796486,0.05647918312468606,(-1714543.9205679134-3095772.786672962j),13.735974562805215,0.052921190923099666,(3425570.7446675827+0j),11.912226869414235,5.578690756898586e-08,(3517.0964682434974+0j)
4.156747984462174,13.84444767065788,0.05647918312468606,(-1714543.9205679134+3095772.786672962j),13.84444767065788,0.05647918312468606,(-1714543.9205679134-3095772.786672962j),13.686952882826548,0.052921190923099666,(3425570.7446675827+0j),11.912222143573182,5.578690756898586e-08,(3517.0964682434974+0j)
4.174442940295082,13.799185664250205,0.05647918312468606,(-1714543.9205679134+3095772.786672962j),13.799185664250205,0.05647918312468606,(-1714543.9205679134-3095772.786672962j),13.637264299181616,0.052921190923099666,(3425570.7446675827+0j),11.912217552747034,5.578690756898586e-08,(3517.0964682434974+0j)
4.19213789612799,13.7533146136463,0.05647918312468606,(-1714543.9205679134+3095772.786672962j),13.7533146136463,0.05647918312468606,(-1714543.9205679134-3095772.786672962j),13.586910149939955,0.052921190923099666,(3425570.7446675827+0j),11.912213091231322,5.578690756898586e-08,(3517.0964682434974+0j)
4.209832851960898,13.706835663795216,0.05647918312468606,(-1714543.9205679134+3095772.786672962j),13.706835663795216,0.05647918312468606,(-1714543.9205679134-3095772.786672962j),13.535891770529737,0.052921190923099666,(3425570.7446675827+0j),11.912208753638463,5.578690756898586e-08,(3517.0964682434974+0j)
4.227527807793805,13.659749957526547,0.05647918312468606,(-1714543.9205679134+3095772.786672962j),13.659749957526547,0.05647918312468606,(-1714543.9205679134-3095772.786672962j),13.484210493743532,0.052921190923099666,(3425570.7446675827+0j),11.912204534876064,5.578690756898586e-08,(3517.0964682434974+0j)
4.245222763626715,13.612058635554785,0.05647918312468606,(-1714543.9205679134+3095772.786672962j),13.612058635554785,0.05647918312468606,(-1714543.9205679134-3095772.786672962j),13.431867649744076,0.052921190923099666,(3425570.7446675827+0j),11.912200430126985,5.578690756898586e-08,(3517.0964682434974+0j)
4.262917719459622,13.563762836483653,0.05647918312468606,(-1714543.9205679134+3095772.786672962j),13.563762836483653,0.05647918312468606,(-1714543.9205679134-3095772.786672962j),13.378864566069986,0.052921190923099666,(3425570.7446675827+0j),11.912196434830982,5.578690756898586e-08,(3517.0964682434974+0j)
4.280612675292531,13.514863696810416,0.05647918312468606,(-1714543.9205679134+3095772.786672962j),13.514863696810416,0.05647918312468606,(-1714543.9205679134-3095772.786672962j),13.325202567641513,0.052921190923099666,(3425570.7446675827+0j),11.912192544667802,5.578690756898586e-08,(3517.0964682434974+0j)
4.2983076311254385,13.465362350930205,0.05647918312468606,(-1714543.9205679134+3095772.786672962j),13.465362350930205,0.05647918312468606,(-1714543.9205679134-3095772.786672962j),13.270882976766245,0.052921190923099666,(3425570.7446675827+0j),11.912188755541617,5.578690756898586e-08,(3517.0964682434974+0j)
4.316002586958348,13.415259931140307,0.05647918312468606,(-1714543.9205679134+3095772.786672962j),13.415259931140307,0.05647918312468606,(-1714543.9205679134-3095772.786672962j),13.215907113144796,0.052921190923099666,(3425570.7446675827+0j),11.912185063566625,5.578690756898586e-08,(3517.0964682434974+0j)
4.333697542791255,13.364557567644468,0.05647918312468606,(-1714543.9205679134+3095772.786672962j),13.364557567644468,0.05647918312468606,(-1714543.9205679134-3095772.786672962j),13.160276293876509,0.052921190923099666,(3425570.7446675827+0j),11.912181465053758,5.578690756898586e-08,(3517.0964682434974+0j)
4.351392498624164,13.313256388557168,0.05647918312468606,(-1714543.9205679134+3095772.786672962j),13.313256388557168,0.05647918312468606,(-1714543.9205679134-3095772.786672962j),13.103991833465106,0.052921190923099666,(3425570.7446675827+0j),11.912177956498395,5.578690756898586e-08,(3517.0964682434974+0j)
4.3690874544570715,13.261357519907897,0.05647918312468606,(-1714543.9205679134+3095772.786672962j),13.261357519907897,0.05647918312468606,(-1714543.9205679134-3095772.786672962j),13.047055043824368,0.052921190923099666,(3425570.7446675827+0j),11.912174534568972,5.578690756898586e-08,(3517.0964682434974+0j)
4.38678241028998,13.208862085645418,0.05647918312468606,(-1714543.9205679134+3095772.786672962j),13.208862085645418,0.05647918312468606,(-1714543.9205679134-3095772.786672962j),12.989467234283756,0.052921190923099666,(3425570.7446675827+0j),11.912171196096427,5.578690756898586e-08,(3517.0964682434974+0j)
4.404477366122888,13.155771207642015,0.05647918312468606,(-1714543.9205679134+3095772.786672962j),13.155771207642015,0.05647918312468606,(-1714543.9205679134-3095772.786672962j),12.931229711594057,0.052921190923099666,(3425570.7446675827+0j),11.912167938064425,5.578690756898586e-08,(3517.0964682434974+0j)
4.422172321955797,13.102086005697744,0.05647918312468606,(-1714543.9205679134+3095772.786672962j),13.102086005697744,0.05647918312468606,(-1714543.9205679134-3095772.786672962j),12.872343779932983,0.052921190923099666,(3425570.7446675827+0j),11.912164757600241,5.578690756898586e-08,(3517.0964682434974+0j)
4.4398672777887045,13.04780759754466,0.05647918312468606,(-1714543.9205679134+3095772.786672962j),13.04780759754466,0.05647918312468606,(-1714543.9205679134-3095772.786672962j),12.812810740910791,0.052921190923099666,(3425570.7446675827+0j),11.912161651966347,5.578690756898586e-08,(3517.0964682434974+0j)
4.457562233621612,12.992937098851037,0.05647918312468606,(-1714543.9205679134+3095772.786672962j),12.992937098851037,0.05647918312468606,(-1714543.9205679134-3095772.786672962j),12.752631893575858,0.052921190923099666,(3425570.7446675827+0j),11.912158618552526,5.578690756898586e-08,(3517.0964682434974+0j)
4.4752571894545214,12.937475623225595,0.05647918312468606,(-1714543.9205679134+3095772.786672962j),12.937475623225595,0.05647918312468606,(-1714543.9205679134-3095772.786672962j),12.691808534420256,0.052921190923099666,(3425570.7446675827+0j),11.912155654868565,5.578690756898586e-08,(3517.0964682434974+0j)
4.492952145287429,12.881424282221692,0.05647918312468606,(-1714543.9205679134+3095772.786672962j),12.881424282221692,0.05647918312468606,(-1714543.9205679134-3095772.786672962j),12.630341957385323,0.052921190923099666,(3425570.7446675827+0j),11.912152758537438,5.578690756898586e-08,(3517.0964682434974+0j)
4.5106471011203375,12.824784185341528,0.05647918312468606,(-1714543.9205679134+3095772.786672962j),12.824784185341528,0.05647918312468606,(-1714543.9205679134-3095772.786672962j),12.5682334538672,0.052921190923099666,(3425570.7446675827+0j),11.912149927288949,5.578690756898586e-08,(3517.0964682434974+0j)
4.528342056953245,12.76755644004032,0.05647918312468606,(-1714543.9205679134+3095772.786672962j),12.76755644004032,0.05647918312468606,(-1714543.9205679134-3095772.786672962j),12.505484312722361,0.052921190923099666,(3425570.7446675827+0j),11.912147158953783,5.578690756898586e-08,(3517.0964682434974+0j)
4.546037012786154,12.709742151730484,0.05647918312468606,(-1714543.9205679134+3095772.786672962j),12.709742151730484,0.05647918312468606,(-1714543.9205679134-3095772.786672962j),12.442095820273153,0.052921190923099666,(3425570.7446675827+0j),11.912144451457989,5.578690756898586e-08,(3517.0964682434974+0j)
4.563731968619061,12.651342423785803,0.05647918312468606,(-1714543.9205679134+3095772.786672962j),12.651342423785803,0.05647918312468606,(-1714543.9205679134-3095772.786672962j),12.378069260313277,0.052921190923099666,(3425570.7446675827+0j),11.912141802817771,5.578690756898586e-08,(3517.0964682434974+0j)
4.5814269244519705,12.59235835754557,0.05647918312468606,(-1714543.9205679134+3095772.786672962j),12.59235835754557,0.05647918312468606,(-1714543.9205679134-3095772.786672962j),12.3134059141133,0.052921190923099666,(3425570.7446675827+0j),11.912139211134665,5.578690756898586e-08,(3517.0964682434974+0j)
4.599121880284878,12.532791052318762,0.05647918312468606,(-1714543.9205679134+3095772.786672962j),12.532791052318762,0.05647918312468606,(-1714543.9205679134-3095772.786672962j),12.248107060426127,0.052921190923099666,(3425570.7446675827+0j),11.912136674590977,5.578690756898586e-08,(3517.0964682434974+0j)
4.616816836117787,12.472641605388143,0.05647918312468606,(-1714543.9205679134+3095772.786672962j),12.472641605388143,0.05647918312468606,(-1714543.9205679134-3095772.786672962j),12.182173975492471,0.052921190923099666,(3425570.7446675827+0j),11.91213419144555,5.578690756898586e-08,(3517.0964682434974+0j)
4.634511791950695,12.411911112014415,0.05647918312468606,(-1714543.9205679134+3095772.786672962j),12.411911112014415,0.05647918312468606,(-1714543.9205679134-3095772.786672962j),12.115607933046299,0.052921190923099666,(3425570.7446675827+0j),11.912131760029771,5.578690756898586e-08,(3517.0964682434974+0j)
4.6522067477836035,12.350600665440336,0.05647918312468606,(-1714543.9205679134+3095772.786672962j),12.350600665440336,0.05647918312468606,(-1714543.9205679134-3095772.786672962j),12.04841020432028,0.052921190923099666,(3425570.7446675827+0j),11.912129378743833,5.578690756898586e-08,(3517.0964682434974+0j)
4.669901703616511,12.288711356894817,0.05647918312468606,(-1714543.9205679134+3095772.786672962j),12.288711356894817,0.05647918312468606,(-1714543.9205679134-3095772.786672962j),11.980582058051208,0.052921190923099666,(3425570.7446675827+0j),11.912127046053222,5.578690756898586e-08,(3517.0964682434974+0j)
4.687596659449419,11.912124760485424,0.036050194793533524,(-1344956.1343209785+2486909.763581817j),11.912124760485424,0.036050194793533524,(-1344956.1343209785-2486909.763581817j),11.912124760485424,0.03246124440118281,(2682876.7309558555+0j),11.912124760485424,2.2323295815232837e-07,(7035.537686099125+0j)
4.687596659449419,12.226244275597027,0.05647918312468606,(-1714543.9205679134+3095772.786672962j),12.226244275597027,0.05647918312468606,(-1714543.9205679134-3095772.786672962j),11.912124760485417,0.052921190923099666,(3425570.7446675827+0j),11.91212476048542,5.578690756898586e-08,(3517.0964682434974+0j)
4.705291615282327,11.9128052625441,0.036050194793533524,(-1344956.1343209785+2486909.763581817j),11.9128052625441,0.036050194793533524,(-1344956.1343209785-2486909.763581817j),11.912921095859593,0.03246124440118281,(2682876.7309558555+0j),18.773450587576473,2.2323295815232837e-07,(7035.537686099125+0j)
4.722986571115235,11.914844099842428,0.036050194793533524,(-1344956.1343209785+2486909.763581817j),11.914844099842428,0.036050194793533524,(-1344956.1343209785-2486909.763581817j),11.915306633984095,0.03246124440118281,(2682876.7309558555+0j),18.859737522021973,2.2323295815232837e-07,(7035.537686099125+0j)
4.740681526948144,11.918237277891173,0.036050194793533524,(-1344956.1343209785+2486909.763581817j),11.918237277891173,0.036050194793533524,(-1344956.1343209785-2486909.763581817j),11.91927618559811,0.03246124440118281,(2682876.7309558555+0j),18.888861797887884,2.2323295815232837e-07,(7035.537686099125+0j)
4.758376482781052,11.92298081394012,0.036050194793533524,(-1344956.1343209785+2486909.763581817j),11.92298081394012,0.036050194793533524,(-1344956.1343209785-2486909.763581817j),11.924824578373135,0.03246124440118281,(2682876.7309558555+0j),18.90349265861871,2.2323295815232837e-07,(7035.537686099125+0j)
4.77607143861396,11.929070736939751,0.036050194793533524,(-1344956.1343209785+2486909.763581817j),11.929070736939751,0.036050194793533524,(-1344956.1343209785-2486909.763581817j),11.931946656851636,0.03246124440118281,(2682876.7309558555+0j),18.912293277102876,2.2323295815232837e-07,(7035.537686099125+0j)
4.793766394446868,11.936503087503093,0.036050194793533524,(-1344956.1343209785+2486909.763581817j),11.936503087503093,0.036050194793533524,(-1344956.1343209785-2486909.763581817j),11.940637282385948,0.03246124440118281,(2682876.7309558555+0j),18.9181695910492,2.2323295815232837e-07,(7035.537686099125+0j)
4.811461350279776,11.945273917867661,0.036050194793533524,(-1344956.1343209785+2486909.763581817j),11.945273917867661,0.036050194793533524,(-1344956.1343209785-2486909.763581817j),11.950891333077413,0.03246124440118281,(2682876.7309558555+0j),18.92237148953678,2.2323295815232837e-07,(7035.537686099125+0j)
4.829156306112685,11.955379291857595,0.036050194793533524,(-1344956.1343209785+2486909.763581817j),11.955379291857595,0.036050194793533524,(-1344956.1343209785-2486909.763581817j),11.96270370371579,0.03246124440118281,(2682876.7309558555+0j),18.925525394624376,2.2323295815232837e-07,(7035.537686099125+0j)
4.846851261945593,11.96681528484588,0.036050194793533524,(-1344956.1343209785+2486909.763581817j),11.96681528484588,0.036050194793533524,(-1344956.1343209785-2486909.763581817j),11.97606930571888,0.03246124440118281,(2682876.7309558555+0j),18.927979903640704,2.2323295815232837e-07,(7035.537686099125+0j)
4.864546217778501,11.979577983716753,0.036050194793533524,(-1344956.1343209785+2486909.763581817j),11.979577983716753,0.036050194793533524,(-1344956.1343209785-2486909.763581817j),11.990983067072417,0.03246124440118281,(2682876.7309558555+0j),18.929944438708752,2.2323295815232837e-07,(7035.537686099125+0j)
4.882241173611409,11.993663486828215,0.036050194793533524,(-1344956.1343209785+2486909.763581817j),11.993663486828215,0.036050194793533524,(-1344956.1343209785-2486909.763581817j),12.007439932270206,0.03246124440118281,(2682876.7309558555+0j),18.931552399391848,2.2323295815232837e-07,(7035.537686099125+0j)
4.899936129444318,12.009067903974696,0.036050194793533524,(-1344956.1343209785+2486909.763581817j),12.009067903974696,0.036050194793533524,(-1344956.1343209785-2486909.763581817j),12.025434862254487,0.03246124440118281,(2682876.7309558555+0j),18.932892788818595,2.2323295815232837e-07,(7035.537686099125+0j)
4.917631085277226,12.025787356349852,0.036050194793533524,(-1344956.1343209785+2486909.763581817j),12.025787356349852,0.036050194793533524,(-1344956.1343209785-2486909.763581817j),12.04496283435656,0.03246124440118281,(2682876.7309558555+0j),18.93402726438411,2.2323295815232837e-07,(7035.537686099125+0j)
4.935326041110134,12.043817976509494,0.036050194793533524,(-1344956.1343209785+2486909.763581817j),12.043817976509494,0.036050194793533524,(-1344956.1343209785-2486909.763581817j),12.06601884223763,0.03246124440118281,(2682876.7309558555+0j),18.934999890885535,2.2323295815232837e-07,(7035.537686099125+0j)
4.953020996943041,12.063155908334664,0.036050194793533524,(-1344956.1343209785+2486909.763581817j),12.063155908334664,0.036050194793533524,(-1344956.1343209785-2486909.763581817j),12.08859789582992,0.03246124440118281,(2682876.7309558555+0j),18.93584299732502,2.2323295815232837e-07,(7035.537686099125+0j)
4.97071595277595,12.083797306994832,0.036050194793533524,(-1344956.1343209785+2486909.763581817j),12.083797306994832,0.036050194793533524,(-1344956.1343209785-2486909.763581817j),12.112695021277988,0.03246124440118281,(2682876.7309558555+0j),18.93658084000912,2.2323295815232837e-07,(7035.537686099125+0j)
4.988410908608858,12.10573833891124,0.036050194793533524,(-1344956.1343209785+2486909.763581817j),12.10573833891124,0.036050194793533524,(-1344956.1343209785-2486909.763581817j),12.138305260880319,0.03246124440118281,(2682876.7309558555+0j),18.9372319742287,2.2323295815232837e-07,(7035.537686099125+0j)
5.006105864441767,12.128975181720364,0.036050194793533524,(-1344956.1343209785+2486909.763581817j),12.128975181720364,0.036050194793533524,(-1344956.1343209785-2486909.763581817j),12.165423673031121,0.03246124440118281,(2682876.7309558555+0j),18.93781083620989,2.2323295815232837e-07,(7035.537686099125+0j)
5.0238008202746745,12.153504024237533,0.036050194793533524,(-1344956.1343209785+2486909.763581817j),12.153504024237533,0.036050194793533524,(-1344956.1343209785-2486909.763581817j),12.194045332162375,0.03246124440118281,(2682876.7309558555+0j),18.93832882599916,2.2323295815232837e-07,(7035.537686099125+0j)
5.041495776107583,12.179321066420655,0.036050194793533524,(-1344956.1343209785+2486909.763581817j),12.179321066420655,0.036050194793533524,(-1344956.1343209785-2486909.763581817j),12.224165328686116,0.03246124440118281,(2682876.7309558555+0j),18.938795065790195,2.2323295815232837e-07,(7035.537686099125+0j)
5.0591907319404905,12.206422519334101,0.036050194793533524,(-1344956.1343209785+2486909.763581817j),12.206422519334101,0.036050194793533524,(-1344956.1343209785-2486909.763581817j),12.255778768936953,0.03246124440118281,(2682876.7309558555+0j),18.939216941781183,2.2323295815232837e-07,(7035.537686099125+0j)
5.0768856877734,12.234804605112682,0.036050194793533524,(-1344956.1343209785+2486909.763581817j),12.234804605112682,0.036050194793533524,(-1344956.1343209785-2486909.763581817j),12.288880775114794,0.03246124440118281,(2682876.7309558555+0j),18.939600498379935,2.2323295815232837e-07,(7035.537686099125+0j)
5.0945806436063075,12.264463556925811,0.036050194793533524,(-1344956.1343209785+2486909.763581817j),12.264463556925811,0.036050194793533524,(-1344956.1343209785-2486909.763581817j),12.32346648522785,0.03246124440118281,(2682876.7309558555+0j),18.939950729657532,2.2323295815232837e-07,(7035.537686099125+0j)
5.112275599439216,12.295395618941747,0.036050194793533524,(-1344956.1343209785+2486909.763581817j),12.295395618941747,0.036050194793533524,(-1344956.1343209785-2486909.763581817j),12.359531053035825,0.03246124440118281,(2682876.7309558555+0j),18.94027179799594,2.2323295815232837e-07,(7035.537686099125+0j)
5.1299705552721235,12.327597046291995,0.036050194793533524,(-1344956.1343209785+2486909.763581817j),12.327597046291995,0.036050194793533524,(-1344956.1343209785-2486909.763581817j),12.397069647993359,0.03246124440118281,(2682876.7309558555+0j),18.940567200299977,2.2323295815232837e-07,(7035.537686099125+0j)
5.147665511105033,12.361064105035831,0.036050194793533524,(-1344956.1343209785+2486909.763581817j),12.361064105035831,0.036050194793533524,(-1344956.1343209785-2486909.763581817j),12.436077455193688,0.03246124440118281,(2682876.7309558555+0j),18.940839895880547,2.2323295815232837e-07,(7035.537686099125+0j)
5.1653604669379405,12.39579307212495,0.036050194793533524,(-1344956.1343209785+2486909.763581817j),12.39579307212495,0.036050194793533524,(-1344956.1343209785-2486909.763581817j),12.47654967531254,0.03246124440118281,(2682876.7309558555+0j),18.941092405939308,2.2323295815232837e-07,(7035.537686099125+0j)
5.183055422770848,12.431780235368246,0.036050194793533524,(-1344956.1343209785+2486909.763581817j),12.431780235368246,0.036050194793533524,(-1344956.1343209785-2486909.763581817j),12.51848152455226,0.03246124440118281,(2682876.7309558555+0j),18.9413268917496,2.2323295815232837e-07,(7035.537686099125+0j)
5.2007503786037566,12.469021893396729,0.036050194793533524,(-1344956.1343209785+2486909.763581817j),12.469021893396729,0.036050194793533524,(-1344956.1343209785-2486909.763581817j),12.56186823458614,0.03246124440118281,(2682876.7309558555+0j),18.941545216672584,2.2323295815232837e-07,(7035.537686099125+0j)
5.218445334436664,12.507514355628546,0.036050194793533524,(-1344956.1343209785+2486909.763581817j),12.507514355628546,0.036050194793533524,(-1344956.1343209785-2486909.763581817j),12.606705052502992,0.03246124440118281,(2682876.7309558555+0j),18.94174899577793,2.2323295815232837e-07,(7035.537686099125+0j)
5.236140290269573,12.54725394223416,0.036050194793533524,(-1344956.1343209785+2486909.763581817j),12.54725394223416,0.036050194793533524,(-1344956.1343209785-2486909.763581817j),12.652987240751944,0.03246124440118281,(2682876.7309558555+0j),18.941939635866408,2.2323295815232837e-07,(7035.537686099125+0j)
5.253835246102481,12.588236984101629,0.036050194793533524,(-1344956.1343209785+2486909.763581817j),12.588236984101629,0.036050194793533524,(-1344956.1343209785-2486909.763581817j),12.700710077087447,0.03246124440118281,(2682876.7309558555+0j),18.942118367992656,2.2323295815232837e-07,(7035.537686099125+0j)
5.27153020193539,12.630459822802022,0.036050194793533524,(-1344956.1343209785+2486909.763581817j),12.630459822802022,0.036050194793533524,(-1344956.1343209785-2486909.763581817j),12.749868854514506,0.03246124440118281,(2682876.7309558555+0j),18.942286274078107,2.2323295815232837e-07,(7035.537686099125+0j)
5.289225157768297,12.673918810554966,0.036050194793533524,(-1344956.1343209785+2486909.763581817j),12.673918810554966,0.036050194793533524,(-1344956.1343209785-2486909.763581817j),12.80045888123415,0.03246124440118281,(2682876.7309558555+0j),18.942444308830154,2.2323295815232837e-07,(7035.537686099125+0j)
5.306920113601206,12.7186103101943,0.036050194793533524,(-1344956.1343209785+2486909.763581817j),12.7186103101943,0.036050194793533524,(-1344956.1343209785-2486909.763581817j),12.852475480589082,0.03246124440118281,(2682876.7309558555+0j),18.942593317905768,2.2323295815232837e-07,(7035.537686099125+0j)
5.324615069434114,12.764530695133878,0.036050194793533524,(-1344956.1343209785+2486909.763581817j),12.764530695133878,0.036050194793533524,(-1344956.1343209785-2486909.763581817j),12.905913991009585,0.03246124440118281,(2682876.7309558555+0j),18.94273405304938,2.2323295815232837e-07,(7035.537686099125+0j)
5.342310025267023,12.811676349333474,0.036050194793533524,(-1344956.1343209785+2486909.763581817j),12.811676349333474,0.036050194793533524,(-1344956.1343209785-2486909.763581817j),12.96076976595963,0.03246124440118281,(2682876.7309558555+0j),18.942867184777345,2.2323295815232837e-07,(7035.537686099125+0j)
5.36000498109993,12.860043667264817,0.036050194793533524,(-1344956.1343209785+2486909.763581817j),12.860043667264817,0.036050194793533524,(-1344956.1343209785-2486909.763581817j),13.017038173883199,0.03246124440118281,(2682876.7309558555+0j),18.942993313060462,2.2323295815232837e-07,(7035.537686099125+0j)
5.377699936932839,12.90962905387776,0.036050194793533524,(-1344956.1343209785+2486909.763581817j),12.90962905387776,0.036050194793533524,(-1344956.1343209785-2486909.763581817j),13.074714598150816,0.03246124440118281,(2682876.7309558555+0j),18.94311297636393,2.2323295815232837e-07,(7035.537686099125+0j)
5.395394892765746,12.960428924566553,0.036050194793533524,(-1344956.1343209785+2486909.763581817j),12.960428924566553,0.036050194793533524,(-1344956.1343209785-2486909.763581817j),13.133794437006317,0.03246124440118281,(2682876.7309558555+0j),18.9432266593319,2.2323295815232837e-07,(7035.537686099125+0j)
5.413089848598655,13.012439705136254,0.036050194793533524,(-1344956.1343209785+2486909.763581817j),13.012439705136254,0.036050194793533524,(-1344956.1343209785-2486909.763581817j),13.194273103513808,0.03246124440118281,(2682876.7309558555+0j),18.943334799347976,2.2323295815232837e-07,(7035.537686099125+0j)
5.430784804431563,13.065657831769249,0.036050194793533524,(-1344956.1343209785+2486909.763581817j),13.065657831769249,0.036050194793533524,(-1344956.1343209785-2486909.763581817j),13.25614602550484,0.03246124440118281,(2682876.7309558555+0j),18.943437792158942,2.2323295815232837e-07,(7035.537686099125+0j)
5.448479760264471,13.120079750991898,0.036050194793533524,(-1344956.1343209785+2486909.763581817j),13.120079750991898,0.036050194793533524,(-1344956.1343209785-2486909.763581817j),13.319408645525812,0.03246124440118281,(2682876.7309558555+0j),18.94353599671415,2.2323295815232837e-07,(7035.537686099125+0j)
5.466174716097379,13.175701919641314,0.036050194793533524,(-1344956.1343209785+2486909.763581817j),13.175701919641314,0.036050194793533524,(-1344956.1343209785-2486909.763581817j),13.384056420785564,0.03246124440118281,(2682876.7309558555+0j),18.94362973934519,2.2323295815232837e-07,(7035.537686099125+0j)
5.483869671930288,13.232520804832227,0.036050194793533524,(-1344956.1343209785+2486909.763581817j),13.232520804832227,0.036050194793533524,(-1344956.1343209785-2486909.763581817j),13.450084823103195,0.03246124440118281,(2682876.7309558555+0j),18.94371931738862,2.2323295815232837e-07,(7035.537686099125+0j)
5.501564627763196,13.29053288392401,0.036050194793533524,(-1344956.1343209785+2486909.763581817j),13.29053288392401,0.036050194793533524,(-1344956.1343209785-2486909.763581817j),13.517489338856068,0.03246124440118281,(2682876.7309558555+0j),18.943805002336273,2.2323295815232837e-07,(7035.537686099125+0j)
5.519259583596104,13.349734644487794,0.036050194793533524,(-1344956.1343209785+2486909.763581817j),13.349734644487794,0.036050194793533524,(-1344956.1343209785-2486909.763581817j),13.586265468928058,0.03246124440118281,(2682876.7309558555+0j),18.943887042583597,2.2323295815232837e-07,(7035.537686099125+0j)
5.536954539429012,13.410122584273719,0.036050194793533524,(-1344956.1343209785+2486909.763581817j),13.410122584273719,0.036050194793533524,(-1344956.1343209785-2486909.763581817j),13.656408728657972,0.03246124440118281,(2682876.7309558555+0j),18.943965665834572,2.2323295815232837e-07,(7035.537686099125+0j)
5.55464949526192,13.471693211178279,0.036050194793533524,(-1344956.1343209785+2486909.763581817j),13.471693211178279,0.036050194793533524,(-1344956.1343209785-2486909.763581817j),13.727914647788188,0.03246124440118281,(2682876.7309558555+0j),18.944041081212283,2.2323295815232837e-07,(7035.537686099125+0j)
5.572344451094828,13.534443043211825,0.036050194793533524,(-1344956.1343209785+2486909.763581817j),13.534443043211825,0.036050194793533524,(-1344956.1343209785-2486909.763581817j),13.800778770413505,0.03246124440118281,(2682876.7309558555+0j),18.944113481116297,2.2323295815232837e-07,(7035.537686099125+0j)
5.590039406927737,13.598368608466139,0.036050194793533524,(-1344956.1343209785+2486909.763581817j),13.598368608466139,0.036050194793533524,(-1344956.1343209785-2486909.763581817j),13.874996654930191,0.03246124440118281,(2682876.7309558555+0j),18.944183042861614,2.2323295815232837e-07,(7035.537686099125+0j)
5.607734362760645,13.663466445082156,0.036050194793533524,(-1344956.1343209785+2486909.763581817j),13.663466445082156,0.036050194793533524,(-1344956.1343209785-2486909.763581817j),13.950563873985239,0.03246124440118281,(2682876.7309558555+0j),18.944249930128578,2.2323295815232837e-07,(7035.537686099125+0j)
5.625429318593553,13.7297331012178,0.036050194793533524,(-1344956.1343209785+2486909.763581817j),13.7297331012178,0.036050194793533524,(-1344956.1343209785-2486909.763581817j),14.0274760144258,0.03246124440118281,(2682876.7309558555+0j),18.944314294248727,2.2323295815232837e-07,(7035.537686099125+0j)
5.643124274426461,13.79716513501591,0.036050194793533524,(-1344956.1343209785+2486909.763581817j),13.79716513501591,0.036050194793533524,(-1344956.1343209785-2486909.763581817j),14.105728677248866,0.03246124440118281,(2682876.7309558555+0j),18.944376275347764,2.2323295815232837e-07,(7035.537686099125+0j)
5.66081923025937,13.865759114572315,0.036050194793533524,(-1344956.1343209785+2486909.763581817j),13.865759114572315,0.036050194793533524,(-1344956.1343209785-2486909.763581817j),14.18531747755111,0.03246124440118281,(2682876.7309558555+0j),18.944436003363947,2.2323295815232837e-07,(7035.537686099125+0j)
5.678514186092277,13.935511617904,0.036050194793533524,(-1344956.1343209785+2486909.763581817j),13.935511617904,0.036050194793533524,(-1344956.1343209785-2486909.763581817j),14.266238044478934,0.03246124440118281,(2682876.7309558555+0j),18.944493598957365,2.2323295815232837e-07,(7035.537686099125+0j)
5.696209141925186,14.006419232917398,0.036050194793533524,(-1344956.1343209785+2486909.763581817j),14.006419232917398,0.036050194793533524,(-1344956.1343209785-2486909.763581817j),14.348486021178742,0.03246124440118281,(2682876.7309558555+0j),18.944549174323537,2.2323295815232837e-07,(7035.537686099125+0j)
5.7139040977580935,14.07847855737679,0.036050194793533524,(-1344956.1343209785+2486909.763581817j),14.07847855737679,0.036050194793533524,(-1344956.1343209785-2486909.763581817j),14.432057064747372,0.03246124440118281,(2682876.7309558555+0j),18.94460283392289,2.2323295815232837e-07,(7035.537686099125+0j)
5.731599053591002,14.151686198872827,0.036050194793533524,(-1344956.1343209785+2486909.763581817j),14.151686198872827,0.036050194793533524,(-1344956.1343209785-2486909.763581817j),14.516946846182755,0.03246124440118281,(2682876.7309558555+0j),18.94465467513606,2.2323295815232837e-07,(7035.537686099125+0j)
5.7492940094239104,14.226038774791137,0.036050194793533524,(-1344956.1343209785+2486909.763581817j),14.226038774791137,0.036050194793533524,(-1344956.1343209785-2486909.763581817j),14.603151050334748,0.03246124440118281,(2682876.7309558555+0j),18.944704788853684,2.2323295815232837e-07,(7035.537686099125+0j)
5.766988965256819,14.301532912281099,0.036050194793533524,(-1344956.1343209785+2486909.763581817j),14.301532912281099,0.036050194793533524,(-1344956.1343209785-2486909.763581817j),14.69066537585619,0.03246124440118281,(2682876.7309558555+0j),18.944753260008213,2.2323295815232837e-07,(7035.537686099125+0j)
5.7846839210897265,14.378165248224665,0.036050194793533524,(-1344956.1343209785+2486909.763581817j),14.378165248224665,0.036050194793533524,(-1344956.1343209785-2486909.763581817j),14.779485535154116,0.03246124440118281,(2682876.7309558555+0j),18.944800168054243,2.2323295815232837e-07,(7035.537686099125+0j)
5.802378876922635,14.455932429205342,0.036050194793533524,(-1344956.1343209785+2486909.763581817j),14.455932429205342,0.036050194793533524,(-1344956.1343209785-2486909.763581817j),14.86960725434119,0.03246124440118281,(2682876.7309558555+0j),18.94484558740317,2.2323295815232837e-07,(7035.537686099125+0j)
5.8200738327555435,14.53483111147726,0.036050194793533524,(-1344956.1343209785+2486909.763581817j),14.53483111147726,0.036050194793533524,(-1344956.1343209785-2486909.763581817j),14.961026273187331,0.03246124440118281,(2682876.7309558555+0j),18.94488958781703,2.2323295815232837e-07,(7035.537686099125+0j)
5.837768788588452,14.614857960934362,0.036050194793533524,(-1344956.1343209785+2486909.763581817j),14.614857960934362,0.036050194793533524,(-1344956.1343209785-2486909.763581817j),15.053738345071515,0.03246124440118281,(2682876.7309558555+0j),18.944932234766075,2.2323295815232837e-07,(7035.537686099125+0j)
5.8554637444213595,14.696009653079695,0.036050194793533524,(-1344956.1343209785+2486909.763581817j),14.696009653079695,0.036050194793533524,(-1344956.1343209785-2486909.763581817j),15.14773923693377,0.03246124440118281,(2682876.7309558555+0j),18.944973589753793,2.2323295815232837e-07,(7035.537686099125+0j)
5.873158700254268,14.77828287299482,0.036050194793533524,(-1344956.1343209785+2486909.763581817j),14.77828287299482,0.036050194793533524,(-1344956.1343209785-2486909.763581817j),15.243024729227388,0.03246124440118281,(2682876.7309558555+0j),18.94501371061287,2.2323295815232837e-07,(7035.537686099125+0j)
5.890853656087176,14.861674315309322,0.036050194793533524,(-1344956.1343209785+2486909.763581817j),14.861674315309322,0.036050194793533524,(-1344956.1343209785-2486909.763581817j),15.339590615871273,0.03246124440118281,(2682876.7309558555+0j),18.945052651775004,2.2323295815232837e-07,(7035.537686099125+0j)
5.908548611920084,14.946180684170445,0.036050194793533524,(-1344956.1343209785+2486909.763581817j),14.946180684170445,0.036050194793533524,(-1344956.1343209785-2486909.763581817j),15.43743270420255,0.03246124440118281,(2682876.7309558555+0j),18.9450904645173,2.2323295815232837e-07,(7035.537686099125+0j)
5.9262435677529925,15.03179869321281,0.036050194793533524,(-1344956.1343209785+2486909.763581817j),15.03179869321281,0.036050194793533524,(-1344956.1343209785-2486909.763581817j),15.536546814929281,0.03246124440118281,(2682876.7309558555+0j),18.94512719718754,2.2323295815232837e-07,(7035.537686099125+0j)
5.9439385235859,15.118525065528262,0.036050194793533524,(-1344956.1343209785+2486909.763581817j),15.118525065528262,0.036050194793533524,(-1344956.1343209785-2486909.763581817j),15.63692878208343,0.03246124440118281,(2682876.7309558555+0j),18.9451628954104,2.2323295815232837e-07,(7035.537686099125+0j)
5.961633479418809,15.206356533635823,0.036050194793533524,(-1344956.1343209785+2486909.763581817j),15.206356533635823,0.036050194793533524,(-1344956.1343209785-2486909.763581817j),15.738574452973983,0.03246124440118281,(2682876.7309558555+0j),18.945197602276544,2.2323295815232837e-07,(7035.537686099125+0j)
5.979328435251717,15.29528983945174,0.036050194793533524,(-1344956.1343209785+2486909.763581817j),15.29528983945174,0.036050194793533524,(-1344956.1343209785-2486909.763581817j),15.841479688140273,0.03246124440118281,(2682876.7309558555+0j),18.945231358516093,2.2323295815232837e-07,(7035.537686099125+0j)
5.997023391084626,15.38532173425964,0.036050194793533524,(-1344956.1343209785+2486909.763581817j),15.38532173425964,0.036050194793533524,(-1344956.1343209785-2486909.763581817j),15.945640361305445,0.03246124440118281,(2682876.7309558555+0j),18.9452642026581,2.2323295815232837e-07,(7035.537686099125+0j)
6.014718346917533,15.476448978680825,0.036050194793533524,(-1344956.1343209785+2486909.763581817j),15.476448978680825,0.036050194793533524,(-1344956.1343209785-2486909.763581817j),16.051052359330185,0.03246124440118281,(2682876.7309558555+0j),18.945296171177272,2.2323295815232837e-07,(7035.537686099125+0j)
6.032413302750442,15.568668342644608,0.036050194793533524,(-1344956.1343209785+2486909.763581817j),15.568668342644608,0.036050194793533524,(-1344956.1343209785-2486909.763581817j),16.15771158216653,0.03246124440118281,(2682876.7309558555+0j),18.94532729862906,2.2323295815232837e-07,(7035.537686099125+0j)
6.050108258583349,15.661976605358829,0.036050194793533524,(-1344956.1343209785+2486909.763581817j),15.661976605358829,0.036050194793533524,(-1344956.1343209785-2486909.763581817j),16.265613942811964,0.03246124440118281,(2682876.7309558555+0j),18.945357617774278,2.2323295815232837e-07,(7035.537686099125+0j)
6.067803214416258,15.75637055528041,0.036050194793533524,(-1344956.1343209785+2486909.763581817j),15.75637055528041,0.036050194793533524,(-1344956.1343209785-2486909.763581817j),16.3747553672636,0.03246124440118281,(2682876.7309558555+0j),18.94538715969409,2.2323295815232837e-07,(7035.537686099125+0j)
6.085498170249166,15.851846990086063,0.036050194793533524,(-1344956.1343209785+2486909.763581817j),15.851846990086063,0.036050194793533524,(-1344956.1343209785-2486909.763581817j),16.485131794472604,0.03246124440118281,(2682876.7309558555+0j),18.945415953896315,2.2323295815232837e-07,(7035.537686099125+0j)
6.103193126082075,15.948402716643075,0.036050194793533524,(-1344956.1343209785+2486909.763581817j),15.948402716643075,0.036050194793533524,(-1344956.1343209785-2486909.763581817j),16.59673917629879,0.03246124440118281,(2682876.7309558555+0j),18.945444028413732,2.2323295815232837e-07,(7035.537686099125+0j)
6.120888081914982,16.046034550980202,0.036050194793533524,(-1344956.1343209785+2486909.763581817j),16.046034550980202,0.036050194793533524,(-1344956.1343209785-2486909.763581817j),16.70957347746536,0.03246124440118281,(2682876.7309558555+0j),18.945471409895116,2.2323295815232837e-07,(7035.537686099125+0j)
6.138583037747891,16.144739318258686,0.036050194793533524,(-1344956.1343209785+2486909.763581817j),16.144739318258686,0.036050194793533524,(-1344956.1343209785-2486909.763581817j),16.823630675513865,0.03246124440118281,(2682876.7309558555+0j),18.945498123689585,2.2323295815232837e-07,(7035.537686099125+0j)
6.156277993580799,16.24451385274333,0.036050194793533524,(-1344956.1343209785+2486909.763581817j),16.24451385274333,0.036050194793533524,(-1344956.1343209785-2486909.763581817j),16.93890676075931,0.03246124440118281,(2682876.7309558555+0j),18.9455241939249,2.2323295815232837e-07,(7035.537686099125+0j)
6.173972949413707,16.345354997773736,0.036050194793533524,(-1344956.1343209785+2486909.763581817j),16.345354997773736,0.036050194793533524,(-1344956.1343209785-2486909.763581817j),17.055397736245467,0.03246124440118281,(2682876.7309558555+0j),18.945549643580144,2.2323295815232837e-07,(7035.537686099125+0j)
6.191667905246615,16.447259605735585,0.036050194793533524,(-1344956.1343209785+2486909.763581817j),16.447259605735585,0.036050194793533524,(-1344956.1343209785-2486909.763581817j),17.17309961770031,0.03246124440118281,(2682876.7309558555+0j),18.945574494553263,2.2323295815232837e-07,(7035.537686099125+0j)
6.209362861079523,16.550224538032058,0.036050194793533524,(-1344956.1343209785+2486909.763581817j),16.550224538032058,0.036050194793533524,(-1344956.1343209785-2486909.763581817j),17.2920084334917,0.03246124440118281,(2682876.7309558555+0j),18.945598767723926,2.2323295815232837e-07,(7035.537686099125+0j)
6.227057816912431,16.654246665055354,0.036050194793533524,(-1344956.1343209785+2486909.763581817j),16.654246665055354,0.036050194793533524,(-1344956.1343209785-2486909.763581817j),17.41212022458316,0.03246124440118281,(2682876.7309558555+0j),18.945622483012016,2.2323295815232837e-07,(7035.537686099125+0j)
6.244752772745339,16.759322866158296,0.036050194793533524,(-1344956.1343209785+2486909.763581817j),16.759322866158296,0.036050194793533524,(-1344956.1343209785-2486909.763581817j),17.533431044489923,0.03246124440118281,(2682876.7309558555+0j),18.94564565943217,2.2323295815232837e-07,(7035.537686099125+0j)
6.262447728578248,16.86545002962604,0.036050194793533524,(-1344956.1343209785+2486909.763581817j),16.86545002962604,0.036050194793533524,(-1344956.1343209785-2486909.763581817j),17.65593695923503,0.03246124440118281,(2682876.7309558555+0j),18.945668315144623,2.2323295815232837e-07,(7035.537686099125+0j)
6.280142684411156,16.972625052647892,0.036050194793533524,(-1344956.1343209785+2486909.763581817j),16.972625052647892,0.036050194793533524,(-1344956.1343209785-2486909.763581817j),17.77963404730572,0.03246124440118281,(2682876.7309558555+0j),18.945690467502637,2.2323295815232837e-07,(7035.537686099125+0j)
6.297837640244064,17.080844841289206,0.036050194793533524,(-1344956.1343209785+2486909.763581817j),17.080844841289206,0.036050194793533524,(-1344956.1343209785-2486909.763581817j),17.90451839960989,0.03246124440118281,(2682876.7309558555+0j),18.94571213309687,2.2323295815232837e-07,(7035.537686099125+0j)
6.315532596076973,17.190106310463435,0.036050194793533524,(-1344956.1343209785+2486909.763581817j),17.190106310463435,0.036050194793533524,(-1344956.1343209785-2486909.763581817j),18.03058611943283,0.03246124440118281,(2682876.7309558555+0j),18.94573332779679,2.2323295815232837e-07,(7035.537686099125+0j)
6.333227551909881,17.30040638390419,0.036050194793533524,(-1344956.1343209785+2486909.763581817j),17.30040638390419,0.036050194793533524,(-1344956.1343209785-2486909.763581817j),18.15783332239399,0.03246124440118281,(2682876.7309558555+0j),18.945754066789448,2.2323295815232837e-07,(7035.537686099125+0j)
6.350922507742789,17.411741994137483,0.036050194793533524,(-1344956.1343209785+2486909.763581817j),17.411741994137483,0.036050194793533524,(-1344956.1343209785-2486909.763581817j),18.286256136404067,0.03246124440118281,(2682876.7309558555+0j),18.945774364615755,2.2323295815232837e-07,(7035.537686099125+0j)
6.368617463575697,17.52411008245403,0.036050194793533524,(-1344956.1343209785+2486909.763581817j),17.52411008245403,0.036050194793533524,(-1344956.1343209785-2486909.763581817j),18.415850701622148,0.03246124440118281,(2682876.7309558555+0j),18.945794235204513,2.2323295815232837e-07,(7035.537686099125+0j)
6.386312419408605,17.637507598881648,0.036050194793533524,(-1344956.1343209785+2486909.763581817j),17.637507598881648,0.036050194793533524,(-1344956.1343209785-2486909.763581817j),18.546613170413067,0.03246124440118281,(2682876.7309558555+0j),18.945813691904267,2.2323295815232837e-07,(7035.537686099125+0j)
6.4040073752415125,17.75193150215775,0.036050194793533524,(-1344956.1343209785+2486909.763581817j),17.75193150215775,0.036050194793533524,(-1344956.1343209785-2486909.763581817j),18.678539707304928,0.03246124440118281,(2682876.7309558555+0j),18.945832747513204,2.2323295815232837e-07,(7035.537686099125+0j)
6.421702331074422,17.86737875970198,0.036050194793533524,(-1344956.1343209785+2486909.763581817j),17.86737875970198,0.036050194793533524,(-1344956.1343209785-2486909.763581817j),18.811626488946768,0.03246124440118281,(2682876.7309558555+0j),18.945851414307246,2.2323295815232837e-07,(7035.537686099125+0j)
6.4393972869073295,17.983846347588862,0.036050194793533524,(-1344956.1343209785+2486909.763581817j),17.983846347588862,0.036050194793533524,(-1344956.1343209785-2486909.763581817j),18.94586970406642,0.03246124440118281,(2682876.7309558555+0j),18.94586970406641,2.2323295815232837e-07,(7035.537686099125+0j)
6.4393972869073295,,,,,,,,,,,,
6.459058348943895,,,,,,,,,,,,
6.4787194109804584,,,,,,,,,,,,
6.498380473017024,,,,,,,,,,,,
6.518041535053588,,,,,,,,,,,,
6.537702597090154,,,,,,,,,,,,
6.557363659126717,,,,,,,,,,,,
6.577024721163283,,,,,,,,,,,,
6.596685783199848,,,,,,,,,,,,
6.616346845236412,,,,,,,,,,,,
6.636007907272977,,,,,,,,,,,,
6.655668969309541,,,,,,,,,,,,
6.675330031346107,,,,,,,,,,,,
6.69499109338267,,,,,,,,,,,,
6.714652155419236,,,,,,,,,,,,
6.7343132174558,,,,,,,,,,,,
6.753974279492365,,,,,,,,,,,,
6.773635341528929,,,,,,,,,,,,
6.793296403565495,,,,,,,,,,,,
6.812957465602059,,,,,,,,,,,,
6.8326185276386235,,,,,,,,,,,,
6.852279589675188,,,,,,,,,,,,
6.871940651711753,,,,,,,,,,,,
6.891601713748318,,,,,,,,,,,,
6.911262775784882,,,,,,,,,,,,
6.930923837821447,,,,,,,,,,,,
6.950584899858012,,,,,,,,,,,,
6.970245961894576,,,,,,,,,,,,
6.989907023931141,,,,,,,,,,,,
7.009568085967706,,,,,,,,,,,,
7.02922914800427,,,,,,,,,,,,
7.048890210040835,,,,,,,,,,,,
7.0685512720774,,,,,,,,,,,,
7.0882123341139645,,,,,,,,,,,,
7.10787339615053,,,,,,,,,,,,
7.127534458187093,,,,,,,,,,,,
7.147195520223659,,,,,,,,,,,,
7.166856582260223,,,,,,,,,,,,
7.186517644296788,,,,,,,,,,,,
7.206178706333352,,,,,,,,,,,,
7.225839768369918,,,,,,,,,,,,
7.245500830406481,,,,,,,,,,,,
7.2651618924430466,,,,,,,,,,,,
7.284822954479612,,,,,,,,,,,,
7.304484016516176,,,,,,,,,,,,
7.324145078552741,,,,,,,,,,,,
7.343806140589305,,,,,,,,,,,,
7.363467202625871,,,,,,,,,,,,
7.383128264662435,,,,,,,,,,,,
7.402789326699,,,,,,,,,,,,
7.422450388735564,,,,,,,,,,,,
7.4421114507721295,,,,,,,,,,,,
7.461772512808693,,,,,,,,,,,,
7.4814335748452585,,,,,,,,,,,,
7.501094636881823,,,,,,,,,,,,
7.5207556989183875,,,,,,,,,,,,
7.540416760954952,,,,,,,,,,,,
7.560077822991517,,,,,,,,,,,,
7.579738885028082,,,,,,,,,,,,
7.599399947064647,,,,,,,,,,,,
7.619061009101211,,,,,,,,,,,,
7.638722071137776,,,,,,,,,,,,
7.658383133174341,,,,,,,,,,,,
7.678044195210905,,,,,,,,,,,,
7.69770525724747,,,,,,,,,,,,
7.717366319284035,,,,,,,,,,,,
7.7370273813205985,,,,,,,,,,,,
7.756688443357164,,,,,,,,,,,,
7.776349505393728,,,,,,,,,,,,
7.796010567430293,,,,,,,,,,,,
7.815671629466858,,,,,,,,,,,,
7.835332691503423,,,,,,,,,,,,
7.854993753539986,,,,,,,,,,,,
7.874654815576553,,,,,,,,,,,,
7.894315877613116,,,,,,,,,,,,
7.913976939649681,,,,,,,,,,,,
7.933638001686246,,,,,,,,,,,,
7.9532990637228105,,,,,,,,,,,,
7.972960125759377,,,,,,,,,,,,
7.99262118779594,,,,,,,,,,,,
8.012282249832504,,,,,,,,,,,,
8.031943311869071,,,,,,,,,,,,
8.051604373905635,,,,,,,,,,,,
8.071265435942198,,,,,,,,,,,,
8.090926497978764,,,,,,,,,,,,
8.110587560015329,,,,,,,,,,,,
8.130248622051893,,,,,,,,,,,,
8.149909684088458,,,,,,,,,,,,
8.169570746125022,,,,,,,,,,,,
8.189231808161589,,,,,,,,,,,,
8.208892870198152,,,,,,,,,,,,
8.228553932234716,,,,,,,,,,,,
8.24821499427128,,,,,,,,,,,,
8.267876056307847,,,,,,,,,,,,
8.28753711834441,,,,,,,,,,,,
8.307198180380976,,,,,,,,,,,,
8.32685924241754,,,,,,,,,,,,
8.346520304454105,,,,,,,,,,,,
8.36618136649067,,,,,,,,,,,,
8.385842428527233,,,,,,,,,,,,
